local_id,source_key,title,authors,first_author,year,doi,pmid,pmcid,arxiv,venue,volume,issue,pages,publisher,lang,url,confidence,status,provenance,last_checked,parents,abstract,keywords,open_access,doc_type,hit_openalex,hit_crossref,hit_semanticscholar,match_strategy,winner_source,field_sources,filled_by_source_counts,resolver_notes
A001,manualforthestatetraitanxietyinventory,Manual for the State-Trait Anxiety Inventory,Charles D. Spielberger; Richard L. Gorsuch; Robert E. Lushene,Charles D. Spielberger,1970.0,https://openalex.org/W1607171655,,,,,,,,,en,,0.9,resolved,openalex,2026-08-16T22:28:34Z,X001,"The STAI serves as an indicator of two types of anxiety, the state and trait anxiety, and measure the severity of the overall anxiety level.The STAI, which is appropriate for those who have at least a sixth grade reading level, contains four-point Likert items. The instrument is divided into two sections, each having twenty questions. Approximately 15 minutes are required for adults to complete the both STAI. The number on the scale is positively correlated to the anxiety related to in the question.",Anxiety; Likert scale; State-Trait Anxiety Inventory; Psychology; Trait; Clinical psychology; Trait anxiety; Psychiatry; Developmental psychology; Computer science; Programming language,False,article,True,False,False,title,openalex,"{'doi': 'openalex', 'lang': 'heuristic'}","{'openalex': 1, 'heuristic': 1}",X001.R000 resolved | hits:OA | winner:openalex | filled:doi:OP; lang:HE | missing:-
A002,101152ajpheart20002786h2039,Physiological time-series analysis using approximate entropy and sample entropy,Joshua Richman; J. Randall Moorman,Joshua Richman,2000.0,10.1152/ajpheart.2000.278.6.h2039,https://pubmed.ncbi.nlm.nih.gov/10843903,,,American Journal of Physiology-Heart and Circulatory Physiology,278,6,H2039-H2049,American Physiological Society,en,https://doi.org/10.1152/ajpheart.2000.278.6.h2039,0.9,resolved,openalex,2026-08-16T22:28:34Z,X001,"Entropy, as it relates to dynamical systems, is the rate of information production. Methods for estimation of the entropy of a system represented by a time series are not, however, well suited to analysis of the short and noisy data sets encountered in cardiovascular and other biological studies. Pincus introduced approximate entropy (ApEn), a set of measures of system complexity closely related to entropy, which is easily applied to clinical cardiovascular and other time series. ApEn statistics, however, lead to inconsistent results. We have developed a new and related complexity measure, sample entropy (SampEn), and have compared ApEn and SampEn by using them to analyze sets of random numbers with known probabilistic character. We have also evaluated cross-ApEn and cross-SampEn, which use cardiovascular data sets to measure the similarity of two distinct time series. SampEn agreed with theory much more closely than ApEn over a broad range of conditions. The improved accuracy of SampEn statistics should make them useful in the study of experimental clinical cardiovascular and other biological time series.",Sample entropy; Approximate entropy; Entropy (arrow of time); Mathematics; Time series; Statistics; Computer science; Physics; Quantum mechanics,False,article,True,True,False,doi,,"{'venue': 'crossref', 'volume': 'crossref', 'issue': 'crossref', 'pages': 'crossref', 'publisher': 'crossref', 'url': 'crossref', 'lang': 'crossref'}",{'crossref': 7},"X001.R000 resolved | hits:OA,CR | winner:- | filled:venue:CR; lang:CR | missing:-"
A003,101111psyp12027,The utility of low frequency heart rate variability as an index of sympathetic cardiac tone: A review with emphasis on a reanalysis of previous studies,Gustavo A. Reyes del Paso; Wolf Langewitz; Lambertus J.M. Mulder; Arie van Roon; Stefan Duschek,Gustavo A. Reyes del Paso,2013.0,10.1111/psyp.12027,https://pubmed.ncbi.nlm.nih.gov/23445494,,,Psychophysiology,50,5,477-487,Wiley,en,https://doi.org/10.1111/psyp.12027,0.9,resolved,openalex,2026-08-16T22:28:34Z,X001,"This article evaluates the suitability of low frequency (LF) heart rate variability (HRV) as an index of sympathetic cardiac control and the LF/high frequency (HF) ratio as an index of autonomic balance. It includes a comprehensive literature review and a reanalysis of some previous studies on autonomic cardiovascular regulation. The following sources of evidence are addressed: effects of manipulations affecting sympathetic and vagal activity on HRV, predictions of group differences in cardiac autonomic regulation from HRV, relationships between HRV and other cardiac parameters, and the theoretical and mathematical bases of the concept of autonomic balance. Available data challenge the interpretation of the LF and LF/HF ratio as indices of sympathetic cardiac control and autonomic balance, respectively, and suggest that the HRV power spectrum, including its LF component, is mainly determined by the parasympathetic system.",Heart rate variability; Balance (ability); Autonomic nervous system; Vagal tone; Psychology; Heart rate; Sympathetic activity; Index (typography); Cardiology; Internal medicine; Neuroscience; Medicine,True,article,True,True,False,doi,,"{'venue': 'crossref', 'volume': 'crossref', 'issue': 'crossref', 'pages': 'crossref', 'publisher': 'crossref', 'url': 'crossref', 'lang': 'crossref'}",{'crossref': 7},"X001.R000 resolved | hits:OA,CR | winner:- | filled:venue:CR; lang:CR | missing:-"
A004,10116101cir986547,Mechanisms Underlying Very-Low-Frequency RR-Interval Oscillations in Humans,J. Andrew Taylor; Deborah L. Carr; Christopher W. Myers; Dwain L. Eckberg,J. Andrew Taylor,1998.0,10.1161/01.cir.98.6.547,https://pubmed.ncbi.nlm.nih.gov/9714112,,,Circulation,98,6,547-555,Ovid Technologies (Wolters Kluwer Health),en,https://doi.org/10.1161/01.cir.98.6.547,0.9,resolved,openalex,2026-08-16T22:28:34Z,X001,"BACKGROUND: Survival of post-myocardial infarction patients is related inversely to their levels of very-low-frequency (0.003 to 0.03 Hz) RR-interval variability. The physiological basis for such oscillations is unclear. In our study, we used blocking drugs to evaluate potential contributions of sympathetic and vagal mechanisms and the renin-angiotensin-aldosterone system to very-low-frequency RR-interval variability in 10 young healthy subjects. METHODS AND RESULTS: We recorded RR intervals and arterial pressures during three separate sessions, with the patient in supine and 40 degree upright tilt positions, during 20-minute frequency (0.25 Hz) and tidal volume-controlled breathing after intravenous injections: saline (control), atenolol (0.2 mg/kg, beta-adrenergic blockade), atropine sulfate (0.04 mg/kg, parasympathetic blockade), atenolol and atropine (complete autonomic blockade), and enalaprilat (0.02 mg/kg, ACE blockade). We integrated fast Fourier transform RR-interval spectral power at very low (0.003 to 0.03 Hz), low (0.05 to 0. 15 Hz), and respiratory (0.2 to 0.3 Hz) frequencies. Beta-adrenergic blockade had no significant effect on very-low- or low-frequency RR-interval power but increased respiratory frequency power 2-fold. ACE blockade had no significant effect on low or respiratory frequency RR-interval power but modestly (approximately 21%) increased very-low-frequency power in the supine (but not upright tilt) position (P<0.05). The most profound effects were exerted by parasympathetic blockade: Atropine, given alone or with atenolol, abolished nearly all RR-interval variability and decreased very-low-frequency variability by 92%. CONCLUSIONS: Although very-low-frequency heart period rhythms are influenced by the renin-angiotensin-aldosterone system, as low and respiratory frequency RR-interval rhythms, they depend primarily on the presence of parasympathetic outflow. Therefore the prognostic value of very-low-frequency heart period oscillations may derive from the fundamental importance of parasympathetic mechanisms in cardiovascular health.",Medicine; Atenolol; Supine position; Blockade; Atropine; Anesthesia; Vagal tone; Cardiology; Internal medicine; Heart rate variability; Heart rate; Blood pressure,True,article,True,True,False,doi,,"{'venue': 'crossref', 'volume': 'crossref', 'issue': 'crossref', 'pages': 'crossref', 'publisher': 'crossref', 'url': 'crossref', 'lang': 'crossref'}",{'crossref': 7},"X001.R000 resolved | hits:OA,CR | winner:- | filled:venue:CR; lang:CR | missing:-"
A005,10116101cir901234,"Heart rate spectral analysis, cardiac norepinephrine spillover, and muscle sympathetic nerve activity during human sympathetic nervous activation and failure",Bronwyn A. Kingwell; Jordan M. Thompson; David M. Kaye; Grant A. McPherson; Garry Jennings; Murray Esler,Bronwyn A. Kingwell,1994.0,10.1161/01.cir.90.1.234,https://pubmed.ncbi.nlm.nih.gov/8026003,,,Circulation,90,1,234-240,Ovid Technologies (Wolters Kluwer Health),en,https://doi.org/10.1161/01.cir.90.1.234,0.9,resolved,openalex,2026-08-16T22:28:34Z,X001,"BACKGROUND: Although heart rate variability (HRV) at 0.1 Hz has been proposed as a noninvasive clinical measure of cardiac sympathetic nerve firing, this premise has not been sufficiently validated by comparison with techniques such as microneurography and the measurement of norepinephrine spillover from the heart that more directly reflect presynaptic sympathetic activity. METHODS AND RESULTS: We compared the three techniques under conditions of effective cardiac sympathetic denervation, pure autonomic failure (n = 4), dopamine beta-hydroxylase deficiency (n = 1), and after cardiac transplantation (n = 9) as well as in the context of sympathetic nervous activation in cardiac failure (n = 15) and with aging (n = 10). Age-matched comparisons were made in each case with healthy individuals drawn from a pool of 52 volunteers. In pure autonomic failure and early after transplantation, cardiac norepinephrine spillover was negligible, and HRV was low. Late after transplantation, however, cardiac norepinephrine spillover returned to normal levels, and HRV remained low. In comparison to younger subjects (18 to 35 years old), older individuals (60 to 75 years old) had higher muscle sympathetic nerve activity (young, 22.9 +/- 1.9; old, 31.3 +/- 5.8 bursts per minute; P < .05) and cardiac norepinephrine spillover (young, 14.3 +/- 2.5; old, 20.1 +/- 3.0 ng/min; P < .05). In contrast, total HRV was reduced by 89%, and at 0.1 Hz it was reduced by 93% (P < .05). Cardiac failure was also characterized by elevated cardiac norepinephrine spillover (cardiac failure patients, 59 +/- 4; healthy volunteers, 18 +/- 3 ng/min; P < .01) but reduced 0.1 Hz HRV (cardiac failure patients, 49 +/- 17; healthy volunteers, 243 +/- 4 ms2; P < .05). CONCLUSIONS: HRV at 0.1 Hz depends on factors in addition to cardiac sympathetic nerve firing rates, including multiple neural reflexes, cardiac adrenergic receptor sensitivity, postsynaptic signal transduction, and electrochemical coupling, and is not directly related to cardiac norepinephrine spillover, which is a more direct measure of the sympathetic nerve firing rate.",Medicine; Norepinephrine; Internal medicine; Microneurography; Sympathetic nervous system; Heart failure; Heart rate variability; Autonomic nervous system; Cardiology; Heart rate; Pure autonomic failure; Heart transplantation,False,article,True,True,False,doi,,"{'venue': 'crossref', 'volume': 'crossref', 'issue': 'crossref', 'pages': 'crossref', 'publisher': 'crossref', 'url': 'crossref', 'lang': 'crossref'}",{'crossref': 7},"X001.R000 resolved | hits:OA,CR | winner:- | filled:venue:CR; lang:CR | missing:-"
A006,101111j146989861993tb02072x,"Respiratory sinus arrhythmia, cardiac vagal tone, and respiration: Within‐ and between‐individual relations",Paul Grossman; Márk Kollai,Paul Grossman,1993.0,10.1111/j.1469-8986.1993.tb02072.x,https://pubmed.ncbi.nlm.nih.gov/8416075,,,Psychophysiology,30,5,486-495,Wiley,en,https://doi.org/10.1111/j.1469-8986.1993.tb02072.x,0.9,resolved,openalex,2026-08-16T22:28:34Z,X001,"Respiratory sinus arrhythmia (RSA) is frequently employed as an intra- and interindividual index of cardiac parasympathetic tone, although the relationship of RSA to interindividual differences in cardiac vagal tone remains questionable. Our study examined between- and within-subject relations among RSA, cardiac vagal tone, and respiratory parameters. Twenty-nine young adults performed two sessions of tasks under no medication and single and double autonomic blockade (intravenously administered propranolol and atropine). Parasympathetic tone was determined from heart period responses to complete vagal blockade. Results indicated the following. Resting RSA does not accurately predict individual differences in cardiac vagal tone. However, RSA and heart period together do predict such individual differences reasonably well. The relationship between individual variations in RSA and vagal tone is not improved by controlling respiratory parameters. Substantial cardiac vagal activity occurs during inspiration, and intraindividual variations in respiratory measures confound the association between RSA and cardiac vagal tone.",Vagal tone; Atropine; Vagus nerve; Propranolol; Respiratory system; Psychology; Heart rate; Respiration; Cardiology; Anesthesia; Autonomic nervous system; Internal medicine,False,article,True,True,False,doi,,"{'venue': 'crossref', 'volume': 'crossref', 'issue': 'crossref', 'pages': 'crossref', 'publisher': 'crossref', 'url': 'crossref', 'lang': 'crossref'}",{'crossref': 7},"X001.R000 resolved | hits:OA,CR | winner:- | filled:venue:CR; lang:CR | missing:-"
A007,101136jnnp72126,Heart rate dynamics in refractory and well controlled temporal lobe epilepsy,Hanna Ansakorpi,Hanna Ansakorpi,2002.0,10.1136/jnnp.72.1.26,https://pubmed.ncbi.nlm.nih.gov/11784820,,,"Journal of Neurology, Neurosurgery &amp; Psychiatry",72,1,26-30,BMJ,en,https://doi.org/10.1136/jnnp.72.1.26,0.9,resolved,openalex,2026-08-16T22:28:34Z,X001,"OBJECTIVES: Disorders of cardiovascular and other autonomic nervous system functions are often found in patients with temporal lobe epilepsy (TLE). Cardiovascular dysregulation in TLE has previously been quantified assessing traditional time and frequency domain measures of heart rate (HR) variability from short term ECG recordings. However, new complexity and fractal measures of HR variability based on non-linear dynamics and fractals (""chaos theory"") may disclose certain patterns of HR dynamics that cannot be detected using only conventional measures. METHODS: In addition to the traditional spectral and non-spectral components of HR variability, fractal correlation properties, approximate entropy (ApEn) of RR interval dynamics, and the slope of the power law relation were measured from 24 hour ambulatory ECG recordings to evaluate interictal autonomic cardiovascular regulatory function in 19 patients with refractory TLE, 25 patients with well controlled TLE, and in 34 healthy age and sex matched control subjects. RESULTS: The traditional time and frequency domain measures were lower in patients with TLE than in controls (p<0.05). In addition, the power law slope (p<0.005) and ApEn (p<0.05) were also reduced in TLE patients. Furthermore, ApEn was smaller in patients with refractory TLE than in patients with well-controlled TLE ( p<0.01), whereas the long term fractal correlation value alpha2 was lower in patients with well controlled TLE (p<0.05). An altered HR variation was not associated with any particular AED regimen. CONCLUSIONS: In addition to reduced overall HR variability, the long term fractal organisation and complexity of HR dynamics seem to be altered in TLE. These abnormalities in HR behaviour may partly contribute to the occurrence of adverse cardiovascular events, such as life threatening arrhythmias in patients with TLE.",Temporal lobe; Epilepsy; Dynamics (music); Refractory (planetary science); Cardiology; Medicine; Neuroscience; Psychology; Physics; Pedagogy; Astrobiology,True,article,True,True,False,doi,,"{'venue': 'crossref', 'volume': 'crossref', 'issue': 'crossref', 'pages': 'crossref', 'publisher': 'crossref', 'url': 'crossref', 'lang': 'heuristic'}","{'crossref': 6, 'heuristic': 1}","X001.R000 resolved | hits:OA,CR | winner:- | filled:venue:CR; lang:HE | missing:-"
A008,101038oby2007201,Baroreflex Sensitivity in Obesity: Relationship With Cardiac Autonomic Nervous System Activity,Ioanna Skrapari; Nikolaοs Tentolouris; Δέσποινα Περρέα; Christos Bakoyiannis; Athanasia Papazafiropoulou; Nicholas Katsilambros,Ioanna Skrapari,2007.0,10.1038/oby.2007.201,https://pubmed.ncbi.nlm.nih.gov/17636086,,,Obesity,15,7,1685-1693,Wiley,en,https://doi.org/10.1038/oby.2007.201,0.9,resolved,openalex,2026-08-16T22:28:34Z,X001,"OBJECTIVE: The aim of this study was to test the hypothesis that baroreflex sensitivity (BRS), assessed by indirect measurement of aortic pressure, is blunted in obesity. Additionally, the potential effect of cardiac autonomic nervous system (ANS) activity, aortic compliance, and metabolic parameters on BRS of obese subjects was investigated. RESEARCH METHODS AND PROCEDURES: A group of 30 women with BMI>30 kg/m2 and a group of 30 controls with BMI<25 kg/m2 were examined. BRS was estimated by the sequence technique, cardiac ANS activity by short-term spectral analysis of heart rate variability (HRV), and aortic compliance by the method of applanation tonometry. RESULTS: BRS was lower in obese women (9.18+/-3.77 vs. 19.63+/-9.16 ms/mm Hg, p<0.001). The median values (interquartile range) of the power of both the high-frequency and low-frequency components of the HRV were higher in the lean than in the obese participants [1079.2 (202.7 to 1716.9) vs. 224.1 (72.7 to 539.6) msec2, p=0.001 and 411.8 (199.3 to 798.0) vs. 235.8 (99.4 to 424.5) msec2, p=0.01 respectively]. Low-to-high-frequency ratio values were higher in the obese subjects [0.82 (0.47 to 2.1) vs. 0.57 (0.28 to 0.89), p=0.02]. Aortic augmentation values were not significantly different between lean and obese subjects. Multivariate analysis demonstrated a significant and independent association between BRS and age (p=0.003), BMI (p<0.001), and high-frequency power of HRV (p<0.001). These variables explained 72% of the variation of BRS values. DISCUSSION: BRS is severely reduced in obese subjects. BMI, age, and the parasympathetic nervous system activity are the main determinants of BRS. Baroreflex behavior is of clinical relevance because an attenuated BRS represents a negative prognostic factor in cardiovascular diseases, which are common in obesity.",Medicine; Baroreflex; Interquartile range; Heart rate variability; Cardiology; Internal medicine; Autonomic nervous system; Heart rate; Epicardial fat; Blood pressure; Obesity; Adipose tissue,False,article,True,True,False,doi,,"{'venue': 'crossref', 'volume': 'crossref', 'issue': 'crossref', 'pages': 'crossref', 'publisher': 'crossref', 'url': 'crossref', 'lang': 'crossref'}",{'crossref': 7},"X001.R000 resolved | hits:OA,CR | winner:- | filled:venue:CR; lang:CR | missing:-"
A009,1011770269881110367448,The role of central noradrenergic dysregulation in anxiety disorders: evidence from clinical studies,Nicola J. Kalk; DJ NUTT; Anne Lingford‐Hughes,Nicola J. Kalk,2010.0,10.1177/0269881110367448,https://pubmed.ncbi.nlm.nih.gov/20530586,,,Journal of Psychopharmacology,25,1,3-16,SAGE Publications,en,https://doi.org/10.1177/0269881110367448,0.9,resolved,openalex,2026-08-16T22:28:34Z,X001,"The nature of the noradrenergic dysregulation in clinical anxiety disorders remains unclear. In panic disorder, the predominant view has been that central noradrenergic neuronal networks and/or the sympathetic nervous system was normal in patients at rest, but hyper-reactive to specific stimuli, for example carbon dioxide. These ideas have been extended to other anxiety disorders, which share with panic disorder characteristic subjective anxiety and physiological symptoms of excess sympathetic activity. For example, Generalized Anxiety Disorder is characterized by chronic free-floating anxiety, muscle tension, palpitation and insomnia. It has been proposed that there is chronic central hypersecretion of noradrenaline in Generalized Anxiety Disorder, with consequent hyporesponsiveness of central post-synaptic receptors. With regards to other disorders, it has been suggested that there is noradrenergic involvement or derangement, but a more specific hypothesis has not been enunciated. This paper reviews the evidence for noradrenergic dysfunction in anxiety disorders, derived from indirect measures of noradrenergic function in clinical populations.",Anxiety; Panic disorder; Panic; Generalized anxiety disorder; Psychology; Anxiety disorder; Norepinephrine; Neuroscience; Arousal; Psychiatry; Clinical psychology; Dopamine,False,article,True,True,False,doi,,"{'venue': 'crossref', 'volume': 'crossref', 'issue': 'crossref', 'pages': 'crossref', 'publisher': 'crossref', 'url': 'crossref', 'lang': 'crossref'}",{'crossref': 7},"X001.R000 resolved | hits:OA,CR | winner:- | filled:venue:CR; lang:CR | missing:-"
A010,101016000291499090308n,Reproducibility and circadian rhythm of heart rate variability in healthy subjects,Heikki V. Huikuri; Kenneth M. Kessler; Elisabeth Terracall; Agustin Castellanos; Markku K. Linnaluoto; Robert J. Myerburg,Heikki V. Huikuri,1990.0,10.1016/0002-9149(90)90308-n,https://pubmed.ncbi.nlm.nih.gov/2301268,,,The American Journal of Cardiology,65,5,391-393,Elsevier BV,en,https://doi.org/10.1016/0002-9149(90)90308-n,0.9,resolved,openalex,2026-08-16T22:28:34Z,X001,,Reproducibility; Medicine; Circadian rhythm; Cardiology; Heart rate variability; Internal medicine; Rhythm; Coronary artery disease; Heart rate; Electrocardiography; Standard deviation; Blood pressure,False,article,True,True,True,doi,,"{'venue': 'crossref', 'volume': 'crossref', 'issue': 'crossref', 'pages': 'crossref', 'publisher': 'crossref', 'url': 'crossref', 'lang': 'crossref'}",{'crossref': 7},"X001.R000 resolved | hits:OA,CR,S2 | winner:- | filled:venue:CR; lang:CR | missing:abstract"
A011,101002da20061,Effects of caffeine on linear and nonlinear measures of heart rate variability before and after exercise,Vikram K. Yeragani; Siddartha Krishnan; Hermann J. Engels; Randall J. Gretebeck,Vikram K. Yeragani,2005.0,10.1002/da.20061,https://pubmed.ncbi.nlm.nih.gov/15965989,,,Depression and Anxiety,21,3,130-134,Hindawi Limited,en,https://doi.org/10.1002/da.20061,0.9,resolved,openalex,2026-08-16T22:28:35Z,X001,"Caffeine intake is associated with an increase in heart rate (HR) variability. This study sought to examine the effects of caffeine on HR variability measures before and during progressive exercise in 11 healthy volunteers in a double-blind randomized and counterbalanced placebo-controlled paradigm. As expected, there were significant increases in HR and decreases in HR variability after exercise during both placebo and caffeine conditions; however, pre-exercise caffeine condition was associated with a significant increase of HR variability, especially in the high-frequency range (0.15-0.5 Hz), and also approximate entropy (APEN), which is usually attributed to cardiac vagal function. But during progressive exercise, caffeine intake resulted in a greater decrease of HF power as well as HR APEN. Caffeine also was associated with significantly higher LF power during exercise compared to the placebo condition. These results suggest that caffeine may have different effects on HR variability at rest, compared to exercise. These findings may have implications for patients with cardiac illness and anxiety, depression, and psychotic disorders who use beverages containing excessive caffeine.",Caffeine; Placebo; Heart rate; Heart rate variability; Medicine; Anxiety; Approximate entropy; Internal medicine; Cardiology; Anesthesia; Physical therapy; Psychology,False,article,True,True,False,doi,,"{'venue': 'crossref', 'volume': 'crossref', 'issue': 'crossref', 'pages': 'crossref', 'publisher': 'crossref', 'url': 'crossref', 'lang': 'crossref'}",{'crossref': 7},"X001.R000 resolved | hits:OA,CR | winner:- | filled:venue:CR; lang:CR | missing:-"
A012,101536ihj49175,Is 5-Minute Heart Rate Variability a Useful Measure for Monitoring the Autonomic Nervous System of Workers?,Kyoung Bok Min; Jin‐Young Min; Domyung Paek; Sung‐Il Cho; Mia Son,Kyoung Bok Min,2008.0,10.1536/ihj.49.175,https://pubmed.ncbi.nlm.nih.gov/18475017,,,International Heart Journal,49,2,175-181,International Heart Journal (Japanese Heart Journal),en,https://doi.org/10.1536/ihj.49.175,0.9,resolved,openalex,2026-08-16T22:28:35Z,X001,"Heart rate variability (HRV) is a noninvasive physiological marker used to assess autonomic nervous function and can be recorded over the short or long term. Long-term recording is a good method for assessing mortality and patient prognosis, while short-term measurement is widely used due to practical advantages and reproducibility. However, little is known about whether a short-term assessment reflects the variation in the overall heart rate of workers. This study evaluated the relationship between the 24-hour and 5-minute HRV, which was selected from a 24-hour recording. The study population was 153 male workers at the National Rail Company in Korea, who had their heart rates assessed for 24 hours. In the time and frequency domains, the correlations of the HRV between 24 hours and 5 minutes were calculated for the entire time and limited times (09:00-17:00). We found modest correlations in the time (R = 0.614-0.668) and frequency (R = 0.508-0.817) domains, but the best correlation was for the high-frequency spectra (HF; R = 0.817). Our findings suggest that the short-term HRV remains stable and may be applicable for screening the variation in the heart rate of workers, although not all of the correlations were sufficiently strong.",Medicine; Heart rate variability; Autonomic nervous system; Heart rate; Reproducibility; Cardiology; Autonomic function; Population; Internal medicine; Blood pressure; Statistics; Environmental health,True,article,True,True,False,doi,,"{'venue': 'crossref', 'volume': 'crossref', 'issue': 'crossref', 'pages': 'crossref', 'publisher': 'crossref', 'url': 'crossref', 'lang': 'crossref'}",{'crossref': 7},"X001.R000 resolved | hits:OA,CR | winner:- | filled:venue:CR; lang:CR | missing:-"
A013,101007s1087701394732,Heart rate variability indices for very short-term (30 beat) analysis. Part 2: validation,Anne-Louise Smith; Harry Owen; Karen Reynolds,Anne-Louise Smith,2013.0,10.1007/s10877-013-9473-2,https://pubmed.ncbi.nlm.nih.gov/23681923,,,Journal of Clinical Monitoring and Computing,27,5,577-585,Springer Science and Business Media LLC,en,https://doi.org/10.1007/s10877-013-9473-2,0.9,resolved,openalex,2026-08-16T22:28:35Z,X001,"Heart rate variability (HRV) analysis over shorter periods may be useful for monitoring dynamic changes in autonomic nervous system activity where steady-state conditions are not maintained (e.g. during drug administration, or the start or end of exercise). This study undertakes a validation of 70 HRV indices that have previously been identified as possible for short-term use. The indices were validated over 10&nbsp;×&nbsp;30 beat windows using PhysioNet databases with physiological states of rest, active, exercising, sleeping, and meditating (N from 12 to 20). Baseline 95&nbsp;% confidence intervals of the median were established with bootstrap resampling (10,000x). Statistical significance was assessed using the overlap of 95&nbsp;% confidence intervals. Thirty-one indices could differentiate between resting and at least one physiological state using 30 beat windows. All respiratory sinus arrhythmia indices and Poincaré plot indices were strongly correlated to time domain measures (SDNN or RMSSD). Spectral indices using the Lomb-Scargle algorithm were able to correctly identify paradoxical shifts in power with meditation and reduced power in exercise. Some less-known indices gave interesting results: PolVar20 identified the higher sympathetic activity of exercise with the largest positive magnitude. These indices should now be considered for rigorous gold standard tests with pharmacological blockade.",Heart rate variability; Poincaré plot; Medicine; Heart rate; Autonomic nervous system; Vagal tone; Confidence interval; Cardiology; Detrended fluctuation analysis; Internal medicine; Statistics; Blood pressure,False,article,True,True,True,doi,,"{'venue': 'crossref', 'volume': 'crossref', 'issue': 'crossref', 'pages': 'crossref', 'publisher': 'crossref', 'url': 'crossref', 'lang': 'crossref', 'abstract': 'unpaywall'}","{'crossref': 7, 'unpaywall': 1}","X001.R000 resolved | hits:OA,CR,S2 | winner:- | filled:venue:CR; lang:CR; abstract:UN | missing:-"
A014,101097jcp0b013e31818a6d25,Influence of Olanzapine on QT Variability and Complexity Measures of Heart Rate in Patients With Schizophrenia,Karl‐Jürgen Bär; Mandy Koschke; Sandy Berger; Steffen Schulz; Manuel E. Tancer; Andreas Voss; Vikram K. Yeragani,Karl‐Jürgen Bär,2008.0,10.1097/jcp.0b013e31818a6d25,https://pubmed.ncbi.nlm.nih.gov/19011440,,,Journal of Clinical Psychopharmacology,28,6,694-698,Ovid Technologies (Wolters Kluwer Health),en,https://doi.org/10.1097/jcp.0b013e31818a6d25,0.9,resolved,openalex,2026-08-16T22:28:36Z,X001,"Previous studies have shown that untreated patients with acute schizophrenia present with reduced heart rate variability and complexity as well as increased QT variability. This autonomic dysregulation might contribute to increased cardiac morbidity and mortality in these patients. However, the additional effects of newer antipsychotics on autonomic dysfunction have not been investigated, applying these new cardiac parameters to gain information about the regulation at sinus node level as well as the susceptibility to arrhythmias. We have investigated 15 patients with acute schizophrenia before and after established olanzapine treatment and compared them with matched controls. New nonlinear parameters (approximate entropy, compression entropy, fractal dimension) of heart rate variability and also the QT-variability index were calculated. In accordance with previous results, we have observed reduced complexity of heart rate regulation in untreated patients. Furthermore, the QT-variability index was significantly increased in unmedicated patients, indicating increased repolarization lability. Reduction of the heart rate regulation complexity after olanzapine treatment was seen, as measured by compression entropy of heart rate. No change in QT variability was observed after treatment. This study shows that unmedicated patients with acute schizophrenia experience autonomic dysfunction. Olanzapine treatment seems to have very little additional impact in regard to the QT variability. However, the decrease in heart rate complexity after olanzapine treatment suggests decreased cardiac vagal function, which may increase the risk for cardiac mortality. Further studies are warranted to gain more insight into cardiac regulation in schizophrenia and the effect of novel antipsychotics.",Olanzapine; Heart rate variability; Cardiology; Heart rate; Internal medicine; Medicine; Vagal tone; Schizophrenia (object-oriented programming); Long QT syndrome; Electrocardiography; QT interval; Clozapine,False,article,True,True,False,doi,,"{'venue': 'crossref', 'volume': 'crossref', 'issue': 'crossref', 'pages': 'crossref', 'publisher': 'crossref', 'url': 'crossref', 'lang': 'crossref'}",{'crossref': 7},"X001.R000 resolved | hits:OA,CR | winner:- | filled:venue:CR; lang:CR | missing:-"
A015,101186s129380150063z,Analysis of short-term heart rate and diastolic period variability using a refined fuzzy entropy method,Lizhen Ji; Peng Li; Ke Li; Xinpei Wang; Changchun Liu,Lizhen Ji,2015.0,10.1186/s12938-015-0063-z,https://pubmed.ncbi.nlm.nih.gov/26126807,,,BioMedical Engineering OnLine,14,1,,Springer Science and Business Media LLC,en,https://doi.org/10.1186/s12938-015-0063-z,0.9,resolved,openalex,2026-08-16T22:28:36Z,X001,"BACKGROUND: Heart rate variability (HRV) has been widely used in the non-invasive evaluation of cardiovascular function. Recent studies have also attached great importance to the cardiac diastolic period variability (DPV) examination. Short-term variability measurement (e.g., 5 min) has drawn increasing attention in clinical practice, since it is able to provide almost immediate measurement results and enables the real-time monitoring of cardiovascular function. However, it is still a contemporary challenge to robustly estimate the HRV and DPV parameters based on short-term recordings. METHODS: In this study, a refined fuzzy entropy (rFuzzyEn) was developed by substituting a piecewise fuzzy membership function for the Gaussian function in conventional fuzzy entropy (FuzzyEn) measure. Its stability and robustness against additive noise compared with sample entropy (SampEn) and FuzzyEn, were examined by two well-accepted simulation models-the [Formula: see text] noise and the Logistic attractor. The rFuzzyEn was further applied to evaluate clinical short-term (5 min) HRV and DPV of the patients with coronary artery stenosis and healthy volunteers. RESULTS: Simulation results showed smaller fluctuations in the rFuzzyEn than in SampEn and FuzzyEn values when the data length was decreasing. Besides, rFuzzyEn could distinguish the simulation models with different amount of additive noise even when the percentage of additive noise reached 60%, but neither SampEn nor FuzzyEn showed comparable performance. Clinical HRV analysis did not indicate any significant differences between the patients with coronary artery disease and the healthy volunteers in all the three mentioned entropy measures (all p > 0.20). But clinical DPV analysis showed that the patient group had a significantly higher rFuzzyEn (p < 0.01) than the healthy group. However, no or less significant difference was observed between the two groups in either SampEn (p = 0.14) or FuzzyEn (p = 0.05). CONCLUSIONS: Our proposed rFuzzyEn outperformed conventional SampEn and FuzzyEn in terms of both stability and robustness against additive noise, particularly when the data set was relatively short. Analysis of DPV using rFuzzyEn may provide more valuable information to assess the cardiovascular states than the other entropy measures and has a potential for clinical application.",Sample entropy; Heart rate variability; Approximate entropy; Mathematics; Medicine; Statistics; Piecewise; Coronary artery disease; Cardiology; Fuzzy logic; Entropy (arrow of time); Internal medicine,True,article,True,True,False,doi,,"{'venue': 'crossref', 'volume': 'crossref', 'issue': 'crossref', 'publisher': 'crossref', 'url': 'crossref', 'lang': 'crossref'}",{'crossref': 6},"X001.R000 resolved | hits:OA,CR | winner:- | filled:venue:CR; lang:CR | missing:-"
A016,101111j146989861992tb01720x,Respiratory Sinus Arrhythmia and Cardiovascular Responses to Stress,James D. Lane; R. Alison Adcock; Rachel Burnett,James D. Lane,1992.0,10.1111/j.1469-8986.1992.tb01720.x,https://pubmed.ncbi.nlm.nih.gov/1410177,,,Psychophysiology,29,4,461-470,Wiley,en,https://doi.org/10.1111/j.1469-8986.1992.tb01720.x,0.9,resolved,openalex,2026-08-16T22:28:37Z,X001,"The parasympathetic nervous system provides mechanisms that could attenuate sympathetically mediated heart rate stress responses and might have even more general antagonistic actions on stress reactivity. Individuals characterized by higher levels of parasympathetic tone might, through such mechanisms, be less reactive when stimuli elicit sympathetically mediated responses. Respiratory sinus arrhythmia (RSA) is considered to be a noninvasive index of cardiac parasympathetic (vagal) tone. The present study investigated whether individual differences in RSA level at rest could predict variations among individuals in the magnitude of cardiovascular responses to psychological stress. None of the measures of resting respiratory sinus arrhythmia, derived from spectral analysis of beat-to-beat changes in resting heart rate, predicted the observed variations in cardiovascular task reactivity. However, scores reflecting respiratory sinus arrhythmia as the percentage of total heart rate variability (RSAnorm) were negatively correlated with blood pressure levels, both at rest and during the task. Furthermore, subjects with higher scores for RSAnorm demonstrated a faster adaptation of heart rate responses during stress, which suggests the development of parasympathetic antagonism to ongoing sympathetic arousal. Although a simple relationship between respiratory sinus arrhythmia and reactivity was not observed, these results encourage further investigation of RSA measures as psychophysiological indices of individual differences in parasympathetic (vagal) cardiac tone, or perhaps of general parasympathetic/sympathetic balance, which could modulate the expression of potentially pathogenic stress responses.",Psychology; Vagal tone; Cardiology; Respiratory system; Stress (linguistics); Cognitive psychology; Internal medicine; Heart rate; Psychiatry; Heart rate variability; Medicine; Blood pressure,False,article,True,True,False,doi,,"{'venue': 'crossref', 'volume': 'crossref', 'issue': 'crossref', 'pages': 'crossref', 'publisher': 'crossref', 'url': 'crossref', 'lang': 'crossref'}",{'crossref': 7},"X001.R000 resolved | hits:OA,CR | winner:- | filled:venue:CR; lang:CR | missing:-"
A017,101192bjp1616831,Cardiac Vagal Tone in Generalised Anxiety Disorder,Márk Kollai; Balazs Kollai,Márk Kollai,1992.0,10.1192/bjp.161.6.831,https://pubmed.ncbi.nlm.nih.gov/1483170,,,British Journal of Psychiatry,161,6,831-835,Royal College of Psychiatrists,en,https://doi.org/10.1192/bjp.161.6.831,0.9,resolved,openalex,2026-08-16T22:28:37Z,X001,"The aim of the present study was twofold: firstly, to determine cardiac vagal tone in subjects with generalised anxiety disorder directly, using an invasive pharmacological method; and secondly, to test whether the non-invasive method of measuring the amplitude of respiratory sinus arrhythmia (RSA) gives a reliable estimate of cardiac vagal tone in this form of anxiety disorder. Comparison of baseline physiological measures of anxious and control subjects revealed that cardiac vagal tone and heart rate were not different in the two groups of subjects, whereas length of the respiratory cycle and amplitude of respiratory sinus arrhythmia were reduced in the former group. Because of the higher respiratory rates of anxious subjects, the RSA method was found to underestimate cardiac vagal tone in generalised anxiety disorder.",Vagal tone; Anxiety; Heart rate; Heart rate variability; Cardiology; Anesthesia; Respiratory system; Medicine; Vagus nerve; Cardiac cycle; Respiratory rate; Electrocardiography,False,article,True,True,False,doi,,"{'venue': 'crossref', 'volume': 'crossref', 'issue': 'crossref', 'pages': 'crossref', 'publisher': 'crossref', 'url': 'crossref', 'lang': 'crossref'}",{'crossref': 7},"X001.R000 resolved | hits:OA,CR | winner:- | filled:venue:CR; lang:CR | missing:-"
A018,101002gps4273,Clinical significance of worry and physical symptoms in late-life generalized anxiety disorder,Beyon Miloyan; Nancy A. Pachana,Beyon Miloyan,2015.0,10.1002/gps.4273,https://pubmed.ncbi.nlm.nih.gov/25703435,,,International Journal of Geriatric Psychiatry,30,12,1186-1194,Wiley,en,https://doi.org/10.1002/gps.4273,0.9,resolved,openalex,2026-08-16T22:28:37Z,X001,"OBJECTIVE: Worry is a hallmark feature of generalized anxiety disorder (GAD). However, age-related changes in symptom presentation raise questions about the clinical significance of these symptom clusters in later life. The aim of this study was to explore the relative contribution of worry and physical symptom frequency to clinical significance associated with late-life GAD. METHODS: A sample of 637 self-reported worriers (aged 65 years and older) was extracted from Wave 1 of the National Epidemiological Survey of Alcohol and Related Conditions. RESULTS: Consistent with previous findings, we observed reductions in worry frequency and increases in physical symptom frequency with increasing age of participants. Physical symptoms, but not worry symptoms, distinguished older adults with clinical and sub-threshold GAD. Whereas physical symptom count was associated with distress, occupational, and functional disability, worry count was only associated with distress. CONCLUSIONS: Among self-reported worriers, worry frequency provides limited clinical utility over and above physical symptom frequency. These findings suggest that physical symptom frequency may become an increasingly important feature of GAD in later life.",Worry; Generalized anxiety disorder; Anxiety; Distress; Psychology; Psychiatry; Clinical significance; Clinical psychology; Medicine; Internal medicine,False,article,True,True,False,doi,,"{'venue': 'crossref', 'volume': 'crossref', 'issue': 'crossref', 'pages': 'crossref', 'publisher': 'crossref', 'url': 'crossref', 'lang': 'crossref'}",{'crossref': 7},"X001.R000 resolved | hits:OA,CR | winner:- | filled:venue:CR; lang:CR | missing:-"
A019,101097jcp0b013e31827d14e3,Effects of Clozapine on Heart Rate Dynamics and Their Relationship With Therapeutic Response in Treatment-Resistant Schizophrenia,Jong‐Hoon Kim; Sang Hoon Yi; Jin-Young Lee; Yong Sik Kim,Jong‐Hoon Kim,2012.0,10.1097/jcp.0b013e31827d14e3,https://pubmed.ncbi.nlm.nih.gov/23277266,,,Journal of Clinical Psychopharmacology,33,1,69-73,Ovid Technologies (Wolters Kluwer Health),en,https://doi.org/10.1097/jcp.0b013e31827d14e3,0.9,resolved,openalex,2026-08-16T22:28:38Z,X001,"Previous studies have suggested the utility of nonlinear complexity measures of heart rate variability (HRV) in evaluating the regulatory capacity of the neuroautonomic system. The purpose of the present study was to investigate the effects of clozapine on the nonlinear complexity measures of HRV in patients with treatment-resistant schizophrenia to find novel electrophysiological markers that indicate response to clozapine treatment. Forty patients with treatment-resistant schizophrenia were evaluated during 8 weeks of clozapine monotherapy. For nonlinear complexity measures of HRV, the approximate entropy (ApEn) and sample entropy (SampEn) values were obtained. The response rate to clozapine was 37.5%. The results of multivariate analysis of covariance revealed that the ApEn and the SampEn values of HRV at week 8 were significantly higher in the responders than in the nonresponders. Repeated-measures analysis of covariance showed a significant group by time interaction effect in the ApEn and SampEn indices. The responder group showed an increasing pattern of change in these complexity measures after administration of clozapine, whereas the nonresponder group showed a decreasing pattern of change. These results suggest that the nonlinear dynamic complexity measures of HRV, which indicate the irregularity and complexity of the biosystem, may be useful in evaluating the therapeutic changes of neuroautonomic function in schizophrenia. The response to clozapine treatment is expected to be more favorable when the plasticity of the neuroautonomic system reflected in the nonlinear complexity measures is high.",Clozapine; Sample entropy; Approximate entropy; Heart rate variability; Schizophrenia (object-oriented programming); Heart rate; Psychology; Cardiology; Internal medicine; Medicine; Psychiatry; Blood pressure,False,article,True,True,False,doi,,"{'venue': 'crossref', 'volume': 'crossref', 'issue': 'crossref', 'pages': 'crossref', 'publisher': 'crossref', 'url': 'crossref', 'lang': 'crossref'}",{'crossref': 7},"X001.R000 resolved | hits:OA,CR | winner:- | filled:venue:CR; lang:CR | missing:-"
A020,107490f1000research10965551,"Effects of depression, anxiety, comorbidity and antidepressants on resting-state heart rate and its variability: an ELSA-Brasil cohort baseline study",Andrew H. Kemp; Itamar S Santos; Maria Angélica Nunes; Eduardo Miranda Dantas; Roberto Carbalho de Figueiredo; Alexandre Pereira; A. Ribeiro e Ribeiro; José Geraldo Mill; Rodrigo Varejão Andreão; Julian F. Thayer; Isabela M Benseñor; Paulo A. Lotufo,Andrew H. Kemp,2014.0,10.7490/f1000research.1096555.1,,,,,,,,,en,,0.9,resolved,openalex,2026-08-16T22:28:38Z,X001,,Depression (economics); Open peer review; Comorbidity; Anxiety; Medicine; Cohort; Heart rate variability; Baseline (sea); Plant biology; Resting state fMRI; Internal medicine; Cardiology,True,article,True,False,False,doi,,{'lang': 'heuristic'},{'heuristic': 1},X001.R000 resolved | hits:OA | winner:- | filled:lang:HE | missing:abstract
A021,101073pnas8862297,Approximate entropy as a measure of system complexity,Steven M. Pincus,Steven M. Pincus,1991.0,10.1073/pnas.88.6.2297,https://pubmed.ncbi.nlm.nih.gov/11607165,,,Proceedings of the National Academy of Sciences,88,6,2297-2301,National Academy of Sciences,en,https://doi.org/10.1073/pnas.88.6.2297,0.9,resolved,openalex,2026-08-16T22:28:39Z,X001,"Techniques to determine changing system complexity from data are evaluated. Convergence of a frequently used correlation dimension algorithm to a finite value does not necessarily imply an underlying deterministic model or chaos. Analysis of a recently developed family of formulas and statistics, approximate entropy (ApEn), suggests that ApEn can classify complex systems, given at least 1000 data values in diverse settings that include both deterministic chaotic and stochastic processes. The capability to discern changing complexity from such a relatively small amount of data holds promise for applications of ApEn in a variety of contexts.",Approximate entropy; Entropy (arrow of time); Chaotic; Computer science; Correlation dimension; Measure (data warehouse); Mathematics; Complex system; Algorithm; Statistical physics; Statistics; Artificial intelligence,True,article,True,True,False,doi,,"{'venue': 'crossref', 'volume': 'crossref', 'issue': 'crossref', 'pages': 'crossref', 'publisher': 'crossref', 'url': 'crossref', 'lang': 'crossref'}",{'crossref': 7},"X001.R000 resolved | hits:OA,CR | winner:- | filled:venue:CR; lang:CR | missing:-"
A022,101016s0025619612622721,"The Central Autonomic Network: Functional Organization, Dysfunction, and Perspective",Eduardo E. Benarroch,Eduardo E. Benarroch,1993.0,10.1016/s0025-6196(12)62272-1,https://pubmed.ncbi.nlm.nih.gov/8412366,,,Mayo Clinic Proceedings,68,10,988-1001,Elsevier BV,en,https://doi.org/10.1016/s0025-6196(12)62272-1,0.9,resolved,openalex,2026-08-16T22:28:39Z,X001,,Medicine; Rostral ventrolateral medulla; Pure autonomic failure; Neuroscience; Autonomic nervous system; Medulla; Nucleus ambiguus; Insular cortex; Circumventricular organs; Anesthesia; Internal medicine; Hypothalamus,False,article,True,True,True,doi,,"{'venue': 'crossref', 'volume': 'crossref', 'issue': 'crossref', 'pages': 'crossref', 'publisher': 'crossref', 'url': 'crossref', 'lang': 'crossref'}",{'crossref': 7},"X001.R000 resolved | hits:OA,CR,S2 | winner:- | filled:venue:CR; lang:CR | missing:abstract"
A023,101111j1542474x200510101x,Heart Rate Variability: Measurement and Clinical Utility,Robert E. Kleiger; Phyllis K. Stein; J. Thomas Bigger,Robert E. Kleiger,2005.0,10.1111/j.1542-474x.2005.10101.x,https://pubmed.ncbi.nlm.nih.gov/15649244,,,Annals of Noninvasive Electrocardiology,10,1,88-101,Wiley,en,https://doi.org/10.1111/j.1542-474x.2005.10101.x,0.9,resolved,openalex,2026-08-16T22:28:41Z,X001,"Electrocardiographic RR intervals fluctuate cyclically, modulated by ventilation, baroreflexes, and other genetic and environmental factors that are mediated through the autonomic nervous system. Short term electrocardiographic recordings (5 to 15 minutes), made under controlled conditions, e.g., lying supine or standing or tilted upright can elucidate physiologic, pharmacologic, or pathologic changes in autonomic nervous system function. Long-term, usually 24-hour recordings, can be used to assess autonomic nervous responses during normal daily activities in health, disease, and in response to therapeutic interventions, e.g., exercise or drugs. RR interval variability is useful for assessing risk of cardiovascular death or arrhythmic events, especially when combined with other tests, e.g., left ventricular ejection fraction or ventricular arrhythmias.",Medicine; Supine position; Autonomic nervous system; Cardiology; Baroreflex; Heart rate variability; Internal medicine; Electrocardiography; Heart rate; Ejection fraction; Blood pressure; Heart failure,True,article,True,True,False,doi,,"{'venue': 'crossref', 'volume': 'crossref', 'issue': 'crossref', 'pages': 'crossref', 'publisher': 'crossref', 'url': 'crossref', 'lang': 'crossref'}",{'crossref': 7},"X001.R000 resolved | hits:OA,CR | winner:- | filled:venue:CR; lang:CR | missing:-"
A024,103389fpsyt201400080,Anxiety Disorders are Associated with Reduced Heart Rate Variability: A Meta-Analysis,John Chalmers; Daniel Quintana; Maree J. Abbott; Andrew H. Kemp,John Chalmers,2014.0,10.3389/fpsyt.2014.00080,https://pubmed.ncbi.nlm.nih.gov/25071612,,,Frontiers in Psychiatry,5,,,Frontiers Media SA,en,https://doi.org/10.3389/fpsyt.2014.00080,0.9,resolved,openalex,2026-08-16T22:28:41Z,X001,"BACKGROUND: Anxiety disorders increase risk of future cardiovascular disease (CVD) and mortality, even after controlling for confounds including smoking, lifestyle, and socioeconomic status, and irrespective of a history of medical disorders. While impaired vagal function, indicated by reductions in heart rate variability (HRV), may be one mechanism linking anxiety disorders to CVD, prior studies have reported inconsistent findings highlighting the need for meta-analysis. METHOD: Studies comparing resting-state HRV recordings in patients with an anxiety disorder as a primary diagnosis and healthy controls were considered for meta-analysis. RESULTS: Meta-analyses were based on 36 articles, including 2086 patients with an anxiety disorder and 2294 controls. Overall, anxiety disorders were characterized by lower HRV [high frequency (HF): Hedges' g = -0.29. 95% CI: -0.41 to -0.17, p < 0.001; time domain: Hedges' g = -0.45, 95% CI: -0.57 to -0.33, p < 0.001] than controls. Panic disorder (n = 447), post-traumatic stress disorder (n = 192), generalized anxiety disorder (n = 68), and social anxiety disorder (n = 90), but not obsessive-compulsive disorder (n = 40), displayed reductions in HF HRV relative to controls (all ps < 0.001). CONCLUSION: Anxiety disorders are associated with reduced HRV, findings associated with a small-to-moderate effect size. Findings have important implications for future physical health and well-being of patients, highlighting a need for comprehensive cardiovascular risk reduction.",Panic disorder; Anxiety; Heart rate variability; Meta-analysis; Generalized anxiety disorder; Medicine; Anxiety disorder; Psychiatry; Clinical psychology; Internal medicine; Specific phobia; Psychology,True,article,True,True,False,doi,,"{'venue': 'crossref', 'volume': 'crossref', 'publisher': 'crossref', 'url': 'crossref', 'lang': 'heuristic'}","{'crossref': 4, 'heuristic': 1}","X001.R000 resolved | hits:OA,CR | winner:- | filled:venue:CR; lang:HE | missing:-"
A025,101016014976349400066a,Cardiac vagal tone: A physiological index of stress,Stephen W. Porges,Stephen W. Porges,1995.0,10.1016/0149-7634(94)00066-a,https://pubmed.ncbi.nlm.nih.gov/7630578,,,Neuroscience &amp; Biobehavioral Reviews,19,2,225-233,Elsevier BV,en,https://doi.org/10.1016/0149-7634(94)00066-a,0.9,resolved,openalex,2026-08-16T22:28:42Z,"X001,X006",,Vagal tone; Nucleus ambiguus; Vagus nerve; Tonic (physiology); Heart rate; Neuroscience; Medicine; Autonomic nervous system; Heart rate variability; Swallowing; Anesthesia; Psychology,False,article,True,True,True,doi,,"{'venue': 'crossref', 'volume': 'crossref', 'issue': 'crossref', 'pages': 'crossref', 'publisher': 'crossref', 'url': 'crossref', 'lang': 'crossref'}",{'crossref': 7},"X001.R000 resolved | hits:OA,CR,S2 | winner:- | filled:venue:CR; lang:CR | missing:abstract"
A026,1010160006322395001360,Autonomic characteristics of generalized anxiety disorder and worry,Julian F. Thayer; Bruce H. Friedman; Thomas D. Borkovec,Julian F. Thayer,1996.0,10.1016/0006-3223(95)00136-0,https://pubmed.ncbi.nlm.nih.gov/8645772,,,Biological Psychiatry,39,4,255-266,Elsevier BV,en,https://doi.org/10.1016/0006-3223(95)00136-0,0.9,resolved,openalex,2026-08-16T22:28:43Z,X001,,Worry; Generalized anxiety disorder; Anxiety; Heart rate variability; Psychology; Autonomic nervous system; Relaxation (psychology); Heart rate; Cardiorespiratory fitness; Internal medicine; Cardiology; Medicine,False,article,True,True,True,doi,,"{'venue': 'crossref', 'volume': 'crossref', 'issue': 'crossref', 'pages': 'crossref', 'publisher': 'crossref', 'url': 'crossref', 'lang': 'crossref'}",{'crossref': 7},"X001.R000 resolved | hits:OA,CR,S2 | winner:- | filled:venue:CR; lang:CR | missing:abstract"
A027,101007s004210041055z,The effect of mental stress on heart rate variability and blood pressure during computer work,Nis Hjortskov; Dag Riss�n; Anne Katrine Blangsted; Nils Fallentin; Ulf Lundberg; Karen S√∏gaard,Nis Hjortskov,2004.0,10.1007/s00421-004-1055-z,https://pubmed.ncbi.nlm.nih.gov/14991326,,,European Journal of Applied Physiology,92,1-2,84-89,Springer Science and Business Media LLC,en,https://doi.org/10.1007/s00421-004-1055-z,0.9,resolved,openalex,2026-08-16T22:28:44Z,X001,"The aim was to evaluate the cardiovascular and subjective stress response to a combined physical and mental workload, and the effect of rest. Twelve females who had no prior experience of laboratory experiments participated in the study. Computer-work-related mental stressors were either added to or removed from a standardized computer work session in the laboratory. Beat-to-beat blood pressure and electrocardiogram (ECG) were recorded continuously during the experiment. The participants reported subjective experiences of stress in six categories using an 11-point scale before and at the end of the work. Heart rate variability (HRV) variables were calculated from the ECG recordings, and a reduction in the high-frequency component of HRV and an increase in the low- to high-frequency ratio were observed in the stress situation compared to the control session. No changes were seen in the low-frequency component of HRV. The stressors induced an increase in blood pressure compared to baseline that persisted, and for the diastolic pressure it even increased in the subsequent control session. No differences were observed for subjective experience of stress with the exception of a time trend in the exhaustion scale, i.e. a progression in reported exhaustion with time. The results—and the dissociation between HRV and blood pressure variables—indicate that HRV is a more sensitive and selective measure of mental stress. It could be speculated that heart rate-derived variables reflect a central pathway in cardiovascular control mechanisms (“central command”), while the blood pressure response is more influenced by local conditions in the working muscles that partly mask the effect of changes in mental workloads. In the rest period after each work session, HRV and blood pressure variables were partly normalized as expected. However, an 8-min period of rest was insufficient to restore blood pressure to resting values.",Heart rate; Blood pressure; Heart rate variability; Stressor; Workload; Mental arithmetic; Cardiology; Psychology; Mental stress; Medicine; Physical therapy; Internal medicine,False,article,True,True,True,doi,,"{'venue': 'crossref', 'volume': 'crossref', 'issue': 'crossref', 'pages': 'crossref', 'publisher': 'crossref', 'url': 'crossref', 'abstract': 'unpaywall', 'lang': 'heuristic'}","{'crossref': 6, 'unpaywall': 1, 'heuristic': 1}","X001.R000 resolved | hits:OA,CR,S2 | winner:- | filled:venue:CR; lang:HE; abstract:UN | missing:-"
A028,101080135485062012749355,A review of the affects of worry and generalized anxiety disorder upon cardiovascular health and coronary heart disease,Phillip J. Tully; Suzie M. Cosh; Bernhard T. Baune,Phillip J. Tully,2013.0,10.1080/13548506.2012.749355,https://pubmed.ncbi.nlm.nih.gov/23324073,,,"Psychology, Health &amp; Medicine",18,6,627-644,Informa UK Limited,en,https://doi.org/10.1080/13548506.2012.749355,0.9,resolved,openalex,2026-08-16T22:28:53Z,X001,"OBJECTIVE: The aims of this review article are to present psychophysiological and behavioral pathways for the involvement of worry and generalized anxiety disorder (GAD) upon cardiovascular function. The review will focus on persons with and without coronary heart disease (CHD), and encompass etiological and prognostic studies. METHODS: Articles (1975-2011) reporting on GAD or worry affecting CHD prognosis or cardiovascular function were found using MEDLINE, EMBASE, SCOPUS and PsychINFO database searches, and extracted to form a narrative review. RESULTS: Available evidence in experimental and observational studies in CHD free samples consistently showed that worry was associated with diminished heart rate variability (HRV) and elevated heart rate. Worry and GAD were commonly associated with blood pressure and diagnosed hypertension or medication use in both disease-free and established CHD populations. No evidence was found to support worry being beneficial to cardiovascular function or conducive to health promoting behaviors. The literature indicated that measures of worry were associated with fatal and nonfatal CHD in seven etiological studies of initially disease-free individuals; however, females were underrepresented. Three studies reported that GAD was associated with poorer prognosis in establish CHD, independent of depression. The median GAD prevalence was 10.4% in 3266 patients across 15 studies, suggesting that GAD is marginally less common in CHD samples than is depression. CONCLUSIONS: A growing literature highlights the association between worry and development of CHD. The association between worry, GAD and CHD risk factors (e.g. blood pressure), and HRV are leading mechanisms of cardiopathogenesis that may affect cardiovascular function. Findings regarding worry and GAD in established CHD are less clear.",Worry; Generalized anxiety disorder; Anxiety; Etiology; Disease; Medicine; Depression (economics); Blood pressure; Clinical psychology; Internal medicine; Psychology; Psychiatry,True,article,True,True,False,doi,,"{'venue': 'crossref', 'volume': 'crossref', 'issue': 'crossref', 'pages': 'crossref', 'publisher': 'crossref', 'url': 'crossref', 'lang': 'crossref'}",{'crossref': 7},"X001.R000 resolved | hits:OA,CR | winner:- | filled:venue:CR; lang:CR | missing:-"
A029,101016jjpsychires200907011,Heart rate variability in bipolar mania and schizophrenia,Brook L. Henry; Arpi Minassian; Martin P. Paulus; Mark A. Geyer; William Perry,Brook L. Henry,2009.0,10.1016/j.jpsychires.2009.07.011,https://pubmed.ncbi.nlm.nih.gov/19700172,,,Journal of Psychiatric Research,44,3,168-176,Elsevier BV,en,https://doi.org/10.1016/j.jpsychires.2009.07.011,0.9,resolved,openalex,2026-08-16T22:28:53Z,X001,"Background Autonomic nervous system (ANS) dysfunction and reduced heart rate variability (HRV) have been reported in a wide variety of psychiatric disorders, but have not been well characterized in bipolar mania. We recorded cardiac activity and assessed HRV in acutely hospitalized manic bipolar (BD) and schizophrenia (SCZ) patients compared to age- and gender-matched healthy comparison (HC) subjects. Method HRV was assessed using time domain, frequency domain, and nonlinear analyses in 23 manic BD, 14 SCZ, and 23 HC subjects during a 5 minute rest period. Psychiatric symptoms were assessed by administration of the Brief Psychiatric Rating Scale (BPRS) and the Young Mania Rating Scale (YMRS). Results Manic BD patients demonstrated a significant reduction in HRV, parasympathetic activity, and cardiac entropy compared to HC subjects, while SCZ patients demonstrated a similar, but non-significant, trend towards lower HRV and entropy. Reduction in parasympathetic tone was significantly correlated with higher YMRS scores and the unusual thought content subscale on the BPRS. Decreased entropy was associated with increased aggression and diminished personal hygiene on the YMRS scale. Conclusion Cardiac function in manic BD individuals is characterized by decreased HRV,",Young Mania Rating Scale; Mania; Heart rate variability; Bipolar disorder; Psychology; Brief Psychiatric Rating Scale; Internal medicine; Vagal tone; Heart rate; Cardiology; Autonomic nervous system; Psychosis,False,article,True,True,True,doi,,"{'venue': 'crossref', 'volume': 'crossref', 'issue': 'crossref', 'pages': 'crossref', 'publisher': 'crossref', 'url': 'crossref', 'lang': 'crossref', 'abstract': 'semanticscholar'}","{'crossref': 7, 'semanticscholar': 1}","X001.R000 resolved | hits:OA,CR,S2 | winner:- | filled:venue:CR; lang:CR; abstract:SE | missing:-"
A030,101016jjpsychires201204013,Functional MRI of the amygdala and bed nucleus of the stria terminalis during conditions of uncertainty in generalized anxiety disorder,Michael A. Yassa; Richard L. Hazlett; Craig E.L. Stark; Rudolf Hoehn‐Saric,Michael A. Yassa,2012.0,10.1016/j.jpsychires.2012.04.013,https://pubmed.ncbi.nlm.nih.gov/22575329,,,Journal of Psychiatric Research,46,8,1045-1052,Elsevier BV,en,https://doi.org/10.1016/j.jpsychires.2012.04.013,0.9,resolved,openalex,2026-08-16T22:28:53Z,X001,"Generalized anxiety disorder (GAD) is a common psychiatric disorder characterized by constant worry or anxiety over every day life activities and events. The neurobiology of the disorder is thought to involve a wide cortical and subcortical network that includes but is not limited to the amygdala and the bed nucleus of the stria terminalis (BNST). These two regions have been hypothesized to play different roles in stress and anxiety; the amygdala is thought to regulate responses to brief emotional stimuli while the BNST is thought to be involved in more chronic regulation of sustained anxiety. In this study, we exposed medication-free GAD patients as well as non-anxious controls to a gambling game where one of the conditions involved non-contingent monetary loss. This condition of high uncertainty was intended to elicit a stressful response and sustained anxiety. Functional MRI scans were collected simultaneously to investigate BOLD activity in the amygdala and BNST during performance of this task. Compared to controls, we found that GAD patients demonstrated decreased activity in the amygdala and increased activity in the BNST. Skin conductance measures showed a consistent early versus late effect within block where GAD patients demonstrated higher arousal than controls late in the task blocks. Based on these results, we hypothesize that GAD patients disengage the amygdala and its response to acute stress earlier than non-anxious controls making way for the BNST to maintain a more sustained response. Future studies are needed to investigate the temporal dynamics of activation and deactivation in these regions.",Stria terminalis; Amygdala; Generalized anxiety disorder; Psychology; Anxiety; Arousal; Neuroscience; Functional magnetic resonance imaging; Septal nuclei; Psychiatry,True,article,True,True,True,doi,,"{'venue': 'crossref', 'volume': 'crossref', 'issue': 'crossref', 'pages': 'crossref', 'publisher': 'crossref', 'url': 'crossref', 'lang': 'crossref', 'abstract': 'semanticscholar'}","{'crossref': 7, 'semanticscholar': 1}","X001.R000 resolved | hits:OA,CR,S2 | winner:- | filled:venue:CR; lang:CR; abstract:SE | missing:-"
A031,101016jclinph200706012,Non-linear complexity measures of heart rate variability in acute schizophrenia,Karl‐Jürgen Bär; Michael Karl Boettger; Mandy Koschke; Steffen Schulz; Pratap Chokka; Vikram K. Yeragani; Andreas Voss,Karl‐Jürgen Bär,2007.0,10.1016/j.clinph.2007.06.012,https://pubmed.ncbi.nlm.nih.gov/17646130,,,Clinical Neurophysiology,118,9,2009-2015,Elsevier BV,en,https://doi.org/10.1016/j.clinph.2007.06.012,0.9,resolved,openalex,2026-08-16T22:28:54Z,X001,,Schizophrenia (object-oriented programming); Heart rate; Heart rate variability; Medicine; Psychiatry; Cardiology; Psychology; Internal medicine; Blood pressure,False,article,True,True,True,doi,,"{'venue': 'crossref', 'volume': 'crossref', 'issue': 'crossref', 'pages': 'crossref', 'publisher': 'crossref', 'url': 'crossref', 'lang': 'crossref'}",{'crossref': 7},"X001.R000 resolved | hits:OA,CR,S2 | winner:- | filled:venue:CR; lang:CR | missing:abstract"
A032,10116101cir9641209,Heart Rate Variability in Patients With Atrial Fibrillation Is Related to Vagal Tone,Maarten P. van den Berg; J. Haaksma; Jan Brouwer; Robert G Tieleman; G. Mulder; Harry J.G.M. Crijns,Maarten P. van den Berg,1997.0,10.1161/01.cir.96.4.1209,https://pubmed.ncbi.nlm.nih.gov/9286951,,,Circulation,96,4,1209-1216,Ovid Technologies (Wolters Kluwer Health),en,https://doi.org/10.1161/01.cir.96.4.1209,0.9,resolved,openalex,2026-08-16T22:28:55Z,X001,"BACKGROUND: Analysis of heart rate variability (HRV) has thus far not been applied in patients with atrial fibrillation, probably because of the presumed absence of any form of patterning of the ventricular rhythm, particularly vagally mediated respiratory arrhythmia. However, such patterning is theoretically conceivable given the function of the atrioventricular node in atrial fibrillation and its susceptibility to autonomic influences. METHODS AND RESULTS: Sixteen patients (mean age, 56+/-4 years) with long-term atrial fibrillation on fixed doses of digoxin or verapamil were studied; 12 healthy men in sinus rhythm were used as control subjects. HRV (standard deviation of RR intervals [SD], coefficient of variance [CV], the root-mean-square of successive difference [RMSSD], and low-frequency [LF] and high-frequency power [HF]) was analyzed during 500 RR intervals at baseline, after administration of propranolol (0.2 mg/kg I.V.), and after subsequent administration of methylatropine (0.02 mg/kg I.V.). HRV at baseline and changes in HRV after methylatropine were then related to vagal tone (vagal cardiac control), quantified as the decrease in mean RR after methylatropine. Baseline HRV was higher in the atrial fibrillation group than in the control group; after propranolol, HRV increased in both groups; after methylatropine, HRV neared zero in the control group, whereas it returned to baseline values in the atrial fibrillation group. SD, RMSSD, LF, and HF at baseline were significantly (P<.05) correlated with vagal tone in the control group but also in the atrial fibrillation group (correlation coefficients of .60, .61, .57, and .64, respectively). Even stronger correlations were observed between changes in these parameters after methylatropine and vagal tone, particularly in the atrial fibrillation group (correlation coefficients of .89, .87, .72, and .90, respectively). CONCLUSIONS: This study shows that HRV in patients with atrial fibrillation is related to vagal tone.",Medicine; Atrial fibrillation; Cardiology; Vagal tone; Internal medicine; Heart rate variability; Heart rate; Tone (literature); Anesthesia; Blood pressure; Literature; Art,False,article,True,True,False,doi,,"{'venue': 'crossref', 'volume': 'crossref', 'issue': 'crossref', 'pages': 'crossref', 'publisher': 'crossref', 'url': 'crossref', 'lang': 'crossref'}",{'crossref': 7},"X001.R000 resolved | hits:OA,CR | winner:- | filled:venue:CR; lang:CR | missing:-"
A033,1010970000324620020500000008,"Short-term effects of intravenous benzodiazepines on autonomic neurocardiac regulation in humans: A comparison between midazolam, diazepam, and lorazepam",M.W. Agelink; T Majewski; Jürgen Andrich; Michael Müeck‐Weymann,M.W. Agelink,2002.0,10.1097/00003246-200205000-00008,https://pubmed.ncbi.nlm.nih.gov/12006794,,,Critical Care Medicine,30,5,997-1006,Ovid Technologies (Wolters Kluwer Health),en,https://doi.org/10.1097/00003246-200205000-00008,0.9,resolved,openalex,2026-08-16T22:28:56Z,X001,"OBJECTIVES: To evaluate the effects of intravenously applied diazepam, lorazepam, and midazolam on autonomic neurocardiac regulation assessed by standardized measurements of heart rate variability. DESIGN: Prospective, randomized clinical study. SETTING: University teaching hospital. PATIENTS: Forty-five patients, who underwent a gastroscopy, were randomly assigned to intravenous premedication with midazolam (5 mg), diazepam (10 mg), or lorazepam (4 mg). Six subjects refused an injection and served as nonpremedicated controls. INTERVENTIONS: Serial recordings of the 5-min resting heart rate variability were obtained before and 15 and 30 mins after premedication. Seven benzodiazepine-treated patients received intravenous flumazenil (0.5 mg). MEASUREMENTS AND MAIN RESULTS: The average doses applied were 0.07 mg/kg for midazolam, 0.13 mg/kg for diazepam, and 0.06 mg/kg for lorazepam. Fifteen minutes after intravenous benzodiazepines were administered, we found an increase in resting heart rate and a reduction of vagal tone compared with baseline in all three benzodiazepine-treated subgroups. Multivariate analysis (covariate age) of the changes in heart rate variability indices over the experimental course revealed a significant reduction in absolute high-frequency power with midazolam or diazepam compared with nonpremedicated subjects. Moreover, midazolam-treated subjects showed a significantly larger reduction in relative high-frequency power not only compared with nontreated subjects, but also compared with lorazepam- or diazepam-treated subjects. Vagal tone remained reduced compared with baseline even 30 mins after benzodiazepine application, however, the resting heart rate decreased toward baseline levels. After flumazenil administration, there was a linear correlation between an increase in high-frequency power and a corresponding decrease in resting heart rate. CONCLUSIONS: Benzodiazepines can influence autonomic neurocardiac regulation in man, probably through their interaction with the gamma-aminobutyric acidA-receptor chloride ion channel complex. The pattern of findings suggests that intravenous midazolam, diazepam, and lorazepam influence human autonomic neurocardiac regulation in a biphasic way. First, they cause a reduction of central vagal tone, and second, they may decrease the cardiac pacemaker directly. Flumazenil completely abolished the autonomic neurocardiac regulation effects of benzodiazepines.",Diazepam; Benzodiazepine; Medicine; Anesthesia; Lorazepam; Midazolam; Flumazenil; Premedication; Heart rate; Temazepam; Heart rate variability; Amnesia,False,article,True,True,False,doi,,"{'venue': 'crossref', 'volume': 'crossref', 'issue': 'crossref', 'pages': 'crossref', 'publisher': 'crossref', 'url': 'crossref', 'lang': 'crossref'}",{'crossref': 7},"X001.R000 resolved | hits:OA,CR | winner:- | filled:venue:CR; lang:CR | missing:-"
A034,101034j13995618200300012x,Approximate entropy of symptoms of mood: an effective technique to quantify regularity of mood,Vikram K. Yeragani; Robert Pohl; Mallika Mallavarapu; Richard Balon,Vikram K. Yeragani,2003.0,10.1034/j.1399-5618.2003.00012.x,https://pubmed.ncbi.nlm.nih.gov/12895205,,,Bipolar Disorders,5,4,279-286,Wiley,en,https://doi.org/10.1034/j.1399-5618.2003.00012.x,0.9,resolved,openalex,2026-08-16T22:28:56Z,X001,"OBJECTIVES: Several psychiatric conditions are associated with lability of affect. In this study, we investigated regularity of mood using APEN (Approximate Entropy) on daily subjective ratings using a Visual Analog Scale with 11 items pertaining to mood. METHODS: APEN was applied to the data in a double-blind placebo controlled investigation on the effects of fluoxetine (n=19), pemoline (n=18) and placebo (n=20) in normal controls. These subjects rated their subjective feelings daily at the end of each day. We analysed 56 data point time series (each value was obtained on each day) after the three experimental conditions. RESULTS: While the mean or the SD of all the 56 points was not significantly different among the three conditions, APEN was highly and significantly lower for pemoline compared with fluoxetine and placebo. There was no significant correlation between average APEN and mean or SD (standard deviation). The one symptom that explained most of this difference among the groups after drug administration was the feeling of 'happiness'. CONCLUSIONS: This result indicates that there was a more consistent subjective sense of happiness during the 8-week period of pemoline administration compared with the other two drugs. Though this study was not designed to address the efficacy of mood stabilizing drugs, such daily subjective ratings may be useful in future studies that evaluate the stability of mood. APEN has been used in several different fields of research with small data sets and this study extends its possible use to evaluate changes in mood in certain populations such as patients with bipolar disorders.",Mood; Placebo; Psychology; Fluoxetine; Feeling; Happiness; Approximate entropy; Anger; Psychiatry; Clinical psychology; Medicine; Internal medicine,False,article,True,True,False,doi,,"{'venue': 'crossref', 'volume': 'crossref', 'issue': 'crossref', 'pages': 'crossref', 'publisher': 'crossref', 'url': 'crossref', 'lang': 'crossref'}",{'crossref': 7},"X001.R000 resolved | hits:OA,CR | winner:- | filled:venue:CR; lang:CR | missing:-"
A035,10108809673334326008,Very low frequency oscillations in the power spectra of heart rate variability during dry supine immersion and exposure to non-hypoxic hypobaria,Krishna Kant Tripathi,Krishna Kant Tripathi,2011.0,10.1088/0967-3334/32/6/008,https://pubmed.ncbi.nlm.nih.gov/21606562,,,Physiological Measurement,32,6,717-729,IOP Publishing,en,https://doi.org/10.1088/0967-3334/32/6/008,0.9,resolved,openalex,2026-08-16T22:28:56Z,X001,"The origin of very low frequency (VLF) oscillations in the power spectra of heart rate variability (HRV) is controversial with possible mechanisms involving thermoregulation and/or renin-angiotensin-aldosterone system. Recently, a major contribution from vagal influences has been suggested. The present study investigated the behaviour of VLF (0.004-0.040 Hz) components of HRV power spectra in a group of healthy male volunteers during their exposure to (1) dry, supine, immersion in thermo-neutral water for 6 h (n = 7) and (2) non-hypoxic hypobaria (breathing 40-60% oxygen at 15,000' simulated in a decompression chamber) for 5 h (n = 15). The two manoeuvres are established to increase vagal outflow. During both the manoeuvres, all the frequency domain indices of HRV exhibited a significant increase. Increase in HRV was much more than that in the R-R interval. At 6 h of immersion, the R-R interval increased by ∼ 15% but the total power increased ∼ fourfold. Similarly, at 5 h of exposure to hypobaria, total power increased ∼ twofold with a very modest increase in an R-R of ∼ 9%. Increase in spectral power was appreciable even after normalization with mean R-R(2). Increase in VLF during immersion was more than reported during enalaprilat blockade of angiotensin convertase enzyme. Plasma renin activity did not vary during hypobaria. There was a significant increase in pNN50, an established marker of cardiac vagal activity. Centre frequencies of the spectra and slope (β) of the relation between log(PSD) and log(frequency) did not change. Results were supportive of the notion that the parasympathetic system is pre-potent to influence slower (than respiratory) frequency components in HRV spectrum. Additionally, such an effect was without a change in the time constant of effector responses or pacemaker frequencies of VLF and LF periodicities and HRV was not a simple linear surrogate for cardiac vagal effects. An invariance of spectral exponent (β) ruled out contamination of VLF and LF spectra from fractal power as an alternate explanation.",Heart rate variability; Supine position; Internal medicine; Plasma renin activity; Renin–angiotensin system; Chemistry; Heart rate; Anesthesia; Very low frequency; Cardiology; Medicine; Physics,False,article,True,True,False,doi,,"{'venue': 'crossref', 'volume': 'crossref', 'issue': 'crossref', 'pages': 'crossref', 'publisher': 'crossref', 'url': 'crossref', 'lang': 'heuristic'}","{'crossref': 6, 'heuristic': 1}","X001.R000 resolved | hits:OA,CR | winner:- | filled:venue:CR; lang:HE | missing:-"
A036,101042cs0950295,Fractal dimension and approximate entropy of heart period and heart rate: awake versus sleep differences and methodological issues,Vikram K. Yeragani; E. Sobolewski; V.C. Jampala; Jerald Kay; Suneetha Yeragani; G. Igel,Vikram K. Yeragani,1998.0,10.1042/cs0950295,https://pubmed.ncbi.nlm.nih.gov/9730848,,,Clinical Science,95,3,295-301,Portland Press Ltd.,en,https://doi.org/10.1042/cs0950295,0.9,resolved,openalex,2026-08-16T22:28:56Z,X001,"1. Investigations that assess cardiac autonomic function include non-linear techniques such as fractal dimension and approximate entropy in addition to the common time and frequency domain measures of both heart period and heart rate. This article evaluates the differences in using heart rate versus heart period to estimate fractal dimensions and approximate entropies of these time series.2. Twenty-four-hour ECG was recorded in 23 normal subjects using Holter records. Time series of heart rate and heart period were analysed using fractal dimensions, approximate entropies and spectral analysis for the quantification of absolute and relative heart period variability in bands of ultra low (<0.0033 Hz), very low (0. 0033-0.04 Hz), low (0.04-0.15 Hz) and high (0.15-0.5 Hz) frequency.3. Linear detrending of the time series did not significantly change the fractal dimension or approximate entropy values. We found significant differences in the analyses using heart rate versus heart period between waking up and sleep conditions for fractal dimensions, approximate entropies and absolute spectral powers, especially for the power in the band of 0.0033-0.5 Hz. Log transformation of the data revealed identical fractal dimension values for both heart rate and heart period. Mean heart period correlated significantly better with fractal dimensions and approximate entropies of heart period than did corresponding heart rate measures.4. Studies using heart period measures should take the effect of mean heart period into account even for the analyses of fractal dimension and approximate entropy. As the sleep-awake differences in fractal dimensions and approximate entropies are different between heart rate and heart period, the results should be interpreted accordingly.",Fractal dimension; Heart rate variability; Heart rate; Mathematics; Fractal; Approximate entropy; Statistics; Cardiology; Medicine; Mathematical analysis; Time series; Internal medicine,False,article,True,True,False,doi,,"{'venue': 'crossref', 'volume': 'crossref', 'issue': 'crossref', 'pages': 'crossref', 'publisher': 'crossref', 'url': 'crossref', 'lang': 'crossref'}",{'crossref': 7},"X001.R000 resolved | hits:OA,CR | winner:- | filled:venue:CR; lang:CR | missing:-"
A037,10100215206394200012267aidda230co2c,Nonlinear measures of heart period variability: Decreased measures of symbolic dynamics in patients with panic disorder,Vikram K. Yeragani; Ravi Nadella; Brian Hinze; Suneetha Yeragani; V.C. Jampala,Vikram K. Yeragani,2000.0,10.1002/1520-6394(2000)12:2<67::aid-da2>3.0.co;2-c,https://pubmed.ncbi.nlm.nih.gov/11091929,,,Depression and Anxiety,12,2,67-77,Hindawi Limited,en,https://doi.org/10.1002/1520-6394(2000)12:2<67::aid-da2>3.0.co;2-c,0.9,resolved,openalex,2026-08-16T22:28:57Z,X001,"Time series of heart period are not linear and recent studies illustrated the importance of using nonlinear methods to quantify the complexity of these time series. We compared different techniques to quantify the nonlinear complexity of these time series in patients with panic disorder and normal controls and correlated these measures with spectral powers in different bands of interest. Twenty-four hour ECG was recorded in 23 normal controls and 29 patients with panic disorder by using Holter records. Time series of heart period were analyzed by using approximate entropies, slopes of 1/f scaling, two algorithms to calculate fractal dimension, and word sequences using symbolic dynamics. Measures using symbolic dynamics, especially word count (WC-100), showed highly significant differences between the two groups similar to some of the frequency domain (spectral) measures, while the other techniques were relatively ineffective to distinguish between the two groups. Different nonlinear techniques may relate to different aspects of nonlinear complexity of the time series. These nonlinear techniques were also not uniform in showing the differences between awake and sleep periods. Some correlate with the measures of respiratory sinus arrhythmia and some measures obtained from symbolic dynamics may reflect not only the nonlinear complexity of the time series but also the total variability in the 24 hr HP time series, especially power in the ultra-low frequency band (< 0.0033 Hz). However, word count (WC-100) had only weak correlations with other measures and discriminated best between the two groups and showed that this nonlinear measure was of additional value to the linear measures in classifying the two groups.",Symbolic dynamics; Nonlinear system; Series (stratigraphy); Mathematics; Heart rate variability; Statistics; Panic disorder; Time series; Psychology; Medicine; Heart rate; Internal medicine,False,article,True,True,False,doi,,"{'venue': 'crossref', 'volume': 'crossref', 'issue': 'crossref', 'pages': 'crossref', 'publisher': 'crossref', 'url': 'crossref', 'lang': 'crossref'}",{'crossref': 7},"X001.R000 resolved | hits:OA,CR | winner:- | filled:venue:CR; lang:CR | missing:-"
A038,101016jpnpbp200311007,Heart rate dynamics and their relationship to psychotic symptom severity in clozapine-treated schizophrenic subjects,Jong‐Hoon Kim; Sang Hoon Yi; Cheol Sung Yoo; Seung Ae Yang; Se Chang Yoon; Kyu Young Lee; Yong Min Ahn; Ung Gu Kang; Yong Sik Kim,Jong‐Hoon Kim,2004.0,10.1016/j.pnpbp.2003.11.007,https://pubmed.ncbi.nlm.nih.gov/14751435,,,Progress in Neuro-Psychopharmacology and Biological Psychiatry,28,2,371-378,Elsevier BV,en,https://doi.org/10.1016/j.pnpbp.2003.11.007,0.9,resolved,openalex,2026-08-16T22:28:57Z,X001,,Clozapine; Positive and Negative Syndrome Scale; Heart rate variability; Schizophrenia (object-oriented programming); Heart rate; Internal medicine; Sample entropy; Psychology; Psychosis; Medicine; Cardiology; Psychiatry,False,article,True,True,True,doi,,"{'venue': 'crossref', 'volume': 'crossref', 'issue': 'crossref', 'pages': 'crossref', 'publisher': 'crossref', 'url': 'crossref', 'lang': 'crossref'}",{'crossref': 7},"X001.R000 resolved | hits:OA,CR,S2 | winner:- | filled:venue:CR; lang:CR | missing:abstract"
A039,101159000119234,Heart Rate and Blood Pressure Variability: Implications for Psychiatric Research,Vikram K. Yeragani,Vikram K. Yeragani,2008.0,10.1159/000119234,https://pubmed.ncbi.nlm.nih.gov/8587700,,,Neuropsychobiology,,,182-191,S. Karger AG,en,https://doi.org/10.1159/000119234,0.9,resolved,openalex,2026-08-16T22:28:58Z,X001,"Symptoms of anxiety suggest autonomic dysfunction and most of the psychotropic agents used to treat anxiety and affective disorders have strong autonomic effects. This article describes the utility and importance of analysis of heart rate and blood pressure time series to study cardiac autonomic function in psychiatric research. The variability of heart rate between 0.15 and 0.5 Hz is related to respiratory sinus arrhythmia, and is modulated by cholinergic activity in both supine and standing postures, while the variability between 0.04 and 0.15 Hz is dually influenced by cholinergic and adrenergic mechanisms which can be used as a relative measure of sympathetic activity in standing posture. Analysis of beat-to-beat control of heart rate and blood pressure gives important information about cardiac sympathetic and parasympathetic interaction, which could be used to study the possible link between anxiety and depressive disorders and increased cardiovascular morbidity.",Heart rate; Blood pressure; Heart rate variability; Anxiety; Vagal tone; Supine position; Medicine; Autonomic nervous system; Cardiology; Cholinergic; Psychology; Internal medicine,False,article,True,True,False,doi,,"{'venue': 'crossref', 'pages': 'crossref', 'publisher': 'crossref', 'url': 'crossref', 'lang': 'crossref'}",{'crossref': 5},"X001.R000 resolved | hits:OA,CR | winner:- | filled:venue:CR; lang:CR | missing:-"
A040,101016jbiopsycho201301012,"Heart rate and autonomic response to stress after experimental induction of worry versus relaxation in healthy, high-worry, and generalized anxiety disorder individuals",Aaron J. Fisher; Michelle G. Newman,Aaron J. Fisher,2013.0,10.1016/j.biopsycho.2013.01.012,https://pubmed.ncbi.nlm.nih.gov/23384513,,,Biological Psychology,93,1,65-74,Elsevier BV,en,https://doi.org/10.1016/j.biopsycho.2013.01.012,0.9,resolved,openalex,2026-08-16T22:28:59Z,X001,,Worry; Anxiety; Generalized anxiety disorder; Heart rate; Psychology; Heart rate variability; Relaxation (psychology); Clinical psychology; Fight-or-flight response; Medicine; Internal medicine; Social psychology,True,article,True,True,True,doi,,"{'venue': 'crossref', 'volume': 'crossref', 'issue': 'crossref', 'pages': 'crossref', 'publisher': 'crossref', 'url': 'crossref', 'lang': 'crossref'}",{'crossref': 7},"X001.R000 resolved | hits:OA,CR,S2 | winner:- | filled:venue:CR; lang:CR | missing:abstract"
A041,101093oxfordjournalseurheartja014868,"Heart rate variability: Standards of measurement, physiological interpretation, and clinical use",Marek Malik; J. Thomas Bigger; A. John Camm; R. E. Kleiger; Alberto Malliani; A. J. Moss; Peter J. Schwartz,Marek Malik,1996.0,10.1093/oxfordjournals.eurheartj.a014868,,,,European Heart Journal,17,3,354-381,Oxford University Press (OUP),en,https://doi.org/10.1093/oxfordjournals.eurheartj.a014868,0.9,resolved,openalex,2026-08-16T22:29:00Z,"X001,X003,X008","Marek Malik, J. Thomas Bigger, A. John Camm, Robert E. Kleiger, Alberto Malliani, Arthur J. Moss, Peter J. Schwartz; Heart rate variability: Standards of m",Medicine; Interpretation (philosophy); Heart rate; Cardiology; Intensive care medicine; Internal medicine; Blood pressure; Computer science; Programming language,True,article,True,True,False,doi,,"{'venue': 'crossref', 'volume': 'crossref', 'issue': 'crossref', 'pages': 'crossref', 'publisher': 'crossref', 'url': 'crossref', 'lang': 'crossref'}",{'crossref': 7},"X001.R000 resolved | hits:OA,CR | winner:- | filled:venue:CR; lang:CR | missing:-"
A042,101016jneubiorev201111009,A meta-analysis of heart rate variability and neuroimaging studies: Implications for heart rate variability as a marker of stress and health,Julian F. Thayer; Fredrik Åhs; Mats Fredrikson; John J. Sollers; Tor D. Wager,Julian F. Thayer,2011.0,10.1016/j.neubiorev.2011.11.009,https://pubmed.ncbi.nlm.nih.gov/22178086,,,Neuroscience &amp; Biobehavioral Reviews,36,2,747-756,Elsevier BV,en,https://doi.org/10.1016/j.neubiorev.2011.11.009,0.9,resolved,openalex,2026-08-16T22:29:00Z,"X001,X006,X008",,Heart rate variability; Neuroimaging; Ventromedial prefrontal cortex; Default mode network; Psychology; Heart rate; Neuroscience; Meta-analysis; Prefrontal cortex; Cognitive psychology; Functional magnetic resonance imaging; Medicine,False,article,True,True,True,doi,,"{'venue': 'crossref', 'volume': 'crossref', 'issue': 'crossref', 'pages': 'crossref', 'publisher': 'crossref', 'url': 'crossref', 'lang': 'crossref'}",{'crossref': 7},"X001.R000 resolved | hits:OA,CR,S2 | winner:- | filled:venue:CR; lang:CR | missing:abstract"
A043,101073pnas012579499,Fractal dynamics in physiology: Alterations with disease and aging,Ary L. Goldberger; Luı́s A. Nunes Amaral; Jeffrey M. Hausdorff; Plamen Ch. Ivanov; Chung‐Kang Peng; H. Eugene Stanley,Ary L. Goldberger,2002.0,10.1073/pnas.012579499,https://pubmed.ncbi.nlm.nih.gov/11875196,,,Proceedings of the National Academy of Sciences,99,suppl_1,2466-2472,National Academy of Sciences,en,https://doi.org/10.1073/pnas.012579499,0.9,resolved,openalex,2026-08-16T22:29:01Z,X001,"According to classical concepts of physiologic control, healthy systems are self-regulated to reduce variability and maintain physiologic constancy. Contrary to the predictions of homeostasis, however, the output of a wide variety of systems, such as the normal human heartbeat, fluctuates in a complex manner, even under resting conditions. Scaling techniques adapted from statistical physics reveal the presence of long-range, power-law correlations, as part of multifractal cascades operating over a wide range of time scales. These scaling properties suggest that the nonlinear regulatory systems are operating far from equilibrium, and that maintaining constancy is not the goal of physiologic control. In contrast, for subjects at high risk of sudden death (including those with heart failure), fractal organization, along with certain nonlinear interactions, breaks down. Application of fractal analysis may provide new approaches to assessing cardiac risk and forecasting sudden cardiac death, as well as to monitoring the aging process. Similar approaches show promise in assessing other regulatory systems, such as human gait control in health and disease. Elucidating the fractal and nonlinear mechanisms involved in physiologic control and complex signaling networks is emerging as a major challenge in the postgenomic era.",Heartbeat; Fractal; Multifractal system; Nonlinear system; Computer science; Dynamical systems theory; Neuroscience; Artificial intelligence; Statistical physics; Biology; Mathematics; Physics,True,article,True,True,False,doi,,"{'venue': 'crossref', 'volume': 'crossref', 'issue': 'crossref', 'pages': 'crossref', 'publisher': 'crossref', 'url': 'crossref', 'lang': 'crossref'}",{'crossref': 7},"X001.R000 resolved | hits:OA,CR | winner:- | filled:venue:CR; lang:CR | missing:-"
A044,101111j146989861993tb01731x,"Respiratory sinus arrhythmia: Autonomic origins, physiological mechanisms, and psychophysiological implications",Gary G. Berntson; John T. Cacioppo; Karen S. Quigley,Gary G. Berntson,1993.0,10.1111/j.1469-8986.1993.tb01731.x,https://pubmed.ncbi.nlm.nih.gov/8434081,,,Psychophysiology,30,2,183-196,Wiley,en,https://doi.org/10.1111/j.1469-8986.1993.tb01731.x,0.9,resolved,openalex,2026-08-16T22:29:02Z,X001,"Respiratory sinus arrhythmia (RSA) is being used increasingly in psychophysiological studies as an index of vagal control of the heart and may be among the most selective noninvasive indices of parasympathetic control of cardiac functions. A comprehensive understanding of RSA, however, requires an appreciation of its multiple autonomic and physiological origins. We review the physiological bases of RSA and show that RSA arises from multiple tonic and phasic processes of both central and peripheral origin. These underlying mechanisms are at least partially differentiated, have distinct dynamics and consequences, and may be differentially sensitive to behavioral and cognitive events. These multiple mechanisms are relevant for psychophysiological studies of RSA, and a thorough understanding of RSA can only be achieved through an appreciation of the dynamics of its underlying origins. There is a distinction between the psychophysiological and neurophysiological domains, and conceptual and empirical bridges between these domains are needed.",Vagal tone; Psychology; Tonic (physiology); Psychophysiology; Neuroscience; Autonomic nervous system; Neurophysiology; Cognition; Heart rate; Cognitive psychology; Heart rate variability; Blood pressure,False,article,True,True,False,doi,,"{'venue': 'crossref', 'volume': 'crossref', 'issue': 'crossref', 'pages': 'crossref', 'publisher': 'crossref', 'url': 'crossref', 'lang': 'crossref'}",{'crossref': 7},"X001.R000 resolved | hits:OA,CR | winner:- | filled:venue:CR; lang:CR | missing:-"
A045,101186cc2948,Complex systems and the technology of variability analysis,Andrew Seely; Peter T. Macklem,Andrew Seely,2004.0,10.1186/cc2948,https://pubmed.ncbi.nlm.nih.gov/15566580,,,Critical Care,8,6,,Springer Science and Business Media LLC,en,https://doi.org/10.1186/cc2948,0.9,resolved,openalex,2026-08-16T22:29:02Z,X001,"Characteristic patterns of variation over time, namely rhythms, represent a defining feature of complex systems, one that is synonymous with life. Despite the intrinsic dynamic, interdependent and nonlinear relationships of their parts, complex biological systems exhibit robust systemic stability. Applied to critical care, it is the systemic properties of the host response to a physiological insult that manifest as health or illness and determine outcome in our patients. Variability analysis provides a novel technology with which to evaluate the overall properties of a complex system. This review highlights the means by which we scientifically measure variation, including analyses of overall variation (time domain analysis, frequency distribution, spectral power), frequency contribution (spectral analysis), scale invariant (fractal) behaviour (detrended fluctuation and power law analysis) and regularity (approximate and multiscale entropy). Each technique is presented with a definition, interpretation, clinical application, advantages, limitations and summary of its calculation. The ubiquitous association between altered variability and illness is highlighted, followed by an analysis of how variability analysis may significantly improve prognostication of severity of illness and guide therapeutic intervention in critically ill patients.",Detrended fluctuation analysis; Medicine; Sample entropy; Critical illness; Econometrics; Interdependence; Variation (astronomy); Computer science; Data mining; Critically ill; Intensive care medicine; Machine learning,True,article,True,True,False,doi,,"{'venue': 'crossref', 'volume': 'crossref', 'issue': 'crossref', 'publisher': 'crossref', 'url': 'crossref', 'lang': 'crossref'}",{'crossref': 6},"X001.R000 resolved | hits:OA,CR | winner:- | filled:venue:CR; lang:CR | missing:-"
A046,101001archpsyc65121358,Association Between Major Depressive Disorder and Heart Rate Variability in the Netherlands Study of Depression and Anxiety (NESDA),Carmilla M.M. Licht; Eco J. C. de Geus; Frans G. Zitman; Witte J.G. Hoogendijk; Richard van Dyck; Brenda W.J.H. Penninx,Carmilla M.M. Licht,2008.0,10.1001/archpsyc.65.12.1358,https://pubmed.ncbi.nlm.nih.gov/19047522,,,Archives of General Psychiatry,65,12,1358,American Medical Association (AMA),en,https://doi.org/10.1001/archpsyc.65.12.1358,0.9,resolved,openalex,2026-08-16T22:29:02Z,X001,"CONTEXT: It has been hypothesized that depression is associated with lower heart rate variability and decreased cardiac vagal control. This may play an important role in the risk of cardiovascular disease among depressed individuals. OBJECTIVE: To determine whether heart rate variability was lower in depressed individuals than in healthy controls in a large adult sample. DESIGN: Cross-sectional analyses from a large depression cohort study. SETTING: The Netherlands Study of Depression and Anxiety. PARTICIPANTS: Two thousand three hundred seventy-three individuals (mean age, 41.8 years; 66.8% female) who participated in the Netherlands Study of Depression and Anxiety. Included were 524 controls, 774 individuals with a diagnosis of major depressive disorder (MDD) earlier in life (remitted MDD), and 1075 individuals with current MDD based on the Composite International Diagnostic Interview. This sample was sufficiently powered to examine the confounding effects of lifestyle, comorbid anxiety, and antidepressants. MAIN OUTCOME MEASURES: The standard deviation of normal-to-normal beats (SDNN) and cardiac vagal control, as indexed by respiratory sinus arrhythmia (RSA), were measured during 1(1/2) hours of ambulatory recording of electrocardiograms and thorax impedance. Multivariate analyses were conducted to compare SDNN and RSA across depression groups after adjustment for demographics, health, lifestyle, comorbid anxiety, and psychoactive medication. RESULTS: Individuals with remitted and current MDD had a lower mean SDNN and RSA compared with controls (SDNN, 3.1-5.7 milliseconds shorter, P < or = .02; RSA, 5.1-7.1 milliseconds shorter, P < .001; effect size, 0.125-0.269). Comorbid anxiety and lifestyle did not reduce these associations. However, accounting for psychoactive medication removed the association with SDNN and strongly attenuated the association with RSA. Depressed individuals who were using selective serotonin reuptake inhibitors, tricyclic antidepressants, or other antidepressants had significantly shorter SDNNs and RSAs (effect size, 0.207-0.862) compared with controls and depressed individuals not taking medication. CONCLUSIONS: This study shows that depression is associated with significantly lowered heart rate variability. However, this association appears to be mainly driven by the effect of antidepressants.",Vagal tone; Anxiety; Depression (economics); Heart rate variability; Medicine; Major depressive disorder; Confounding; Heart rate; Internal medicine; Cohort; Psychiatry; Cardiology,True,article,True,True,False,doi,,"{'venue': 'crossref', 'volume': 'crossref', 'issue': 'crossref', 'pages': 'crossref', 'publisher': 'crossref', 'url': 'crossref', 'lang': 'crossref'}",{'crossref': 7},"X001.R000 resolved | hits:OA,CR | winner:- | filled:venue:CR; lang:CR | missing:-"
A047,101016jijpsycho201210012,"Heart rate and heart rate variability in panic, social anxiety, obsessive–compulsive, and generalized anxiety disorders at baseline and in response to relaxation and hyperventilation",Andre Pittig; Joanna J. Arch; C. W. Lam; Michelle G. Craske,Andre Pittig,2012.0,10.1016/j.ijpsycho.2012.10.012,https://pubmed.ncbi.nlm.nih.gov/23107994,,,International Journal of Psychophysiology,87,1,19-27,Elsevier BV,en,https://doi.org/10.1016/j.ijpsycho.2012.10.012,0.9,resolved,openalex,2026-08-16T22:29:03Z,X001,,Hyperventilation; Panic; Anxiety; Heart rate; Panic disorder; Relaxation (psychology); Baseline (sea); Psychology; Social anxiety; Medicine; Clinical psychology; Cardiology,False,article,True,True,True,doi,,"{'venue': 'crossref', 'volume': 'crossref', 'issue': 'crossref', 'pages': 'crossref', 'publisher': 'crossref', 'url': 'crossref', 'lang': 'crossref'}",{'crossref': 7},"X001.R000 resolved | hits:OA,CR,S2 | winner:- | filled:venue:CR; lang:CR | missing:abstract"
A048,101097psy0b013e3181a292a6,Association between Anxiety Disorders and Heart Rate Variability in The Netherlands Study of Depression and Anxiety (NESDA),Carmilla M.M. Licht; Eco J. C. de Geus; Richard van Dyck; Brenda W.J.H. Penninx,Carmilla M.M. Licht,2009.0,10.1097/psy.0b013e3181a292a6,https://pubmed.ncbi.nlm.nih.gov/19414616,,,Psychosomatic Medicine,71,5,508-518,Ovid Technologies (Wolters Kluwer Health),en,https://doi.org/10.1097/psy.0b013e3181a292a6,0.9,resolved,openalex,2026-08-16T22:29:04Z,X001,"Objective: To determine whether patients with different types of anxiety disorder (panic disorder, social phobia, generalized anxiety disorder) have higher heart rate and lower heart rate variability compared with healthy controls in a sample that was sufficiently powered to examine the confounding effects of lifestyle and antidepressants. Methods: The standard deviation of the normal-to-normal intervals (SDNN), heart rate (HR), and respiratory sinus arrhythmia (RSA) were measured in 2059 subjects (mean age = 41.7 years, 66.8% female) participating in The Netherlands Study of Depression and Anxiety (NESDA). Based on the Diagnostic and Statistical Manual of Mental Disorders, 4th Edition (DSM-IV) and Composite International Diagnostic Interview (CIDI), NESDA participants were classified as healthy controls (n = 616), subjects with an anxiety diagnosis earlier in life (n = 420), and subjects with current anxiety diagnosis (n = 1059). Results: Current anxious subjects had a significantly lower SDNN and RSA compared with controls. RSA was also significantly lower in remitted anxious subjects compared with controls. These associations were similar across the three different types of anxiety disorders. Adjustment for lifestyle had little impact. However, additional adjustment for antidepressant use reduced all significant associations between anxiety and HRV to nonsignificant. Anxious subjects who used a tricyclic antidepressant, a selective serotonin reuptake inhibitor, or another antidepressant showed significantly lower mean SDNN and RSA compared with controls (effect sizes = 0.20–0.80 for SDNN and 0.42–0.79 for RSA). Nonmedicated anxious subjects did not differ from controls in mean SDNN and RSA. Conclusion: This study shows that anxiety disorders are associated with significantly lower HR variability, but the association seems to be driven by the effects of antidepressants. ANOVA = analysis of variance; ANS = autonomic nervous system; ATC = anatomical therapeutic chemical; BAI = Beck Anxiety Inventory; BMI = body mass index; CIDI = Composite International Diagnostic Interview; CVD = cardiovascular disease; dZ = changes in thorax impedance; ECG = electrocardiogram; GAD = generalized anxiety disorder; HR = heart rate; HRV = heart rate variability; IBI = inter-beat-interval; MDD = major depressive disorder; MET = multiple of one's resting metabolic rate times minutes of physical activity; NESDA = The Netherlands Study of Depression and Anxiety; PD = panic disorder; pv = peak-valley; PNS = parasympathetic nervous system; RR = respiratory rate; RSA = respiratory sinus arrhythmia; SDNN = standard deviation of the normal-to-normal interval; SNS = sympathetic nervous system; SP = social phobia; VU-AMS = Vrije Universiteit Ambulatory Monitoring System; SSRI = selective serotonin reuptake inhibitor; TCA = tricyclic antidepressant.",Anxiety; Panic disorder; Heart rate; Heart rate variability; Vagal tone; Agoraphobia; Anxiolytic; Anxiety disorder; Depression (economics); Internal medicine; Medicine; Confounding,True,article,True,True,False,doi,,"{'venue': 'crossref', 'volume': 'crossref', 'issue': 'crossref', 'pages': 'crossref', 'publisher': 'crossref', 'url': 'crossref', 'lang': 'crossref'}",{'crossref': 7},"X001.R000 resolved | hits:OA,CR | winner:- | filled:venue:CR; lang:CR | missing:-"
A049,101136jnnp703305,Ambulatory ECG and analysis of heart rate variability in Parkinson's disease,Tarja Haapaniemi,Tarja Haapaniemi,2001.0,10.1136/jnnp.70.3.305,https://pubmed.ncbi.nlm.nih.gov/11181850,,,"Journal of Neurology, Neurosurgery &amp; Psychiatry",70,3,305-310,BMJ,en,https://doi.org/10.1136/jnnp.70.3.305,0.9,resolved,openalex,2026-08-16T22:29:04Z,X001,"OBJECTIVES: Cardiovascular reflex tests have shown both sympathetic and parasympathetic failure in Parkinson's disease. These tests, however, describe the autonomic responses during a restricted time period and have great individual variability, providing a limited view of the autonomic cardiac control mechanisms. Thus, they do not reflect tonic autonomic regulation. The aim was to examine tonic autonomic cardiovascular regulation in untreated patients with Parkinson's disease. METHODS: 24 Hour ambulatory ECG was recorded in 54 untreated patients with Parkinson's disease and 47 age matched healthy subjects. In addition to the traditional spectral (very low frequency, VLF; low frequency, LF; high frequency, HF) and non-spectral components of heart rate variability, instantaneous beat to beat variability (SD1) and long term continuous variability (SD2) derived from Poincaré plots, and the slope of the power law relation were analysed. RESULTS: All spectral components (p<0.01) and the slope of the power-law relation (p<0.01) were lower in the patients with Parkinson's disease than in the control subjects. The Unified Parkinson's disease rating scale total and motor scores had a negative correlation with VLF and LF power spectrum values and the power law relation slopes. Patients with mild hypokinesia had higher HF values than patients with more severe hypokinesia. Tremor and rigidity were not associated with the HR variability parameters. CONCLUSIONS: Parkinson's disease causes dysfunction of the diurnal autonomic cardiovascular regulation as demonstrated by the spectral measures of heart rate variability and the slope of the power law relation. This dysfunction seems to be more profound in patients with more severe Parkinson's disease.",Ambulatory ECG; Ambulatory; Cardiology; Parkinson's disease; Heart rate variability; Medicine; Internal medicine; Heart rate; Disease; Blood pressure,True,article,True,True,False,doi,,"{'venue': 'crossref', 'volume': 'crossref', 'issue': 'crossref', 'pages': 'crossref', 'publisher': 'crossref', 'url': 'crossref', 'lang': 'heuristic'}","{'crossref': 6, 'heuristic': 1}","X001.R000 resolved | hits:OA,CR | winner:- | filled:venue:CR; lang:HE | missing:-"
A050,101176appiajp201413121605,"Effects of Depression, Anxiety, Comorbidity, and Antidepressants on Resting-State Heart Rate and Its Variability: An ELSA-Brasil Cohort Baseline Study",Andrew H. Kemp; André R. Brunoni; Itamar S Santos; Maria Angélica Nunes; Eduardo Miranda Dantas; Roberta Carvalho de Figueiredo; Alexandre C. Pereira; Antônio Luiz Pinho Ribeiro; José Geraldo Mill; Rodrigo Varejão Andreão; Julian F. Thayer; Isabela M. Benseñor; Paulo A. Lotufo,Andrew H. Kemp,2014.0,10.1176/appi.ajp.2014.13121605,https://pubmed.ncbi.nlm.nih.gov/25158141,,,American Journal of Psychiatry,171,12,1328-1334,American Psychiatric Association Publishing,en,https://doi.org/10.1176/appi.ajp.2014.13121605,0.9,resolved,openalex,2026-08-16T22:29:04Z,X001,"OBJECTIVE: Increases in resting-state heart rate and decreases in its variability are associated with substantial morbidity and mortality, yet contradictory findings have been reported for the effects of the mood and anxiety disorders and of antidepressants. The authors investigated heart rate and heart rate variability in a large cohort from Brazil, using propensity score weighting, a relatively novel method, to control for numerous potential confounders. METHOD: A total of 15,105 participants were recruited in the Brazilian Longitudinal Study of Adult Health. Mood and anxiety disorders were ascertained using the Portuguese version of the Clinical Interview Schedule-Revised. Heart rate and its variability were extracted from 10-minute resting-state electrocardiograms. Regressions weighted by propensity scores were carried out to compare participants with and without depressive or anxiety disorders, as well as users and non-users of antidepressants, on heart rate and heart rate variability. RESULTS: Use of antidepressants was associated with increases in heart rate and decreases in its variability. Effects were most pronounced for the tricyclic antidepressants (Cohen's d, 0.72-0.81), followed by serotonin and norepinephrine reuptake inhibitors (Cohen's d, 0.42-0.95) and other antidepressants (Cohen's d, 0.37-0.40), relative to participants not on antidepressants. Only participants with generalized anxiety disorder showed robust, though small, increases in heart rate and decreases in its variability after propensity score weighting. CONCLUSIONS: The findings may, in part, underpin epidemiological findings of increased risk for cardiovascular morbidity and mortality. Many factors that have an adverse impact on cardiac activity were controlled for in this study, highlighting the importance of cardiovascular risk reduction strategies. Further study is needed to examine whether, how, and when such effects contribute to morbidity and mortality.",Anxiety; Heart rate variability; Medicine; Heart rate; Propensity score matching; Comorbidity; Confounding; Anxiety disorder; Internal medicine; Psychiatry; Mood; Venlafaxine,False,article,True,True,False,doi,,"{'venue': 'crossref', 'volume': 'crossref', 'issue': 'crossref', 'pages': 'crossref', 'publisher': 'crossref', 'url': 'crossref', 'lang': 'crossref'}",{'crossref': 7},"X001.R000 resolved | hits:OA,CR | winner:- | filled:venue:CR; lang:CR | missing:-"
A051,101016s2215036614703050,The dorsal medial prefrontal (anterior cingulate) cortex–amygdala aversive amplification circuit in unmedicated generalised and social anxiety disorders: an observational study,Oliver J. Robinson; Marissa Krimsky; Lynne Lieberman; Phillip S Allen; Katherine Vytal; Christian Grillon,Oliver J. Robinson,2014.0,10.1016/s2215-0366(14)70305-0,https://pubmed.ncbi.nlm.nih.gov/25722962,,,The Lancet Psychiatry,1,4,294-302,Elsevier BV,en,https://doi.org/10.1016/s2215-0366(14)70305-0,0.9,resolved,openalex,2026-08-16T22:29:04Z,X001,"Background In four previous studies, we have delineated the role of positive circuit coupling between the dorsal medial prefrontal (anterior cingulate) cortex and the amygdala during aversive processing in healthy people under stress. This translational circuit—the aversive amplification circuit—is thought to drive adaptive, harm-avoidant behaviour in threatening environments. We assess the role of this circuit in the pathological manifestation of anxiety disorders. Methods For this single-site study, 45 unmedicated participants (22 with generalised and/or social anxiety disorder and 23 healthy controls) were recruited via advertisements from the metropolitan area of Washington, DC (USA). People who applied to participate in the study had to pass an initial telephone screen and comprehensive screening by a clinician at the National Institutes of Health (NIH; Bethesda, MD, USA). People with a contraindicated medical disorder, past or current psychiatric disorders other than anxiety disorders, and those using psychoactive medications or illicit drugs were excluded. Eligible individuals could participate as either a healthy control or a patient, depending on diagnosis. They were asked to use a button box to complete a simple emotion identification task (fearful vs happy faces; 44 trials of each) during functional MRI at the NIH. Functional imaging analysis consisted of event-related activation analysis and psychophysiological interaction connectivity analysis of regions coupled with the amygdala during task performance. Findings A diagnosis-by-valence interaction was recorded in whole-brain amygdala connectivity within the dorsal medial prefrontal (anterior cingulate) cortex clusters identified in our previous study, driven by significantly increased circuit coupling during processing of fearful faces versus happy faces in anxious, but not healthy, participants. Importantly, and in accordance with contemporary theoretical approaches to psychiatry, circuit coupling correlated positively with self-reported anxious symptoms, which provides evidence of a continuous association between the circuit and subjective symptoms. Interpretation In this study and our previous work, we track the functional role of one neural circuit from its involvement in adaptive threat biases under stress, to its chronic engagement in anxiety disorders in the absence of experimentally induced stress. Thus, we uniquely map a mood and anxiety-related circuit across its adaptive and maladaptive stages. Clinically, this study could provide a step towards a more mechanistic continuum-based approach to anxiety disorder diagnosis and might ultimately lead to more targeted treatments for patients with anxiety disorders. Funding National Institute of Mental Health, USA, and Medical Research Council",Anterior cingulate cortex; Amygdala; Prefrontal cortex; Anxiety; Social anxiety; Ventromedial prefrontal cortex; Psychology; Neuroscience; Psychiatry; Clinical psychology; Medicine; Cognition,True,article,True,True,False,doi,,"{'venue': 'crossref', 'volume': 'crossref', 'issue': 'crossref', 'pages': 'crossref', 'publisher': 'crossref', 'url': 'crossref', 'lang': 'crossref'}",{'crossref': 7},"X001.R000 resolved | hits:OA,CR | winner:- | filled:venue:CR; lang:CR | missing:-"
A052,1011770004867412444624,Mind and heart: Heart rate variability in major depressive disorder and coronary heart disease - a review and recommendations,Nicolas J. C. Stapelberg; Ian Hamilton‐Craig; David L. Neumann; David Shum; Harry McConnell,Nicolas J. C. Stapelberg,2012.0,10.1177/0004867412444624,https://pubmed.ncbi.nlm.nih.gov/22528974,,,Australian &amp; New Zealand Journal of Psychiatry,46,10,946-957,SAGE Publications,en,https://doi.org/10.1177/0004867412444624,0.9,resolved,openalex,2026-08-16T22:29:05Z,X001,"OBJECTIVE: There is a reciprocal association between major depressive disorder (MDD) and coronary heart disease (CHD). These conditions are linked by a causal network of mechanisms. This causal network should be quantitatively studied and it is hypothesised that the investigation of vagal function represents a promising starting point. Heart rate variability (HRV) has been used to investigate cardiac vagal control in the context of MDD and CHD. This review aims to examine the relationship of HRV to both MDD and CHD in the context of vagal function and to make recommendations for clinical practice and research. METHODS: The search terms 'heart rate variability', 'depression' and 'heart disease' were entered into an electronic multiple database search engine. Abstracts were screened for their relevance and articles were individually selected and collated. RESULTS: Decreased HRV is found in both MDD and CHD. Both diseases are theorized to disrupt autonomic control feedback loops on the heart and are linked to vagal function. Existing theories link vagal function to both mood and emotion as well as cardiac function. However, several factors can potentially confound HRV measures and would thus impact on a complete understanding of vagal mechanisms in the link between MDD and CHD. CONCLUSIONS: The quantitative investigation of vagal function using HRV represents a reasonable starting point in the study of the relationship between MDD and CHD. Many psychotropic and cardiac medications have effects on HRV, which may have clinical importance. Future studies of HRV in MDD and CHD should consider antidepressant medication, as well as anxiety, as potential confounders.",Heart rate variability; Context (archaeology); Major depressive disorder; Vagal tone; Confounding; Anxiety; Heart disease; Medicine; Mood; Heart rate; Psychology; Depression (economics),False,article,True,True,False,doi,,"{'venue': 'crossref', 'volume': 'crossref', 'issue': 'crossref', 'pages': 'crossref', 'publisher': 'crossref', 'url': 'crossref', 'lang': 'crossref'}",{'crossref': 7},"X001.R000 resolved | hits:OA,CR | winner:- | filled:venue:CR; lang:CR | missing:-"
A053,101016s0008636397001077,Effect of age on long-term heart rate variability,Vikram K. Yeragani; E. Sobolewski; Jerald Kay; V.C. Jampala; G. Igel,Vikram K. Yeragani,1997.0,10.1016/s0008-6363(97)00107-7,https://pubmed.ncbi.nlm.nih.gov/9302345,,,Cardiovascular Research,35,1,35-42,Oxford University Press (OUP),en,https://doi.org/10.1016/s0008-6363(97)00107-7,0.9,resolved,openalex,2026-08-16T22:29:05Z,X001,"OBJECTIVE: Previous studies on short-term time series of heart rage suggest an inverse relationship between age and spectral powers of heart rate variability in various frequency bands. In this study, we examined the relationship between age (6-61 years) and long-term heart rate variability. METHODS: We obtained 24-h Holter ECG in 33 healthy human subjects (11 children and 22 adults). The heart rate data were analyzed by using spectral analysis and fractal dimensions of the time series. RESULTS: We found a significant negative correlation between age and very low frequency (VLF, 0.0033-0.04 Hz), low frequency (LF, 0.04-0.15 Hz) and high frequency (HF, 0.15-0.5 Hz) powers and fractal dimensions during awake as well as sleep periods, and a positive correlation between age and LF/HF ratios. Age and ultra-low frequency (ULF, < 0.0033 Hz) were modestly and negatively correlated only during the awake period. CONCLUSIONS: Sleep ULF power is not significantly affected by age, whereas VLF, LF and HF powers and fractal dimensions of heart rate significantly decrease with age during awake as well as sleep periods.",Heart rate variability; Cardiology; Heart rate; Internal medicine; Spectral analysis; Medicine; Very low frequency; Correlation; Fractal; Audiology; Physics; Mathematics,False,article,True,True,False,doi,,"{'venue': 'crossref', 'volume': 'crossref', 'issue': 'crossref', 'pages': 'crossref', 'publisher': 'crossref', 'url': 'crossref', 'lang': 'crossref'}",{'crossref': 7},"X001.R000 resolved | hits:OA,CR | winner:- | filled:venue:CR; lang:CR | missing:-"
A054,101136jnnp2014308389,Complexity of heart rate variability predicts outcome in intensive care unit admitted patients with acute stroke,Sung‐Chun Tang; Hsiao-I Jen; Yen‐Hung Lin; Chi‐Sheng Hung; Wei-Jung Jou; Pei-Wen Huang; Jiann-Shing Shieh; Yi‐Lwun Ho; Dar‐Ming Lai; An-Yeu Wu; Jiann‐Shing Jeng; Ming-Fong Chen,Sung‐Chun Tang,2014.0,10.1136/jnnp-2014-308389,https://pubmed.ncbi.nlm.nih.gov/25053768,,,"Journal of Neurology, Neurosurgery &amp; Psychiatry",86,1,95-100,BMJ,en,https://doi.org/10.1136/jnnp-2014-308389,0.9,resolved,openalex,2026-08-16T22:29:05Z,X001,"BACKGROUND: Heart rate variability (HRV) has been proposed as a predictor of acute stroke outcome. This study aimed to evaluate the predictive value of a novel non-linear method for analysis of HRV, multiscale entropy (MSE) and outcome of patients with acute stroke who had been admitted to the intensive care unit (ICU). METHODS: The MSE of HRV was analysed from 1 h continuous ECG signals in ICU-admitted patients with acute stroke and controls. The complexity index was defined as the area under the MSE curve (scale 1-20). A favourable outcome was defined as modified Rankin scale 0-2 at 3 months after stroke. RESULTS: The trends of MSE curves in patients with atrial fibrillation (AF) (n=77) were apparently different from those in patients with non-AF stroke (n=150) and controls (n=60). In addition, the values of complexity index were significantly lower in the patients with non-AF stroke than in the controls (25.8±.3 vs. 32.3±4.3, p<0.001). After adjustment for clinical variables, patients without AF who had a favourable outcome were significantly related to higher complexity index values (OR=1.15, 95% CI 1.07 to 1.25, p<0.001). Importantly, the area under the receiver operating characteristic curve for predicting a favourable outcome of patients with non-AF stroke from clinical parameters was 0.858 (95% CI 0.797 to 0.919) and significantly improved to 0.903 (95% CI 0.853 to 0.954) after adding on the parameter of complexity index values (p=0.020). CONCLUSIONS: In ICU-admitted patients with acute stroke, early assessment of the complexity of HRV by MSE can help in predicting outcomes in patients without AF.",Modified Rankin Scale; Medicine; Atrial fibrillation; Receiver operating characteristic; Stroke (engine); Internal medicine; Complexity index; Intensive care unit; Area under the curve; Heart rate variability; Acute stroke; Cardiology,False,article,True,True,False,doi,,"{'venue': 'crossref', 'volume': 'crossref', 'issue': 'crossref', 'pages': 'crossref', 'publisher': 'crossref', 'url': 'crossref', 'lang': 'crossref'}",{'crossref': 7},"X001.R000 resolved | hits:OA,CR | winner:- | filled:venue:CR; lang:CR | missing:-"
A055,101016s0193953x05702070,Neurobiology of Generalized Anxiety Disorder,Praveen V. Jetty; Dennis S. Charney; Andrew W. Goddard,Praveen V. Jetty,2001.0,10.1016/s0193-953x(05)70207-0,https://pubmed.ncbi.nlm.nih.gov/11225510,,,Psychiatric Clinics of North America,24,1,75-97,Elsevier BV,en,https://doi.org/10.1016/s0193-953x(05)70207-0,0.9,resolved,openalex,2026-08-16T22:29:05Z,X001,,Generalized anxiety disorder; Comorbidity; Panic disorder; Psychiatry; National Comorbidity Survey; Anxiety; Anxiety disorder; Psychology; Socioeconomic status; Population; Panic; Clinical psychology,False,article,True,True,False,doi,,"{'venue': 'crossref', 'volume': 'crossref', 'issue': 'crossref', 'pages': 'crossref', 'publisher': 'crossref', 'url': 'crossref', 'lang': 'crossref'}",{'crossref': 7},"X001.R000 resolved | hits:OA,CR | winner:- | filled:venue:CR; lang:CR | missing:abstract"
A056,104306pi2013104326,"Generalized Anxiety Disorder, Comorbid Major Depression and Heart Rate Variability: A Case-Control Study in Taiwan",Hsin‐An Chang; Chuan-Chia Chang; Nian‐Sheng Tzeng; Terry B. J. Kuo; Ru‐Band Lu; San‐Yuan Huang,Hsin‐An Chang,2013.0,10.4306/pi.2013.10.4.326,https://pubmed.ncbi.nlm.nih.gov/24474980,,,Psychiatry Investigation,10,4,326,Korean Neuropsychiatric Association,en,https://doi.org/10.4306/pi.2013.10.4.326,0.9,resolved,openalex,2026-08-16T22:29:14Z,X001,"OBJECTIVE: Decreased heart rate variability (HRV) has been reported in generalized anxiety disorder (GAD), but the results are mixed. Little is known about the impact of comorbid major depression (MD) on HRV in GAD patients. Both issues necessitate further investigation. METHODS: Twenty unmedicated, physically healthy GAD patients, 20 GAD patients with a secondary diagnosis of MD, 40 MD patients and 60 matched controls were recruited. We used the Hamilton Anxiety Rating Scale and the Hamilton Depression Rating Scale to assess anxiety and depression severity, respectively. Cardiac autonomic function was evaluated by measuring HRV parameters. Frequency-domain indices of HRV were obtained. RESULTS: Three patient groups had more anxiety and depression symptoms than control subjects, but heart rates (HRs) were significantly elevated only in GAD patients with comorbid depression. Relative to controls, GAD patients had reduced HRV while GAD patients with comorbid depression displayed the greatest reductions in HRV among three patients groups. Correlation analyses revealed anxiety/depression severity significantly associated with HRs, variance, LF-HRV and HF-HRV. However, separately analyzing among individual groups and adjusting for HRV-associated covariables rendered the correlations non-significant. CONCLUSION: Our results suggest that reduction in HRV is a psychophysiological marker of GAD and individuals with comorbid GAD and MD may be distinguished based on psychophysiological correlates (for example, HF-HRV) from non-comorbid GAD patients. Taken into account that comorbid depression may confer increased risks for cardiovascular events in GAD patients, this subgroup of GAD patients may benefit better from cardiovascular risk reduction strategies.",Depression (economics); Anxiety; Heart rate variability; Generalized anxiety disorder; Medicine; Psychiatry; Comorbidity; Clinical psychology; Internal medicine; Heart rate; Blood pressure; Economics,True,article,True,True,False,doi,,"{'venue': 'crossref', 'volume': 'crossref', 'issue': 'crossref', 'pages': 'crossref', 'publisher': 'crossref', 'url': 'crossref', 'lang': 'crossref'}",{'crossref': 7},"X001.R000 resolved | hits:OA,CR | winner:- | filled:venue:CR; lang:CR | missing:-"
A057,101080106158062010490912,Vagal influence during worry and cognitive challenge,Jacinda C. Hammel; Todd A. Smitherman; F. Dudley McGlynn; Amanda M.M. Mulfinger; Alejandro A. Lazarte; Kelly Gothard,Jacinda C. Hammel,2010.0,10.1080/10615806.2010.490912,https://pubmed.ncbi.nlm.nih.gov/20544417,,,"Anxiety, Stress &amp; Coping",24,2,121-136,Informa UK Limited,en,https://doi.org/10.1080/10615806.2010.490912,0.9,resolved,openalex,2026-08-16T22:29:14Z,X001,"The primary foci of the study were exploration of the linkage between cognitive and autonomic inflexibility of worry and generalized anxiety disorder (GAD) and examination of the effects of an analog cognitive restructuring task on this relationship. Cardiac responses of GAD and non-GAD participants were measured to examine the sympathetic and parasympathetic effects of worry and cognitive challenge. Diagnostic groups of undergraduate students were determined via administration of a structured interview, yielding a GAD group (n=16) and a control group (n=19) of individuals without GAD, depression, or panic disorder diagnoses. Cardiac autonomic responses were acquired via electrocardiogram during rest, worry, and cognitive challenge conditions by an experimenter blind to diagnosis. Metrics were compared between the two groups and across the three conditions. Individuals diagnosed with GAD did not differ significantly from controls on autonomic indices. Worry was associated with significantly decreased parasympathetic influence and increased sympathetic activity. Cognitive challenge did not result in significant increased cardiac responsivity. The results indicate that worry behavior is associated with decreased vagal activity, suggest a linkage between autonomic and cognitive inflexibility, and provide further suggestions for improving protocols to assess the autonomic effects of cognitive therapy techniques.",Worry; Generalized anxiety disorder; Psychology; Cognition; Anxiety; Panic disorder; Clinical psychology; Vagal tone; Cognitive restructuring; Cognitive flexibility; Autonomic nervous system; Psychiatry,False,article,True,True,False,doi,,"{'venue': 'crossref', 'volume': 'crossref', 'issue': 'crossref', 'pages': 'crossref', 'publisher': 'crossref', 'url': 'crossref', 'lang': 'crossref'}",{'crossref': 7},"X001.R000 resolved | hits:OA,CR | winner:- | filled:venue:CR; lang:CR | missing:-"
A058,101111psyp12148,"Cardiac stability at differing levels of temporal analysis in panic disorder, post‐traumatic stress disorder, and healthy controls",Aaron J. Fisher; Steven H. Woodward,Aaron J. Fisher,2013.0,10.1111/psyp.12148,https://pubmed.ncbi.nlm.nih.gov/24102634,,,Psychophysiology,51,1,80-87,Wiley,en,https://doi.org/10.1111/psyp.12148,0.9,resolved,openalex,2026-08-16T22:29:15Z,X001,"The panic disorder (PD) literature provides evidence for both physiologic rigidity and instability as pathognomonic features of this disorder. This ambiguity may be a result of viewing PD at differential levels of temporal analysis. We assessed cardiac variability across three levels of temporal scale in PD patients, post-traumatic stress disorder (PTSD) patients, and healthy controls. Sixteen healthy controls, 14 PD patients, 23 PTSD patients, and 16 PTSD + PD patients presented for a polysomnogram. Differences were assessed in respiratory sinus arrhythmia (RSA), autoregressive stability of heart rate (HR), and the number of nonspecific accelerations in HR over the night. No differences in RSA were found between groups; however, PD patients exhibited significantly lower autoregressive HR stability, and all patients had significantly more HR accelerations than controls. These data reinforce prior findings demonstrating physiologic instability in PD and indicate that prior equivocalities regarding physiologic variability in PD may be due to limited temporal scaling of measurements.",Panic disorder; Psychology; Traumatic stress; Cardiology; Heart rate; Audiology; Heart rate variability; Internal medicine; Clinical psychology; Psychiatry; Anxiety; Medicine,False,article,True,True,False,doi,,"{'venue': 'crossref', 'volume': 'crossref', 'issue': 'crossref', 'pages': 'crossref', 'publisher': 'crossref', 'url': 'crossref', 'lang': 'crossref'}",{'crossref': 7},"X001.R000 resolved | hits:OA,CR | winner:- | filled:venue:CR; lang:CR | missing:-"
A059,101002da10037,Effects of olanzapine and clozapine upon pulse rate variability,Michael Müeck‐Weymann; T. Rechlin; Franz Ehrengut; R. D. Rauh; Jens Acker; Regina Dittmann; J�rg Czekalla; Peter Joraschky; Dominique L. Musselman,Michael Müeck‐Weymann,2002.0,10.1002/da.10037,https://pubmed.ncbi.nlm.nih.gov/12415532,,,Depression and Anxiety,16,3,93-99,Hindawi Limited,en,https://doi.org/10.1002/da.10037,0.9,resolved,openalex,2026-08-16T22:29:15Z,X001,"Based upon their in vitro receptor binding profiles, the atypical antipsychotics clozapine and olanzapine exhibit cholinergic receptor binding of similar potency. Data comparing the in vivo anticholinergic effects, however, of these neuroleptics upon neurocardiac control are sparse. The goal of this study was to compare the in vivo effects of clozapine and olanzapine upon neurocardiac control by assessment of the pulse rate variability (PRV) in schizophrenic patients and healthy controls. Twenty patients with schizophrenia (according to DSM-III-R criteria) treated with either clozapine (100-600 mg/day) or olanzapine (10-20 mg/day), and ten healthy controls, were recruited into the study. PRV was assessed by continuously recording the skin blood volume in the fingertip of the second digit under resting conditions and PRV parameters were calculated. When significant differences in PRV parameters between the patients and controls were detected by Kruskal-Wallis tests, Mann-Whitney tests were used to test for group differences between the olanzapine- and clozapine-treated patients. In comparison to the healthy controls, the PRV parameters of the clozapine- and olanzapine-treated schizophrenic patients were significantly reduced. Indeed the reduction of PRV was significantly greater in the clozapine-treated group compared to the olanzapine-treated group (P<0.05). Compared to the controls, only the clozapine-treated patients showed a significantly diminished low-frequency (LF)/high frequency (HF)-ratio, a PRV parameter reflecting sympatho-vagal balance. The significantly greater reductions in PRV parameters of the clozapine-treated compared to olanzapine-treated patients may be caused by clozapine's higher affinity for alpha(1)-adrenergic receptors in vivo compared with olanzapine. The similar LF/HF ratios of the healthy controls and olanzapine-treated patients suggests that the sympathetic-parasympathetic modulation of PRV remains relatively unchanged even during olanzapine treatment.",Clozapine; Olanzapine; Anticholinergic; Schizophrenia (object-oriented programming); Internal medicine; Medicine; Anesthesia; Psychology; Antipsychotic; Psychosis; Pharmacology; Gastroenterology,False,article,True,True,False,doi,,"{'venue': 'crossref', 'volume': 'crossref', 'issue': 'crossref', 'pages': 'crossref', 'publisher': 'crossref', 'url': 'crossref', 'lang': 'crossref'}",{'crossref': 7},"X001.R000 resolved | hits:OA,CR | winner:- | filled:venue:CR; lang:CR | missing:-"
A060,101007s1028601603510,Correlation between indexes of autonomic maneuvers and heart rate variability in hemodialysis patients,Carlos Felipe Delmondes Vieira; Márcia Maria Oliveira Lima; Henrique Silveira Costa; Karen Marina Alves Diniz; João Paulo Lemos Guião; Frederico Lopes Alves; Emílio Henrique Barroso Maciel; Vanessa Gomes Brandão; Pedro Henrique Scheidt Figueiredo,Carlos Felipe Delmondes Vieira,2016.0,10.1007/s10286-016-0351-0,https://pubmed.ncbi.nlm.nih.gov/26979171,,,Clinical Autonomic Research,26,3,181-188,Springer Science and Business Media LLC,en,https://doi.org/10.1007/s10286-016-0351-0,0.9,resolved,openalex,2026-08-16T22:29:15Z,X001,"The autonomic maneuvers are simple methods to evaluate autonomic balance, but the association between autonomic maneuvers and heart rate variability (HRV) in hemodialysis patients remains unknown. This study aimed to evaluate the correlation between HRV and respiratory sinus arrhythmia (RSA) and Valsalva maneuver (VM) indexes in hemodialysis patients and to compare two methods for RSA indexes acquisitions. Forty-eight volunteers on hemodialysis (66.7&nbsp;% men) were evaluated by VM, RSA, and 24&nbsp;h Holter monitoring. At the VM, the Valsalva index (VI) was the variable considered. In the RSA, the ratio and difference between the RR intervals of inspiratory and expiratory phase (E:I and E–I, respectively) were considered by traditional form (average of respiratory cycles) and independent respiratory cycles (E:Iindep and E–Iindep). The HRV indexes evaluated were standard deviation of all normal RR intervals (SDNN), standard deviation of sequential 5-min RR interval means (SDANN), root mean square of the successive differences (rMSSD) and percentage of adjacent RR intervals with difference of duration greater than 50&nbsp;ms (pNN50). The SDNN, SDANN showed significant correlation with all classic indexes of RSA (E:I: r&nbsp;=&nbsp;0.62, 0.55, respectively, E–I: r&nbsp;=&nbsp;0.64, 0.57, respectively), E:Iindep (r&nbsp;=&nbsp;0.59, 0.54, respectively), E–Iindep (r&nbsp;=&nbsp;0.47, 0.43, respectively) and VI (r&nbsp;=&nbsp;0.42, 0.34, respectively). Significant correlation of rMSSD with E:I (r&nbsp;=&nbsp;0.37), E–I (r&nbsp;=&nbsp;0.41) and E:Iindep (r&nbsp;=&nbsp;0.34) was also observed. There was no association of any variable with pNN50. Have been show high values for all variables of independent cycles method (p&nbsp;&lt;&nbsp;0.05). The autonomic maneuvers, especially RSA, are useful methods to evaluate cardiac autonomic function in hemodialysis patients. The acquisition of the RSA index by independent cycles should not be used in this population.",Medicine; Heart rate variability; Correlation; Cardiology; Internal medicine; Hemodialysis; RR interval; Vagal tone; Respiratory system; Heart rate; Anesthesia; Mathematics,False,article,True,True,True,doi,,"{'venue': 'crossref', 'volume': 'crossref', 'issue': 'crossref', 'pages': 'crossref', 'publisher': 'crossref', 'url': 'crossref', 'lang': 'crossref', 'abstract': 'unpaywall'}","{'crossref': 7, 'unpaywall': 1}","X001.R000 resolved | hits:OA,CR,S2 | winner:- | filled:venue:CR; lang:CR; abstract:UN | missing:-"
A061,101176appibooks9780890425787,Diagnostic and Statistical Manual of Mental Disorders,American Psychiatric Association,American Psychiatric Association,2022.0,10.1176/appi.books.9780890425787,,,,,,,,American Psychiatric Association Publishing,en,https://doi.org/10.1176/appi.books.9780890425787,0.9,resolved,openalex,2026-08-16T22:29:20Z,X001,,Classification of mental disorders; Psychology; Diagnostic Classification of Mental Health and Developmental Disorders of Infancy and Early Childhood; Psychiatry; Prevalence of mental disorders; Mental health,False,book,True,True,False,doi,,"{'publisher': 'crossref', 'url': 'crossref', 'lang': 'crossref', 'authors': 'crossref', 'first_author': 'crossref'}",{'crossref': 5},"X001.R000 resolved | hits:OA,CR | winner:- | filled:lang:CR | missing:abstract"
A062,10100797894011087206,Heart rate variability,Lü Fel; Marek Malík,Lü Fel,1994.0,10.1007/978-94-011-0872-0_6,,,,Cardiac Pacing and Electrophysiology,,,49-62,Springer Netherlands,en,https://doi.org/10.1007/978-94-011-0872-0_6,0.9,resolved,openalex,2026-08-16T22:29:21Z,X001,It is well-known that the autonomic nervous system plays an important role in the regulation of activities of the heart. The assessment of autonomic function has been a challenging problem confronting cardiologists for many years. Sinus respiratory arrhythmia has...,Heart rate variability; Autonomic nervous system; Vagal tone; Medicine; Autonomic function; Cardiology; Heart rate; Internal medicine; Blood pressure,False,chapter,True,True,True,doi,,"{'venue': 'crossref', 'pages': 'crossref', 'publisher': 'crossref', 'url': 'crossref', 'lang': 'crossref', 'abstract': 'unpaywall'}","{'crossref': 5, 'unpaywall': 1}","X001.R000 resolved | hits:OA,CR,S2 | winner:- | filled:venue:CR; lang:CR; abstract:UN | missing:-"
A063,101109embc20146944316,Non-linear HRV indices under autonomic nervous system blockade,Juan Bolea; Esther Pueyo; Pablo Laguna; Raquel Bailón,Juan Bolea,2014.0,10.1109/embc.2014.6944316,https://pubmed.ncbi.nlm.nih.gov/25570684,,,2014 36th Annual International Conference of the IEEE Engineering in Medicine and Biology Society,,,3252-3255,IEEE,en,https://doi.org/10.1109/embc.2014.6944316,0.9,resolved,openalex,2026-08-16T22:29:23Z,X001,"Heart rate variability (HRV) has been studied as a non-invasive technique to characterize the autonomic nervous system (ANS) regulation of the heart. Non-linear methods based on chaos theory have been used during the last decades as markers for risk stratification. However, interpretation of these nonlinear methods in terms of sympathetic and parasympathetic activity is not fully established. In this work we study linear and non-linear HRV indices during ANS blockades in order to assess their relation with sympathetic and parasympathetic activities. Power spectral content in low frequency (0.04-0.15 Hz) and high frequency (0.15-0.4 Hz) bands of HRV, as well as correlation dimension, sample and approximate entropies were computed in a database of subjects during single and dual ANS blockade with atropine and/or propranolol. Parasympathetic blockade caused a significant decrease in the low and high frequency power of HRV, as well as in correlation dimension and sample and approximate entropies. Sympathetic blockade caused a significant increase in approximate entropy. Sympathetic activation due to postural change from supine to standing caused a significant decrease in all the investigated non-linear indices and a significant increase in the normalized power in the low frequency band. The other investigated linear indices did not show significant changes. Results suggest that parasympathetic activity has a direct relation with sample and approximate entropies.",Heart rate variability; Propranolol; Sample entropy; Supine position; Autonomic nervous system; Mathematics; Sympathetic nervous system; Linear regression; Parasympathetic nervous system; Correlation dimension; Blockade; Heart rate,False,conference,True,True,False,doi,,"{'venue': 'crossref', 'pages': 'crossref', 'publisher': 'crossref', 'url': 'crossref', 'lang': 'heuristic'}","{'crossref': 4, 'heuristic': 1}","X001.R000 resolved | hits:OA,CR | winner:- | filled:venue:CR; lang:HE | missing:-"
A064,101042cs19970268,Fractal dimension and approximate entropy of heart period and heart rate: awake versus sleep differences and methodological issues,Vikram K. Yeragani; E. SOBOLEWSKI; V.C. JAMPALA; Jerald KAY; Suneetha YERAGANI; Gina IGEL,Vikram K. Yeragani,1998.0,10.1042/cs19970268,,,,Clinical Science,95,3,295-301,Portland Press Ltd.,en,https://doi.org/10.1042/cs0950295,0.9,resolved,openalex,2026-08-16T22:29:24Z,X001,"1.Investigations that assess cardiac autonomic function include non-linear techniques such as fractal dimension and approximate entropy in addition to the common time and frequency domain measures of both heart period and heart rate. This article evaluates the differences in using heart rate versus heart period to estimate fractal dimensions and approximate entropies of these time series.                     2.Twenty-four-hour ECG was recorded in 23 normal subjects using Holter records. Time series of heart rate and heart period were analysed using fractal dimensions, approximate entropies and spectral analysis for the quantification of absolute and relative heart period variability in bands of ultra low (                     3.Linear detrending of the time series did not significantly change the fractal dimension or approximate entropy values. We found significant differences in the analyses using heart rate versus heart period between waking up and sleep conditions for fractal dimensions, approximate entropies and absolute spectral powers, especially for the power in the band of 0.0033–0.5 ;Hz. Log transformation of the data revealed identical fractal dimension values for both heart rate and heart period. Mean heart period correlated significantly better with fractal dimensions and approximate entropies of heart period than did corresponding heart rate measures.                     4.Studies using heart period measures should take the effect of mean heart period into account even for the analyses of fractal dimension and approximate entropy. As the sleep–awake differences in fractal dimensions and approximate entropies are different between heart rate and heart period, the results should be interpreted accordingly.",Fractal dimension; Heart rate; Mathematics; Fractal; Period (music); Approximate entropy; Cardiology; Statistics; Medicine; Internal medicine; Blood pressure; Physics,False,article,True,True,False,doi,,"{'venue': 'crossref', 'volume': 'crossref', 'issue': 'crossref', 'pages': 'crossref', 'publisher': 'crossref', 'url': 'crossref', 'lang': 'crossref', 'abstract': 'crossref'}",{'crossref': 8},"X001.R000 resolved | hits:OA,CR | winner:- | filled:venue:CR; lang:CR; abstract:CR | missing:-"
A065,heartratevariabilitystandardsofmeasurementphysiologicalinterpretationandclinicalusetaskforceoftheeuropeansocietyofcardiologyandt,"Heart rate variability: standards of measurement, physiological interpretation and clinical use. Task Force of the European Society of Cardiology and the North American Society of Pacing and Electrophysiology",A. Camm; Marek Malik; J. Bigger; G. Breithardt; Sergio Cerutti; Richard J. Cohen; P. Coumel; Ernest L. Fallen; H. L. Kennedy; Robert E. Kleiger; Federico Lombardi; Alberto Malliani; A. J. Moss; Jeffrey N. Rottman; G. Schmidt; P. J. Schwartz; D. H. Singer,A. Camm,1996.0,https://openalex.org/W4298441315,https://pubmed.ncbi.nlm.nih.gov/8598068,,,,,,,,en,,0.9,resolved,openalex,2026-08-16T22:29:24Z,"X001,X006",,Medicine; Task force; Clinical electrophysiology; Cardiology; Electrophysiology; Internal medicine; Cardiac electrophysiology; Cardiac pacing; Interpretation (philosophy); Programming language; Political science; Computer science,False,other,True,False,True,title,openalex,"{'doi': 'openalex', 'authors': 'semanticscholar', 'first_author': 'semanticscholar', 'lang': 'heuristic'}","{'openalex': 1, 'semanticscholar': 2, 'heuristic': 1}","X001.R000 resolved | hits:OA,S2 | winner:openalex | filled:doi:OP; lang:HE | missing:abstract"
A066,climatechange2007thephysicalsciencebasis,Climate Change 2007: The Physical Science Basis,Stefano Schiavon; Roberto Zecchin,Stefano Schiavon,2007.0,10.1260/095830507781076194,,,,Energy &amp; Environment,18,3-4,433-440,SAGE Publications,en,https://doi.org/10.1260/095830507781076194,0.9,resolved,openalex,2026-08-16T22:29:26Z,X002,"Cause, conseguenze e strategie di mitigazione Proponiamo il primo di una serie di articoli in cui affronteremo l’attuale problema dei mutamenti climatici. Presentiamo il documento redatto, votato e pubblicato dall’Ipcc - Comitato intergovernativo sui cambiamenti climatici - che illustra la sintesi delle ricerche svolte su questo tema rilevante.",Humanities; Philosophy,False,article,True,True,False,title,openalex,"{'doi': 'openalex', 'venue': 'crossref', 'volume': 'crossref', 'issue': 'crossref', 'pages': 'crossref', 'publisher': 'crossref', 'url': 'crossref', 'lang': 'crossref'}","{'openalex': 1, 'crossref': 7}","X002.R000 resolved | hits:OA,CR | winner:openalex | filled:doi:OP; venue:CR; lang:CR | missing:-"
A067,101002tea10034,Views of nature of science questionnaire: Toward valid and meaningful assessment of learners' conceptions of nature of science,Norm G. Lederman; Fouad Abd‐El‐Khalick; Randy L. Bell; Reneé Schwartz,Norm G. Lederman,2002.0,10.1002/tea.10034,,,,Journal of Research in Science Teaching,39,6,497-521,Wiley,en,https://doi.org/10.1002/tea.10034,0.9,resolved,openalex,2026-08-16T22:29:27Z,X002,"Abstract Helping students develop informed views of nature of science (NOS) has been and continues to be a central goal for kindergarten through Grade 12 (K–12) science education. Since the early 1960s, major efforts have been undertaken to enhance K–12 students and science teachers' NOS views. However, the crucial component of assessing learners' NOS views remains an issue in research on NOS. This article aims to (a) trace the development of a new open‐ended instrument, the Views of Nature of Science Questionnaire (VNOS), which in conjunction with individual interviews aims to provide meaningful assessments of learners' NOS views; (b) outline the NOS framework that underlies the development of the VNOS; (c) present evidence regarding the validity of the VNOS; (d) elucidate the use of the VNOS and associated interviews, and the range of NOS aspects that it aims to assess; and (e) discuss the usefulness of rich descriptive NOS profiles that the VNOS provides in research related to teaching and learning about NOS. The VNOS comes in response to some calls within the science education community to go back to developing standardized forced‐choice paper and pencil NOS assessment instruments designed for mass administrations to large samples. We believe that these calls ignore much of what was learned from research on teaching and learning about NOS over the past 30 years. The present state of this line of research necessitates a focus on individual classroom interventions aimed at enhancing learners' NOS views, rather than on mass assessments aimed at describing or evaluating students' beliefs. © 2002 Wiley Periodicals, Inc. J Res Sci Teach 39: 497–521, 2002",Nature of Science; Mathematics education; Psychology; Science education; Pedagogy,True,article,True,True,False,doi,,"{'venue': 'crossref', 'volume': 'crossref', 'issue': 'crossref', 'pages': 'crossref', 'publisher': 'crossref', 'url': 'crossref', 'lang': 'crossref'}",{'crossref': 7},"X002.R000 resolved | hits:OA,CR | winner:- | filled:venue:CR; lang:CR | missing:-"
A068,101073pnas1012933107,Mental models and human reasoning,P. N. Johnson‐Laird,P. N. Johnson‐Laird,2010.0,10.1073/pnas.1012933107,https://pubmed.ncbi.nlm.nih.gov/20956326,,,Proceedings of the National Academy of Sciences,107,43,18243-18250,National Academy of Sciences,en,https://doi.org/10.1073/pnas.1012933107,0.9,resolved,openalex,2026-08-16T22:29:28Z,X002,"To be rational is to be able to reason. Thirty years ago psychologists believed that human reasoning depended on formal rules of inference akin to those of a logical calculus. This hypothesis ran into difficulties, which led to an alternative view: reasoning depends on envisaging the possibilities consistent with the starting point--a perception of the world, a set of assertions, a memory, or some mixture of them. We construct mental models of each distinct possibility and derive a conclusion from them. The theory predicts systematic errors in our reasoning, and the evidence corroborates this prediction. Yet, our ability to use counterexamples to refute invalid inferences provides a foundation for rationality. On this account, reasoning is a simulation of the world fleshed out with our knowledge, not a formal rearrangement of the logical skeletons of sentences.",Rationality; Construct (python library); Psychology of reasoning; Inference; Counterexample; Deductive reasoning; Foundation (evidence); Cognitive science; Set (abstract data type); Epistemology; Abductive reasoning; Perception,True,article,True,True,False,doi,,"{'venue': 'crossref', 'volume': 'crossref', 'issue': 'crossref', 'pages': 'crossref', 'publisher': 'crossref', 'url': 'crossref', 'lang': 'crossref'}",{'crossref': 7},"X002.R000 resolved | hits:OA,CR | winner:- | filled:venue:CR; lang:CR | missing:-"
A069,10110959207380,A toolbox for power system dynamics and control engineering education and research,Joe H. Chow; Kwok W. Cheung,Joe H. Chow,1992.0,10.1109/59.207380,,,,IEEE Transactions on Power Systems,7,4,1559-1564,Institute of Electrical and Electronics Engineers (IEEE),en,https://doi.org/10.1109/59.207380,0.9,resolved,openalex,2026-08-16T22:29:28Z,X002,"The design concept and use of the power system toolbox (PST), a Matlab-based power system dynamics simulation and control design package, are discussed. The motivation for developing the package was to provide a flexible environment for teaching power system simulation techniques and control design concepts to advanced undergraduate and graduate students, and for graduate students to perform research and development on power systems. The authors discuss the capabilities of PST and the software development philosophy. Sample applications are given. Some potential educational usage is suggested. The future enhancement to the package is outlined.&gt;",Toolbox; MATLAB; Computer science; Software engineering; Graduate students; Software package; Electric power system; Control (management); System dynamics; Power (physics); Software; Engineering management,False,article,True,True,False,doi,,"{'venue': 'crossref', 'volume': 'crossref', 'issue': 'crossref', 'pages': 'crossref', 'publisher': 'crossref', 'url': 'crossref', 'lang': 'heuristic'}","{'crossref': 6, 'heuristic': 1}","X002.R000 resolved | hits:OA,CR | winner:- | filled:venue:CR; lang:HE | missing:-"
A070,101590s141432832001000100016,Pedagogia da indignação: cartas pedagógicas e outros escritos,Ana María Araújo Freire,Ana María Araújo Freire,2001.0,10.1590/s1414-32832001000100016,,,,"Interface - Comunicação, Saúde, Educação",5,8,147-152,FapUNIFESP (SciELO),pt,https://doi.org/10.1590/s1414-32832001000100016,0.9,resolved,openalex,2026-08-16T22:29:28Z,X002,,Humanities; Art; Philosophy,True,article,True,True,True,doi,,"{'venue': 'crossref', 'volume': 'crossref', 'issue': 'crossref', 'pages': 'crossref', 'publisher': 'crossref', 'url': 'crossref', 'lang': 'heuristic'}","{'crossref': 6, 'heuristic': 1}","X002.R000 resolved | hits:OA,CR,S2 | winner:- | filled:venue:CR; lang:HE | missing:abstract"
A071,pedagogiadaesperanaumreencontrocomapedagogiadooprimido,Pedagogia da esperança: um reencontro com a pedagogia do oprimido,Paulo Freiré,Paulo Freiré,1992.0,https://openalex.org/W1135037909,,,,,,,,,pt,,0.9,resolved,openalex,2026-08-16T22:29:43Z,X002,,Philosophy,True,article,True,False,False,title,openalex,"{'doi': 'openalex', 'lang': 'heuristic'}","{'openalex': 1, 'heuristic': 1}",X002.R000 resolved | hits:OA | winner:openalex | filled:doi:OP; lang:HE | missing:abstract
A072,101002sdr1571,Learning through System Dynamics as Preparation for the 21st Century,Jay W. Forrester,Jay W. Forrester,2016.0,10.1002/sdr.1571,,,,System Dynamics Review,32,3-4,187-203,Wiley,en,https://doi.org/10.1002/sdr.1571,0.9,resolved,openalex,2026-08-16T22:29:45Z,X002,,Citation; Computer science; Dynamics (music); System dynamics; Operations research; Library science; Artificial intelligence; World Wide Web; Sociology; Engineering; Pedagogy,False,article,True,True,False,doi,,"{'venue': 'crossref', 'volume': 'crossref', 'issue': 'crossref', 'pages': 'crossref', 'publisher': 'crossref', 'url': 'crossref', 'lang': 'crossref'}",{'crossref': 7},"X002.R000 resolved | hits:OA,CR | winner:- | filled:venue:CR; lang:CR | missing:abstract"
A073,systemsscienceandmodelingforecologicaleconomics,Systems science and modeling for ecological economics,Alexey Voinov,Alexey Voinov,2008.0,https://openalex.org/W578877956,,,,,,,,,en,,0.9,resolved,openalex,2026-08-16T22:29:46Z,X002,"Modeling is a key component to sciences from mathematics to life science, including environmental and ecological studies. By looking at the underlying concepts of the software, we can make sure that we build mathematically feasible models and that we get the most out of the data and information that we have. This book shows how models can be analyzed using simple math and software to generate meaningful qualitative descriptions of system dynamics. This book shows that even without a full analytical, mathematically rigorous analysis of the equations, there may be ways to derive some qualitative understanding of general behavior of a system. By relating some of the modeling approaches and systems theory to real world examples the book illustrates how these approaches can help understand concepts such as sustainability, peak oil, adaptive management, optimal harvest and other practical applications.

 Relates modeling approaches and systems theory to real world examples
 Teaches students to build mathematically feasible models and get the most of our the data and information available
 Wide range of applications in hydrology, population dynamics, market cycles, sustainability theory, management, and more",Computer science; Management science; Software; Range (aeronautics); Complex adaptive system; Sustainability; Key (lock); System dynamics; Population; Systems ecology; Systems science; Data science,False,article,True,False,False,title,openalex,"{'doi': 'openalex', 'lang': 'heuristic'}","{'openalex': 1, 'heuristic': 1}",X002.R000 resolved | hits:OA | winner:openalex | filled:doi:OP; lang:HE | missing:-
A074,101080107490392012755205,Locating Social and Emotional Learning in Schooled Environments: A Vygotskian Perspective on Learning as Unified,Jennifer A. Vadeboncoeur; Rebecca J. Collie,Jennifer A. Vadeboncoeur,2012.0,10.1080/10749039.2012.755205,,,,"Mind, Culture, and Activity",20,3,201-225,Informa UK Limited,en,https://doi.org/10.1080/10749039.2012.755205,0.9,resolved,openalex,2026-08-16T22:29:46Z,X002,"This article contributes to the emerging literature on social and emotional learning (SEL) from a Vygotskian perspective. A critical perspective on SEL in the context of schooling in the United States situates current interest in SEL programs. Vygotsky's foundational work from the 1920s and 1930s is used to clarify learning as unified, and the concept of feeling is elaborated with literature relevant to learning in school environments and across the life course. Potential next steps for research are noted, in particular given the unity of speech, thinking, and feeling and the literature on the role of social speech and dialogue in learning and development.",Psychology; Feeling; Perspective (graphical); Intellect; Context (archaeology); Privilege (computing); Cognition; Cognitive science; Epistemology; Social psychology; Biology; Computer security,False,article,True,True,False,doi,,"{'venue': 'crossref', 'volume': 'crossref', 'issue': 'crossref', 'pages': 'crossref', 'publisher': 'crossref', 'url': 'crossref', 'lang': 'crossref'}",{'crossref': 7},"X002.R000 resolved | hits:OA,CR | winner:- | filled:venue:CR; lang:CR | missing:-"
A075,101016japgeochem201103089,"Challenging the planetary boundaries II: Assessing the sustainable global population and phosphate supply, using a systems dynamics assessment model",Harald Sverdrup; KV Ragnarsdottir,Harald Sverdrup,2011.0,10.1016/j.apgeochem.2011.03.089,,,,Applied Geochemistry,26,,S307-S310,Elsevier BV,en,https://doi.org/10.1016/j.apgeochem.2011.03.089,0.9,resolved,openalex,2026-08-16T22:29:47Z,X002,,Planetary boundaries; Population; Boundary (topology); Natural resource economics; System dynamics; Balance (ability); Sustainability; Term (time); Resource (disambiguation); Flexibility (engineering); Relation (database); Natural (archaeology),False,article,True,True,False,doi,,"{'venue': 'crossref', 'volume': 'crossref', 'pages': 'crossref', 'publisher': 'crossref', 'url': 'crossref', 'lang': 'crossref'}",{'crossref': 6},"X002.R000 resolved | hits:OA,CR | winner:- | filled:venue:CR; lang:CR | missing:abstract"
A076,systemdynamicsandlearnercenteredlearninginkindergartenthrough12thgradeeducation,System Dynamics and Learner-Centered-Learning in Kindergarten through 12th Grade Education,Jay W. Forrester,Jay W. Forrester,1992.0,https://openalex.org/W44065870,,,,,,,,,en,,0.9,resolved,openalex,2026-08-16T22:29:48Z,X002,"Abstract: Pre-college education is under attack for poorly serving the needs of society. Unless a superior concept for improving education emerges, public displeasure is apt to result in still more of what is already not working. But now, a fundamentally new and more effective approach to education is emerging from advances in system dynamics. System dynamics offers a framework for giving cohesion, meaning, and motivation to education at all levels from kindergarten upward. A second important ingredient, “learnercentered learning, ” imports to pre-college education the challenge and excitement of a research laboratory. Together, these two innovations harness the creativity, curiosity, and energy of young people. System dynamics allows reversing the traditional educational sequence in which deadening years of learning facts have preceded use of those facts by introducing synthesis (putting it all together) at an early stage in a student’s experience. Such",Creativity; Curiosity; Mathematics education; Dynamics (music); Pedagogy; Meaning (existential); Psychology; Social psychology; Psychotherapist,False,article,True,False,False,title,openalex,"{'doi': 'openalex', 'lang': 'heuristic'}","{'openalex': 1, 'heuristic': 1}",X002.R000 resolved | hits:OA | winner:openalex | filled:doi:OP; lang:HE | missing:-
A077,acriticalreviewofthecriticismsofsystemdynamics,A Critical Review of the Criticisms of System Dynamics,Charles Featherston; Matthew Doolan,Charles Featherston,2012.0,https://openalex.org/W2216373046,,,,,,,,,en,,0.9,resolved,openalex,2026-08-16T22:29:49Z,X002,"This paper presents a review of the criticisms of system dynamics and assesses the validity of these against recent findings in the field. The authors survey the literature critical of system dynamics and review their criticisms using the current understandings in the system dynamics field. This work suggests that there are some pertinent criticisms that have been aimed at system dynamics. These include the apparent disagreements regarding the role of historical data in model confidence building, system dynamics' reductionist perspective and how system dynamics addresses plurality and hierarchy. Overcoming these criticisms require the ever present need for education, communication and theoretical work. It is hoped this paper will strengthen the mandate of system dynamics in the eyes of its critics, assist and improve the field and its general acceptance as a tool of analysis.",Dynamics (music); Field (mathematics); System dynamics; Perspective (graphical); Hierarchy; Mandate; Engineering ethics; Epistemology; Management science; Reductionism; Work (physics); Sociology,True,conference,True,False,False,title,openalex,"{'doi': 'openalex', 'lang': 'heuristic'}","{'openalex': 1, 'heuristic': 1}",X002.R000 resolved | hits:OA | winner:openalex | filled:doi:OP; lang:HE | missing:-
A078,101057palgravejors2600679,The effective communication of system dynamics to improve insight and learning in management education,Kim Warren; Paul C. Langley,Kim Warren,1999.0,10.1057/palgrave.jors.2600679,,,,Journal of the Operational Research Society,50,4,396-404,Informa UK Limited,en,https://doi.org/10.1057/palgrave.jors.2600679,0.9,resolved,openalex,2026-08-16T22:29:49Z,X002,"Experienced exponents of system dynamics in management education appreciate that feedback, non-linearities and delays are ubiquitous, and create difficulties for making intuitive judgements about the dynamic behaviour of business systems. They have applied much effort to solving this problem, offering simple, high-level causal mapping techniques to conceptualise dynamic issues, formal simulation modelling, and simulation-based learning environments. However, the use of these methods is still not extensive, and it is often disconnected from other management development pedagogies.System dynamics is ideally suited to operationalising certain concepts central to the management field, notably the resource-based and competence-based view of strategic management. However, three developments must be made if this potential is to be exploited. Firstly, system dynamics must connect with those established concepts and frameworks in the management field. Secondly, the barriers for managers to appreciate the power of system dynamics must be lowered, to make the method an integral part of the managerial mind-set. Thirdly, managers need help to climb the learning curve of understanding regarding the dynamic behaviour of the business systems they endeavour to manage, through a comprehensive set of resource-mapping and gaming simulation tools.This paper describes how these developments can be implemented, reports on experience of using the resulting learning devices and comments on possible future directions. There is an exciting opportunity for system dynamics to make a major contribution to a new strategy paradigm, based on a dynamic resource-system view of the firm, a perspective that can be extended to other fields in management and to non-business contexts.",Computer science; System dynamics; Competence (human resources); Knowledge management; Field (mathematics); Set (abstract data type); Management science; Artificial intelligence; Engineering; Management; Programming language; Mathematics,False,article,True,True,False,doi,,"{'venue': 'crossref', 'volume': 'crossref', 'issue': 'crossref', 'pages': 'crossref', 'publisher': 'crossref', 'url': 'crossref', 'lang': 'crossref'}",{'crossref': 7},"X002.R000 resolved | hits:OA,CR | winner:- | filled:venue:CR; lang:CR | missing:-"
A079,101002sdr4260090202,Foreword: System dynamics in education,Janet Gould-Kreutzer,Janet Gould-Kreutzer,1993.0,10.1002/sdr.4260090202,,,,System Dynamics Review,9,2,101-112,Wiley,en,https://doi.org/10.1002/sdr.4260090202,0.9,resolved,openalex,2026-08-16T22:29:49Z,X002,,Associate editor; Reading (process); Dynamics (music); Citation; Computer science; Artificial intelligence; Sociology; Library science; Philosophy; Linguistics; Pedagogy,False,article,True,True,True,doi,,"{'venue': 'crossref', 'volume': 'crossref', 'issue': 'crossref', 'pages': 'crossref', 'publisher': 'crossref', 'url': 'crossref', 'lang': 'crossref'}",{'crossref': 7},"X002.R000 resolved | hits:OA,CR,S2 | winner:- | filled:venue:CR; lang:CR | missing:abstract"
A080,1030950jcerv8i3377,Innovation subject to sustainability: the European policy on biofuels and its effects on innovation in the Brazilian bioethanol industry,Henrique Pacini; Alexandre Strapasson,Henrique Pacini,2012.0,10.30950/jcer.v8i3.377,,,,Journal of Contemporary European Research,8,3,367-397,UACES,en,https://doi.org/10.30950/jcer.v8i3.377,0.9,resolved,openalex,2026-08-16T22:29:51Z,X002,"Biofuels are a suitable complement for fossil energy in the transport sector and bioethanol is the main biofuel traded worldwide. Based on the assumption that innovation can be influenced by regulation, the Brazilian bioethanol industry is facing new requirements from external actors while reaching for international markets. Until 2010, national environmental laws were the main sustainability instrument that the biofuel industry faced. With the introduction of sustainability criteria for biofuels in the European Fuels Quality Directive (FQD) and Renewable Energy Directive (RED) of 2009, bioethanol producers have been pressured to innovate in respect of the requirements of future markets. Here, the aim is to analyse the case of Brazil, given the potential exports of sugarcane-based ethanol from this country to the EU. Brazil provides an interesting overview of how a bioethanol industry innovated while facing sustainability requirements in the past. A comparison between the European requirements and the industry´s status quo is then explored. The EU criteria are likely to have effects on the Brazilian bioethanol industry and incremental improvements in sustainability levels might take place based on the sustainability requirements. In addition, the industry could follow two other paths, namely risk diversification by engaging in multi-output models; and market leakage towards less-regulated markets. At the same time, an environmental overregulation of the biofuel market may make it more difficult for emerging biofuel industries in other countries, especially in Africa, by creating a barrier rather than contributing to its expansion. The results of this analysis show the main challenges to be addressed and the potential positive and negative impacts of the European Union biofuels policy on the Brazilian bioethanol industry.",Sustainability; Biofuel; Directive; Business; Natural resource economics; European union; Diversification (marketing strategy); Renewable energy; Economics; International trade; Engineering; Waste management,True,article,True,True,False,doi,,"{'venue': 'crossref', 'volume': 'crossref', 'issue': 'crossref', 'pages': 'crossref', 'publisher': 'crossref', 'url': 'crossref', 'lang': 'heuristic'}","{'crossref': 6, 'heuristic': 1}","X002.R000 resolved | hits:OA,CR | winner:- | filled:venue:CR; lang:HE | missing:-"
A081,105007217579412012v29nesp1p562,Simulações computacionais como ferramentas para o ensino de conceitos básicos de Eletricidade,Josué Antunes de Macêdo; Adriana Gomes Dickman; Isabela Silva Faleiro de Andrade,Josué Antunes de Macêdo,2012.0,10.5007/2175-7941.2012v29nesp1p562,,,,Caderno Brasileiro de Ensino de Física,29,0,,Universidade Federal de Santa Catarina (UFSC),pt,https://doi.org/10.5007/2175-7941.2012v29nesp1p562,0.9,resolved,openalex,2026-08-16T22:29:51Z,X002,"Neste trabalho é relatado o processo de elaboração e aplicação de um Roteiro de Atividades, dirigido a professores do Ensino Médio, no qual são utilizadas simulações computacionais para o ensino de temas selecionados de Eletromagnetismo. As atividades foram desenvolvidas com base nos momentos pedagógicos de Delizoicov: Problematização inicial, Organização do conhecimento e Aplicação do conhecimento. O Roteiro de Atividades é constituído por treze atividades sobre Circuitos simples e oito atividades sobre Ímãs, Corrente elétrica e Indução eletromagnética. As atividades utilizam as simulações Kit para Construção de Circuitos (KCC) e Laboratório de Eletromagnetismo, ambas desenvolvidas pelo projeto Tecnologia no Ensino de Física (PhET) da Universidade do Colorado e disponíveis gratuitamente online. O roteiro desenvolvido para introduzir o tópico “Condutores e isolantes” foi aplicado a uma turma do terceiro ano do Ensino Médio. A partir da análise dos dados, obtidos por meio da aplicação de um questionário pré e pós-teste, conclui-se que a aula baseada no simulador computacional promoveu uma mudança conceitual nos alunos, permitindo a assimilação das diferenças básicas entre materiais que são condutores ou isolantes.",Humanities; Physics; Computer science; Philosophy,True,article,True,True,False,doi,,"{'venue': 'crossref', 'volume': 'crossref', 'issue': 'crossref', 'publisher': 'crossref', 'url': 'crossref', 'lang': 'heuristic'}","{'crossref': 5, 'heuristic': 1}","X002.R000 resolved | hits:OA,CR | winner:- | filled:venue:CR; lang:HE | missing:-"
A082,102307414498,"<b>Mental models</b> : Towards a cognitive science of language, inference, and consciousness. By Philip N. Johnson-Laird (Cognitive science series, 6.) Cambridge, MA: Harvard University Press, 1983. Pp. 528. $25.00",Marilyn Ford,Marilyn Ford,1985.0,10.2307/414498,,,,Language,61,4,897-903,Cambridge University Press (CUP),en,https://doi.org/10.2307/414498,0.9,resolved,openalex,2026-08-16T22:29:51Z,X002,Excerpts available on Google Books.,Inference; Cognition; Consciousness; Cognitive science; Mental model; Psychology; Cognitive psychology; Computer science; Artificial intelligence; Neuroscience,False,article,True,True,False,doi,,"{'venue': 'crossref', 'volume': 'crossref', 'issue': 'crossref', 'pages': 'crossref', 'publisher': 'crossref', 'url': 'crossref', 'lang': 'crossref'}",{'crossref': 7},"X002.R000 resolved | hits:OA,CR | winner:- | filled:venue:CR; lang:CR | missing:-"
A083,systemsengineeringhandbookaguideforsystemlifecycleprocessesandactivities,Systems engineering handbook : a guide for system life cycle processes and activities,David D. Walden,David D. Walden,2015.0,https://openalex.org/W1427890894,,,,,,,,,en,,0.9,resolved,openalex,2026-08-16T22:29:51Z,X002,,Systems engineering; Engineering; Computer science; Engineering management,False,other,True,False,False,title,openalex,"{'doi': 'openalex', 'lang': 'heuristic'}","{'openalex': 1, 'heuristic': 1}",X002.R000 resolved | hits:OA | winner:openalex | filled:doi:OP; lang:HE | missing:abstract
A084,101590s198177462003000100014,Documentos de identidade; uma introdução às teorias do currículo,Angélica Ferreira Fonseca,Angélica Ferreira Fonseca,2003.0,10.1590/s1981-77462003000100014,,,,"Trabalho, Educação e Saúde",1,1,167-168,FapUNIFESP (SciELO),pt,https://doi.org/10.1590/s1981-77462003000100014,0.9,resolved,openalex,2026-08-16T22:29:53Z,X002,"Resenha do livro “SILVA, Tomaz Tadeu da. Documentos de identidade: uma introdução às teorias do currículo. Belo Horizonte: Editora Autêntica, 1999, 156 p.”, elaborado Angélica Ferreira Fonseca.",Humanities; Philosophy,True,article,True,True,False,doi,,"{'venue': 'crossref', 'volume': 'crossref', 'issue': 'crossref', 'pages': 'crossref', 'publisher': 'crossref', 'url': 'crossref', 'lang': 'heuristic'}","{'crossref': 6, 'heuristic': 1}","X002.R000 resolved | hits:OA,CR | winner:- | filled:venue:CR; lang:HE | missing:-"
A085,102556019269,The Limits of Bioenergy: A Complex Systems Approach to Land Use Dynamics and Constraints,Alexandre Strapasson,Alexandre Strapasson,2014.0,10.25560/19269,,,,,,,,,en,,0.9,resolved,openalex,2026-08-16T22:29:53Z,X002,"This thesis aims to use a novel methodology to obtain an understanding of the potential limits of bioenergy by using a complex systems approach for assessing land use dynamics and constraints. Although bioenergy is classified as a renewable energy source, land is a finite resource and its expansion limited. The anthropogenic demands on land result from a combination of multiple provisioning services. These include global food consumption, dietary preference, crop and livestock yields, land use integration, wastes and residues, and bioenergy yields and forms, as well as the allocation of surplus land for forestry and energy crops, and the potential role of negative emission technologies. Thus, bioenergy is just one part of a complex land-use system. The general hypothesis is that there are fundamental limits to the overall scale and rate of the sustainable expansion of bioenergy, which can be assessed by means of combinations of empirical data, mapping tools and complex systems models. To this end, a novel methodological approach is proposed, which is based on a combination of two original models. The first one is termed the Global Calculator Land Use Change Model (GCLUC), developed as part of the Global Calculator Project, in which land is freely allocated worldwide and food security is assumed a priority. The second considers land for dedicated energy crops as a delimited reserve, by integrating Hubbert’s curve principles (originally proposed for peak oil assessments) in agro-ecological zoning schemes (as recently done for sugarcane ethanol in Brazil), resulting in a new model here termed green-Hubbert. The results show ranges of bioenergy potentials and expansion rates in the context of different land use futures. The potential public policies necessary to support sustainable bioenergy are also discussed. Finally, the conclusions show that, indeed, there are fundamental limits to bioenergy, and these limits are dynamic over time.","Bioenergy; Land use; Energy crop; Renewable energy; Environmental resource management; Land use, land-use change and forestry; Natural resource economics; Environmental economics; Computer science; Agroforestry; Environmental science; Economics",True,thesis,True,False,False,doi,,{'lang': 'heuristic'},{'heuristic': 1},X002.R000 resolved | hits:OA | winner:- | filled:lang:HE | missing:-
A086,aconstruodopensamentoedalinguagem,A construção do pensamento e da linguagem,Zilma de Moraes Ramos de Oliveira; Ana Maria Lisboa de Mello; Telma Vitória; Maria Clotilde T. Rossetti-Ferreira,Zilma de Moraes Ramos de Oliveira,2011.0,https://openalex.org/W3121294523,,,,,,,,,pt,,0.9,resolved,openalex,2026-08-16T22:29:53Z,X002,,Philosophy; Humanities; Computer science,False,article,True,False,False,title,openalex,"{'doi': 'openalex', 'lang': 'heuristic'}","{'openalex': 1, 'heuristic': 1}",X002.R000 resolved | hits:OA | winner:openalex | filled:doi:OP; lang:HE | missing:abstract
A087,1010800953531420191695584,"Hire fast, fire slow: the employment benefits of energy transitions",Yann Füllemann; Vincent Moreau; Marc Vielle; François Vuille,Yann Füllemann,2019.0,10.1080/09535314.2019.1695584,,,,Economic Systems Research,32,2,202-220,Informa UK Limited,en,https://doi.org/10.1080/09535314.2019.1695584,0.9,resolved,openalex,2026-08-16T22:29:55Z,X002,"The transition towards decarbonized and efficient energy systems has broad socio-economic implications. We estimate the potential impacts on employment from efforts in energy efficiency in industry, transport and buildings as well as substituting local renewable energy sources for fossil fuels. Both energy supply and demand are accounted for. We use a hybrid approach that combines national energy transition scenarios with input–output tables, adjusted for new energy and non-energy activities. We conclude that the transition has a net positive impact on employment as illustrated by the case of Switzerland. The local and decentralized nature of energy efficiency and renewables retains a greater share of value-added domestically than does a supply chain of fossil fuels. Moreover, we find that more jobs are created in demand-side activities, such as building renovation, than in renewable energy generation. Positive impacts on jobs from spillover effects in all non-energy activities are also found.",Renewable energy; Energy transition; Spillover effect; Fossil fuel; Natural resource economics; Energy supply; Efficient energy use; Energy engineering; Economics; Energy (signal processing); Energy policy; Environmental economics,True,article,True,True,False,doi,,"{'venue': 'crossref', 'volume': 'crossref', 'issue': 'crossref', 'pages': 'crossref', 'publisher': 'crossref', 'url': 'crossref', 'lang': 'crossref'}",{'crossref': 7},"X002.R000 resolved | hits:OA,CR | winner:- | filled:venue:CR; lang:CR | missing:-"
A088,101111gcbb12456,On the global limits of bioenergy and land use for climate change mitigation,Alexandre Strapasson; Jeremy Woods; Helena L. Chum; Nicole Kalas; Nilay Shah; Frank Rosillo‐Calle,Alexandre Strapasson,2017.0,10.1111/gcbb.12456,,,,GCB Bioenergy,9,12,1721-1735,Wiley,en,https://doi.org/10.1111/gcbb.12456,0.9,resolved,openalex,2026-08-16T22:29:55Z,X002,"Abstract Across energy, agricultural and forestry landscapes, the production of biomass for energy has emerged as a controversial driver of land‐use change. We present a novel, simple methodology, to probe the potential global sustainability limits of bioenergy over time for energy provision and climate change mitigation using a complex‐systems approach for assessing land‐use dynamics. Primary biomass that could provide between 70 EJ year −1 and 360 EJ year −1 , globally, by 2050 was simulated in the context of different land‐use futures, food diet patterns and climate change mitigation efforts. Our simulations also show ranges of potential greenhouse gas emissions for agriculture, forestry and other land uses by 2050, including not only above‐ground biomass‐related emissions, but also from changes in soil carbon, from as high as 24 GtCO 2 eq year −1 to as low as minus 21 GtCO 2 eq year −1 , which would represent a significant source of negative emissions. Based on the modelling simulations, the discussions offer novel insights about bioenergy as part of a broader integrated system. Whilst there are sustainability limits to the scale of bioenergy provision, they are dynamic over time, being responsive to land management options deployed worldwide.","Bioenergy; Greenhouse gas; Environmental science; Climate change mitigation; Sustainability; Land use, land-use change and forestry; Biomass (ecology); Climate change; Land use; Agriculture; Context (archaeology); Agroforestry",True,article,True,True,False,doi,,"{'venue': 'crossref', 'volume': 'crossref', 'issue': 'crossref', 'pages': 'crossref', 'publisher': 'crossref', 'url': 'crossref', 'lang': 'crossref'}",{'crossref': 7},"X002.R000 resolved | hits:OA,CR | winner:- | filled:venue:CR; lang:CR | missing:-"
A089,101016jfutures201708003,Mexico’s low carbon futures: An integrated assessment for energy planning and climate change mitigation by 2050,Alejandra Elizondo; Vanessa Pérez-Cirera; Alexandre Strapasson; José Carlos Fernández; Diego Cruz-Cano,Alejandra Elizondo,2017.0,10.1016/j.futures.2017.08.003,,,,Futures,93,,14-26,Elsevier BV,en,https://doi.org/10.1016/j.futures.2017.08.003,0.9,resolved,openalex,2026-08-16T22:29:56Z,X002,"This paper shows an integrated assessment for energy planning and climate change mitigation in Mexico, as an international case study. The Mexico 2050 Calculator was used to run a number of low carbon future scenarios by 2050. The calculator consists of a whole-systems model, which combines the main sectors of the Mexican economy into a single visual tool. By integrating energy and carbon dynamics across all sectors and carrying out a sensitivity analysis of the entire model, we compare four low carbon energy scenarios to assess current energy policy strategies in the country. The methodology proposed in this paper can also be applied to any other nation, particularly to those with similar models already available. Our findings show the relative impact of each sector and their various interactions for achieving Mexico’s ratified climate commitments. The paper also includes policy recommendations and highlights the need for scaling-up energy efficiency policy efforts in industry and transport, for having a higher focus on agricultural and land use policies, and for promoting integrated renewable energy policies.",Futures contract; Renewable energy; Climate change; Scenario analysis; Climate change mitigation; Energy planning; Calculator; Energy sector; Greenhouse gas; Energy policy; Efficient energy use; Agriculture,True,article,True,True,False,doi,,"{'venue': 'crossref', 'volume': 'crossref', 'pages': 'crossref', 'publisher': 'crossref', 'url': 'crossref', 'lang': 'crossref'}",{'crossref': 6},"X002.R000 resolved | hits:OA,CR | winner:- | filled:venue:CR; lang:CR | missing:-"
A090,101016jesr2020100545,"EU land use futures: modelling food, bioenergy and carbon dynamics",Alexandre Strapasson; Jeremy Woods; Jérôme Meessen; Onesmus Mwabonje; Gino Baudry; Kofi Mbuk,Alexandre Strapasson,2020.0,10.1016/j.esr.2020.100545,,,,Energy Strategy Reviews,31,,100545,Elsevier BV,en,https://doi.org/10.1016/j.esr.2020.100545,0.9,resolved,openalex,2026-08-16T22:29:56Z,X002,"This paper presents an original system dynamics model, which aims to assess how changes in diet, agricultural practices, bioenergy and forestry could help reduce greenhouse gas emissions. We demonstrate that changes in types and quantities of food consumed and reductions in food wastes along with sustainable bioenergy and forestry dynamics would materially assist the EU in meeting its 2050 climate mitigation obligations. We find that overall rates of EU-28 greenhouse gas emissions are highly sensitive to the food trade balance, both within and outside the EU. Land use itself is often under-represented as a major option for carbon mitigation in policy strategies, but our results show that it must become a central component aligned with energy system decarbonization if material levels of warming mitigation are to be achieved.",Greenhouse gas; Bioenergy; Futures contract; Agriculture; Natural resource economics; Environmental science; Climate change mitigation; Climate change; Land use; Biofuel; Food systems; Agricultural land,True,article,True,True,False,doi,,"{'venue': 'crossref', 'volume': 'crossref', 'pages': 'crossref', 'publisher': 'crossref', 'url': 'crossref', 'lang': 'crossref'}",{'crossref': 6},"X002.R000 resolved | hits:OA,CR | winner:- | filled:venue:CR; lang:CR | missing:-"
A091,103390su12030811,The Role of Electricity Balancing and Storage: Developing Input Parameters for the European Calculator for Concept Modeling,Miklós Gyalai‐Korpos; László Zentkó; Csaba Hegyfalvi; Gergely Detzky; P. Tildy; Nóra Hegedűsné Baranyai; Gábor Pintér; Henrik Zsiborács,Miklós Gyalai‐Korpos,2020.0,10.3390/su12030811,,,,Sustainability,12,3,811,MDPI AG,en,https://doi.org/10.3390/su12030811,0.9,resolved,openalex,2026-08-16T22:29:56Z,X002,"Despite the apparent stability of the electricity system from a consumer’s point of view, there is indeed significant effort exerted by network operators to guarantee the constancy of the electricity supply in order to meet demands any time. In the energy sector models provide an important conceptual framework to generate a range of insight, examine the impacts of different scenarios and analyze the supply and demand of energy. This paper presents a user-oriented and transparent modeling concept of the European calculator, a tool for delineating emission and sustainable transformation pathways at European and member state levels. The model consists of several modules of different sectors, where the energy supply module includes sub-modules for electricity generation, hydrogen production and oil refinery. The energy storage requirement module investigates how new technologies can help the stability of the European electricity system with increasing renewables penetration, demand-side measures and decarbonization paths. The objective of this study is to introduce the concept of this module with the main logical steps, especially the input parameters, assumptions, the basic data of electricity trade and maximum energy storage potential levels. The article also introduces and explains the feasibility of the theoretical maximum gross electricity generation potential from variable renewable energy for the European Union including Switzerland, compared to the demand in 2040. According to the results the electricity systems in the future will need to show ever increasing flexibility in order to cope with variable renewable energy production on the supply side, and shifting patterns of electricity consumption on the demand side.",Renewable energy; Electricity; Environmental economics; Mains electricity; Variable renewable energy; Electricity generation; Electricity retailing; Flexibility (engineering); Stand-alone power system; Energy supply; Energy storage; Computer science,True,article,True,True,False,doi,,"{'venue': 'crossref', 'volume': 'crossref', 'issue': 'crossref', 'pages': 'crossref', 'publisher': 'crossref', 'url': 'crossref', 'lang': 'crossref'}",{'crossref': 7},"X002.R000 resolved | hits:OA,CR | winner:- | filled:venue:CR; lang:CR | missing:-"
A092,101016jesr2019100384,Japan 2050 Low Carbon Navigator: Possible application for assessing climate policy impacts,Mustafa Moinuddin; Akihisa Kuriyama,Mustafa Moinuddin,2019.0,10.1016/j.esr.2019.100384,,,,Energy Strategy Reviews,26,,100384,Elsevier BV,en,https://doi.org/10.1016/j.esr.2019.100384,0.9,resolved,openalex,2026-08-16T22:29:56Z,X002,"This paper explores Japan's energy and emissions-related choices up to 2050 using the Japan 2050 Low Carbon Navigator (Low Carbon Navigator), an energy and emissions scenario simulation tool based on the 2050 Pathways Calculator model. Using illustrative examples and scenarios, the paper demonstrates some unique features of the Low Carbon Navigator that enables assessment of the policy impacts relating to Japan's 3E + S (economic efficiency, energy security, environmental protection and safety) objectives. Five representative energy scenarios are developed to simulate the pathways to attain the emissions reduction targets. Simulation results from these five energy scenarios show that climate and energy policy measures on the energy supply side, such as the decision on whether or not to revive Japan's nuclear power plants, or on building new coal-fired plants, will significantly affect the country's emissions-related targets and energy security. The results show the trade-off between economic efficiency and environmental protection as well as energy security and safety. Furthermore, this paper highlights that the choice of future society scenarios that influence the size of the country's GDP, economic structure and resource dependence is also a crucial factor that affects future GHG emissions levels. Although the Low Carbon Navigator is not able to reflect all the users' assumptions, it can serve as an important tool to generate awareness among researchers, policymakers and the general public, and provides a platform for engaging debate on Japan's energy and emissions choices.",Greenhouse gas; Energy security; Environmental economics; Efficient energy use; Resource (disambiguation); Energy policy; Climate change; Energy supply; Climate change mitigation; Natural resource economics; Business; Environmental resource management,True,article,True,True,False,doi,,"{'venue': 'crossref', 'volume': 'crossref', 'pages': 'crossref', 'publisher': 'crossref', 'url': 'crossref', 'lang': 'crossref'}",{'crossref': 6},"X002.R000 resolved | hits:OA,CR | winner:- | filled:venue:CR; lang:CR | missing:-"
A093,103390su12166529,Beyond Carbon Footprint Calculators. New Approaches for Linking Consumer Behaviour and Climate Action,Mario Burgui Burgui; Emilio Chuvieco,Mario Burgui Burgui,2020.0,10.3390/su12166529,,,,Sustainability,12,16,6529,MDPI AG,en,https://doi.org/10.3390/su12166529,0.9,resolved,openalex,2026-08-16T22:29:57Z,X002,"This paper presents a carbon footprint (CF) observatory recently developed within our research group. It aims to introduce a new concept of CF accountability, which focused not just on measuring CF, but also on making users reflect about and eventually change their lifestyles to reduce their personal emissions. With this conception, the CO2web observatory includes not only a CF calculator, but also the CF of different alternative consumption scenarios. Therefore, the user may be more aware of the impact of different personal decisions, such as emissions linked to different food, cars, home appliances or pets. In addition, the CF calculator provides quantitative comparisons of the emissions linked to current habits of users with those of similar cohorts, along with specific advices for those consumption sectors where emissions are significantly higher than their cohort’s average.",Carbon footprint; Calculator; Greenhouse gas; Consumption (sociology); Environmental economics; Observatory; Action (physics); Climate change; Accountability; Business; Natural resource economics; Computer science,True,article,True,True,False,doi,,"{'venue': 'crossref', 'volume': 'crossref', 'issue': 'crossref', 'pages': 'crossref', 'publisher': 'crossref', 'url': 'crossref', 'lang': 'crossref'}",{'crossref': 7},"X002.R000 resolved | hits:OA,CR | winner:- | filled:venue:CR; lang:CR | missing:-"
A094,1026512rpfv2i212315,TEORIAS DA APRENDIZAGEM E DA EDUCAÇÃO COMO REFERENCIAIS EM PRÁTICAS DE ENSINO: AUSUBEL E LIPMAN,Olavo Leopoldino da Silva Filho; Marcello Ferreira,Olavo Leopoldino da Silva Filho,2018.0,10.26512/rpf.v2i2.12315,,,,Revista do Professor de Física,2,2,,Biblioteca Central da UNB,pt,https://doi.org/10.26512/rpf.v2i2.12315,0.9,resolved,openalex,2026-08-16T22:29:57Z,X002,"Os Mestrados Proﬁssionais - especialmente aqueles na área de Ensino e, em particular, o Mestrado Nacional Proﬁssional em Ensino de Física (MNPEF) - têm feito, em suas dissertações, amplo uso de referenciais teóricos que possam dar consistência aos produtos educacionais que são confeccionados como exigência para a conclusão do curso. Entretanto, de modo geral, esses referenciais teóricos raramente são considerados de maneira estrita nos próprios trabalhos, sendo, algumas vezes, até mesmo impossível divisá-los nas metodologias e nas sequências didáticas que lhes dão forma. Esse fenômeno pode estar associado ao fato de que muitos desses referenciais teóricos são calcados em Teorias de Aprendizagem, desenvolvidas no âmbito da Psicologia da Educação, estando, assim, estruturalmente muito amplos e distantes da prática de sala de aula, que são o foco dos produtos educacionais. Neste trabalho, revisamos essa questão, propondo que qualquer Teoria de Aprendizagem deve ser acompanhada de uma Teoria da Educação, de modo a fazer as necessárias conexões com a sala de aula. Como estudo de caso, é apresentada uma relação entre uma Teoria de Aprendizagem, desenvolvida por David Ausubel, e uma Teoria da Educação, desenvolvida por Mathew Lipman, mostrando suas interconexões e como uma articulação entre ambas pode gerar um referencial teórico muito mais robusto e concretizável.",Humanities; Philosophy,True,article,True,True,False,doi,,"{'venue': 'crossref', 'volume': 'crossref', 'issue': 'crossref', 'publisher': 'crossref', 'url': 'crossref', 'lang': 'heuristic'}","{'crossref': 5, 'heuristic': 1}","X002.R000 resolved | hits:OA,CR | winner:- | filled:venue:CR; lang:HE | missing:-"
A095,10159018069126rbef20200057,"Unidade de Ensino Potencialmente Significativa sobre óptica geométrica apoiada por vídeos, aplicativos e jogos para smartphones",Marcello Ferreira; Olavo Leopoldino da Silva Filho; Marco Antônio Moreira; Gustavo B. Franz; Khalil Oliveira Portugal; Danielle Xábregas Pamplona Nogueira,Marcello Ferreira,2020.0,10.1590/1806-9126-rbef-2020-0057,,,,Revista Brasileira de Ensino de Física,42,,,FapUNIFESP (SciELO),pt,https://doi.org/10.1590/1806-9126-rbef-2020-0057,0.9,resolved,openalex,2026-08-16T22:29:57Z,X002,"Resumo O perfil dos estudantes na era da cultura digital mudou drasticamente, promovendo deslocamento de elementos que possibilitam o engajamento ao ensino adotado. Entretanto, mantém-se a necessidade de se buscar a aprendizagem significativa, capaz de superar a aprendizagem mecânica que grassa pelo sistema educacional brasileiro. Para isso, é necessário articular elementos e procedimentos tanto das Tecnologias Digitais de Informação e Comunicação quanto das estratégias ativas que fomentem aprendizagem significativa. Neste trabalho, é apresentada, discutida e avaliada uma sequência didática sobre óptica geométrica que abrange grande parte do conteúdo usualmente apresentado no Ensino Médio. Faz-se uso de vídeos, aplicativos e jogos para smartphones, modulados por uma Unidade de Ensino Potencialmente Significativas (UEPS), articulando aprendizagem significativa no contexto concreto da construção de um material instrucional. Também são referenciados mecanismos e estratégias que podem incorporar metodologias ativas no contexto da UEPS. A sequência didática foi aplicada a um conjunto de alunos do Ensino Médio e os resultados são apresentados, juntamente à análise reflexiva da aplicação e a sugestões de aprimoramento. De maneira geral, a UEPS produziu diversos indícios de aprendizagem significativa e acredita-se que, a partir das sugestões de aprimoramento, é capaz de possibilitar mais episódios de aprendizagem significativa nos estudantes.",Humanities; Physics; Philosophy; Psychology,True,article,True,True,False,doi,,"{'venue': 'crossref', 'volume': 'crossref', 'publisher': 'crossref', 'url': 'crossref', 'lang': 'heuristic'}","{'crossref': 4, 'heuristic': 1}","X002.R000 resolved | hits:OA,CR | winner:- | filled:venue:CR; lang:HE | missing:-"
A096,101016jesr2020100494,Modelling carbon mitigation pathways by 2050: Insights from the Global Calculator,Alexandre Strapasson; Jeremy Woods; Vanessa Pérez-Cirera; Alejandra Elizondo; Diego Cruz-Cano; Julien Pestiaux; M. Cornet; Rajiv Kumar Chaturvedi,Alexandre Strapasson,2020.0,10.1016/j.esr.2020.100494,,,,Energy Strategy Reviews,29,,100494,Elsevier BV,en,https://doi.org/10.1016/j.esr.2020.100494,0.9,resolved,openalex,2026-08-16T22:29:58Z,X002,"The Global Calculator (GC) can be used to assess a wide range of climate change mitigation pathways. The GC is an accessible integrated model which calculates the cumulative emissions of a basket of the main greenhouse gases that result from a set of technological and lifestyle choices made at the global level and as defined by the user within a single system dynamics tool. Using the GC, we simulated ambitious scenarios against business as usual trends in order to stay below 2 °C and 1.5 °C of maximum temperature change by the end of this century and carried out a sensitivity analysis of the entire GC model option space. We show that the calculator is useful for making broad simulations for energy, carbon and land use dynamics, and demonstrate how combined and sustained mitigation efforts across different sectors are urgently needed to meet climate targets.",Calculator; Greenhouse gas; Climate change; Climate change mitigation; Range (aeronautics); Sensitivity (control systems); Set (abstract data type); Computer science; Scenario analysis; Business as usual; Environmental science; Order (exchange),True,article,True,True,False,doi,,"{'venue': 'crossref', 'volume': 'crossref', 'pages': 'crossref', 'publisher': 'crossref', 'url': 'crossref', 'lang': 'crossref'}",{'crossref': 6},"X002.R000 resolved | hits:OA,CR | winner:- | filled:venue:CR; lang:CR | missing:-"
A097,101016jesr2020100463,Case-study - The transition of Belgium towards a low carbon society: A macroeconomic analysis fed by a participative approach,Loïc Berger; Th Bréchet; Julien Pestiaux; Vincent van Steenberghe,Loïc Berger,2020.0,10.1016/j.esr.2020.100463,,,,Energy Strategy Reviews,29,,100463,Elsevier BV,en,https://doi.org/10.1016/j.esr.2020.100463,0.9,resolved,openalex,2026-08-16T22:29:58Z,X002,"We describe a new approach for analyzing the socio-economic impacts of a low carbon transition. It consists in feeding a traditional macroeconomic model of a national economy, namely Belgium, with the results of a participative modelling exercise based on a prospective energy accounting model, the so-called Calculator. While contributing to overcoming important economic modelling barriers, this approach fosters stakeholders engagement and allows for extending the scope of the energy transition impact analysis.",Scope (computer science); Calculator; Transition (genetics); Economics; Energy transition; Environmental economics; Energy (signal processing); Economic system; Public economics; Business; Computer science; Panacea (medicine),True,article,True,True,False,doi,,"{'venue': 'crossref', 'volume': 'crossref', 'pages': 'crossref', 'publisher': 'crossref', 'url': 'crossref', 'lang': 'crossref'}",{'crossref': 6},"X002.R000 resolved | hits:OA,CR | winner:- | filled:venue:CR; lang:CR | missing:-"
A098,105007217579412016v33n1p92,"A interdisciplinaridade na legislação educacional, no discurso acadêmico e na prática escolar do ensino médio: panaceia ou falácia educacional?",Erika Regina Mozena; Fernanda Ostermann,Erika Regina Mozena,2016.0,10.5007/2175-7941.2016v33n1p92,,,,Caderno Brasileiro de Ensino de Física,33,1,92,Universidade Federal de Santa Catarina (UFSC),pt,https://doi.org/10.5007/2175-7941.2016v33n1p92,0.9,resolved,openalex,2026-08-16T22:29:58Z,X002,"http://dx.doi.org/10.5007/2175-7941.2016v33n1p92O discurso da interdisciplinaridade no Brasil tem sido apropriado por grande parte da legislação educacional desde a década de 70 com o sentido de responsabilizá-la por elevar a educação a patamares superiores de qualidade. Na mesma direção, crescem vertiginosamente os trabalhos de pesquisa na área de educação, que apontam a importância da interdisciplinaridade no contexto atual. Por outro lado, tanto esses documentos legais como os meios acadêmicos outorgam ao professor o papel de desenvolver e implementar a interdisciplinaridade na sala de aula. O que se observa em trabalhos de pesquisa que investigam a prática dos professores é que estes se contentam em empreender projetos que julgam interdisciplinares, mas que em sua grande maioria não passam de multidisciplinares, apoiados no senso comum. Este quadro coloca o discurso da interdisciplinaridade com feições de uma falácia educacional. Este trabalho discute a insistência histórica da legislação e do meio acadêmico em tornar este discurso um grande objeto do desejo educacional. Já com relação aos professores, procura localizar as razões pelas quais eles não se aprofundam nessa prática além do senso comum, análise apoiada na epistemologia da prática docente como pensada por Tardif e Lessard, que justifica as ações dos professores com base nas características intrínsecas das situações do trabalho interativo.",Humanities; Sociology; Philosophy,True,article,True,True,False,doi,,"{'venue': 'crossref', 'volume': 'crossref', 'issue': 'crossref', 'pages': 'crossref', 'publisher': 'crossref', 'url': 'crossref', 'lang': 'heuristic'}","{'crossref': 6, 'heuristic': 1}","X002.R000 resolved | hits:OA,CR | winner:- | filled:venue:CR; lang:HE | missing:-"
A099,101016jegypro201612047,Energy Flow Analysis of China 2050 Pathways Energy Calculator with Special Emphasis on Transportation,Steve-Wonder Amakpah; Gengyuan Liu; Yan Hao; Linyu Xu,Steve-Wonder Amakpah,2016.0,10.1016/j.egypro.2016.12.047,,,,Energy Procedia,104,,275-280,Elsevier BV,en,https://doi.org/10.1016/j.egypro.2016.12.047,0.9,resolved,openalex,2026-08-16T22:29:59Z,X002,"Energy optimisation and CO 2 emission reduction cannot be achieved without a holistic analysis of transportation. This research performs a critical analysis of the China 2050 Pathways Calculator with emphasis on its ability to assess long-term energy optimisation and sustainability of the energy-dependent transport sector. It focuses on the structure, methods, assumptions and the energy mix, with emphasis on its application to the transportation system in China. Employing a hybrid energy flow- and meta-analysis, the paper holistically aims to find the relative quantitative importance of mitigation options in each set indicators available for energy optimisation in transport pathways. It compares the combined energy flows (input/output) data and assumptions by applying the formula Pw = k TI to identify the number of pathways (including energy-mix) available in the transport stream of the Calculator – holding all other sectors and their trajectories at default where k =1. Initial results indicate that there are 262,144 ways for selecting transport pathways alone. The framework of analysis and implicit normative assumption determine the focus of mitigating options, in terms of both descriptive emphasis and qualitative evaluation. The usefulness of predicting future energy-mix transformation for all energy-dependent sectors of an economy cannot be overemphasised. However, the huge data set needed and time required to gather such data, if available, to build the model creates too much room for assumptions that could mar the credibility of the outcomes. This research considers the cost involved to build such an integrated model to be a “turn-off” for most policy makers to start such an endeavour. Stemming from the lapses identified in the China 2050 Pathways Calculator, this paper suggests that considerable refinement should be made to the various assumptions in the trajectories to reflect achievable energy/climate change targets by 2050. Also, policymakers should develop an affinity for patience and be committed financially in the search for improved scientific solutions toward energy optimisation and GHG emission reduction.",Calculator; Credibility; Energy (signal processing); Computer science; Sustainability; Energy mix; Set (abstract data type); Emphasis (telecommunications); Risk analysis (engineering); Environmental economics; Scenario analysis; Operations research,True,article,True,True,False,doi,,"{'venue': 'crossref', 'volume': 'crossref', 'pages': 'crossref', 'publisher': 'crossref', 'url': 'crossref', 'lang': 'crossref'}",{'crossref': 6},"X002.R000 resolved | hits:OA,CR | winner:- | filled:venue:CR; lang:CR | missing:-"
A100,101051ocl2019034,Land Use Change and the European Biofuels Policy: The expansion of oilseed feedstocks on lands with high carbon stocks,Alexandre Strapasson; Juliana Pfrimer Falcão; Timo Rossberg; Grahame Buss; Jeremy Woods; Steven O. Peterson,Alexandre Strapasson,2019.0,10.1051/ocl/2019034,,,,OCL,26,,39,EDP Sciences,en,https://doi.org/10.1051/ocl/2019034,0.9,resolved,openalex,2026-08-16T22:29:59Z,X002,"The focus of this article is on the potential land use change impacts associated with the oilseed-based biodiesel consumption. The three main crops used for biodiesel production to date are oilseed rape (OSR), soybeans and oil palm. Therefore, the objective of this paper is to provide a technical assessment of potential land use change arising from the growth of these three major crops at global level, obtained through a broad country-level analysis for their respective major producing countries. The article presents an historical data analysis, evaluating the interaction between the expansion and contraction of these three crops over the last three decades (with a closer look from 2008) together with the carbon stock changes to the land. We categorise the land use by its carbon stock and resulting carbon stock changes from land use change. Crops aimed at the production of ethanol, such as maize (corn), sugarcane, wheat, cassava and sugar beet, although extremely relevant for biofuel policies, are not the subject of this present study. While we did not know at the time of writing this report how the term “significant” would be defined in the EU delegated act we concluded from the analysis of the historical data and using the high ILUC-risk definition as it stands, that the emissions associated with palm and soy are significant. For oil palm, we take Indonesia and Malaysia as proxy for the global position. We calculate an average expansion of 29% on high carbon stock land. For soy, we calculate a global average of 19% expansion. We calculate the global average greenhouse gas emissions intensities based on the ILUC-risks as 56 gCO 2 eq/MJ for soy oil and 108 gCO 2 eq/MJ for palm oil. Future projections (OECD-FAO, 2017) suggest these numbers could drop significantly. We do not find evidence for high ILUC-risk expansion of oilseed rape.","Biofuel; Land use, land-use change and forestry; Stock (firearms); Biodiesel; Land use; Agricultural economics; Carbon stock; Environmental science; Palm oil; Agroforestry; Climate change; Business",True,article,True,True,False,doi,,"{'venue': 'crossref', 'volume': 'crossref', 'pages': 'crossref', 'publisher': 'crossref', 'url': 'crossref', 'lang': 'heuristic'}","{'crossref': 5, 'heuristic': 1}","X002.R000 resolved | hits:OA,CR | winner:- | filled:venue:CR; lang:HE | missing:-"
A101,101016jesr2019100429,David Mackey and the clever climate calculator,Kiso Jan,Kiso Jan,2020.0,10.1016/j.esr.2019.100429,,,,Energy Strategy Reviews,27,,100429,Elsevier BV,en,https://doi.org/10.1016/j.esr.2019.100429,0.9,resolved,openalex,2026-08-16T22:29:59Z,X002,,Calculator; Environmental ethics; Computer science; Philosophy; Operating system,True,article,True,True,False,doi,,"{'venue': 'crossref', 'volume': 'crossref', 'pages': 'crossref', 'publisher': 'crossref', 'url': 'crossref', 'lang': 'crossref'}",{'crossref': 6},"X002.R000 resolved | hits:OA,CR | winner:- | filled:venue:CR; lang:CR | missing:abstract"
A102,101822621784612v23n110,A PERSPECTIVA DA ALTERIDADE NA EDUCAÇÃO,Adilson Cristiano Habowski; Elaine Conte; Natália de Borba Pugens,Adilson Cristiano Habowski,2018.0,10.18226/21784612.v23.n1.10,,,,Conjectura filosofia e educação,23,1,179-197,Universidade Caixias do Sul,pt,https://doi.org/10.18226/21784612.v23.n1.10,0.9,resolved,openalex,2026-08-16T22:30:00Z,X002,"inacabamentos, esclarecendo posições dogmáticas e compartilhando o respeito",Sociology,True,article,True,True,False,doi,,"{'venue': 'crossref', 'volume': 'crossref', 'issue': 'crossref', 'pages': 'crossref', 'publisher': 'crossref', 'url': 'crossref', 'lang': 'heuristic'}","{'crossref': 6, 'heuristic': 1}","X002.R000 resolved | hits:OA,CR | winner:- | filled:venue:CR; lang:HE | missing:-"
A103,amodelagemcientficadefenmenosfsicoseoensinodefsica,A modelagem científica de fenômenos físicos e o ensino de física,Rafael Vasques Brandão; Ives Solano Araújo; Eliane Ângela Veit,Rafael Vasques Brandão,2008.0,https://openalex.org/W2579596707,,,,,,,,,pt,,0.9,resolved,openalex,2026-08-16T22:30:01Z,X002,,Physics,True,article,True,False,False,title,openalex,"{'doi': 'openalex', 'lang': 'heuristic'}","{'openalex': 1, 'heuristic': 1}",X002.R000 resolved | hits:OA | winner:openalex | filled:doi:OP; lang:HE | missing:abstract
A104,101002sres2427,Modelling the Limits of Bioenergy,Alexandre Strapasson,Alexandre Strapasson,2016.0,10.1002/sres.2427,,,,Systems Research and Behavioral Science,33,5,686-690,Wiley,en,https://doi.org/10.1002/sres.2427,0.9,resolved,openalex,2026-08-16T22:30:02Z,X002,"This note offers a glimpse of the author's PhD thesis on the Limits of Bioenergy, which was defended at Imperial College London in 2014. The thesis was also presented as a conference paper in the 59th Annual Meeting of the International Society for the Systems Sciences in Berlin, 2015, receiving the Sir Geoffrey Vickers Memorial Award. This research note gives a brief overview on the proposed complex systems approach to land use dynamics and constraints, as a contribution to the climate change debate. A full scientific article with the whole methodology and original results is already under publication process by the author and his colleagues. Copyright © 2016 John Wiley &amp; Sons, Ltd.",Process (computing); Bioenergy; Sociology; Operations research; Engineering; Computer science; Renewable energy; Operating system; Electrical engineering,False,article,True,True,False,doi,,"{'venue': 'crossref', 'volume': 'crossref', 'issue': 'crossref', 'pages': 'crossref', 'publisher': 'crossref', 'url': 'crossref', 'lang': 'crossref'}",{'crossref': 7},"X002.R000 resolved | hits:OA,CR | winner:- | filled:venue:CR; lang:CR | missing:-"
A105,mediandoaaprendizagemdecircuitoseltricosemfsicapropostadesequnciadidticautilizandoomodeloflippedclassroom,Mediando a aprendizagem de circuitos elétricos em Física: proposta de sequência didática utilizando o modelo flipped classroom,Marco Paulo do Nascimento; Marcello; Alexandre Betinardi; Olavo Leopoldino,Marco Paulo do Nascimento,2019.0,https://openalex.org/W2990518069,,,,,,,,,en,,0.9,resolved,openalex,2026-08-16T22:30:02Z,X002,"Mediating the learning of electrical circuits in the field of Physics teaching is challenging, requiring high abstraction skills from the student and innovative didactics from the teacher. The objective of this paper is to propose a reflexive teaching unit on electrical circuits for high school students, adequate to Brazil’s current national curriculum standards. The proposal is based on the use of the flipped classroom model in the light of Lev Vygotsky’s cognitive development theory, both in the social perspective of students in classroom and in their activities outside the school premises. Different methodological teaching strategies were used in order to foster situations in which students are the protagonists of their own learning, while consciously and consistently exploring their potential. As a result, at the end of the proposed teaching unit, the students are expected to be able to recognize and associate the concepts studied with practical situations of their daily lives. In addition, it is expected that the students would have acquired autonomy in their learning processes and developed social and cognitive skills, as well as would be able to create graphic and mental models on the operation and application of electrical circuits.",Curriculum; Flipped classroom; Abstraction; Autonomy; Perspective (graphical); Mathematics education; Unit (ring theory); Reflexivity; Cognition; Psychology; Pedagogy; Computer science,False,article,True,False,False,title,openalex,"{'doi': 'openalex', 'lang': 'heuristic'}","{'openalex': 1, 'heuristic': 1}",X002.R000 resolved | hits:OA | winner:openalex | filled:doi:OP; lang:HE | missing:-
A106,101002ecy3336,"A practical guide to selecting models for exploration, inference, and prediction in ecology",Andrew T. Tredennick; Giles Hooker; Stephen P. Ellner; Peter B. Adler,Andrew T. Tredennick,2021.0,10.1002/ecy.3336,https://pubmed.ncbi.nlm.nih.gov/33710619,,,Ecology,102,6,,Wiley,en,https://doi.org/10.1002/ecy.3336,0.9,resolved,openalex,2026-08-16T22:30:03Z,X002,"Selecting among competing statistical models is a core challenge in science. However, the many possible approaches and techniques for model selection, and the conflicting recommendations for their use, can be confusing. We contend that much confusion surrounding statistical model selection results from failing to first clearly specify the purpose of the analysis. We argue that there are three distinct goals for statistical modeling in ecology: data exploration, inference, and prediction. Once the modeling goal is clearly articulated, an appropriate model selection procedure is easier to identify. We review model selection approaches and highlight their strengths and weaknesses relative to each of the three modeling goals. We then present examples of modeling for exploration, inference, and prediction using a time series of butterfly population counts. These show how a model selection approach flows naturally from the modeling goal, leading to different models selected for different purposes, even with exactly the same data set. This review illustrates best practices for ecologists and should serve as a reminder that statistical recipes cannot substitute for critical thinking or for the use of independent data to test hypotheses and validate predictions.",Inference; Model selection; Selection (genetic algorithm); Computer science; Set (abstract data type); Statistical inference; Statistical model; Machine learning; Ecology; Artificial intelligence; Data science; Management science,True,article,True,True,False,doi,,"{'venue': 'crossref', 'volume': 'crossref', 'issue': 'crossref', 'publisher': 'crossref', 'url': 'crossref', 'lang': 'crossref'}",{'crossref': 6},"X002.R000 resolved | hits:OA,CR | winner:- | filled:venue:CR; lang:CR | missing:-"
A107,conscientizaoteoriaeprticadalibertaoumaintroduoaopensamentodepaulofreire,Conscientização : teoria e prática da libertação : uma introdução ao pensamento de Paulo Freire,Paulo Freiré; Kátia de Mello e Silva,Paulo Freiré,1980.0,https://openalex.org/W3141052539,,,,,,,,,pt,,0.9,resolved,openalex,2026-08-16T22:30:03Z,X002,,Humanities; Philosophy; Sociology,False,book,True,False,False,title,openalex,"{'doi': 'openalex', 'lang': 'heuristic'}","{'openalex': 1, 'heuristic': 1}",X002.R000 resolved | hits:OA | winner:openalex | filled:doi:OP; lang:HE | missing:abstract
A108,10108817489326abe890,The decarbonisation of Europe powered by lifestyle changes,Luís Costa; Vincent Moreau; Boris Thurm; Wusheng Yu; Francesco Clora; Gino Baudry; Hannes Warmuth; Bernd Hezel; Tobias Seydewitz; Ana Ranković; Garret Kelly; Jürgen P. Kropp,Luís Costa,2021.0,10.1088/1748-9326/abe890,,,,Environmental Research Letters,16,4,044057,IOP Publishing,en,https://doi.org/10.1088/1748-9326/abe890,0.9,resolved,openalex,2026-08-16T22:30:04Z,X002,"Abstract Decision makers increasingly recognise the importance of lifestyle changes in reaching low emission targets. How the mitigation potential of changes in mobility, dietary, housing or consumption behaviour compare to those of ambitious technological changes in terms of decarbonisation remains a key question. To evaluate the interplay of behaviour and technological changes, we make use of the European Calculator model and show that changes in behaviour may contribute more than 20% of the overall greenhouse gas (GHG) emission reductions required for net-zero by 2050. Behaviour and technology-oriented scenarios are tested individually and in combination for the EU plus the UK and Switzerland. The impacts of behavioural change vary across sectors, with significant GHG emission reduction potential and broader benefits. Changes in travel behaviour limit the rising demand for electricity, natural resources and infrastructure costs from the electrification of passenger transport. Adopting a healthy diet reduces emissions substantially compared to intensifying agricultural practices, while at the same time making cropland available for conservation or bioenergy crops. The trade-offs between energy and food may be substantially alleviated when deploying technological and behavioural changes simultaneously. The results suggest that without behavioural change, the dependency of Europe on carbon removal technologies for its net-zero ambitions increases. Structural changes will be necessary to achieve full decarbonisation by 2050, yet changes in lifestyles are crucial, contributing to achieving climate targets sooner.",Environmental science,True,article,True,True,False,doi,,"{'venue': 'crossref', 'volume': 'crossref', 'issue': 'crossref', 'pages': 'crossref', 'publisher': 'crossref', 'url': 'crossref', 'lang': 'heuristic'}","{'crossref': 6, 'heuristic': 1}","X002.R000 resolved | hits:OA,CR | winner:- | filled:venue:CR; lang:HE | missing:-"
A109,1034019223794442021v1132564,Normatividade e descritividade em referenciais teóricos na área de ensino de Física,Olavo Leopoldino da Silva Filho; Marcello Ferreira; Antony Marco Mota Polito; André Luís Miranda de Barcellos Coelho,Olavo Leopoldino da Silva Filho,2021.0,10.34019/2237-9444.2021.v11.32564,,,,Revista Pesquisa e Debate em Educação,11,1,1-33,Universidade Federal de Juiz de Fora,pt,https://doi.org/10.34019/2237-9444.2021.v11.32564,0.9,resolved,openalex,2026-08-16T22:30:04Z,X002,"Na literatura brasileira relacionada com aplicações didáticas em ciências, frequentemente se verifica que os fundamentos teóricos alegadamente empregados são escolhidos exclusivamente dentre teorias psicológicas de aprendizagem, sem, contudo, que elas sejam utilizadas com a devida propriedade. É possível que esse fenômeno seja uma consequência de um fato evidente: teorias psicológicas estão muito distantes da prática de sala de aula, pois elas foram desenvolvidas para cumprir uma função descritiva e não normativa. Neste trabalho, revisamos esse problema, defendendo a tese de que teorias psicológicas de aprendizagem jamais devem ser utilizadas fora do contexto de alguma teoria da educação, de modo que os fundamentos normativos sejam providos e a conexão com o contexto prático seja alcançada. Como exemplo, construímos uma relação entre a teoria de aprendizagem de David Ausubel e a teoria de educação de Matthew Lipman, mostrando como sua mútua articulação permite alcançar um referencial teórico mais eficiente. Analisamos, por fim, a importância da dimensão psicométrica como concretizadora do nexo entre uma teoria educacional e a(s) teoria(s) psicológica(s) de fundo.",Philosophy; Humanities; Physics,True,article,True,True,False,doi,,"{'venue': 'crossref', 'volume': 'crossref', 'issue': 'crossref', 'pages': 'crossref', 'publisher': 'crossref', 'url': 'crossref', 'lang': 'heuristic'}","{'crossref': 6, 'heuristic': 1}","X002.R000 resolved | hits:OA,CR | winner:- | filled:venue:CR; lang:HE | missing:-"
A110,103390educsci11020086,Cyber-Archaeometry: Novel Research and Learning Subject Overview,Ioannis Liritzis; Pantelis Volonakis,Ioannis Liritzis,2021.0,10.3390/educsci11020086,,,,Education Sciences,11,2,86,MDPI AG,en,https://doi.org/10.3390/educsci11020086,0.9,resolved,openalex,2026-08-16T22:30:05Z,X002,"The cyber archaeometry concerns a new virtual ontology in the environment of cultural heritage and archaeology. The present study concerns a first pivot endeavor of a virtual polarized light microscopy (VPLM) for archaeometric learning, made from digital tools, tackling the theory of mineral identification in archaeological materials, an important aspect in characterization, provenance, and ancient technology. This endeavor introduces the range of IT computational methods and instrumentation techniques available to the study of cultural heritage and archaeology of apprentices, educators, and specialists. Use is made of virtual and immersive reality, 3D, virtual environment, massively multiplayer online processes, and gamification. The VPLM simulation is made with the use of Avatar in the time-space frame of the laboratory with navigation, exploration, control the learning outcomes in connection to the archaeometric multisystem work. The students evidently learned to operate the VPLM following operations made via visual and home-made scripting, gaining experience in synergy, teamwork, and understanding. The resulting meaningful effects of the cyber-archaeometry with virtual operations and virtual hands, texts, and video equip students especially for e-learning with the required basic knowledge of mineralogical examination, which help to understand and evaluate mineral identification from material culture and provides readiness and capacity, which may be refined in a real polarized light microscopy (PLM) environment.",Cultural heritage; Computer science; Archaeological science; Avatar; Instructional simulation; Identification (biology); Scripting language; Learning environment; Virtual reality; Multimedia; Archaeology; Human–computer interaction,True,article,True,True,False,doi,,"{'venue': 'crossref', 'volume': 'crossref', 'issue': 'crossref', 'pages': 'crossref', 'publisher': 'crossref', 'url': 'crossref', 'lang': 'crossref'}",{'crossref': 7},"X002.R000 resolved | hits:OA,CR | winner:- | filled:venue:CR; lang:CR | missing:-"
A111,101108k201006739aae002,Science and Design of Systems,,,2010.0,10.1108/k.2010.06739aae.002,,,,Kybernetes,39,1,,Emerald,en,https://doi.org/10.1108/k.2010.06739aae.002,0.9,resolved,openalex,2026-08-16T22:30:05Z,X002,,Cybernetics; Computer science; Management science; Human–computer interaction; Cognitive science; Artificial intelligence; Data science; Psychology; Engineering,False,article,True,True,False,doi,,"{'venue': 'crossref', 'volume': 'crossref', 'issue': 'crossref', 'publisher': 'crossref', 'url': 'crossref', 'lang': 'crossref'}",{'crossref': 6},"X002.R000 resolved | hits:OA,CR | winner:- | filled:venue:CR; lang:CR | missing:abstract"
A112,halvingglobalco2emissionsby2050technologiesandcosts,Halving global CO2 emissions by 2050: Technologies and costs,Lola Vallejo; Christoph Mazur; Alexandre Strapasson; Tim Cockerill; Ajay Gambhir; Tom Hills; Mark Jennings; R.M. Jones; Nicole Kalas; James Keirstead; Cheng Seong Khor; Tamaryn Napp; Danlu Tong; Jeremy Woods; Nilay Shah,Lola Vallejo,2021.0,https://openalex.org/W3155848130,,,,,,,,,en,,0.9,resolved,openalex,2026-08-16T22:30:06Z,X002,"This study provides a whole-systems simulation on how to halve global CO2 emissions by 2050, compared to 2010, with an emphasis on technologies and costs, in order to avoid a dangerous increase in the global mean surface temperature by end the of this century. There still remains uncertainty as to how much a low-carbon energy system costs compared to a high-carbon system. Integrated assessment models (IAMs) show a large range of costs of mitigation towards the 2°C target, with up to an order of magnitude difference between the highest and lowest cost, depending on a number of factors including model structure, technology availability and costs, and the degree of feedback with the wider macro-economy. A simpler analysis potentially serves to highlight where costs fall and to what degree. Here we show that the additional cost of a low-carbon energy system is less than 1% of global GDP more than a system resulting from low mitigation effort. The proposed approach aligns with some previous IAMs and other projections discussed in the paper, whilst also providing a clearer and more detailed view of the world. Achieving this system by 2050, with CO2 emissions of about 15GtCO2, depends heavily on decarbonisation of the electricity sector to around 100gCO2/kWh, as well as on maximising energy efficiency potential across all sectors. This scenario would require a major mitigation effort in all the assessed world regions. However, in order to keep the global mean surface temperature increase below 1.5°C, it would be necessary to achieve net-zero emission by 2050, requiring a much further mitigation effort.",Electricity; Order (exchange); Environmental science; Environmental economics; Greenhouse gas; Electricity system; Global temperature; Natural resource economics; Range (aeronautics); Global warming; Electricity generation; Business,True,article,True,False,False,title,openalex,"{'doi': 'openalex', 'lang': 'heuristic'}","{'openalex': 1, 'heuristic': 1}",X002.R000 resolved | hits:OA | winner:openalex | filled:doi:OP; lang:HE | missing:-
A113,101164ajrccm16049903020,Risk Factors for Central and Obstructive Sleep Apnea in 450 Men And Women with Congestive Heart Failure,Don D. Sin; Fabia S. Fitzgerald; John D. Parker; Gary E. Newton; John S. Floras; T. Douglas Bradley,Don D. Sin,1999.0,10.1164/ajrccm.160.4.9903020,https://pubmed.ncbi.nlm.nih.gov/10508793,,,American Journal of Respiratory and Critical Care Medicine,160,4,1101-1106,Oxford University Press (OUP),en,https://doi.org/10.1164/ajrccm.160.4.9903020,0.9,resolved,openalex,2026-08-16T22:30:08Z,X003,"In previous analyses of the occurrence of central (CSA) and obstructive sleep apnea (OSA) in patients with congestive heart failure (CHF), only men were studied and risk factors for these disorders were not well characterized. We therefore analyzed risk factors for CSA and OSA in 450 consecutive patients with CHF (382 male, 68 female) referred to our sleep laboratory. Risk factors for CSA were male gender (odds ratio [OR] 3.50; 95% confidence interval [CI], 1.39 to 8.84), atrial fibrillation (OR 4.13; 95% CI 1.53 to 11. 14), age > 60 yr (OR 2.37; 95% CI 1.35 to 4.15), and hypocapnia (PCO(2 )< 38 mm Hg during wakefulness) (OR 4.33; 95% CI 2.50 to 7. 52). Risk factors for OSA differed by gender: in men, only body mass index (BMI) was significantly associated with OSA (OR for a BMI > 35 kg/m(2), 6.10; 95% CI 2.86 to 13.00); whereas, in women, age was the only important risk factor (OR for age > 60 yr, 6.04; 95% CI 1.75 to 20.0). We conclude that historical information, supplemented by a few simple laboratory tests may enable physicians to risk stratify CHF patients for the presence of CSA or OSA, and the need for diagnostic polysomnography for such patients. Sin DD, Fitzgerald F, Parker JD, Newton G, Floras JS, Bradley TD. Risk factors for central and obstructive sleep apnea in 450 men and women with congestive heart failure.",Medicine; Heart failure; Obstructive sleep apnea; Central sleep apnea; Cardiology; Internal medicine; Risk factor; Intensive care medicine; Apnea; Polysomnography,False,article,True,True,False,doi,,"{'venue': 'crossref', 'volume': 'crossref', 'issue': 'crossref', 'pages': 'crossref', 'publisher': 'crossref', 'url': 'crossref', 'lang': 'crossref'}",{'crossref': 7},"X003.R000 resolved | hits:OA,CR | winner:- | filled:venue:CR; lang:CR | missing:-"
A114,1010970000324619942210000011,"Low mortality rate in adult respiratory distress syndrome using low-volume, pressure-limited ventilation with permissive hypercapnia: A prospective study",Keith G. Hickling; J. Walsh; Seton Henderson; Rodger Jackson,Keith G. Hickling,1994.0,10.1097/00003246-199422100-00011,https://pubmed.ncbi.nlm.nih.gov/7924367,,,Critical Care Medicine,22,10,1568-1578,Ovid Technologies (Wolters Kluwer Health),en,https://doi.org/10.1097/00003246-199422100-00011,0.9,resolved,openalex,2026-08-16T22:30:08Z,X003,"OBJECTIVES: To evaluate the outcome in patients with severe adult respiratory distress syndrome (ARDS) managed with limitation of peak inspiratory pressure to 30 to 40 cm H2O, low tidal volumes (4 to 7 mL/kg), spontaneous breathing using synchronized intermittent mandatory ventilation from the start of ventilation, and permissive hypercapnia without the use of bicarbonate to buffer acidosis. Also, to compare hospital mortality rate with that predicted by the Acute Physiology and Chronic Health Evaluation (APACHE) II scoring system and the ""ventilator score."" SETTING: A ten-bed general intensive care unit in a university hospital. DESIGN: Prospective, descriptive study. PATIENTS: Fifty-three patients with severe ARDS having a lung injury score of > or = 2.5. INTERVENTIONS: Data recording. RESULTS: The hospital mortality rate was significantly lower than that predicted by the APACHE II scores (26.4% vs. 53.3%, p = .004), even after correcting the latter for the effect of hypercapnic acidosis (26.4% vs. 51.1%, p = .008). The mortality rate increased with increasing number of organ failures, but was only 43% in patients with > or = 4 organ failures, 20.5% with < or = 3 organ failures, and 6.6% with only respiratory failure. The mean maximum PaCO2 was 66.5 torr (range 38 to 158 torr [8.87 kPa, range 5.07 to 21.07]), and the mean arterial pH at the same time was 7.23 (range 6.79 to 7.45). There was no correlation between the maximum PaCO2 or the corresponding pH and the total respiratory rate at the same time. No pneumothoraces developed during mechanical ventilation. CONCLUSIONS: These results lend further support to the hypothesis that limitation of peak inspiratory pressure and reduction of regional lung overdistention by the use of low tidal volumes with permissive hypercapnia may reduce ventilator-induced lung injury and improve outcome in severe ARDS. This hypothesis is supported by a large body of experimental evidence, which also suggests that ventilator-induced lung injury may result in the release of inflammatory mediators, and thus may have the potential to augment the development of multiple organ dysfunction. However, the hypothesis requires testing in a randomized trial as acute hypercapnia could potentially have some adverse as well as beneficial effects.",Medicine; ARDS; Hypercapnia; Tidal volume; Respiratory acidosis; Peak inspiratory pressure; Ventilation (architecture); Anesthesia; Acidosis; Respiratory distress; Lactic acidosis; Mechanical ventilation,False,article,True,True,False,doi,,"{'venue': 'crossref', 'volume': 'crossref', 'issue': 'crossref', 'pages': 'crossref', 'publisher': 'crossref', 'url': 'crossref', 'lang': 'crossref'}",{'crossref': 7},"X003.R000 resolved | hits:OA,CR | winner:- | filled:venue:CR; lang:CR | missing:-"
A115,101152jappl1983544961,Human sinus arrhythmia as an index of vagal cardiac outflow,D. L. Eckberg,D. L. Eckberg,1983.0,10.1152/jappl.1983.54.4.961,https://pubmed.ncbi.nlm.nih.gov/6853303,,,Journal of Applied Physiology,54,4,961-966,American Physiological Society,en,https://doi.org/10.1152/jappl.1983.54.4.961,0.9,resolved,openalex,2026-08-16T22:30:08Z,X003,"Since changes of heart period follow changes of cardiac vagal efferent activity quantitatively with nearly fixed latencies, measurements of respiratory sinus arrhythmia may provide insights into human central vagal mechanisms. Accordingly, I measured intervals between heartbeats during controlled breathing (at breathing intervals of 2.5-10 s and nominal tidal volumes of 1,000 and 1,500 ml) in six healthy young men and women. As breathing interval increased, the longest heart periods became longer, the shortest heart periods became shorter, and the peak-valley P-P intervals increased asymptotically. Peak-valley P-P intervals also increased in proportion to tidal volume. However, this influence was small: a 50% increase of tidal volume increased the average peak-valley P-P interval by only about 15%. The phase angles between heart period changes and respiration varied as linear functions of breathing interval. Heart period shortening (cardioacceleration) began in inspiration at short breathing intervals and in expiration at long breathing intervals. Heart period lengthening, however, began in early expiration at all breathing intervals studied. These results point toward a close relationship between variations of respiratory depth and interval and the quantity, periodicity, and timing of vagal cardiac outflow in conscious humans. They suggest that, at usual breathing rates, phasic respiration-related changes of vagal motoneuron activity began in expiration, progress slowly, and are incompletely expressed at fast breathing rates.",Vagal tone; Expiration; Tidal volume; Respiration; Breathing; Ventilation (architecture); Respiratory system; Heart rate; Anesthesia; Cardiology; Medicine; Respiratory rate,False,article,True,True,False,doi,,"{'venue': 'crossref', 'volume': 'crossref', 'issue': 'crossref', 'pages': 'crossref', 'publisher': 'crossref', 'url': 'crossref', 'lang': 'crossref'}",{'crossref': 7},"X003.R000 resolved | hits:OA,CR | winner:- | filled:venue:CR; lang:CR | missing:-"
A116,101152jappl19896752101,Contrasting effects of hypoxia and hypercapnia on ventilation and sympathetic activity in humans,Virend K. Somers; Allyn L. Mark; Donald C. Zavala; François M. Abboud,Virend K. Somers,1989.0,10.1152/jappl.1989.67.5.2101,https://pubmed.ncbi.nlm.nih.gov/2513316,,,Journal of Applied Physiology,67,5,2101-2106,American Physiological Society,en,https://doi.org/10.1152/jappl.1989.67.5.2101,0.9,resolved,openalex,2026-08-16T22:30:09Z,X003,"We compared the effects of isocapnic hypoxia (IHO) and hyperoxic hypercapnia (HC) on sympathetic nerve activity (SNA) recorded from a peroneal nerve in 13 normal subjects. HC caused greater increases in blood pressure (BP), minute ventilation (VE), and SNA [53 +/- 14% (SE) during HC vs. 21 +/- 7% during IHO; P less than 0.05]. Even at equivalent levels of VE, HC still elicited greater SNA than IHO. However, apnea during HC caused a lesser (P less than 0.05) increase in SNA (91 +/- 26% compared with apnea on room air) than apnea during IHO (173 +/- 50%). Hypercapnic hypoxia resulted in a greater absolute increase in VE (23.6 +/- 2.8 l/min) than the additive increases due to HC alone plus IHO alone (18.0 +/- 1.8 l/min, P less than 0.05). SNA also increased synergistically by 108 +/- 23% with the combined stimulus compared with the additive effect of HC alone plus IHO alone (68 +/- 19%; P less than 0.05). We conclude that 1) HC causes greater increases in VE and SNA than does hypoxia; 2) for the same increase in VE, hypercapnia still causes a greater increase in SNA than hypoxia; however, during apnea, hypoxia causes a much greater increase in SNA than hypercapnia; 3) the inhibitory influence of ventilation on SNA is greater during hypoxia (i.e., predominantly peripheral chemoreceptor stimulation) than hypercapnia (i.e., predominantly central chemoreceptor stimulation); and 4) combined hypoxia and hypercapnia have a synergistic effect on SNA as well as on VE.",Hypercapnia; Hypoxia (environmental); Chemoreceptor; Apnea; Peripheral chemoreceptors; Anesthesia; Stimulation; Ventilation (architecture); Internal medicine; Hypoxic ventilatory response; Respiratory system; Endocrinology,False,article,True,True,False,doi,,"{'venue': 'crossref', 'volume': 'crossref', 'issue': 'crossref', 'pages': 'crossref', 'publisher': 'crossref', 'url': 'crossref', 'lang': 'crossref'}",{'crossref': 7},"X003.R000 resolved | hits:OA,CR | winner:- | filled:venue:CR; lang:CR | missing:-"
A117,10116101cir944842,Respiratory Sinus Arrhythmia,Junichiro Hayano; Fumihiko Yasuma; Akiyoshi Okada; Seiji Mukai; Takao Fujinami,Junichiro Hayano,1996.0,10.1161/01.cir.94.4.842,https://pubmed.ncbi.nlm.nih.gov/8772709,,,Circulation,94,4,842-847,Ovid Technologies (Wolters Kluwer Health),en,https://doi.org/10.1161/01.cir.94.4.842,0.9,resolved,openalex,2026-08-16T22:30:09Z,X003,"BACKGROUND: The primary mechanisms of respiratory sinus arrhythmia (RSA) are understood to be the modulation of cardiac vagal efferent activity by the central respiratory drive and the lung inflation reflex, and the degree of RSA increases with cardiac vagal activity. However, it is unclear whether RSA serves an active physiological role or merely reflects a passive cardiovascular response to respiratory input. We hypothesized that RSA benefits pulmonary gas exchange by matching perfusion to ventilation within each respiratory cycle. METHODS AND RESULTS: In seven anesthetized dogs, a model stimulating RSA was made. After elimination of endogenous autonomic activities, respiration-linked heartbeat fluctuations were generated by electrical stimulation of the right cervical vagus during negative pressure ventilation produced by phrenic nerve stimulation (diaphragm pacing). The vagal stimulation was performed in three conditions; phasic stimulation during expiration (artificial RSA) and during inspiration (inverse RSA) and constant stimulation (control) causing the same number of heartbeats per minute as the phasic stimulations. Although tidal volume, cardiac output, and arterial blood pressure were unchanged, artificial RSA decreased the ratio of physiological dead space to tidal volume (VD/VT) and the fraction of intrapulmonary shunt (Qap/Qt) by 10% and 51%, respectively, and increased O2 consumption by 4% compared with control. Conversely, reverse RSA increased VD/VT and Qap/Qt by 14% and 64%, respectively, and decreased O2 consumption by 14%. CONCLUSIONS: These results support our hypothesis that RSA benefits the pulmonary gas exchange and may improve the energy efficiency of pulmonary circulation by ""saving heartbeats.""",Medicine; Vagal tone; Respiratory system; Tidal volume; Ventilation (architecture); Anesthesia; Cardiology; Internal medicine; Heart rate; Expiration; Blood pressure; Autonomic nervous system,False,article,True,True,False,doi,,"{'venue': 'crossref', 'volume': 'crossref', 'issue': 'crossref', 'pages': 'crossref', 'publisher': 'crossref', 'url': 'crossref', 'lang': 'crossref'}",{'crossref': 7},"X003.R000 resolved | hits:OA,CR | winner:- | filled:venue:CR; lang:CR | missing:-"
A118,101109tbme1986325694,Power Spectral Analysis of Heart Rate Varability in Sudden Cardiac Death: Comparison to Other Methods,G.A. Myers; Gary J. Martin; Norman M. Magid; Phillip S. Barnett; John W. Schaad; Jerry Weiss; Michael Lesch; Donald H. Singer,G.A. Myers,1986.0,10.1109/tbme.1986.325694,https://pubmed.ncbi.nlm.nih.gov/3817848,,,IEEE Transactions on Biomedical Engineering,BME-33,12,1149-1156,Institute of Electrical and Electronics Engineers (IEEE),en,https://doi.org/10.1109/tbme.1986.325694,0.9,resolved,openalex,2026-08-16T22:30:09Z,X003,"Power spectrum analysis of heart rate variability is described and compared to four other reported methods, with respect to their efficacy as predictors of risk of sudden cardiac death (SCD). Approximate frequency domain representations were obtained for each. The underlying physiologic processes which may give rise to spectral components are considered. These methods were employed to analyze 24-h ambulatory ECG's of patient populations at different degrees of risk of SCD. Heart rate variability was found to be reduced in cardiac patients known to be at increased risk of SCD, when compared to those not at increased risk. These differences were greatest in power spectral methods. Thus, power spectrum analysis appears to be more effective than the other methods in segregating these populations, suggesting that this method may be useful in categorizing cardiac patients according to risk of sudden cardiac death.",Sudden cardiac death; Heart rate variability; Spectral analysis; Cardiology; Internal medicine; Electrocardiography; Heart rate; Ambulatory; Medicine; Sudden death; Physics; Blood pressure,False,article,True,True,False,doi,,"{'venue': 'crossref', 'volume': 'crossref', 'issue': 'crossref', 'pages': 'crossref', 'publisher': 'crossref', 'url': 'crossref', 'lang': 'heuristic'}","{'crossref': 6, 'heuristic': 1}","X003.R000 resolved | hits:OA,CR | winner:- | filled:venue:CR; lang:HE | missing:-"
A119,10116101cir901121,Circadian rhythms of frequency domain measures of heart rate variability in healthy subjects and patients with coronary artery disease. Effects of arousal and upright posture,Heikki V. Huikuri; Matti Niemelä; Satu Ojala; Asko O. Rantala; Markku J. Ikäheimo; Juhani Airaksinen,Heikki V. Huikuri,1994.0,10.1161/01.cir.90.1.121,https://pubmed.ncbi.nlm.nih.gov/8025987,,,Circulation,90,1,121-126,Ovid Technologies (Wolters Kluwer Health),en,https://doi.org/10.1161/01.cir.90.1.121,0.9,resolved,openalex,2026-08-16T22:30:09Z,X003,"BACKGROUND: Altered neural regulation of the cardiovascular system may be an important factor for various manifestations of ischemic heart disease. This research was designed to compare the circadian rhythm of cardiac neural regulation and autonomic responses to arousal and upright posture between patients with uncomplicated coronary artery disease (CAD) and age-matched subjects with no evidence of heart disease. METHODS AND RESULTS: Twenty-four-hour heart rate variability (HRV) in the frequency domain was analyzed in 20 male patients (mean age, 52 +/- 7 years) with angiographic evidence of CAD without prior myocardial infarction and in 20 healthy men (mean age, 51 +/- 8 years) with no clinical, echocardiographic, or exercise ECG evidence of heart disease. None of the 24-hour average frequency-domain components of HRV differed significantly between the two groups. Healthy subjects had a significant circadian rhythm of normalized units of high-frequency (HF) power of HRV with higher values during sleep. Normalized units of low-frequency (LF) power and the LF/HF ratio also showed a significant circadian rhythm in healthy subjects, with higher values during the daytime. No significant circadian rhythms in any of the normalized spectral components of HRV were observed in patients with CAD, and the night-day difference in LF/HF ratio was smaller in the patients with CAD than in the healthy subjects (0.5 +/- 1.4 versus 1.8 +/- 0.7, P < .001). Awakening when in the supine position resulted in a significant increase in the LF/HF ratio (P < .01) in the healthy subjects, but no significant changes in HRV were observed after awakening in patients with CAD. Assumption of upright position resulted in a comparable decrease in the components of HRV between the groups. CONCLUSIONS: The circadian rhythm of cardiac neural regulation is altered in patients with uncomplicated CAD. Reduced autonomic responses to sleep-wake rhythm suggest that the modulation of cardiac autonomic function by stimuli from the central nervous system is impaired in CAD.",Medicine; Circadian rhythm; Supine position; Heart rate variability; Cardiology; Internal medicine; Coronary artery disease; Rhythm; Heart rate; Myocardial infarction; Blood pressure,False,article,True,True,False,doi,,"{'venue': 'crossref', 'volume': 'crossref', 'issue': 'crossref', 'pages': 'crossref', 'publisher': 'crossref', 'url': 'crossref', 'lang': 'crossref'}",{'crossref': 7},"X003.R000 resolved | hits:OA,CR | winner:- | filled:venue:CR; lang:CR | missing:-"
A120,101113jphysiol1984sp015453,Synaptic mechanisms involved in the inspiratory modulation of vagal cardio‐inhibitory neurones in the cat,Michael P. Gilbey; David L. Jordan; Diethelm W. Richter; K. Michael Spyer,Michael P. Gilbey,1984.0,10.1113/jphysiol.1984.sp015453,https://pubmed.ncbi.nlm.nih.gov/6520798,https://www.ncbi.nlm.nih.gov/pmc/articles/1193152,,The Journal of Physiology,356,1,65-78,Wiley,en,https://doi.org/10.1113/jphysiol.1984.sp015453,0.9,resolved,openalex,2026-08-16T22:30:10Z,X003,"The respiratory modulation of the activity of vagal cardio-inhibitory neurones of the nucleus ambiguus of the cat has been investigated by electrophysiological and neuropharmacological techniques. All twenty-four vagal efferent neurones studied had axons with conduction velocities indicative of B fibres and projected to the right cardiac branches of the vagus. Their spontaneous or DL-homocysteic acid (DLH)-evoked activity showed a marked reduction during the phase of inspiration and all showed signs of receiving a baroreceptor input. Ionophoretic application of DLH always excited cardiac vagal motoneurones (c.v.m.s). Application of acetylcholine to these same cells provoked a decrease in firing rate in twelve of the fifteen neurones tested. In ten of these twelve cells simultaneous application of atropine antagonized the effect of acetylcholine. Atropine applied alone enhanced neuronal firing, particularly in inspiration. Stable intracellular recordings have been made from two c.v.m.s. These were inhibited during inspiration. Input resistance fell markedly during inspiration and injection of chloride reversed this wave of hyperpolarization to a wave of depolarization indicating that this resulted from chloride-mediated inhibitory post-synaptic potentials (i.p.s.p.s). These c.v.m.s were activated during Stage I expiration, and showed a weak and variable wave of inhibition in Stage II expiration. Pulse-rhythmic depolarizing potentials were reduced in their amplitudes during the periods of decreased neurone input resistance. It is concluded that c.v.m.s receive an excitatory input during post-inspiration and a powerful inhibitory synaptic input during inspiration. The implications of these observations for the physiology of cardiorespiratory reflexes are discussed.",Inhibitory postsynaptic potential; Neuroscience; Vagus nerve; Chemistry; Medicine; Biology; Stimulation,True,article,True,True,False,doi,,"{'venue': 'crossref', 'volume': 'crossref', 'issue': 'crossref', 'pages': 'crossref', 'publisher': 'crossref', 'url': 'crossref', 'lang': 'crossref'}",{'crossref': 7},"X003.R000 resolved | hits:OA,CR | winner:- | filled:venue:CR; lang:CR | missing:-"
A121,101152jappl19896641736,Hypoxemia raises muscle sympathetic activity but not norepinephrine in resting humans,L. B. Rowell; David G. Johnson; Peter B. Chase; Keith A. Comess; Douglas R. Seals,L. B. Rowell,1989.0,10.1152/jappl.1989.66.4.1736,https://pubmed.ncbi.nlm.nih.gov/2732164,,,Journal of Applied Physiology,66,4,1736-1743,American Physiological Society,en,https://doi.org/10.1152/jappl.1989.66.4.1736,0.9,resolved,openalex,2026-08-16T22:30:10Z,X003,"The experimental objective was to determine whether moderate to severe hypoxemia increases skeletal muscle sympathetic nervous activity (MSNA) in resting humans without increasing venous plasma concentrations of norepinephrine (NE) and epinephrine (E). In nine healthy subjects (20-34 yr), we measured MSNA (peroneal nerve), venous plasma levels of NE and E, arterial blood pressure, heart rate, and end-tidal O2 and CO2 before (control) and during breathing of 1) 12% O2 for 20 min, 2) 10% O2 for 20 min, and 3) 8% O2 for 10 min--in random order. MSNA increased above control in five, six, and all nine subjects during 12, 10, and 8% O2, respectively (P less than 0.01), but only after delays of 12 (12% O2) and 4 min (8 and 10% O2). MSNA (total activity) rose 83 +/- 20, 260 +/- 146, and 298 +/- 109% (SE) above control by the final minute of breathing 12, 10, and 8% O2, respectively. NE did not rise above control at any level of hypoxemia; E rose slightly (P less than 0.05) at one time only with both 10 and 8% O2. Individual changes in MSNA during hypoxemia were unrelated to elevations in heart rate or decrements in blood pressure and end-tidal CO2--neither of which always fell. We conclude that in contrast to some other sympathoexcitatory stimuli such as exercise or cold stress, moderate to severe hypoxemia increases leg MSNA without raising plasma NE in resting humans.",Hypoxemia; Heart rate; Medicine; Sympathetic nervous system; Blood pressure; Internal medicine; Norepinephrine; Anesthesia; Venous blood; Endocrinology; Dopamine,False,article,True,True,False,doi,,"{'venue': 'crossref', 'volume': 'crossref', 'issue': 'crossref', 'pages': 'crossref', 'publisher': 'crossref', 'url': 'crossref', 'lang': 'crossref'}",{'crossref': 7},"X003.R000 resolved | hits:OA,CR | winner:- | filled:venue:CR; lang:CR | missing:-"
A122,10116101cir64553,Respiratory Variations in Blood Pressure,Anne Dornhorst; P Howard; G. L. Leathart,Anne Dornhorst,1952.0,10.1161/01.cir.6.4.553,https://pubmed.ncbi.nlm.nih.gov/12979068,,,Circulation,6,4,553-558,Ovid Technologies (Wolters Kluwer Health),en,https://doi.org/10.1161/01.cir.6.4.553,0.9,resolved,openalex,2026-08-16T22:30:10Z,X003,"A study of respiratory blood pressure variations in normal subjects suggests that variations in both cardiac output and peripheral resistance are involved, the latter mechanism being essentially similar to that producing the Traube waves in apnea. The interactions of the two mechanisms are compared to the known behavior of coupled electronic oscillators.",Medicine; Respiratory system; Blood pressure; Apnea; Cardiology; Mechanism (biology); Peripheral resistance; Peripheral; Internal medicine; Anesthesia; Cardiac output; Philosophy,True,article,True,True,False,doi,,"{'venue': 'crossref', 'volume': 'crossref', 'issue': 'crossref', 'pages': 'crossref', 'publisher': 'crossref', 'url': 'crossref', 'lang': 'crossref'}",{'crossref': 7},"X003.R000 resolved | hits:OA,CR | winner:- | filled:venue:CR; lang:CR | missing:-"
A123,101152ajpheart19942665h2152,Dissociation of heart rate variability from parasympathetic tone,Jeffrey J. Goldberger; Mirza W. Ahmed; Michele Parker; Alan H. Kadish,Jeffrey J. Goldberger,1994.0,10.1152/ajpheart.1994.266.5.h2152,https://pubmed.ncbi.nlm.nih.gov/8203614,,,American Journal of Physiology-Heart and Circulatory Physiology,266,5,H2152-H2157,American Physiological Society,en,https://doi.org/10.1152/ajpheart.1994.266.5.h2152,0.9,resolved,openalex,2026-08-16T22:30:10Z,X003,"Time and frequency domain measurements of heart rate variability have been used as indexes of parasympathetic tone. This study evaluates the effects of parasympathetic stimulation on these indexes. Ten normal subjects (5 females, 5 males; age 27.4 +/- 5.1 yr) were evaluated in the Clinical Research Center. Five-minute electrocardiographic recordings were obtained at baseline and during 1) combined alpha-adrenergic stimulation with baroreflex-increased cardiac parasympathetic activity produced by phenylephrine infusion; 2) parasympathetic blockade (atropine 0.04 mg/kg); and 3) isolated alpha-adrenergic stimulation produced by phenylephrine infusion after parasympathetic blockade. The infusion rate of phenylephrine was titrated to increase the systolic blood pressure by 20-30 mmHg. Heart rate variability analysis was performed using standard time and frequency domain parameters. Phenylephrine infusion resulted in a decrease in the time domain measures and in the high-frequency power. After parasympathetic blockade, alpha-adrenergic stimulation had no significant effect on the heart rate variability parameters. These findings suggest that the heart rate variability parameters traditionally associated with parasympathetic tone do not always reliably measure parasympathetic tone, since they decrease with baroreflex parasympathetic stimulation.",Phenylephrine; Baroreflex; Heart rate; Atropine; Medicine; Stimulation; Heart rate variability; Internal medicine; Propranolol; Parasympathetic nervous system; Blood pressure; Anesthesia,False,article,True,True,False,doi,,"{'venue': 'crossref', 'volume': 'crossref', 'issue': 'crossref', 'pages': 'crossref', 'publisher': 'crossref', 'url': 'crossref', 'lang': 'crossref'}",{'crossref': 7},"X003.R000 resolved | hits:OA,CR | winner:- | filled:venue:CR; lang:CR | missing:-"
A124,101152ajpheart19932644h1229,Continuous assessment of hemodynamic control by complex demodulation of cardiovascular variability,Junichiro Hayano; J. Andrew Taylor; Akira Yamada; Shizuo Mukai; Reiko Hori; Takeshi Asakawa; Kenichi Yokoyama; Yukio Watanabe; Kazuyuki Takata; T Fujinami,Junichiro Hayano,1993.0,10.1152/ajpheart.1993.264.4.h1229,https://pubmed.ncbi.nlm.nih.gov/8476100,,,American Journal of Physiology-Heart and Circulatory Physiology,264,4,H1229-H1238,American Physiological Society,en,https://doi.org/10.1152/ajpheart.1993.264.4.h1229,0.9,resolved,openalex,2026-08-16T22:30:11Z,X003,"Usefulness of complex demodulation (CDM) in assessing the frequency components of cardiovascular variability was assessed and, subsequently, this technique was utilized to determine the time-dependent responses of the low-frequency (LF) and high-frequency (HF) amplitudes of heart rate and blood pressure variabilities during postural tilt. CDM provides the time-dependent changes in amplitude of a particular frequency component on a continuous basis. Analysis of simulated data showed that CDM has sufficient frequency resolution to separately measure LF and HF amplitudes with a time resolution < 15 s and that CDM is robust to alterations in the frequency of the components. Analysis of actual data during postural tilt test in 23 young healthy subjects demonstrated that the HF amplitude of heart rate, an index of cardiac parasympathetic tone, rapidly decayed with head-up tilt (P < 0.01) and increased quickly showing an overshoot with tilt back to the supine position (P < 0.01). The LF amplitude of blood pressure, an index of vasomotor sympathetic activity, showed marked rhythmic fluctuation at an interval of 48-100 s during head-up tilt (P < 0.01), synchronizing with similar fluctuation in the LF amplitude of heart rate (P < 0.01). These results suggest that CDM can be used to provide a continuous assessment of cardiovascular variability components and that the dynamic responses of autonomic circulatory control to upright posture result in a phasic modulation of LF amplitude.",Supine position; Heart rate; Tilt (camera); Amplitude; Blood pressure; Cardiology; Heart rate variability; Hemodynamics; Baroreflex; Medicine; Internal medicine; Mathematics,False,article,True,True,False,doi,,"{'venue': 'crossref', 'volume': 'crossref', 'issue': 'crossref', 'pages': 'crossref', 'publisher': 'crossref', 'url': 'crossref', 'lang': 'crossref'}",{'crossref': 7},"X003.R000 resolved | hits:OA,CR | winner:- | filled:venue:CR; lang:CR | missing:-"
A125,101164ajrccm15949806081,Entrainment of Blood Pressure and Heart Rate Oscillations by Periodic Breathing,Geraldo Lorenzi‐Filho; Hilmi R. Dajani; RICHARD S. T. LEUNG; John S. Floras; T. Douglas Bradley,Geraldo Lorenzi‐Filho,1999.0,10.1164/ajrccm.159.4.9806081,https://pubmed.ncbi.nlm.nih.gov/10194159,,,American Journal of Respiratory and Critical Care Medicine,159,4,1147-1154,Oxford University Press (OUP),en,https://doi.org/10.1164/ajrccm.159.4.9806081,0.9,resolved,openalex,2026-08-16T22:30:11Z,X003,"Cheyne-Stokes respiration (CSR) is a form of periodic breathing associated with periodic oscillations in blood pressure (BP) and heart rate (HR), which have been attributed to hypoxia and arousals from sleep. We hypothesized that periodic alterations in ventilation alone would promote oscillations in BP and HR. Seven healthy, wakeful subjects breathed in three patterns, as follows: (1) regular breathing (RB); (2) periodic breathing with three (PB3: cycle frequency = 0.035 Hz) augmented breaths alternating with 20-s apneas; and (3) periodic breathing with five (PB5: cycle frequency = 0.030 Hz) augmented breaths alternating with 20-s apneas. SaO2 remained above 95% throughout. During periodic breathing, peaks in BP and HR occurred during the ventilatory period and troughs occurred during apnea. The magnitudes of systolic BP oscillations increased significantly from RB (14 +/- 5 mm Hg) to PB3 (20 +/- 4 mm Hg) and PB5 (25 +/- 7 mm Hg; p < 0.005). HR oscillations also increased from regular breathing (13 +/- 6.0 beats/min) to PB3 (20.2 +/- 2.3 beats/min) and PB5 (20.2 +/- 4.7 beats/ min; p < 0.01). Spectral analysis showed that during periodic breathing there were discrete peaks in the spectral power of ventilation, BP, and R-wave-to-R-wave interval at the periodic breathing cycle frequencies. We conclude that oscillations in ventilation occurring during periodic breathing can amplify and entrain oscillations in BP and HR in the absence of hypoxia or arousals from sleep.",Periodic breathing; Ventilation (architecture); Heart rate; Apnea; Medicine; Respiratory rate; Sleep and breathing; Anesthesia; Respiration; Cardiology; Blood pressure; Internal medicine,False,article,True,True,False,doi,,"{'venue': 'crossref', 'volume': 'crossref', 'issue': 'crossref', 'pages': 'crossref', 'publisher': 'crossref', 'url': 'crossref', 'lang': 'crossref'}",{'crossref': 7},"X003.R000 resolved | hits:OA,CR | winner:- | filled:venue:CR; lang:CR | missing:-"
A126,101136hrt586592,Impaired vagal heart rate control in coronary artery disease,Juhani Airaksinen; Markku J. Ikäheimo; Markku K. Linnaluoto; Marjo Niemelä; Juha T. Takkunen,Juhani Airaksinen,1987.0,10.1136/hrt.58.6.592,https://pubmed.ncbi.nlm.nih.gov/3426895,,,Heart,58,6,592-597,BMJ,en,https://doi.org/10.1136/hrt.58.6.592,0.9,resolved,openalex,2026-08-16T22:30:11Z,X003,"Heart rate variation in deep breathing, a sensitive non-invasive measure of cardiac parasympathetic activity, was measured in 63 patients with coronary artery disease, in 22 patients with atypical chest pain, and in 20 healthy symptom free volunteers. There was significantly less heart rate variation in deep breathing in the patients with coronary artery disease than in the healthy subjects. Twenty patients (32%) with coronary artery disease had lower than normal variation in heart rate. The patients with chest pain showed an intermediate heart rate response to deep breathing. Sinus arrhythmia in the patients with coronary artery disease was not related to the functional class, medication, number or location of narrowed vessels, or to the left ventricular ejection fraction, and end diastolic pressure. These results suggest that impairment of the parasympathetic nervous function is common in coronary artery disease.",Medicine; Cardiology; Internal medicine; Coronary artery disease; Ejection fraction; Heart rate; Chest pain; Coronary sinus; Blood pressure; Artery; Heart failure,True,article,True,True,False,doi,,"{'venue': 'crossref', 'volume': 'crossref', 'issue': 'crossref', 'pages': 'crossref', 'publisher': 'crossref', 'url': 'crossref', 'lang': 'crossref'}",{'crossref': 7},"X003.R000 resolved | hits:OA,CR | winner:- | filled:venue:CR; lang:CR | missing:-"
A127,101172jci115176,Respiratory sinus arrhythmia in dogs. Effects of phasic afferents and chemostimulation,Barbara E. Shykoff; Syed Saqib Naqvi; A. S. Menon; Arthur S. Slutsky,Barbara E. Shykoff,1991.0,10.1172/jci115176,https://pubmed.ncbi.nlm.nih.gov/1902491,,,Journal of Clinical Investigation,87,5,1621-1627,American Society for Clinical Investigation,en,https://doi.org/10.1172/jci115176,0.9,resolved,openalex,2026-08-16T22:30:11Z,X003,"We examined the hypothesis that respiratory sinus arrhythmia (RSA) is primarily a central phenomenon and thus that RSA is directly correlated with respiratory controller output. RSA was measured in nine anesthetized dogs, first during spontaneous breathing (SB) and then during constant flow ventilation (CFV), a technique whereby phasic chest wall movements and thoracic pressure swings are eliminated. Measurements of the heart rate and of the moving time averaged (MTA) phrenic neurogram during these two ventilatory modes were made during progressive hypercapnia and progressive hypoxia. RSA divided by the MTA phrenic amplitude (RSAa) showed a power-law relationship with both arterial carbon dioxide partial pressure (PaCO2) and oxygen saturation (SaO2), but with different exponents for different conditions. However, the power-law relation between RSAa and respiratory frequency had an exponent indistinguishable from -2 whether hypoxia or hypercapnia was the stimulus for increased respiratory drive, and during both CFV and spontaneous breathing (-1.9 +/- 0.4, hypoxia, SB; -1.8 +/- 0.7, hypoxia, CFV; -2.1 +/- 0.8, hypercapnia, SB; -1.9 +/- 0.7, hypercapnia, CFV). We conclude that respiratory sinus arrhythmia is centrally mediated and directly related to respiratory drive, and that changes in blood gases and phasic afferent signals affect RSA primarily by influencing respiratory drive.",Hypercapnia; Vagal tone; Respiratory system; Hypoxia (environmental); Anesthesia; Respiratory rate; Ventilation (architecture); Control of respiration; Baroreceptor; Respiration; Cardiology; Heart rate,True,article,True,True,False,doi,,"{'venue': 'crossref', 'volume': 'crossref', 'issue': 'crossref', 'pages': 'crossref', 'publisher': 'crossref', 'url': 'crossref', 'lang': 'crossref'}",{'crossref': 7},"X003.R000 resolved | hits:OA,CR | winner:- | filled:venue:CR; lang:CR | missing:-"
A128,101152jappl19957862003,Respiratory-related heart rate variability persists during central apnea in dogs: mechanisms and implications,Richard L. Horner; Deborah Brooks; L. F. Kozar; K. Gan; Eliot A. Phillipson,Richard L. Horner,1995.0,10.1152/jappl.1995.78.6.2003,https://pubmed.ncbi.nlm.nih.gov/7665392,,,Journal of Applied Physiology,78,6,2003-2013,American Physiological Society,en,https://doi.org/10.1152/jappl.1995.78.6.2003,0.9,resolved,openalex,2026-08-16T22:30:12Z,X003,"The aim of this study was to determine the mechanism(s) responsible for the persistence of respiratory sinus arrhythmia (RSA) during central apnea. In five awake dogs, heart rate (HR) was recorded during constant mechanical ventilation (MV) and during central apneas produced by cessation of MV. For each of 10 control ventilator cycles before MV was stopped, instantaneous HR was plotted against the time from the onset of lung inflation; the fundamental and first harmonic of a sine wave (at the ventilator frequency) was then fitted to the HR data. For the control cycles, the mean r2 from the curve fits was 0.57 +/- 0.07, showing that a significant component of the HR variability was linked to the ventilator cycle. After MV was stopped, RSA persisted and only by the third ""phantom"" ventilator cycle during apnea had the degree of fit consistently decreased compared with control dogs (P < 0.02). The persistence of ventilator-linked RSA at the onset of central apnea supports the concept of a ""memory"" in the respiratory system. Toward the end of central apnea, HR variability reappeared and had the periodicity and rhythmic profile of RSA on 81% of occasions. The presence of RSA-like activity toward the end of central apnea suggests that subthreshold rhythmic respiratory-related activity may be present even before the onset of detectable lung volume changes.",Apnea; Respiratory system; Medicine; Cardiology; Anesthesia; Ventilation (architecture); Heart rate; Vagal tone; Respiratory rate; Central sleep apnea; Lung; Control of respiration,False,article,True,True,False,doi,,"{'venue': 'crossref', 'volume': 'crossref', 'issue': 'crossref', 'pages': 'crossref', 'publisher': 'crossref', 'url': 'crossref', 'lang': 'crossref'}",{'crossref': 7},"X003.R000 resolved | hits:OA,CR | winner:- | filled:venue:CR; lang:CR | missing:-"
A129,101242jeb374719,The Reflex Co-Ordination of the Heart Beat with Respiration in the Dogfish,G. H. Satchell,G. H. Satchell,1960.0,10.1242/jeb.37.4.719,,,,Journal of Experimental Biology,37,4,719-731,The Company of Biologists,en,https://doi.org/10.1242/jeb.37.4.719,0.9,resolved,openalex,2026-08-16T22:30:12Z,X003,"ABSTRACT The hearts of Squalus lebruni and Mustelus antarcticus beat at intervals that approximate to some simple multiple (1-4) of respiratory cycle length. The beat tends to be initiated during a particular phase of the respiratory cycle, most commonly just before or just after the opening of the mouth. Possible mechanisms of this co-ordination are considered and evidence is presented to show that it is reflexly mediated. Fibres from receptors fired by pharyngeal dilatation are believed to constitute the afferent limb, and the cardiac vagi the efferent limb of the reflex arc. Simultaneous records of blood pressure have been made from the 1st afferent branchial artery and the coeliac artery. By subtraction, the differential pressure across the gill vessels has been calculated and found to have a peak early in the cardiac cycle. Simultaneous photo-electric records of gill opacity and branchial blood pressure show the gill vessels to be compliant. It is concluded that there is a brief period of rapid blood flow early in each cardiac cycle. Calculations from simultaneous records of the electrocardiogram and branchial blood pressure showed that heart beats originating near the time of mouth opening caused a rapid flow of blood through the gills at the time that water was expelled across them. It is suggested that this synchronization of the periods of rapid flow of blood and water serves to maintain the diffusion gradient of oxygen across the gill epithelium.",Anatomy; Reflex; Cardiac cycle; Efferent; Beat (acoustics); Blood flow; Blood pressure; Biology; Internal medicine; Cardiology; Afferent; Medicine,False,article,True,True,False,doi,,"{'venue': 'crossref', 'volume': 'crossref', 'issue': 'crossref', 'pages': 'crossref', 'publisher': 'crossref', 'url': 'crossref', 'lang': 'crossref'}",{'crossref': 7},"X003.R000 resolved | hits:OA,CR | winner:- | filled:venue:CR; lang:CR | missing:-"
A130,101253jcj531506,Breathing abnormalities during sleep in patients with chronic heart failure,Fumihiko Yasuma; Hideo Nomura; Hiroshi Hayashi; Tamotsu Okada; Masato Tsuzuki,Fumihiko Yasuma,1989.0,10.1253/jcj.53.1506,https://pubmed.ncbi.nlm.nih.gov/2632819,,,Japanese Circulation Journal,53,12,1506-1510,Japanese Circulation Society,en,https://doi.org/10.1253/jcj.53.1506,0.9,resolved,openalex,2026-08-16T22:30:12Z,X003,"Polysomnography was carried out in 11 adult outpatients with stable chronic heart failure (CHF) due to valvular heart disease in order to investigate respiratory abnormalities during sleep. The subjects consisted of 6 males and 5 females and their ages ranged from 54 to 76 years. A coexisting central dominant sleep apnea syndrome (SAS) was found in 4 males, 3 of whom had evidence of nasal obstruction. A successful mitral valve replacement in one patient with central dominant SAS was associated with a reduction in the frequency of sleep apnea. The results suggest complications caused by respiratory abnormalities during sleep are common and should be considered in the management of patients with CHF.",Polysomnography; Medicine; Heart failure; Central sleep apnea; Cardiology; Sleep apnea; Sleep (system call); Internal medicine; Apnea; Respiratory system; Breathing; Anesthesia,False,article,True,True,False,doi,,"{'venue': 'crossref', 'volume': 'crossref', 'issue': 'crossref', 'pages': 'crossref', 'publisher': 'crossref', 'url': 'crossref', 'lang': 'crossref'}",{'crossref': 7},"X003.R000 resolved | hits:OA,CR | winner:- | filled:venue:CR; lang:CR | missing:-"
A131,101253jcj65738,Differential Effects of Hypoxia and Hypercapnia on Respiratory Sinus Arrhythmia in Conscious Dogs,Fumihiko Yasuma; Makoto Hirai; Junichiro Hayano,Fumihiko Yasuma,2001.0,10.1253/jcj.65.738,https://pubmed.ncbi.nlm.nih.gov/11502051,,,Japanese Circulation Journal,65,8,738-742,Japanese Circulation Society,en,https://doi.org/10.1253/jcj.65.738,0.9,resolved,openalex,2026-08-16T22:30:13Z,X003,"To test the hypothesis that hypoxia and hypercapnia have different effects on the genesis of respiratory sinus arrhythmia (RSA), the magnitude of RSA to these stimuli was compared in 3 unanesthetized dogs. Respiration was continuously monitored through a permanent tracheostomy, and the electrocardiogram and blood pressure were also monitored. The magnitude of RSA was assessed as an instantaneous amplitude of the R-R interval oscillation in the high-frequency band of 0.15-0.80Hz by means of complex demodulation. In a total of 47 runs with hypoxia, heart rate, mean arterial pressure, respiratory rate and tidal volume increased, but RSA magnitude decreased even after adjusting for the effects of respiratory rate and tidal volume. In a total of 39 runs with hypercapnia, heart rate and mean arterial pressure did not change, despite the increased respiratory rate and tidal volume. In contrast to hypoxia, RSA magnitude increased even after adjusting for the effects of respiratory rate and tidal volume. The different effects of the two respiratory stimuli on RSA magnitude were noted at any level of ventilation and support the original hypothesis.",Hypercapnia; Tidal volume; Vagal tone; Respiratory system; Anesthesia; Respiratory rate; Cardiology; Respiratory minute volume; Ventilation (architecture); Heart rate; Medicine; Respiration,True,article,True,True,False,doi,,"{'venue': 'crossref', 'volume': 'crossref', 'issue': 'crossref', 'pages': 'crossref', 'publisher': 'crossref', 'url': 'crossref', 'lang': 'crossref'}",{'crossref': 7},"X003.R000 resolved | hits:OA,CR | winner:- | filled:venue:CR; lang:CR | missing:-"
A132,101002cphycp030216,Interactions Between Respiration and Circulation,M. de Burgh Daly,M. de Burgh Daly,1986.0,10.1002/cphy.cp030216,,,,Comprehensive Physiology,,,529-594,Wiley,en,https://doi.org/10.1002/cphy.cp030216,0.9,resolved,openalex,2026-08-16T22:30:13Z,X003,"Abstract The sections in this article are: Spontaneous Respiratory Variations in the Cardiovascular System Arterial Blood Pressure Heart Rate Cardiac Output Systemic Vascular Resistance Pulmonary Hemodynamics Central Nervous Control of Respiration and the Cardiovascular System Receptors and Afferent Pathways Cell Bodies and Efferent Pathways Central Control of Sympathetic Efferent Activity Descending Pathways to Spinal Sympathetic Outflow Central and Local Peripheral Circulatory Control by Blood Gases Central Effects Peripheral Effects Some Reflex Neural Control Mechanisms Arterial Baroreceptors Peripheral Arterial Chemoreceptors Upper Airway Receptors Facial Receptors Cardiopulmonary Receptors Overall Involvement of Cardiopulmonary Receptors Reflex Cardiovascular Effects of Lung Inflation Cardiac Responses Changes in Systemic Vascular Resistance Coronary Circulation Nature of Pulmonary Receptors Mechanisms of Respiratory Modulation Pulmonary Vagal Reflex Central Respiratory Neuronal Activity Hypocapnia Phasic Respiratory Modulation of Reflex Responses Respiration Heart Rate Respiratory Modulation of Specific Inputs to Nervous System Modulation by Hyperventilation Modulation by Reflex Hypoventilation and Apnea Interactions Between Carotid Baroreceptors and Chemoreceptors Respiratory Modulation of Vagal and Sympathetic Efferent Fiber Activity Activity in Cardiac Vagal Efferent Fibers Activity in Sympathetic Efferent Nerves Mechanisms of Central Integration Respiratory Sinus Arrhythmia Mechanisms Some Examples of Respiratory‐Circulatory Integrative Control Effects of Deep Breath Valsalva Maneuver Acute Hypoxia Hypocapnia Hypercapnia Asphyxia and Breath Holding Breath‐Hold Diving Effects of Changes in the Cardiovascular System on Respiration Respiration, Metabolism, and Cardiac Output Hemorrhagic Hypotension Medical Implications of Respiratory‐Cardiovascular Interactions Diving Response Protective Effects of Defense Mechanisms Exaggerated Defense Responses Restoration of Normal Cardiac Rhythm Sudden Infant Death Syndrome",Hypocapnia; Baroreceptor; Medicine; Reflex; Respiratory system; Anesthesia; Heart rate; Internal medicine; Blood pressure; Hypercapnia,False,other,True,True,False,doi,,"{'venue': 'crossref', 'pages': 'crossref', 'publisher': 'crossref', 'url': 'crossref', 'lang': 'crossref'}",{'crossref': 5},"X003.R000 resolved | hits:OA,CR | winner:- | filled:venue:CR; lang:CR | missing:-"
A133,10116101res592178,Power spectral analysis of heart rate and arterial pressure variabilities as a marker of sympatho-vagal interaction in man and conscious dog,M. Pagani; Federico Lombardi; Stefano Guzzetti; Ornella Rimoldi; Raffaello Furlan; Paolo Pizzinelli; Giulia Sandrone; Gabriella Malfatto; Simonetta Dell’Orto; Emanuela Piccaluga,M. Pagani,1986.0,10.1161/01.res.59.2.178,https://pubmed.ncbi.nlm.nih.gov/2874900,,,Circulation Research,59,2,178-193,Ovid Technologies (Wolters Kluwer Health),en,https://doi.org/10.1161/01.res.59.2.178,0.9,resolved,openalex,2026-08-16T22:30:13Z,X003,"In 57 normal subjects (age 20-60 years), we analyzed the spontaneous beat-to-beat oscillation in R-R interval during control recumbent position, 90 degrees upright tilt, controlled respiration (n = 16) and acute (n = 10) and chronic (n = 12) beta-adrenergic receptor blockade. Automatic computer analysis provided the autoregressive power spectral density, as well as the number and relative power of the individual components. The power spectral density of R-R interval variability contained two major components in power, a high frequency at approximately 0.25 Hz and a low frequency at approximately 0.1 Hz, with a normalized low frequency:high frequency ratio of 3.6 +/- 0.7. With tilt, the low-frequency component became largely predominant (90 +/- 1%) with a low frequency:high frequency ratio of 21 +/- 4. Acute beta-adrenergic receptor blockade (0.2 mg/kg IV propranolol) increased variance at rest and markedly blunted the increase in low frequency and low frequency:high frequency ratio induced by tilt. Chronic beta-adrenergic receptor blockade (0.6 mg/kg p.o. propranolol, t.i.d.), in addition, reduced low frequency and increased high frequency at rest, while limiting the low frequency:high frequency ratio increase produced by tilt. Controlled respiration produced at rest a marked increase in the high-frequency component, with a reduction of the low-frequency component and of the low frequency:high frequency ratio (0.7 +/- 0.1); during tilt, the increase in the low frequency:high frequency ratio (8.3 +/- 1.6) was significantly smaller. In seven additional subjects in whom direct high-fidelity arterial pressure was recorded, simultaneous R-R interval and arterial pressure variabilities were examined at rest and during tilt. Also, the power spectral density of arterial pressure variability contained two major components, with a relative low frequency:high frequency ratio at rest of 2.8 +/- 0.7, which became 17 +/- 5 with tilt. These power spectral density components were numerically similar to those observed in R-R variability. Thus, invasive and noninvasive studies provided similar results. More direct information on the role of cardiac sympathetic nerves on R-R and arterial pressure variabilities was derived from a group of experiments in conscious dogs before and after bilateral stellectomy. Under control conditions, high frequency was predominant and low frequency was very small or absent, owing to a predominant vagal tone. During a 9% decrease in arterial pressure obtained with IV nitroglycerin, there was a marked increase in low frequency, as a result of reflex sympathetic activation.(ABSTRACT TRUNCATED AT 400 WORDS)",Propranolol; Beat (acoustics); Blockade; Internal medicine; Heart rate; Supine position; Respiration; Low frequency; Chemistry; Cardiology; Blood pressure; Endocrinology,True,article,True,True,False,doi,,"{'venue': 'crossref', 'volume': 'crossref', 'issue': 'crossref', 'pages': 'crossref', 'publisher': 'crossref', 'url': 'crossref', 'lang': 'crossref'}",{'crossref': 7},"X003.R000 resolved | hits:OA,CR | winner:- | filled:venue:CR; lang:CR | missing:-"
A134,101152ajpheart19812414h620,Respiratory sinus arrhythmia in humans: how breathing pattern modulates heart rate,Jules Hirsch; B. Bishop,Jules Hirsch,1981.0,10.1152/ajpheart.1981.241.4.h620,https://pubmed.ncbi.nlm.nih.gov/7315987,,,American Journal of Physiology-Heart and Circulatory Physiology,241,4,H620-H629,American Physiological Society,en,https://doi.org/10.1152/ajpheart.1981.241.4.h620,0.9,resolved,openalex,2026-08-16T22:30:14Z,X003,"The relationship of respiratory sinus arrhythmia amplitude (RSA) to tidal volume and breathing frequency was quantified during voluntarily controlled tidal volume and breathing frequency and spontaneous quiet breathing. Seventeen seated subjects breathed via mouthpiece and nose-clip, maintaining constant tidal volumes at each of several breathing frequencies. Inspiratory breath hold was zero frequency. Log RSA was plotted vs. log frequency for each tidal volume. The large stable RSA for frequencies less than 6 cycles/min was called low-frequency intercept (LFI, 20 +/- 5 beats/min). Low-frequency intercept was inversely proportional to a subject's age only to 35 yr. At higher breathing frequencies above a characteristic corner frequency (fC, 7.2 +/- 1.5 cycles/min) RSA decreased with constant slope (roll-off; 21 +/- 3.4 dB/decade). The RSA-volume relationship was linear permitting normalization of RSA-frequency curves for tidal volume to yield one curve. Spontaneous breathing data points fell on this curve. Voluntarily coupling of heart rate to breathing frequency in integer ratios reduced breath-by-breath variability of RSA without changing mean RSA. In conclusion, low-frequency intercept, corner frequency, and roll-off characterize an individual's RSA-frequency relationship during both voluntarily controlled and spontaneous breathing.",Tidal volume; Vagal tone; Respiratory rate; Mathematics; Mouthpiece; Ventilation (architecture); Breathing; Cardiology; Respiratory system; Medicine; Heart rate variability; Anesthesia,False,article,True,True,False,doi,,"{'venue': 'crossref', 'volume': 'crossref', 'issue': 'crossref', 'pages': 'crossref', 'publisher': 'crossref', 'url': 'crossref', 'lang': 'crossref'}",{'crossref': 7},"X003.R000 resolved | hits:OA,CR | winner:- | filled:venue:CR; lang:CR | missing:-"
A135,101152jappl1975395801,Respiratory sinus arrhythmia: noninvasive measure of parasympathetic cardiac control,P. G. Katona; Felix Keng Yung Jih,P. G. Katona,1975.0,10.1152/jappl.1975.39.5.801,https://pubmed.ncbi.nlm.nih.gov/1184518,,,Journal of Applied Physiology,39,5,801-805,American Physiological Society,en,https://doi.org/10.1152/jappl.1975.39.5.801,0.9,resolved,openalex,2026-08-16T22:30:14Z,X003,"The degree of parasympathetic heart rate control, PC, was defined as the decrease in average heart period (RR interval) caused by the elimination of parasympathetically mediated influences on the heart while keeping sympathetic activity unchanged. By reviewing published results on the interaction of sympathetic and parasympathetic heart rate control, the prediction was made that PC should be directly proportional to VHP, the peak-to-peak variations in heart period caused by spontaneous respiration. In sevel chloralose/urethan-anesthetized dogs the vagi were reversibly blocked by cooling, and PC (the difference between average heart period before and after cooling) and VHP (without cooling) were determined under a variety of conditions that included a) increasing vagal activity by elevating the blood pressure b) sympathetic blockade, and c) parasympathetic blockade. The relationship between VHP and PC was linear with an average correlation coefficient of 0.969 +/- 0.024 (SD) and a PC-axis intercept of 15.2 +/- 25.9 ms. In each dog the correlation coefficient between VHP and PC was higher than between VHP and the average heart period (avg correlation coef: 0.914 +/- 0.044). These results suggest that the degree of respiratory sinus arrhythmia may be used as a noninvasive indicator of the degree of parasympathetic cardiac control.",Heart rate; Vagal tone; Respiratory system; Cardiology; Parasympathetic nervous system; Vagus nerve; Internal medicine; Respiration; Anesthesia; Blood pressure; Medicine; Autonomic nervous system,False,article,True,True,False,doi,,"{'venue': 'crossref', 'volume': 'crossref', 'issue': 'crossref', 'pages': 'crossref', 'publisher': 'crossref', 'url': 'crossref', 'lang': 'crossref'}",{'crossref': 7},"X003.R000 resolved | hits:OA,CR | winner:- | filled:venue:CR; lang:CR | missing:-"
A136,101152physrev1999793855,Central Control of the Cardiovascular and Respiratory Systems and Their Interactions in Vertebrates,Edwin W. Taylor; David L. Jordan; John H. Coote,Edwin W. Taylor,1999.0,10.1152/physrev.1999.79.3.855,https://pubmed.ncbi.nlm.nih.gov/10390519,,,Physiological Reviews,79,3,855-916,American Physiological Society,en,https://doi.org/10.1152/physrev.1999.79.3.855,0.9,resolved,openalex,2026-08-16T22:30:14Z,X003,"This review explores the fundamental neuranatomical and functional bases for integration of the respiratory and cardiovascular systems in vertebrates and traces their evolution through the vertebrate groups, from primarily water-breathing fish and larval amphibians to facultative air-breathers such as lungfish and some adult amphibians and finally obligate air-breathers among the reptiles, birds, and mammals. A comparative account of respiratory rhythm generation leads to consideration of the changing roles in cardiorespiratory integration for central and peripheral chemoreceptors and mechanoreceptors and their central projections. We review evidence of a developing role in the control of cardiorespiratory interactions for the partial relocation from the dorsal motor nucleus of the vagus into the nucleus ambiguus of vagal preganglionic neurons, and in particular those innervating the heart, and for the existence of a functional topography of specific groups of sympathetic preganglionic neurons in the spinal cord. Finally, we consider the mechanisms generating temporal modulation of heart rate, vasomotor tone, and control of the airways in mammals; cardiorespiratory synchrony in fish; and integration of the cardiorespiratory system during intermittent breathing in amphibians, reptiles, and diving birds. Concluding comments suggest areas for further productive research.",Lungfish; Biology; Cardiorespiratory fitness; Nucleus ambiguus; Central chemoreceptors; Respiratory system; Vertebrate; Hindbrain; Neuroscience; Chemoreceptor; Medulla oblongata; Peripheral chemoreceptors,False,article,True,True,False,doi,,"{'venue': 'crossref', 'volume': 'crossref', 'issue': 'crossref', 'pages': 'crossref', 'publisher': 'crossref', 'url': 'crossref', 'lang': 'crossref'}",{'crossref': 7},"X003.R000 resolved | hits:OA,CR | winner:- | filled:venue:CR; lang:CR | missing:-"
A137,10116101cir9171918,Heart Rate Variability During Specific Sleep Stages,Emilio Vanoli; Philip B. Adamson; Ba-Lin; Gian Domenico Pinna; Ralph Lazzara; William C. Orr,Emilio Vanoli,1995.0,10.1161/01.cir.91.7.1918,https://pubmed.ncbi.nlm.nih.gov/7895347,,,Circulation,91,7,1918-1922,Ovid Technologies (Wolters Kluwer Health),en,https://doi.org/10.1161/01.cir.91.7.1918,0.9,resolved,openalex,2026-08-16T22:30:15Z,X003,"BACKGROUND: Heart rate variability (HRV) is typically higher during nighttime. This evidence supports the concept that overall, sleep is a condition during which vagal activity is dominant. Myocardial infarction (MI) results in a loss in the overall nocturnal HRV increase. However, the characteristics of HRV during specific sleep stages in normal subjects and, more importantly, after MI, are unknown. This study describes HRV during sleep stages in normal subjects and in patients with a recent MI. METHODS AND RESULTS: HRV was measured from 5 minutes of continuous ECG recording in 8 subjects with no clinical evidence of coronary artery disease (age, 47 +/- 4 years) and in 8 patients with a recent MI (age, 51 +/- 2 years; NS versus control subjects) in the awake state, non-rapid eye movement (REM), and REM sleep. In normal subjects, the low- to high-frequency ratio (LF/HF) derived from power spectral analysis of HRV decreased significantly from the awake state to non-REM sleep (from 4 +/- 1.4 to 1.22 +/- 0.33, P < .01). During REM sleep, the LF/HF increased to 3 +/- 0.74 (P < .01 versus non-REM, NS versus awake). In post-MI patients, the LF/HF showed an opposite trend toward an increase from 2.4 +/- 0.7 to 5.11 +/- 1.4 (NS, P < .01 versus the control subjects). REM sleep produced a further increase in the LF/HF up to 8.9 +/- 1.6 (P < .01 versus awake and versus REM in control subjects). CONCLUSIONS: Myocardial infarction causes a loss in the capability of the vagus to physiologically activate during sleep. This results in a condition of relative sympathetic dominance even in a situation such as sleep, normally described as a condition of vagal dominance and, consequently, low risk for lethal events. The evidence that the sleep-related vagal activation is lost after MI may provide new insights to understanding the nocturnal occurrence of sudden death.",Medicine; Heart rate variability; Internal medicine; Cardiology; Sleep (system call); Myocardial infarction; Sleep Stages; Nocturnal; Non-rapid eye movement sleep; Heart rate; Rapid eye movement sleep; Slow-wave sleep,False,article,True,True,False,doi,,"{'venue': 'crossref', 'volume': 'crossref', 'issue': 'crossref', 'pages': 'crossref', 'publisher': 'crossref', 'url': 'crossref', 'lang': 'crossref'}",{'crossref': 7},"X003.R000 resolved | hits:OA,CR | winner:- | filled:venue:CR; lang:CR | missing:-"
A138,101093cvr267713,Neural regulation of heart rate variability in endurance athletes and sedentary controls,E M Dixon; Markad V. Kamath; Neil McCartney; Ernest L. Fallen,E M Dixon,1992.0,10.1093/cvr/26.7.713,https://pubmed.ncbi.nlm.nih.gov/1423437,,,Cardiovascular Research,26,7,713-719,Oxford University Press (OUP),en,https://doi.org/10.1093/cvr/26.7.713,0.9,resolved,openalex,2026-08-16T22:30:15Z,X003,"OBJECTIVE: The aim was to examine the cardiac autonomic responses to orthostatic stress and recovery from steady state exercise in endurance trained athletes and sedentary subjects. METHODS: The power spectrum of heart rate variability was measured before and after exercise in 10 male long distance runners and 14 male sedentary control subjects. Both groups were comparable in sex, age, and body mass index. Continuous ECG recordings were obtained during the following physiological manoeuvres: 45 min supine rest state; 10 min standing; 15 min steady state exercise at 50% maximum workload, and 15 min while supine during post-exercise recovery. The resting heart rate of athletes was lower than controls, at 52(SD 4.9) v 67(8.7) beats.min-1, p < 0.001. Power spectrum analysis was performed using autoregressive modelling. RESULTS: The resting high frequency (HF) vagal component was higher in athletes than controls, at 62 (10.7) v 44(22.4) beats.min-1.Hz-1, p < 0.05. The resting low frequency (LF) peak power was significantly reduced in athletes, at 54(9.9) v 70(19.5) in control, p < 0.05. Although no group differences were observed during upright posture or exercise, the LF:HF area ratio had already returned to pre-exercise levels within 5 min of recovery in athletes. Conversely, it required up to 15 min of recovery before a noticeable decrease in the LF:HF area ratio was seen in controls. CONCLUSIONS: These data support the hypothesis that endurance training modifies heart rate control in whole or in part through neurocardiac mechanisms.",Supine position; Heart rate; Medicine; Heart rate variability; Cardiology; Internal medicine; Athletes; Endurance training; Orthostatic vital signs; Physical therapy; Blood pressure,False,article,True,True,False,doi,,"{'venue': 'crossref', 'volume': 'crossref', 'issue': 'crossref', 'pages': 'crossref', 'publisher': 'crossref', 'url': 'crossref', 'lang': 'crossref'}",{'crossref': 7},"X003.R000 resolved | hits:OA,CR | winner:- | filled:venue:CR; lang:CR | missing:-"
A139,101016073510979290007a,Comparison of 24-hour parasympathetic activity in endurance-trained and untrained young men,Rochelle L. Goldsmith; J. Thomas Bigger; Richard C. Steinman; Joseph L. Fleiss,Rochelle L. Goldsmith,1992.0,10.1016/0735-1097(92)90007-a,https://pubmed.ncbi.nlm.nih.gov/1512332,,,Journal of the American College of Cardiology,20,3,552-558,Elsevier BV,en,https://doi.org/10.1016/0735-1097(92)90007-a,0.9,resolved,openalex,2026-08-16T22:30:15Z,X003,,Medicine; Reflex; Internal medicine; Heart rate; Cardiology; Parasympathetic nervous system; Autonomic nervous system; Heart rate variability; Blood pressure,True,article,True,True,True,doi,,"{'venue': 'crossref', 'volume': 'crossref', 'issue': 'crossref', 'pages': 'crossref', 'publisher': 'crossref', 'url': 'crossref', 'lang': 'crossref'}",{'crossref': 7},"X003.R000 resolved | hits:OA,CR,S2 | winner:- | filled:venue:CR; lang:CR | missing:abstract"
A140,10116101cir8141217,Decreased magnitude of heart rate spectral components in coronary artery disease. Its relation to angiographic severity,Junichiro Hayano; Y Sakakibara; Masami Yamada; Nobuyuki Ohte; T Fujinami; Kenichi Yokoyama; Yusuke Watanabe; Kazuyuki Takata,Junichiro Hayano,1990.0,10.1161/01.cir.81.4.1217,https://pubmed.ncbi.nlm.nih.gov/2317904,,,Circulation,81,4,1217-1224,Ovid Technologies (Wolters Kluwer Health),en,https://doi.org/10.1161/01.cir.81.4.1217,0.9,resolved,openalex,2026-08-16T22:30:16Z,X003,"We analyzed the spectral components of RR interval variability under controlled respiration (15 breaths/min) in 56 patients (age range, 35-73 years) referred for coronary angiography; 14 patients had multivessel disease (group M), 21 had one-vessel disease (group S), and 21 had nonsignificant disease or normal coronary artery (group N). There were 43 healthy controls (age range, 36-71 years) (group C). The patients had no clinical evidence of heart failure, hypertension, diabetes mellitus, or acute stage of infarction and had taken no medication for 3 days. The autoregressive power spectral density of RR interval variability contains two major components, respiratory sinus arrhythmia (RSA) (0.25 Hz) and Mayer wave-like sinus arrhythmia (MWSA) (0.04-0.15 Hz), which have magnitudes that are quantitative markers of cardiac vagal activity and sympathetic activity with vagal modulation, respectively. We represented the magnitudes by the coefficient of component variance (CCV), which provided the amplitude relative to the mean RR interval. The age- and sex-adjusted mean of CCVRSA significantly decreased with advancing angiographic severity (1.64 +/- 0.09%, 1.66 +/- 0.12%, 1.22 +/- 0.13%, and 0.81 +/- 0.16% for groups C, N, S, and M, respectively) (p = 0.0001). The CCVRSA was unrelated to left ventricular function, previous myocardial infarction, or stenosis of any specific artery including the sinoatrial and atrioventricular node arteries. The CCVMWSA decreased only in group M (p = 0.0462). These results indicate that coronary artery disease is associated with vagal dominant impairment in autonomic cardiac function and that reduction in the vagal cardiac function correlates with the angiographic severity.",Medicine; Cardiology; Internal medicine; Myocardial infarction; Coronary artery disease; Vagal tone; Sinus rhythm; Heart rate variability; Artery; Stenosis; Diabetes mellitus; Heart rate,True,article,True,True,False,doi,,"{'venue': 'crossref', 'volume': 'crossref', 'issue': 'crossref', 'pages': 'crossref', 'publisher': 'crossref', 'url': 'crossref', 'lang': 'crossref'}",{'crossref': 7},"X003.R000 resolved | hits:OA,CR | winner:- | filled:venue:CR; lang:CR | missing:-"
A141,101152ajpheart19942671h33,Effects of respiratory interval on vagal modulation of heart rate,Junichiro Hayano; Shizuo Mukai; Masahito Sakakibara; Akiyoshi Okada; Kazuyuki Takata; T Fujinami,Junichiro Hayano,1994.0,10.1152/ajpheart.1994.267.1.h33,https://pubmed.ncbi.nlm.nih.gov/7914066,,,American Journal of Physiology-Heart and Circulatory Physiology,267,1,H33-H40,American Physiological Society,en,https://doi.org/10.1152/ajpheart.1994.267.1.h33,0.9,resolved,openalex,2026-08-16T22:30:16Z,X003,"To determine whether paced breathing (PB) and respiratory interval of PB modify the relationship between spectral components of heart rate variability (HRV) and cardiac vagal tone, we studied seven healthy young males under the condition of beta-adrenergic blockade by intravenous propranolol (0.2 mg/kg). Compared with spontaneous breathing, PB at the same respiratory interval as that of individual spontaneous breathing showed no significant effect on the amplitude of the high-frequency (HF) component or the mean R-R interval in either the supine or tilt position, whereas the PB decreased the amplitude of the low-frequency (LF; 0.04-0.15 Hz) component in both positions (P = 0.004 and 0.042, respectively). When the respiratory interval was increased from 3 to 6 s, the HF amplitude showed a progressive increase in both positions (P = 0.001 and 0.035, respectively), while the LF amplitude and mean R-R interval remained unchanged. These results indicate that the effects of PB and respiratory interval on the spectral components of HRV are not mediated by the changes in mean cardiac vagal tone and support the hypothesis that increased respiratory interval amplifies the respiratory-related vagal modulation of heart rate.",Vagal tone; Supine position; Respiratory rate; Respiratory system; Heart rate; Cardiology; Heart rate variability; Anesthesia; Respiratory frequency; Medicine; Propranolol; Respiration,False,article,True,True,False,doi,,"{'venue': 'crossref', 'volume': 'crossref', 'issue': 'crossref', 'pages': 'crossref', 'publisher': 'crossref', 'url': 'crossref', 'lang': 'crossref'}",{'crossref': 7},"X003.R000 resolved | hits:OA,CR | winner:- | filled:venue:CR; lang:CR | missing:-"
A142,101098rspb19360005,Respiratory variations of the heart rate - I—The reflex mechanism of the respiratory arrhythmia,G. V. Anrep; W Pascual; Richard Rößler,G. V. Anrep,1936.0,10.1098/rspb.1936.0005,,,,Proceedings of the Royal Society of London. Series B - Biological Sciences,119,813,191-217,The Royal Society,en,https://doi.org/10.1098/rspb.1936.0005,0.9,resolved,openalex,2026-08-16T22:30:17Z,X003,"Abstract The fact that under certain conditions in some animals and in man inspiration is accompanied by an acceleration of the heart rate has been demonstrated by many observers and can be considered as well established. Agreement has not yet been reached, however, about the mechanism underlying this respiratory cardiac arrhythmia. E. Hering (1871), H. E. Hering (1895), Nikiforovsky (1910), Blumenfeldt and Putzig (1914) regard the arrhythmia as caused by a reflex the stimulus for which originates within the lungs. Traube (1865), Frédéricq (1882), Foa (1913), Snyder (1915), and Heymans (1929) attribute it to a purely central influence; Bainbridge and Hilton (1918-19), and Bainbridge (1920) deny any direct influence of the respiratory act upon the heart rate and ascribe the arrhythmia to the rise in the intra-auricular blood pressure taking place during inspiration. Thus Bainbridge regards the respiratory changes of the heart rate as a reflex which accompanies respiration but is not directly caused by it. Recently H. E. Hering accepted this point of view (1933). The question whether inspiration provides the stimulus for the cardiac acceleration or whether the expiration provides the stimulus for the retardation or both is not yet settled. Neither is there an agreement about the efferent path through which the changes in the heart rate are produced, the effect being attributed by some authors to variations of the vagus tone and by others to variations of the accelerator tone. The present investigation was undertaken in order to obtain further information upon the subject and, if possible, to find the cause of the difference between the observations of the previous authors. The research was begun in 1929 in the Physiological Laboratory of Cambridge and continued up to the present in Cairo. Our preliminary experiments convinced us that there were at least two distinct mechanisms underlying the respiratory cardiac arrhythmia, a reflex and a central mechanism. It was also soon found that the result of action of these two mechanisms may be greatly changed or even reversed under different conditions. The reflex and the central mechanism may overlap or interfere with each other so that the study of one of them in the presence of the other is confusing and unreliable. Our investigation thus became naturally divided into three sections: (a) the study of the reflex mechanism in absence of the central mechanism, (b) the study of the central mechanism in absence of the reflex mechanism, and (c) the study of the interaction between the reflex and the central mechanisms. Only reaction (a) is considered in Part I; sections (b) and (c) are discussed in Part II.",Reflex; Heart rate; Stimulus (psychology); Expiration; Respiratory system; Vagal tone; Respiratory rate; Medicine; Respiration; Efferent; Cardiology; Anesthesia,False,article,True,True,False,doi,,"{'venue': 'crossref', 'volume': 'crossref', 'issue': 'crossref', 'pages': 'crossref', 'publisher': 'crossref', 'url': 'crossref', 'lang': 'crossref'}",{'crossref': 7},"X003.R000 resolved | hits:OA,CR | winner:- | filled:venue:CR; lang:CR | missing:-"
A143,101113jphysiol1958sp006092,The effects of stimulation of the carotid body chemoreceptors on heart rate in the dog,M. de Burgh Daly; Mary J. Scott,M. de Burgh Daly,1958.0,10.1113/jphysiol.1958.sp006092,https://pubmed.ncbi.nlm.nih.gov/13599115,,,The Journal of Physiology,144,1,148-166,Wiley,en,https://doi.org/10.1113/jphysiol.1958.sp006092,0.9,resolved,openalex,2026-08-16T22:30:17Z,X003,,Carotid body; Stimulation; Citation; Medicine; Library science; Internal medicine; Computer science,True,article,True,True,True,doi,,"{'venue': 'crossref', 'volume': 'crossref', 'issue': 'crossref', 'pages': 'crossref', 'publisher': 'crossref', 'url': 'crossref', 'lang': 'crossref'}",{'crossref': 7},"X003.R000 resolved | hits:OA,CR,S2 | winner:- | filled:venue:CR; lang:CR | missing:abstract"
A144,1010160165183887900051,"Spectral analysis of heart rate fluctuations. A non-invasive, sensitive method for the early diagnosis of autonomic neuropathy in diabetes mellitus",Michael Lishner; S. Akselrod; V. Mor Avi; O. Oz; M. Y. Divon; Mordchai Ravid,Michael Lishner,1987.0,10.1016/0165-1838(87)90005-1,https://pubmed.ncbi.nlm.nih.gov/3598051,,,Journal of the Autonomic Nervous System,19,2,119-125,Elsevier BV,en,https://doi.org/10.1016/0165-1838(87)90005-1,0.9,resolved,openalex,2026-08-16T22:30:18Z,X003,,Medicine; Cardiology; Internal medicine; Heart rate; Diabetes mellitus; Vasomotor; Heart rate variability; Baroreceptor; Diabetic neuropathy; Sinoatrial node; Autonomic nervous system; Blood pressure,False,article,True,True,True,doi,,"{'venue': 'crossref', 'volume': 'crossref', 'issue': 'crossref', 'pages': 'crossref', 'publisher': 'crossref', 'url': 'crossref', 'lang': 'crossref'}",{'crossref': 7},"X003.R000 resolved | hits:OA,CR,S2 | winner:- | filled:venue:CR; lang:CR | missing:abstract"
A145,101126science6372092,The Respiratory Sinus Arrhythmia: A Measure of Cardiac Age,William J.M. Hrushesky; Darrell J. Fader; Otto H. Schmitt; Victor A. Gilbertsen,William J.M. Hrushesky,1984.0,10.1126/science.6372092,https://pubmed.ncbi.nlm.nih.gov/6372092,,,Science,224,4652,1001-1004,American Association for the Advancement of Science (AAAS),en,https://doi.org/10.1126/science.6372092,0.9,resolved,openalex,2026-08-16T22:30:19Z,X003,"A method developed for quantifying respiratory sinus arrhythmia (RSA) during voluntary cardiorespiratory synchronization relies on computer-assisted rhythmometric cosinor analysis of instantaneous heart rate data. The RSA was present in all subjects tested, even those at advanced ages. The amplitude of the RSA falls approximately 10 percent per decade. An individual with a transplanted heart and one with severe diabetic neuropathy each had resting RSA values that were normal for their ages. The shape and amplitude of the RSA during voluntary cardiorespiratory synchronization may reflect the suppleness of the heart and its response to rhythmically changing intrathoracic pressure and the subsequent ebb-and-flow of venous return. Our technology allows objective quantitative assessment of the biologic age of the heart and also the effect of any drug, disease, or behavior that affects the RSA.",Cardiorespiratory fitness; Vagal tone; Medicine; Heart rate; Cardiology; Respiratory system; Internal medicine; Heart disease; Heart rate variability; Blood pressure,False,article,True,True,False,doi,,"{'venue': 'crossref', 'volume': 'crossref', 'issue': 'crossref', 'pages': 'crossref', 'publisher': 'crossref', 'url': 'crossref', 'lang': 'crossref'}",{'crossref': 7},"X003.R000 resolved | hits:OA,CR | winner:- | filled:venue:CR; lang:CR | missing:-"
A146,1010970000684219960100000006,Effect of Slowed Respiration on Cardiac Parasympathetic Response to Threat,Masahito Sakakibara; Junichiro Hayano,Masahito Sakakibara,1996.0,10.1097/00006842-199601000-00006,https://pubmed.ncbi.nlm.nih.gov/8677286,,,Psychosomatic Medicine,58,1,32-37,Ovid Technologies (Wolters Kluwer Health),en,https://doi.org/10.1097/00006842-199601000-00006,0.9,resolved,openalex,2026-08-16T22:30:20Z,X003,"The present study was designed to examine the effect of voluntarily slowed respiration on the cardiac parasympathetic response to a threat: the anticipation of an electric shock. Thirty healthy college students were randomly assigned to the slow, fast, and nonpaced breathing groups (10 subjects each). Subjects in the slow and fast paced breathing groups regulated their breathing rate to 8 and 30 cpm, respectively, and those in the nonpaced breathing group breathed spontaneously. Immediately after the period of paced or nonpaced breathing for 5 minutes, the subjects were exposed for 2 minutes to the anticipation of an electric shock during breathing paced at 15 cpm. The amplitude of the high frequency (HF) component of the heart rate variability, an index of cardiac parasympathetic tone, significantly decreased during the threat in the fast and nonpaced breathing groups, whereas it was unchanged in the slow paced breathing group. No significant difference was observed among the three groups in the amplitude of respiration during the threat. Results suggest that a slowed respiration decreases the cardiac parasympathetic withdrawal response to the threat. This study provides a rationale for the therapeutic uses of the slowed respiration maneuver in attenuating the cardiac autonomic responses in patients with anxiety disorder.",Respiration; Breathing; Anticipation (artificial intelligence); Medicine; Heart rate; Heart rate variability; Anesthesia; Vagal tone; Ventilation (architecture); Shock (circulatory); Cardiology; Internal medicine,False,article,True,True,False,doi,,"{'venue': 'crossref', 'volume': 'crossref', 'issue': 'crossref', 'pages': 'crossref', 'publisher': 'crossref', 'url': 'crossref', 'lang': 'crossref'}",{'crossref': 7},"X003.R000 resolved | hits:OA,CR | winner:- | filled:venue:CR; lang:CR | missing:-"
A147,101113jphysiol1964sp007520,"Activity of single efferent fibres in the cervical vagus nerve of the dog, with special reference to possible cardio‐inhibitory fibres",Don L. Jewett,Don L. Jewett,1964.0,10.1113/jphysiol.1964.sp007520,https://pubmed.ncbi.nlm.nih.gov/14241836,,,The Journal of Physiology,175,3,321-357,Wiley,en,https://doi.org/10.1113/jphysiol.1964.sp007520,0.9,resolved,openalex,2026-08-16T22:30:20Z,X003,,Efferent; Inhibitory postsynaptic potential; Citation; Vagus nerve; Anatomy; Computer science; Medicine; Neuroscience; Psychology; Library science; Afferent; Stimulation,True,article,True,True,True,doi,,"{'venue': 'crossref', 'volume': 'crossref', 'issue': 'crossref', 'pages': 'crossref', 'publisher': 'crossref', 'url': 'crossref', 'lang': 'crossref'}",{'crossref': 7},"X003.R000 resolved | hits:OA,CR,S2 | winner:- | filled:venue:CR; lang:CR | missing:abstract"
A148,101113jphysiol1976sp011480,Respiratory modulation of barareceptor and chemoreceptor reflexes affecting heart rate and cardiac vagal efferent nerve activity,Natalie Davidson; Susan Goldner; D.I. McCloskey,Natalie Davidson,1976.0,10.1113/jphysiol.1976.sp011480,https://pubmed.ncbi.nlm.nih.gov/957256,,,The Journal of Physiology,259,2,523-530,Wiley,en,https://doi.org/10.1113/jphysiol.1976.sp011480,0.9,resolved,openalex,2026-08-16T22:30:21Z,X003,"1. Brief stimuli were delivered to the carotid chemoreceptors or baroreceptors in dogs anaesthetized with chloralose. Chemoreceptor stimulation was achieved by rapid retrograde injection of 0.2-0.5 ml. CO2 equilibrated saline through a cannula in the external carotid artery. Baroreceptor stimulation was achieved by forceful retrograde injection of 2-5 ml. air-equilibrated saline into the external carotid artery after first clamping the common carotid artery. 2. prompt decreases in heart rate were elicited by brief sudden chemoreceptor or baroreceptor stimuli when these were delivered during the expiratory phase of respiration. The stimuli did not modify the control heart rate pattern when delivered in the inspiratory phase of respiration. This respiratory modulation of reflex effectiveness persisted when the animals were completely paralysed and the phase of the respiratory cycle was monitored through a phrenic electroneurogram. 3. single cardiac vagal efferent nerve fibres were dissected from the cut central end of the right cervical vagus nerve. They were classified as cardiac efferents by their cardiac and respiratory rhythmicity, and by their increased activity in response to stimulation of a carotid sinus nerve or to mechanical elevation of the systemic arterial pressure. These efferent fibres increased their activity in response to brief chemoreceptor or baroreceptor stimuli delivered in expiration, but did not respond to stimuli delivered in inspiration. This respiratory modulation of both reflexes persisted after bilateral cervical vagotomy.",Baroreceptor; Efferent; Chemoreceptor; Vagus nerve; Heart rate; Medicine; Anesthesia; Carotid sinus; Reflex; Denervation; Reflex bradycardia; Efferent nerve,True,article,True,True,False,doi,,"{'venue': 'crossref', 'volume': 'crossref', 'issue': 'crossref', 'pages': 'crossref', 'publisher': 'crossref', 'url': 'crossref', 'lang': 'crossref'}",{'crossref': 7},"X003.R000 resolved | hits:OA,CR | winner:- | filled:venue:CR; lang:CR | missing:-"
A149,101093bja802164,Relationship between cardioventilatory coupling and respiratory sinus arrhythmia,D. C. Galletly; Peter Larsen,D. C. Galletly,1998.0,10.1093/bja/80.2.164,https://pubmed.ncbi.nlm.nih.gov/9602579,,,British Journal of Anaesthesia,80,2,164-168,Elsevier BV,en,https://doi.org/10.1093/bja/80.2.164,0.9,resolved,openalex,2026-08-16T22:30:22Z,X003,,Vagal tone; Cardiology; Heart rate; Internal medicine; Coupling (piping); Respiratory system; Ventilation (architecture); Medicine; Respiratory frequency; Respiratory rate; Anesthesia; Breathing,True,article,True,True,True,doi,,"{'venue': 'crossref', 'volume': 'crossref', 'issue': 'crossref', 'pages': 'crossref', 'publisher': 'crossref', 'url': 'crossref', 'lang': 'crossref'}",{'crossref': 7},"X003.R000 resolved | hits:OA,CR,S2 | winner:- | filled:venue:CR; lang:CR | missing:abstract"
A150,101111j144018191997tb02590x,Recording of electroencephalograms and electrocardiograms during daytime sleep in trained canines: Preparation of the sleeping dogs,Fumihiko Yasuma; Hiroshi Hayashi; KAORU SHIMOKATA; Mitsuhiro Yokota; Tamotsu Okada; Junzoh Kitoh,Fumihiko Yasuma,1997.0,10.1111/j.1440-1819.1997.tb02590.x,https://pubmed.ncbi.nlm.nih.gov/9316171,,,Psychiatry and Clinical Neurosciences,51,4,237-239,Wiley,en,https://doi.org/10.1111/j.1440-1819.1997.tb02590.x,0.9,resolved,openalex,2026-08-16T22:30:23Z,X003,"Although respiration in trained canines is well investigated, the process of preparing dogs has not been described in any great detail. Moreover, their daytime patterns of sleep and wakefulness during 1 or 2 h of electroencephalogram (EEG) and electrocardiogram (ECG) recordings are not clear. Therefore, we describe the process of selecting and training dogs, in which we recorded EEG and ECG in the laboratory. First, 14 of 1242 dogs dealt with over a 1 year period were chosen. They were trained for 2 h to lie quietly and to sleep in the laboratory; this training procedure was repeated 152 times. Three dogs were then selected and a permanent tracheostomy was performed in one. Finally, EEG and ECG were recorded with the bipolar fine needle electrodes; respiration was recorded simultaneously through a tube inserted to a tracheostomy in one dog. Wakefulness, slow wave sleep (SWS) and rapid eye movement (REM) sleep (REMS) were identified according to the EEG pattern and on the basis of the behavioral criteria. Recordings were performed 12 or 13 times in each dog. Complete sleep cycles, including wakefulness, SWS and REMS in this sequence, were observed 3.9-4.1 times. The mean duration of SWS was 2.2-4.4 min and that of REMS was 3.5-4.6 min. The REMS latency was 33.9-41.8 min. Fluctuation of heart rate with respiration, termed respiratory sinus arrhythmia, was noted in the ECG. Heart beat increased with inspiration and decreased with expiration. The present study demonstrates how to select and train sleeping dogs and shows their undisturbed daytime sleep and wakefulness patterns.",Wakefulness; Electroencephalography; Expiration; Anesthesia; Sleep (system call); Medicine; Respiration; Heart rate; Psychology; Audiology; Respiratory system; Internal medicine,True,article,True,True,False,doi,,"{'venue': 'crossref', 'volume': 'crossref', 'issue': 'crossref', 'pages': 'crossref', 'publisher': 'crossref', 'url': 'crossref', 'lang': 'crossref'}",{'crossref': 7},"X003.R000 resolved | hits:OA,CR | winner:- | filled:venue:CR; lang:CR | missing:-"
A151,101159000195699,Chronotropic Effects of Progressive Hypoxia and Hypercapnia,Mark Sanders; Fernando A. Keller,Mark Sanders,2009.0,10.1159/000195699,https://pubmed.ncbi.nlm.nih.gov/2740637,,,Respiration,,,1-10,S. Karger AG,en,https://doi.org/10.1159/000195699,0.9,resolved,openalex,2026-08-16T22:30:23Z,X003,"The effects of acute, progressive isocapnic hypoxia and hyperoxic hypercapnia on heart rate (HR) were determined in 13 normal individuals. In all subjects there was an inverse linear relationship between hemoglobin oxygen saturation and HR. For the group, the HR (mean +/- SE) increased from 72 +/- 2 to 89.5 +/- 3 beats/min representing a 25% increase. During progressive hypercapnia, the HR increased from 72 +/- 2 to 75 +/- 2 beats/min, representing only a 4% increase. In contrast to the HR response to hypoxia, there was a heterogeneous HR response to hypercapnia, with most subjects having a mild increase in HR, but some showing no response and a few exhibiting a decrease in HR. We conclude that although there is a significant tachycardic response to isocapnic hypoxia, the tachycardic response to hyperoxic hypercapnia is small and clinically insignificant. In addition, while there is uniformly a tachycardic response to isocapnic hypoxia, there is a considerable interindividual variability of the HR response to hyperoxic hypercapnia.",Hypercapnia; Medicine; Hypoxia (environmental); Chronotropic; Anesthesia; Heart rate; Internal medicine; Cardiology; Respiratory system; Oxygen; Chemistry; Blood pressure,False,article,True,True,False,doi,,"{'venue': 'crossref', 'pages': 'crossref', 'publisher': 'crossref', 'url': 'crossref', 'lang': 'crossref'}",{'crossref': 5},"X003.R000 resolved | hits:OA,CR | winner:- | filled:venue:CR; lang:CR | missing:-"
A152,10116101cir9351043,Heart Rate Variability,Task Force of the European Society of Cardiology the North A Electrophysiology,Task Force of the European Society of Cardiology the North A Electrophysiology,1996.0,10.1161/01.cir.93.5.1043,,,,Circulation,93,5,1043-1065,Ovid Technologies (Wolters Kluwer Health),en,https://doi.org/10.1161/01.cir.93.5.1043,0.9,resolved,openalex,2026-08-16T22:30:24Z,X003,"Healthy biological systems exhibit complex patterns of variability that can be described by mathematical chaos. Heart rate variability (HRV) consists of changes in the time intervals between consecutive heartbeats called interbeat intervals (IBIs). A healthy heart is not a metronome. The oscillations of a healthy heart are complex and constantly changing, which allow the cardiovascular system to rapidly adjust to sudden physical and psychological challenges to homeostasis. This article briefly reviews current perspectives on the mechanisms that generate 24 h, short-term (~5 min), and ultra-short-term (<5 min) HRV, the importance of HRV, and its implications for health and performance. The authors provide an overview of widely-used HRV time-domain, frequency-domain, and non-linear metrics. Time-domain indices quantify the amount of HRV observed during monitoring periods that may range from ~2 min to 24 h. Frequency-domain values calculate the absolute or relative amount of signal energy within component bands. Non-linear measurements quantify the unpredictability and complexity of a series of IBIs. The authors survey published normative values for clinical, healthy, and optimal performance populations. They stress the importance of measurement context, including recording period length, subject age, and sex, on baseline HRV values. They caution that 24 h, short-term, and ultra-short-term normative values are not interchangeable. They encourage professionals to supplement published norms with findings from their own specialized populations. Finally, the authors provide an overview of HRV assessment strategies for clinical and optimal performance interventions.",Medicine; Cardiology; Internal medicine,False,article,True,True,True,doi,,"{'venue': 'crossref', 'volume': 'crossref', 'issue': 'crossref', 'pages': 'crossref', 'publisher': 'crossref', 'url': 'crossref', 'lang': 'crossref', 'abstract': 'semanticscholar'}","{'crossref': 7, 'semanticscholar': 1}","X003.R000 resolved | hits:OA,CR,S2 | winner:- | filled:venue:CR; lang:CR; abstract:SE | missing:-"
A153,101113jphysiol1932sp002832,Discharges in mammalian sympathetic nerves,E. D. Adrian; D Bronk; Gilbert Phillips,E. D. Adrian,1932.0,10.1113/jphysiol.1932.sp002832,https://pubmed.ncbi.nlm.nih.gov/16994262,,,The Journal of Physiology,74,2,115-133,Wiley,en,https://doi.org/10.1113/jphysiol.1932.sp002832,0.9,resolved,openalex,2026-08-16T22:30:24Z,X003,,Citation; Computer science; Information retrieval; Library science,True,article,True,True,True,doi,,"{'venue': 'crossref', 'volume': 'crossref', 'issue': 'crossref', 'pages': 'crossref', 'publisher': 'crossref', 'url': 'crossref', 'lang': 'crossref'}",{'crossref': 7},"X003.R000 resolved | hits:OA,CR,S2 | winner:- | filled:venue:CR; lang:CR | missing:abstract"
A154,101152ajpheart19892561h153,Transfer function analysis of autonomic regulation. II. Respiratory sinus arrhythmia,J. Philip Saul; Ronald D. Berger; M. H. Chen; Richard J. Cohen,J. Philip Saul,1989.0,10.1152/ajpheart.1989.256.1.h153,https://pubmed.ncbi.nlm.nih.gov/2912177,,,American Journal of Physiology-Heart and Circulatory Physiology,256,1,H153-H161,American Physiological Society,en,https://doi.org/10.1152/ajpheart.1989.256.1.h153,0.9,resolved,openalex,2026-08-16T22:30:25Z,X003,"An efficient new technique was developed to investigate heart rate control at all physiologically relevant frequencies by using respiratory activity as a frequency probe of the autonomic nervous response. The transfer function from respiratory activity to heart rate was determined during 6-min periods in which the respiratory rate was voluntarily controlled in a predetermined but erratic fashion. Changes in posture were used to manipulate autonomic balance. Respiratory sinus arrhythmia was determined to be a frequency-dependent phenomenon with the magnitude and phase characteristics of a low-pass filter. In agreement with previous work, at typical respiratory frequencies (greater than 0.15 Hz) increases in heart rate occurred simultaneously with the onset of inspiratory activity; however, at frequencies less than 0.15 Hz the phase relationship was quite different, such that increases in heart rate preceded inspiration. Between 0.15 and 0.45 Hz, the transfer magnitude was consistently lower while the subjects were in the upright posture than when in the supine posture, but below 0.15 Hz, it was equal in both postures. A model for respiratory modulation of heart rate, based on the atrial rate response characteristics determined in the companion paper [Am. J. Physiol. 256 (Heart Circ. Physiol. 25): H142-H152, 1989], suggests that the magnitude and phase characteristics of the subjects in the supine and upright postures differ because of relatively increased sympathetic outflow in the upright posture. A precise and efficient characterization of respiratory sinus arrhythmia can yield considerable insight into the autonomic regulation of the heart.",Supine position; Heart rate; Vagal tone; Respiratory system; Cardiology; Heart rate variability; Autonomic nervous system; Medicine; Electrocardiography; Internal medicine; Anesthesia; Blood pressure,False,article,True,True,False,doi,,"{'venue': 'crossref', 'volume': 'crossref', 'issue': 'crossref', 'pages': 'crossref', 'publisher': 'crossref', 'url': 'crossref', 'lang': 'crossref'}",{'crossref': 7},"X003.R000 resolved | hits:OA,CR | winner:- | filled:venue:CR; lang:CR | missing:-"
A155,101152jappl19896741447,Respiratory sinus arrhythmia in the denervated human heart,Luciano Bernardi; Fernando A. Keller; Mark Sanders; P S Reddy; B. Griffith; Frank M. Meno; Michael R. Pinsky,Luciano Bernardi,1989.0,10.1152/jappl.1989.67.4.1447,https://pubmed.ncbi.nlm.nih.gov/2793748,,,Journal of Applied Physiology,67,4,1447-1455,American Physiological Society,en,https://doi.org/10.1152/jappl.1989.67.4.1447,0.9,resolved,openalex,2026-08-16T22:30:25Z,X003,"We performed this study to test whether the denervated human heart has the ability to manifest respiratory sinus arrhythmia (RSA). With the use of a highly sensitive spectral analysis technique (cross correlation) to define beat-to-beat coupling between respiratory frequency and heart rate period (R-R) and hence RSA, we compared the effects of patterned breathing at defined respiratory frequency and tidal volumes (VT), Valsalva and Mueller maneuvers, single deep breaths, and unpatterned spontaneous breathing on RSA in 12 normal volunteers and 8 cardiac allograft transplant recipients. In normal subjects R-R changes closely followed changes in respiratory frequency (P less than 0.001) but were little affected by changes in VT. On the R-R spectrum, an oscillation peak synchronous with respiration was found in heart transplant patients. However, the average magnitude of the respiration-related oscillations was 1.7-7.9% that seen in normal subjects and was proportionally more influenced by changes in VT. Changes in R-R induced by Valsalva and Mueller maneuvers were 3.8 and 4.9% of those seen in normal subjects, respectively, whereas changes in R-R induced by single deep breaths were 14.3% of those seen in normal subjects. The magnitude of RSA was not related to time since the heart transplantation, neither was it related to patient age or sex. Thus the heart has the intrinsic ability to vary heart rate in synchrony with ventilation, consistent with the hypothesis that changes, or rate of changes, in myocardial wall stretch might alter intrinsic heart rate independent of autonomic tone.",Respiratory system; Vagal tone; Cardiology; Internal medicine; Medicine; Heart rate; Anesthesia; Autonomic nervous system; Blood pressure,False,article,True,True,False,doi,,"{'venue': 'crossref', 'volume': 'crossref', 'issue': 'crossref', 'pages': 'crossref', 'publisher': 'crossref', 'url': 'crossref', 'lang': 'crossref'}",{'crossref': 7},"X003.R000 resolved | hits:OA,CR | winner:- | filled:venue:CR; lang:CR | missing:-"
A156,101113jphysiol1972sp009784,Reflex discharge patterns of cardiac vagal efferent fibres,Diana L. Kunze,Diana L. Kunze,1972.0,10.1113/jphysiol.1972.sp009784,https://pubmed.ncbi.nlm.nih.gov/4338691,,,The Journal of Physiology,222,1,1-15,Wiley,en,https://doi.org/10.1113/jphysiol.1972.sp009784,0.9,resolved,openalex,2026-08-16T22:30:25Z,X003,"1. Unit activity was recorded from single and few fibre preparations in a cardiac branch of the right vagus nerve of the cat.2. Increases in blood pressure mediated solely by the right carotid sinus nerve produced bradycardia when all other nerves to the heart had been cut. Myelinated fibres in the cardiac branch of the right vagus nerve were reflexly activated by the same procedure.3. The fibres were silent when blood pressure was below 140-150 mm Hg. As the pressure began to rise, they discharged phasically with the cardiac cycle. At pressures greater than 180 mm Hg, the discharge was continuous attaining maximum rates of 40/sec.4. Stimulation of carotid body chemoreceptors also reflexly excited these fibres, as did stimulation of baroreceptors in both the left carotid sinus and aortic arch. Afferent fibres in the left vagus discharging in response to changes in blood pressure reflexly excited the cardiac efferent fibres. Increases in phrenic motoneurone discharge coincided with inhibition of these fibres. Electrical stimulation of the glossopharyngeal nerve also produced inhibition.",Efferent; Reflex; Vagovagal reflex; Medicine; Neuroscience; Afferent; Anatomy; Anesthesia; Biology,True,article,True,True,False,doi,,"{'venue': 'crossref', 'volume': 'crossref', 'issue': 'crossref', 'pages': 'crossref', 'publisher': 'crossref', 'url': 'crossref', 'lang': 'crossref'}",{'crossref': 7},"X003.R000 resolved | hits:OA,CR | winner:- | filled:venue:CR; lang:CR | missing:-"
A157,101111j146989861994tb02210x,Effect of relaxation training on cardiac parasympathetic tone,Masahito Sakakibara; Satoshi Takeuchi; Junichiro Hayano,Masahito Sakakibara,1994.0,10.1111/j.1469-8986.1994.tb02210.x,https://pubmed.ncbi.nlm.nih.gov/8008785,,,Psychophysiology,31,3,223-228,Wiley,en,https://doi.org/10.1111/j.1469-8986.1994.tb02210.x,0.9,resolved,openalex,2026-08-16T22:30:26Z,X003,"To examine the hypothesis that the relaxation response is associated with an increase in cardiac parasympathetic tone, the frequency components of heart rate variability during relaxation training were investigated in 16 college students. Electrocardiograms and pneumograms were recorded during a 5-min baseline period followed by three successive 5-min sessions of the autogenic training (relaxation) or by the same periods of quiet rest (control), while subjects breathed synchronously with a visual pacemaker (0.25 Hz). Although neither the magnitude nor the frequency of respiration showed a significant difference between relaxation and control, the amplitude of the high-frequency component of heart rate variability increased only during relaxation (p = .008). There was no significant difference in the ratio of the low-frequency (0.04-0.15 Hz) to the high-frequency amplitudes. The increased high-frequency amplitude without changes in the respiratory parameters indicates enhanced cardiac parasympathetic tone. Thus, our results support the initial hypothesis of this study. Enhanced cardiac parasympathetic tone may explain an important mechanism underlying the beneficial effect of the relaxation response.",Relaxation (psychology); Vagal tone; Heart rate variability; Heart rate; Audiology; Psychology; Cardiology; Tone (literature); Respiration; QUIET; Amplitude; Internal medicine,False,article,True,True,False,doi,,"{'venue': 'crossref', 'volume': 'crossref', 'issue': 'crossref', 'pages': 'crossref', 'publisher': 'crossref', 'url': 'crossref', 'lang': 'crossref'}",{'crossref': 7},"X003.R000 resolved | hits:OA,CR | winner:- | filled:venue:CR; lang:CR | missing:-"
A158,101152jappl19886541548,Responses in muscle sympathetic activity to acute hypoxia in humans,Mitsuru Saito; Tadaaki Mano; Satoshi Iwase; Kiyoko Koga; Hiroshi Abe; Yuki Yamazaki,Mitsuru Saito,1988.0,10.1152/jappl.1988.65.4.1548,https://pubmed.ncbi.nlm.nih.gov/3182518,,,Journal of Applied Physiology,65,4,1548-1552,American Physiological Society,en,https://doi.org/10.1152/jappl.1988.65.4.1548,0.9,resolved,openalex,2026-08-16T22:30:26Z,X003,"Responses in muscle sympathetic activity (MSA) to acute hypoxia were studied in 13 healthy male subjects under hypobaric hypoxic conditions at a simulated altitude of 4,000, 5,000, and 6,000 m. Efferent postganglionic MSA was recorded directly with a tungsten microelectrode inserted percutaneously into the tibial nerve. Heart rate (HR) and respiratory rate (RR) were counted respectively from the R wave of an electrocardiogram and from the respiratory tracing recorded by the strain-gauge method. The average values of the MSA burst rate and total activity of MSA (burst rate x mean burst amplitude) at 4,000, 5,000, and 6,000 m were 36.4 +/- 2.6, 39.1 +/- 3.1, and 40.2 +/- 4.2 (SE) bursts/min and 616 +/- 138, 794 +/- 190, and 764 +/- 227 arbitrary units, respectively. These values were significantly higher than the values of 27.1 +/- 2.9 bursts/min and 446 +/- 28 at sea level. HR increased significantly at altitudes, but RR did not show significant change. Under severe hypoxic conditions beyond 5,000 m, there were large interindividual differences in the MSA responsiveness to hypoxia. The results indicate that MSA is activated under hypoxia by stimulating the chemoreceptors. However, the central controlling mechanisms that would be affected by hypoxia may also influence the MSA responsiveness under severe hypoxia.",Hypoxia (environmental); Respiratory system; Heart rate; Internal medicine; Efferent; Sympathetic activity; Endocrinology; Medicine; Anesthesia; Chemistry; Cardiology; Biology,False,article,True,True,False,doi,,"{'venue': 'crossref', 'volume': 'crossref', 'issue': 'crossref', 'pages': 'crossref', 'publisher': 'crossref', 'url': 'crossref', 'lang': 'crossref'}",{'crossref': 7},"X003.R000 resolved | hits:OA,CR | winner:- | filled:venue:CR; lang:CR | missing:-"
A159,101152jappl19947762879,Assessment of frequency shifts in R-R interval variability and respiration with complex demodulation,Junichiro Hayano; J. Andrew Taylor; Sada‐atsu Mukai; Akiyoshi Okada; Yusuke Watanabe; Kazuyuki Takata; T Fujinami,Junichiro Hayano,1994.0,10.1152/jappl.1994.77.6.2879,https://pubmed.ncbi.nlm.nih.gov/7896636,,,Journal of Applied Physiology,77,6,2879-2888,American Physiological Society,en,https://doi.org/10.1152/jappl.1994.77.6.2879,0.9,resolved,openalex,2026-08-16T22:30:26Z,X003,"A complex demodulation (CDM) method for continuous assessment of frequency shifts and time-dependent changes in amplitude in the rhythmic components existing in predefined frequency bands was proposed and applied to the analysis of high-frequency (HF) and low-frequency (LF) components of the R-R interval and to the analysis of respiration via impedance spirogram. Simulation studies revealed that this CDM technique furnishes mathematical features well suited to the investigation of non-stationary R-R interval signals and can delineate time-dependent fluctuations in both amplitude and frequency, accurately differentiating between HF and LF components. Analysis of data during paced breathing at different respiratory frequencies revealed that the estimated frequency of the HF component and respiration faithfully reflected the frequency of paced breathing. Analysis of data during dynamic exercise with increasing workload (20 W/min) showed that the frequency of the HF component was elevated with exercise and that both HF and LF amplitudes were reduced progressively with advancing load. CDM-derived frequency and amplitude of respiration were highly correlated to direct breath-by-breath respiratory frequency and tidal volume measurements. We conclude that this method could provide a powerful means for continuously assessing time-dependent changes in both cardiovascular and respiratory variations.",Amplitude; Respiration; Demodulation; Breathing; Mathematics; Biological system; Physics; Acoustics; Computer science; Medicine; Telecommunications; Anesthesia,False,article,True,True,False,doi,,"{'venue': 'crossref', 'volume': 'crossref', 'issue': 'crossref', 'pages': 'crossref', 'publisher': 'crossref', 'url': 'crossref', 'lang': 'crossref'}",{'crossref': 7},"X003.R000 resolved | hits:OA,CR | winner:- | filled:venue:CR; lang:CR | missing:-"
A160,101152ajplegacy19662102321,Sinus arrhythmia in the dog,Robert L. Hamlin; Smith Cr; Smetzer Dl,Robert L. Hamlin,1966.0,10.1152/ajplegacy.1966.210.2.321,https://pubmed.ncbi.nlm.nih.gov/5901470,,,American Journal of Physiology-Legacy Content,210,2,321-328,American Physiological Society,en,https://doi.org/10.1152/ajplegacy.1966.210.2.321,0.9,resolved,openalex,2026-08-16T22:30:26Z,X003,,Context (archaeology); Heart rate; Medicine; Cardiology; Internal medicine; Heart rate variability; Biology; Blood pressure; Paleontology,False,article,True,True,True,doi,,"{'venue': 'crossref', 'volume': 'crossref', 'issue': 'crossref', 'pages': 'crossref', 'publisher': 'crossref', 'url': 'crossref', 'lang': 'crossref'}",{'crossref': 7},"X003.R000 resolved | hits:OA,CR,S2 | winner:- | filled:venue:CR; lang:CR | missing:abstract"
A161,101152ajplegacy197021841030,Cardiac vagal efferent activity and heart period in the carotid sinus reflex,P. G. Katona; JW Poitras; GO Barnett; BS Terry,P. G. Katona,1970.0,10.1152/ajplegacy.1970.218.4.1030,https://pubmed.ncbi.nlm.nih.gov/5435400,,,American Journal of Physiology-Legacy Content,218,4,1030-1037,American Physiological Society,en,https://doi.org/10.1152/ajplegacy.1970.218.4.1030,0.9,resolved,openalex,2026-08-16T22:30:28Z,X003,,Vagal tone; Heart rate; Heart rate variability; Medicine; Efferent; Internal medicine; Vagus nerve; Cardiology; Cardiorespiratory fitness; Autonomic nervous system; Vagus nerve stimulation; Reflex,False,article,True,True,True,doi,,"{'venue': 'crossref', 'volume': 'crossref', 'issue': 'crossref', 'pages': 'crossref', 'publisher': 'crossref', 'url': 'crossref', 'lang': 'crossref'}",{'crossref': 7},"X003.R000 resolved | hits:OA,CR,S2 | winner:- | filled:venue:CR; lang:CR | missing:abstract"
A162,101152jappl19978362048,Neural mechanism of the pressor response to obstructive and nonobstructive apnea,Srinivas Katragadda; Ailiang Xie; Dominic S. Puleo; James B. Skatrud; Barbara J. Morgan,Srinivas Katragadda,1997.0,10.1152/jappl.1997.83.6.2048,https://pubmed.ncbi.nlm.nih.gov/9390980,,,Journal of Applied Physiology,83,6,2048-2054,American Physiological Society,en,https://doi.org/10.1152/jappl.1997.83.6.2048,0.9,resolved,openalex,2026-08-16T22:30:29Z,X003,"Obstructive and nonobstructive apneas elicit substantial increases in muscle sympathetic nerve activity and arterial pressure. The time course of change in these variables suggests a causal relationship; however, mechanical influences, such as release of negative intrathoracic pressure and reinflation of the lungs, are potential contributors to the arterial pressure rise. To test the hypothesis that apnea-induced pressor responses are neurally mediated, we measured arterial pressure (photoelectric plethysmography), muscle sympathetic nerve activity (peroneal microneurography), arterial O2 saturation (pulse oximeter), and end-tidal CO2 tension (gas analyzer) during sustained Mueller maneuvers, intermittent Mueller maneuvers, and simple breath holds in six healthy humans before, during, and after ganglionic blockade with trimethaphan (3-4 mg/min, titrated to produce complete disappearance of sympathetic bursts from the neurogram). Ganglionic blockade abolished the pressor responses to sustained and intermittent Mueller maneuvers (-4 +/- 1 vs. +15 +/- 3 and 0 +/- 2 vs. +15 +/- 5 mmHg) and breath holds (0 +/- 3 vs. +11 +/- 3, all P < 0.05). We conclude that the acute pressor response to obstructive and nonobstructive voluntary apnea is sympathetically mediated.",Obstructive sleep apnea; Apnea; Mechanism (biology); Medicine; Pressor response; Anesthesia; Cardiology; Internal medicine; Blood pressure; Heart rate; Epistemology; Philosophy,False,article,True,True,False,doi,,"{'venue': 'crossref', 'volume': 'crossref', 'issue': 'crossref', 'pages': 'crossref', 'publisher': 'crossref', 'url': 'crossref', 'lang': 'crossref'}",{'crossref': 7},"X003.R000 resolved | hits:OA,CR | winner:- | filled:venue:CR; lang:CR | missing:-"
A163,101152ajplegacy196821561397,Frequency-response characteristics of vascular resistance vessels,Milton Rosenbaum; D. Race,Milton Rosenbaum,1968.0,10.1152/ajplegacy.1968.215.6.1397,https://pubmed.ncbi.nlm.nih.gov/5723000,,,American Journal of Physiology-Legacy Content,215,6,1397-1402,American Physiological Society,en,https://doi.org/10.1152/ajplegacy.1968.215.6.1397,0.9,resolved,openalex,2026-08-16T22:30:29Z,X003,,Baroreflex; Medicine; Heart rate; Vascular resistance; Cardiology; Internal medicine; Population; Heart rate variability; Psychophysiology; Blood pressure; Psychiatry; Environmental health,False,article,True,True,True,doi,,"{'venue': 'crossref', 'volume': 'crossref', 'issue': 'crossref', 'pages': 'crossref', 'publisher': 'crossref', 'url': 'crossref', 'lang': 'crossref'}",{'crossref': 7},"X003.R000 resolved | hits:OA,CR,S2 | winner:- | filled:venue:CR; lang:CR | missing:abstract"
A164,101152ajpheart19832456h924,Acute hypoxemia and hypercapnia: increase in plasma catecholamines in conscious dogs,Charles E. Rose; Jürgen Althaus; D. L. Kaiser; E. D. Miller; Robert M. Carey,Charles E. Rose,1983.0,10.1152/ajpheart.1983.245.6.h924,https://pubmed.ncbi.nlm.nih.gov/6660313,,,American Journal of Physiology-Heart and Circulatory Physiology,245,6,H924-H929,American Physiological Society,en,https://doi.org/10.1152/ajpheart.1983.245.6.h924,0.9,resolved,openalex,2026-08-16T22:30:30Z,X003,"To systemically evaluate the effects of acute hypoxemia and hypercapnic acidosis on the sympathetic nervous system, five unanesthetized mongrel dogs were studied during acute hypoxemia [arterial O2 tension (PaO2) 33 +/- 2 Torr], acute hypercapnic acidosis [arterial CO2 tension (PaCO2) 53 +/- 1 Torr; pH, 7.19 +/- 0.02], and combined acute hypoxemia and hypercapnic acidosis (PaO2, 36 +/- 1 Torr; PaCO2, 52 +/- 1 Torr; pH, 7.18 +/- 0.02). Combined acute hypoxemia and hypercapnic acidosis resulted in increased mean arterial pressure, cardiac output, and heart rate. Moreover, combining acute hypoxemia and hypercapnic acidosis acted synergistically to increase circulating norepinephrine and epinephrine. Acute hypoxemia alone and acute hypercapnic acidosis alone resulted in reversible increases in mean arterial pressure, cardiac output, heart rate, and circulating norepinephrine. Although plasma epinephrine concentrations increased during acute hypoxemia, circulating epinephrine was unchanged during acute hypercapnic acidosis. These data indicate that acute hypoxemia and hypercapnic acidosis result in synergistic increase in circulating catecholamines.",Hypoxemia; Acidosis; Respiratory acidosis; Medicine; Hypercapnia; Anesthesia; Epinephrine; Internal medicine; Cardiology; Blood pressure; Arterial blood; Norepinephrine,False,article,True,True,False,doi,,"{'venue': 'crossref', 'volume': 'crossref', 'issue': 'crossref', 'pages': 'crossref', 'publisher': 'crossref', 'url': 'crossref', 'lang': 'crossref'}",{'crossref': 7},"X003.R000 resolved | hits:OA,CR | winner:- | filled:venue:CR; lang:CR | missing:-"
A165,101152ajpheart20002795h2344,Impact of acute hypoxia on heart rate and blood pressure variability in conscious dogs,Fumihiko Yasuma; Junichiro Hayano,Fumihiko Yasuma,2000.0,10.1152/ajpheart.2000.279.5.h2344,https://pubmed.ncbi.nlm.nih.gov/11045971,,,American Journal of Physiology-Heart and Circulatory Physiology,279,5,H2344-H2349,American Physiological Society,en,https://doi.org/10.1152/ajpheart.2000.279.5.h2344,0.9,resolved,openalex,2026-08-16T22:30:30Z,X003,"To examine whether the impacts of hypoxia on autonomic regulations involve the phasic modulations as well as tonic controls of cardiovascular variables, heart rate, blood pressure, and their variability during isocapnic progressive hypoxia were analyzed in trained conscious dogs prepared with a permanent tracheostomy and an implanted blood pressure telemetry unit. Data were obtained at baseline and when minute ventilation (VI) first reached 10 (VI10), 15 (VI15), and 20 (VI20) l/min during hypoxia. Time-dependent changes in the amplitudes of the high-frequency component of the R-R interval (RRIHF) and the low-frequency component of mean arterial pressure (MAPLF) were analyzed by complex demodulation. In a total of 47 progressive hypoxic runs in three dogs, RRIHF decreased at VI15 and VI20 and MAPLF increased at VI10 and VI15 but not at VI20, whereas heart rate and arterial pressure increased progressively with advancing hypoxia. We conclude that the autonomic responses to isocapnic progressive hypoxia involve tonic controls and phasic modulations of cardiovascular variables; the latter may be characterized by a progressive reduction in respiratory vagal modulation of heart rate and a transient augmentation in low-frequency sympathetic modulation of blood pressure.",Blood pressure; Hypoxia (environmental); Cardiology; Heart rate; Medicine; Internal medicine; Anesthesia; Oxygen; Chemistry; Organic chemistry,False,article,True,True,False,doi,,"{'venue': 'crossref', 'volume': 'crossref', 'issue': 'crossref', 'pages': 'crossref', 'publisher': 'crossref', 'url': 'crossref', 'lang': 'crossref'}",{'crossref': 7},"X003.R000 resolved | hits:OA,CR | winner:- | filled:venue:CR; lang:CR | missing:-"
A166,1010160034568783900208,"Factors affecting the respiratory and cardiovascular responses to hypercapnic hypoxia, in mallard ducks",P. J. Butler; Edwin W. Taylor,P. J. Butler,1983.0,10.1016/0034-5687(83)90020-8,https://pubmed.ncbi.nlm.nih.gov/6622861,,,Respiration Physiology,53,1,109-127,Elsevier BV,en,https://doi.org/10.1016/0034-5687(83)90020-8,0.9,resolved,openalex,2026-08-16T22:30:31Z,X003,,Respiratory system; Hypoxia (environmental); Heart rate; Anesthesia; Respiratory rate; Arterial blood; Control of respiration; Respiration; Medicine; Hypercapnia; Ventilation (architecture); Cardiology,False,article,True,True,True,doi,,"{'venue': 'crossref', 'volume': 'crossref', 'issue': 'crossref', 'pages': 'crossref', 'publisher': 'crossref', 'url': 'crossref', 'lang': 'crossref'}",{'crossref': 7},"X003.R000 resolved | hits:OA,CR,S2 | winner:- | filled:venue:CR; lang:CR | missing:abstract"
A167,101152ajpheart20012805h2336,Augmentation of respiratory sinus arrhythmia in response to progressive hypercapnia in conscious dogs,Fumihiko Yasuma; Junichiro Hayano,Fumihiko Yasuma,2001.0,10.1152/ajpheart.2001.280.5.h2336,https://pubmed.ncbi.nlm.nih.gov/11299239,,,American Journal of Physiology-Heart and Circulatory Physiology,280,5,H2336-H2341,American Physiological Society,en,https://doi.org/10.1152/ajpheart.2001.280.5.h2336,0.9,resolved,openalex,2026-08-16T22:30:31Z,X003,"Respiratory sinus arrhythmia (RSA) may serve to enhance pulmonary gas exchange efficiency by matching pulmonary blood flow with lung volume within each respiratory cycle. We examined the hypothesis that RSA is augmented as an active physiological response to hypercapnia. We measured electrocardiograms and arterial blood pressure during progressive hypercapnia in conscious dogs that were prepared with a permanent tracheostomy and an implanted blood pressure telemetry unit. The intensity of RSA was assessed continuously as the amplitude of respiratory fluctuation of heart rate using complex demodulation. In a total of 39 runs of hypercapnia in 3 dogs, RSA increased by 38 and 43% of the control level when minute ventilation reached 10 and 15 l/min, respectively (P < 0.0001 for both), and heart rate and mean arterial pressure showed no significant change. The increases in RSA were significant even after adjustment for the effects of increased tidal volume, respiratory rate, and respiratory fluctuation of arterial blood pressure (P < 0.001). These observations indicate that increased RSA during hypercapnia is not the consequence of altered autonomic balance or respiratory patterns and support the hypothesis that RSA is augmented as an active physiological response to hypercapnia.",Hypercapnia; Vagal tone; Respiratory system; Medicine; Anesthesia; Heart rate; Tidal volume; Respiratory rate; Cardiology; Respiratory minute volume; Blood pressure; Transpulmonary pressure,False,article,True,True,False,doi,,"{'venue': 'crossref', 'volume': 'crossref', 'issue': 'crossref', 'pages': 'crossref', 'publisher': 'crossref', 'url': 'crossref', 'lang': 'crossref'}",{'crossref': 7},"X003.R000 resolved | hits:OA,CR | winner:- | filled:venue:CR; lang:CR | missing:-"
A168,101152ajplegacy19702183780,Reflex control of heart rate in the unanesthetized dog,A. M. Scher; Young Ac,A. M. Scher,1970.0,10.1152/ajplegacy.1970.218.3.780,https://pubmed.ncbi.nlm.nih.gov/5414036,,,American Journal of Physiology-Legacy Content,218,3,780-789,American Physiological Society,en,https://doi.org/10.1152/ajplegacy.1970.218.3.780,0.9,resolved,openalex,2026-08-16T22:30:32Z,X003,,Reflex; Heart rate; Medicine; Anesthesia; Blood pressure; Internal medicine,False,article,True,True,True,doi,,"{'venue': 'crossref', 'volume': 'crossref', 'issue': 'crossref', 'pages': 'crossref', 'publisher': 'crossref', 'url': 'crossref', 'lang': 'crossref'}",{'crossref': 7},"X003.R000 resolved | hits:OA,CR,S2 | winner:- | filled:venue:CR; lang:CR | missing:abstract"
A169,101201b152772,Influence of Respiration on Autonomic Control of Heart Rate and Blood Pressure,Barbara J. Morgan; Claudette M. St. Croix; James B. Skatrud,Barbara J. Morgan,2000.0,10.1201/b15277-2,,,,Lung Biology in Health and Disease,,,1-31,CRC Press,en,https://doi.org/10.1201/b15277-2,0.9,resolved,openalex,2026-08-16T22:30:33Z,X003,,Respiration; Blood pressure; Heart rate; Cardiology; Internal medicine; Medicine; Psychology; Anesthesia; Anatomy,False,chapter,True,True,True,doi,,"{'venue': 'crossref', 'pages': 'crossref', 'publisher': 'crossref', 'url': 'crossref', 'lang': 'crossref'}",{'crossref': 5},"X003.R000 resolved | hits:OA,CR,S2 | winner:- | filled:venue:CR; lang:CR | missing:abstract"
A170,101002cne920180503,The relation of strength of stimulus to rapidity of habit‐formation,Robert M. Yerkes; John Dodson,Robert M. Yerkes,1908.0,10.1002/cne.920180503,,,,Journal of Comparative Neurology and Psychology,18,5,459-482,Wiley,en,https://doi.org/10.1002/cne.920180503,0.9,resolved,openalex,2026-08-16T22:30:35Z,X005,,Citation; Experimental psychology; Psychology; Cognitive science; Library science; Cognition; Computer science; Neuroscience,True,article,True,True,False,doi,,"{'venue': 'crossref', 'volume': 'crossref', 'issue': 'crossref', 'pages': 'crossref', 'publisher': 'crossref', 'url': 'crossref', 'lang': 'crossref'}",{'crossref': 7},"X005.R000 resolved | hits:OA,CR | winner:- | filled:venue:CR; lang:CR | missing:abstract"
A171,openingupthehealingpowerofexpressingemotions,Opening up : the healing power of expressing emotions,James W. Pennebaker,James W. Pennebaker,1990.0,https://openalex.org/W644574549,,,,,,,,,en,,0.9,resolved,openalex,2026-08-16T22:30:37Z,X005,"Preface. Confession and Inhibition: The Beginnings of an Approach. Inhibition as a Health Threat. Becoming Healthier Through Writing. Confession in the Laboratory. The Battle to Inhibit Our Thoughts. On Speeding Up Coping. Understanding the Value of Writing. The Social Price of Disclosure: Whom to Tell and How to Listen. Love, Passion, and Thrills. The Inhibited Personality. Inhibited Cities. Confession in Context: Therapy, Religion, and Brainwashing. Beyond Traumas: Writing and Well-Being.",Confession (law); Passion; Battle; Psychology; Personality; Power (physics); Coping (psychology); Social psychology; Context (archaeology); Psychotherapist; Psychoanalysis; Political science,False,book,True,False,False,title,openalex,"{'doi': 'openalex', 'lang': 'heuristic'}","{'openalex': 1, 'heuristic': 1}",X005.R000 resolved | hits:OA | winner:openalex | filled:doi:OP; lang:HE | missing:-
A172,1010370003066x426539,"The ""disease-prone personality"": A meta-analytic view of the construct",Howard S. Frıedman; Stephanie Booth‐Kewley,Howard S. Frıedman,1987.0,10.1037/0003-066x.42.6.539,,,,American Psychologist,42,6,539-555,American Psychological Association (APA),en,https://doi.org/10.1037/0003-066x.42.6.539,0.9,resolved,openalex,2026-08-16T22:30:37Z,X005,,Construct (python library); Psychology; Personality; Disease; Construct validity; Clinical psychology; Social psychology; Cognitive psychology; Psychometrics; Medicine; Computer science; Internal medicine,False,article,True,True,True,doi,,"{'venue': 'crossref', 'volume': 'crossref', 'issue': 'crossref', 'pages': 'crossref', 'publisher': 'crossref', 'url': 'crossref', 'lang': 'crossref'}",{'crossref': 7},"X005.R000 resolved | hits:OA,CR,S2 | winner:- | filled:venue:CR; lang:CR | missing:abstract"
A173,1010370003066x426539,"The ""disease-prone personality"": A meta-analytic view of the construct",Howard S. Frıedman; Stephanie Booth‐Kewley,Howard S. Frıedman,1987.0,10.1037//0003-066x.42.6.539,,,,American Psychologist,42,6,539-555,American Psychological Association (APA),en,https://doi.org/10.1037/0003-066x.42.6.539,0.9,resolved,openalex,2026-08-16T22:30:38Z,X005,,Construct (python library); Psychology; Personality; Disease; Clinical psychology; Social psychology; Medicine; Computer science; Pathology; Programming language,False,article,True,True,True,doi,,"{'venue': 'crossref', 'volume': 'crossref', 'issue': 'crossref', 'pages': 'crossref', 'publisher': 'crossref', 'url': 'crossref', 'lang': 'crossref'}",{'crossref': 7},"X005.R000 resolved | hits:OA,CR,S2 | winner:- | filled:venue:CR; lang:CR | missing:abstract"
A174,1010370003066x556637,Defense mechanisms in psychology today: Further processes for adaptation,Phebe Cramer,Phebe Cramer,2000.0,10.1037/0003-066x.55.6.637,,,,American Psychologist,55,6,637-646,American Psychological Association (APA),en,https://doi.org/10.1037/0003-066x.55.6.637,0.9,resolved,openalex,2026-08-16T22:30:39Z,X005,,Adaptation (eye); Psychology; Applied psychology; Cognitive science; Social psychology; Cognitive psychology; Neuroscience,False,article,True,True,False,doi,,"{'venue': 'crossref', 'volume': 'crossref', 'issue': 'crossref', 'pages': 'crossref', 'publisher': 'crossref', 'url': 'crossref', 'lang': 'crossref'}",{'crossref': 7},"X005.R000 resolved | hits:OA,CR | winner:- | filled:venue:CR; lang:CR | missing:abstract"
A175,1010370003066x556637,Defense mechanisms in psychology today: Further processes for adaptation,Phebe Cramer,Phebe Cramer,2000.0,10.1037//0003-066x.55.6.637,,,,American Psychologist,55,6,637-646,American Psychological Association (APA),en,https://doi.org/10.1037/0003-066x.55.6.637,0.9,resolved,openalex,2026-08-16T22:30:40Z,X005,"Although the concept of the defense mechanism was rejected from academic psychology for a number of years, recent empirical studies show renewed interest in defenses. Cognitive psychologists have confirmed the existence of unconscious psychological processes, a requisite for defenses. Developmental, personality, and social psychologists have all found evidence for defense mechanisms that explicate psychological functioning. The relevance of this new information for clinical practice is discussed.",Psychology; Mechanism (biology); Unconscious mind; Relevance (law); Adaptation (eye); Personality; Cognition; Differential psychology; Basic science; Psychological research; Social psychology; Cognitive psychology,False,article,True,True,False,doi,,"{'venue': 'crossref', 'volume': 'crossref', 'issue': 'crossref', 'pages': 'crossref', 'publisher': 'crossref', 'url': 'crossref', 'lang': 'crossref'}",{'crossref': 7},"X005.R000 resolved | hits:OA,CR | winner:- | filled:venue:CR; lang:CR | missing:-"
A176,1010370003066x49121004,"Psychoneuroimmunology: The interface between behavior, brain, and immunity",Steven F. Maier; Linda R. Watkins; Monika Fleshner,Steven F. Maier,1994.0,10.1037//0003-066x.49.12.1004,https://pubmed.ncbi.nlm.nih.gov/7818221,,,American Psychologist,49,12,1004-1017,American Psychological Association (APA),en,https://doi.org/10.1037//0003-066x.49.12.1004,0.9,resolved,openalex,2026-08-16T22:30:40Z,X005,"Psychoneuroimmunology is the study of interactions between behavior, the brain, and the immune system. This article is designed to provide an overview of this new field for the general psychologist. The existence of bidirectional communication pathways between the brain and the immune system and the implications of this network for behavior are emphasized. Implications are that behavioral-psychological processes ought to be capable of altering immune function and that events that occur as part of immune responses should modulate behavior. Evidence for influences in both of these directions is reviewed. The discussion of psychological modulation of immunity focuses on classical conditioning and stress, whereas that of immune modification of behavior highlights behavioral effects produced by substances released by the immune system. Finally, the adaptive role that such changes might play is considered.",Psychoneuroimmunology; Immune system; Psychology; Neuroscience; Immunity; Adaptive behavior; Brain function; Function (biology); Cognitive science; Developmental psychology; Immunology; Medicine,False,article,True,True,False,doi,,"{'venue': 'crossref', 'volume': 'crossref', 'issue': 'crossref', 'pages': 'crossref', 'publisher': 'crossref', 'url': 'crossref', 'lang': 'crossref'}",{'crossref': 7},"X005.R000 resolved | hits:OA,CR | winner:- | filled:venue:CR; lang:CR | missing:-"
A177,1010370003066x49121004,"Psychoneuroimmunology: The interface between behavior, brain, and immunity",Steven F. Maier; Linda R. Watkins; Monika Fleshner,Steven F. Maier,1994.0,10.1037/0003-066x.49.12.1004,https://pubmed.ncbi.nlm.nih.gov/7818221,,,American Psychologist,49,12,1004-1017,American Psychological Association (APA),en,https://doi.org/10.1037//0003-066x.49.12.1004,0.9,resolved,openalex,2026-08-16T22:30:40Z,X005,"Psychoneuroimmunology is the study of interactions between behavior, the brain, and the immune system.This article is designed to provide an overview of this new field for the general psychologist.The existence of bidirectional communication pathways between the brain and the immune system and the implications of this network for behavior are emphasized.Implications are that behavioralpsychological processes ought to be capable of altering immune function and that events that occur as part of immune responses should modulate behavior.Evidence for influences in both of these directions is reviewed.The discussion of psychological modulation of immunity focuses on classical conditioning and stress, whereas that of immune modification of behavior highlights behavioral effects produced by substances released by the immune system.Finally, the adaptive role that such changes might play is considered.",Psychoneuroimmunology; Immunity; Psychology; Interface (matter); Neuroscience; Cognitive science; Medicine; Computer science; Immune system; Immunology; Bubble; Maximum bubble pressure method,False,article,True,True,False,doi,,"{'venue': 'crossref', 'volume': 'crossref', 'issue': 'crossref', 'pages': 'crossref', 'publisher': 'crossref', 'url': 'crossref', 'lang': 'crossref'}",{'crossref': 7},"X005.R000 resolved | hits:OA,CR | winner:- | filled:venue:CR; lang:CR | missing:-"
A178,unlockingtheunconsciousselectedpapersofhabibdavanloomd,"Unlocking the Unconscious : Selected Papers of Habib Davanloo, MD",Habib Davanloo,Habib Davanloo,1990.0,https://openalex.org/W1484901686,,,,,,,,,en,,0.9,resolved,openalex,2026-08-16T22:30:40Z,X005,INTENSIVE SHORT-TERM PSYCHOTHERAPY WITH HIGHLY RESISTANT PATIENTS: I: Handling Resistance II The Course of an Interview After the Initial Breakthrough INTENSIVE SHORT-TERM DYNAMIC PSYCHOTHERAPY WITH HIGHLY RESISTANT DEPRESSED PATIENTS: Part I: Restructuring Ego's Regressive Defenses Part II: Royal Road to the Dynamic Unconscious THE TECHNIQUE OF UNLOCKING THE UNCONSCIOUS: Part I Part II: Partial Unlocking of the Unconscious CLINICAL MANIFESTATIONS OF SUPEREGO PATHOLOGY: Part I Part II: The Resistance of the Superego and the Liberation of the Paralyzed Ego THE CENTRAL DYNAMIC SEQUENCE OF THE UNLOCKING OF THE UNCONSCIOUS AND COMPREHENSIVE TRIAL THERAPY: Part I: Major Unlocking Part II: The Course of Trial Therapy after the Initial Breakthrough THE TECHNIQUE OF UNLOCKING THE UNCONSCIOUS IN PATIENTS SUFFERING FROM FUNCTIONAL DISORDERS Part I: Restructuring Ego's Defenses Part II: Direct View of the Dynamic Unconscious.,"Unconscious mind; Id, ego and super-ego; Psychoanalysis; Resistance (ecology); Psychology; Psychotherapist; Restructuring; Political science; Biology; Ecology; Law",False,book,True,False,False,title,openalex,"{'doi': 'openalex', 'lang': 'heuristic'}","{'openalex': 1, 'heuristic': 1}",X005.R000 resolved | hits:OA | winner:openalex | filled:doi:OP; lang:HE | missing:-
A179,101176appipsychotherapy2002562225,Intensive Short-term Dynamic Psychotherapy in a Private Psychiatric Office: Clinical and Cost Effectiveness,Allan Abbass,Allan Abbass,2002.0,10.1176/appi.psychotherapy.2002.56.2.225,https://pubmed.ncbi.nlm.nih.gov/12125299,,,American Journal of Psychotherapy,56,2,225-232,American Psychiatric Association Publishing,en,https://doi.org/10.1176/appi.psychotherapy.2002.56.2.225,0.9,resolved,openalex,2026-08-16T22:30:40Z,X005,"OBJECTIVE: To assess the cost and clinical effectiveness of psychiatrist-provided Intensive Short-term Dynamic Psychotherapy (ISTDP) of patients referred to a private office. METHODS: ISTDP was provided to 89 patients referred to a private psychiatric office in Vancouver, Canada. Pretherapy self-report scores, (BDI, BAI, BSI, IIP [see full names in text]) medication costs, disability costs and healthcare costs were compared with posttherapy values and normative values. RESULTS: Patients' mean self-report scores went from the abnormal to normal range after an average of 14.9 hours of therapy. Returns to work, reduced healthcare utilization, and medication stopping accounted for a cost reduction of over Cdn$400,000 at one year after therapy. CONCLUSIONS: ISTDP appears to be an effective and cost-effective form of intervention when provided by a psychiatrist in a private office. Randomized controlled studies are warranted to further examine the cost benefits and efficacy of ISTDP.",Normative; Medicine; Psychiatry; Psychology; Philosophy; Epistemology,False,article,True,True,False,doi,,"{'venue': 'crossref', 'volume': 'crossref', 'issue': 'crossref', 'pages': 'crossref', 'publisher': 'crossref', 'url': 'crossref', 'lang': 'crossref'}",{'crossref': 7},"X005.R000 resolved | hits:OA,CR | winner:- | filled:venue:CR; lang:CR | missing:-"
A180,shorttermtherapyforlongtermchange,Short-term therapy for long-term change,Marion F. Solomon,Marion F. Solomon,2001.0,https://openalex.org/W2888786357,,,,,,,,,en,,0.9,resolved,openalex,2026-08-16T22:30:41Z,X005,"Can the effects of early childhood traumas-traumas that may have seemed small at the time but that have affected personality development-be overcome in short-term therapy? Here, leaders in the field of short-term therapy present a definitive statement on state-of-the-art intensive dynamic short-term psychotherapy. While they have approached these questions from different perspectives, the renowned practitioners in this book note points of contact and overlap among their ideas about the underlying causes of depression, maladjustment, marital discord, character pathology, and posttraumatic stress disorders. Each outlines the precise methods he or she uses with patients to create emotional growth and reintegration, illustrating these with cases and transcripts. Their methods can be proven scientifically valid, taught to others, and reliably reproduced by effectively trained psychotherapists with a wide variety of patients. Readers will find variations on the theme of short-term therapy for long-term change. Habib Davanloo was a colleague of Malan's and has influenced Neborsky, Alpert, and McCullough. While Neborsky has devoted himself to refining and presenting clearly Davanloo's theory and method, Alpert has developed a method of accelerated empathic treatment and McCullough has designed an anxiety-regulating therapy that is the subject of several research studies. Solomon has applied dynamic theories to treatment of intimate relationships. Shapiro, using EMDR, approaches Big-T and small-t traumas in what seems initially a quite different way but is shown ultimately to have many similarities to short-term dynamic psychotherapy. With this basis in research and clinical practice, the theories and methods presented here have the potential to revolutionize psychodynamic psychotherapy.",Psychology; Psychotherapist; Anxiety; Theme (computing); Term (time); Variety (cybernetics); Subject (documents); Clinical psychology; Cognitive psychology; Psychoanalysis; Psychiatry; Computer science,False,article,True,False,False,title,openalex,"{'doi': 'openalex', 'lang': 'heuristic'}","{'openalex': 1, 'heuristic': 1}",X005.R000 resolved | hits:OA | winner:openalex | filled:doi:OP; lang:HE | missing:-
A181,10108014608950020026827,The Unconscious Need for Punishment: Expression or evasion of the sense of guilt?,Donald L. Carveth,Donald L. Carveth,2001.0,10.1080/14608950020026827,,,,Psychoanalytic Studies,3,1,9-21,Informa UK Limited,en,https://doi.org/10.1080/14608950020026827,0.9,resolved,openalex,2026-08-16T22:30:41Z,X005,"(2001). The Unconscious Need for Punishment: Expression or evasion of the sense of guilt? Psychoanalytic Studies: Vol. 3, No. 1, pp. 9-21.",Unconscious mind; Punishment (psychology); Evasion (ethics); Psychoanalytic theory; Expression (computer science); Psychology; Psychoanalysis; Social psychology; Computer science; Medicine; Immunology; Programming language,False,article,True,True,False,doi,,"{'venue': 'crossref', 'volume': 'crossref', 'issue': 'crossref', 'pages': 'crossref', 'publisher': 'crossref', 'url': 'crossref', 'lang': 'crossref'}",{'crossref': 7},"X005.R000 resolved | hits:OA,CR | winner:- | filled:venue:CR; lang:CR | missing:-"
A182,cantherapyaffectphysicalhealth,Can Therapy Affect Physical Health?,Tracy D. Eells,Tracy D. Eells,2000.0,10.64628/aai.x9dpcjrq7,,,,,,,,The Conversation,en,https://doi.org/10.64628/aai.x9dpcjrq7,0.9,resolved,openalex,2026-08-16T22:30:41Z,X005,"An impressive amount of research has accumulated over past decades suggesting that psychological states can have a profound effect on physiological processes. Psychoimmunologists focusing on the effects of stress have demonstrated that the mind affects the body through the neuroendocrine system. Glaser et al.1 found suppressed immune functioning in highly stressed medical students. Pennebaker and colleagues2 demonstrated that healthy college students who write about traumatic events have stronger immune functioning, visit university health clinics less frequently, and experience greater subjective well-being compared with control subjects. Similarly, Cohen et al.3 found that highly stressed subjects were more likely to contract the cold virus compared with low-stress counterparts.

Expanding beyond a focus on stress, Peterson and Seligman4 reviewed several studies suggesting that a psychological trait (pessimism) can affect long-term health outcomes. Luborsky5 conducted a series of single-subject studies of psychotherapy patients and identified psychological antecedents to stomach ulcer pains, migraine-like headaches, absence epilepsy episodes, and premature ventricular contractions of the heart.

With this background in mind, I was curious to find out whether any recent psychotherapy research has explicitly addressed physiological outcomes. Therefore, I conducted an online literature search of the PsycINFO database for articles published since 1998 identified by the search terms “psychotherapy and health” and “psychotherapy and physical illness.” I found the following seven articles.",PsycINFO; Affect (linguistics); Psychology; Psychotherapist; Clinical psychology; Worry; MEDLINE; Medicine; Anxiety; Psychiatry; Law; Communication,True,preprint,False,True,False,title,crossref,"{'doi': 'crossref', 'publisher': 'crossref', 'url': 'crossref', 'lang': 'heuristic'}","{'crossref': 3, 'heuristic': 1}",X005.R000 resolved | hits:CR | winner:crossref | filled:doi:CR; lang:HE | missing:-
A183,beliefbecomesbiology,Belief becomes biology,Norman Cousins,Norman Cousins,1989.0,https://openalex.org/W2780775774,,,,,,,,,en,,0.9,resolved,openalex,2026-08-16T22:30:42Z,X005,,Epistemology; Biology; Computer science; Philosophy,False,article,True,False,False,title,openalex,"{'doi': 'openalex', 'lang': 'heuristic'}","{'openalex': 1, 'heuristic': 1}",X005.R000 resolved | hits:OA | winner:openalex | filled:doi:OP; lang:HE | missing:abstract
A184,1041359781483365817n533,Emotion-Focused Therapy,Rhonda Goldman; Shannon Iverson,Rhonda Goldman,2017.0,10.4135/9781483365817.n533,,,,The SAGE Encyclopedia of Abnormal and Clinical Psychology,,,,"SAGE Publications, Inc.",en,https://doi.org/10.4135/9781483365817.n533,0.9,resolved,openalex,2026-08-16T22:30:43Z,X005,"Emotion-focused therapy (EFT), also known as process-experiential therapy, integrates active therapeutic methods from gestalt and other humanistic therapies within the frame of a person-centred relationship (Elliott, Watson, Goldman & Greenberg, 2004). EFT updates person-centred and gestalt therapies by incorporating contemporary emotion theory and affective neuroscience, dialectical constructivism, and contemporary attachment theory. In this chapter, I review the current status of EFT, summarising its history, theory, practice, and outcome evidence.",Psychology; Psychotherapist; Clinical psychology; Cognitive psychology,False,other,True,True,False,doi,,"{'venue': 'crossref', 'publisher': 'crossref', 'url': 'crossref', 'lang': 'heuristic'}","{'crossref': 3, 'heuristic': 1}","X005.R000 resolved | hits:OA,CR | winner:- | filled:venue:CR; lang:HE | missing:-"
A185,101037e602962010001,Emotion-Focused Therapy,Leslie S. Greenberg,Leslie S. Greenberg,2010.0,10.1037/e602962010-001,,,,PsycEXTRA Dataset,,,,American Psychological Association (APA),en,https://doi.org/10.1037/e602962010-001,0.9,resolved,openalex,2026-08-16T22:30:43Z,X005,,Computer science; Psychology; Psychotherapist,False,other,True,True,False,doi,,"{'venue': 'crossref', 'publisher': 'crossref', 'url': 'crossref', 'lang': 'heuristic'}","{'crossref': 3, 'heuristic': 1}","X005.R000 resolved | hits:OA,CR | winner:- | filled:venue:CR; lang:HE | missing:abstract"
A186,intensiveshorttermdynamicpsychotherapytheoryandtechnique,Intensive Short-Term Dynamic Psychotherapy: Theory and Technique,Patricia Coughlin Della Selva; David Malan,Patricia Coughlin Della Selva,1996.0,https://openalex.org/W658294393,,,,,,,,,en,,0.9,resolved,openalex,2026-08-16T22:30:44Z,X005,"Traditionally, psychoanalytic treatment has been a lengthy endeavour, requiring a long-term commitment from patient and analyst, as well as vast financial resources. More recently, short-term approaches to psychoanalytic treatment have proliferated. One of the most well-known and thoroughly studied is the groundbreaking method of Intensive Short-term Dynamic Psychotherapy, developed by Dr. Habib Davanloo. Having trained directly with Dr. Davenloo, the author has written a clear, concise outline of the method that has come to be regarded as a classic in the field. The book is organised in a systematic fashion, analogous to the process of therapy itself, from initial contact through to termination and follow-up. Detailed clinical examples are presented throughout the text to illustrate how theory is translated into techniques of unparalleled power and effectiveness.",Psychoanalytic theory; Term (time); Psychotherapist; Psychology; Process (computing); Psychoanalysis; Field (mathematics); Power (physics); Epistemology; Computer science; Philosophy; Mathematics,False,other,True,False,False,title,openalex,"{'doi': 'openalex', 'lang': 'heuristic'}","{'openalex': 1, 'heuristic': 1}",X005.R000 resolved | hits:OA | winner:openalex | filled:doi:OP; lang:HE | missing:-
A187,10103710892680103229,Heart Rate Variability as an Index of Regulated Emotional Responding,Bradley M. Appelhans; Linda J. Luecken,Bradley M. Appelhans,2006.0,10.1037/1089-2680.10.3.229,,,,Review of General Psychology,10,3,229-240,SAGE Publications,en,https://doi.org/10.1037/1089-2680.10.3.229,0.9,resolved,openalex,2026-08-16T22:30:46Z,"X006,X008,X013","The study of individual differences in emotional responding can provide considerable insight into interpersonal dynamics and the etiology of psychopathology. Heart rate variability (HRV) analysis is emerging as an objective measure of regulated emotional responding (generating emotional responses of appropriate timing and magnitude). This review provides a theoretical and empirical rationale for the use of HRV as an index of individual differences in regulated emotional responding. Two major theoretical frameworks that articulate the role of HRV in emotional responding are presented, and relevant empirical literature is reviewed. The case is made that HRV is an accessible research tool that can increase the understanding of emotion in social and psychopathological processes.",Psychology; Heart rate variability; Psychopathology; Interpersonal communication; Emotional regulation; Psychophysiology; Empirical research; Index (typography); Cognitive psychology; Developmental psychology; Heart rate; Social psychology,False,article,True,True,False,doi,,"{'venue': 'crossref', 'volume': 'crossref', 'issue': 'crossref', 'pages': 'crossref', 'publisher': 'crossref', 'url': 'crossref', 'lang': 'crossref'}",{'crossref': 7},"X006.R000 resolved | hits:OA,CR | winner:- | filled:venue:CR; lang:CR | missing:-"
A188,101007bf02088471,Validation of a self-administered instrument to assess stage of adolescent development,Naomi M. Morris; J. Richard Udry,Naomi M. Morris,1980.0,10.1007/bf02088471,https://pubmed.ncbi.nlm.nih.gov/24318082,,,Journal of Youth and Adolescence,9,3,271-280,Springer Science and Business Media LLC,en,https://doi.org/10.1007/bf02088471,0.9,resolved,openalex,2026-08-16T22:30:46Z,X006,"Drawings were made from Tanner's photographs illustrating five stages of development each for male genitalia, testicular size, male pubic hair, female breasts, and female pubic hair. Forty-seven females and forty-eight males aged 12–16 years indicated on questionnaires which stage they were most like, and answered other questions related to their physical development. Afterwards they were examined by physicians who had not seen their answers. Pearson correlation coefficients were 0.6 or above for the physician's observations compared with the adolescents' answers for the drawings, with the exception of testicular size. Answers to questions concerning amount of underarm hair and general development also yielded high correlations.",Pubic hair; Health psychology; Psychology; Adolescent development; Developmental psychology; Disorders of sex development; Stage (stratigraphy); Legal psychology; Clinical psychology; Medicine; Public health; Pathology,False,article,True,True,True,doi,,"{'venue': 'crossref', 'volume': 'crossref', 'issue': 'crossref', 'pages': 'crossref', 'publisher': 'crossref', 'url': 'crossref', 'lang': 'crossref', 'abstract': 'unpaywall'}","{'crossref': 7, 'unpaywall': 1}","X006.R000 resolved | hits:OA,CR,S2 | winner:- | filled:venue:CR; lang:CR; abstract:UN | missing:-"
A189,growthatadolescencewithageneralconsiderationoftheeffectsofhereditaryandenvironmentalfactorsupongrowthandmaturationfrombirthtomat,Growth at adolescence : with a general consideration of the effects of hereditary and environmental factors upon growth and maturation from birth to maturity,J. M. Tanner,J. M. Tanner,1962.0,https://openalex.org/W601556951,,,,,,,,,en,,0.9,resolved,openalex,2026-08-16T22:30:53Z,X006,,Maturity (psychological); Developmental psychology; Psychology; Environmental effect; Biology; Demography; Genetics; Ecology; Sociology; Environmental impact assessment,False,book,True,False,False,title,openalex,"{'doi': 'openalex', 'lang': 'heuristic'}","{'openalex': 1, 'heuristic': 1}",X006.R000 resolved | hits:OA | winner:openalex | filled:doi:OP; lang:HE | missing:abstract
A190,101007s0042100412080,Heart rate variability and its relation to prefrontal cognitive function: the effects of training and detraining,Anita L. Hansen; Bjørn Helge Johnsen; John J. Sollers; Kjetil Stenvik; Julian F. Thayer,Anita L. Hansen,2004.0,10.1007/s00421-004-1208-0,https://pubmed.ncbi.nlm.nih.gov/15338220,,,European Journal of Applied Physiology,93,3,263-272,Springer Science and Business Media LLC,en,https://doi.org/10.1007/s00421-004-1208-0,0.9,resolved,openalex,2026-08-16T22:30:54Z,X006,"The aim of the present study was to investigate the relationship between physical fitness, heart rate variability (HRV) and cognitive function in 37 male sailors from the Royal Norwegian Navy. All subjects participated in an 8-week training program, after which the subjects completed the initial cognitive testing (pre-test). The subjects were assigned into a detrained group (DG) and a trained group (TG) based on their application for further duty. The DG withdrew from the training program for 4 weeks after which all subjects then completed the cognitive testing again (post-test). Physical fitness, measured as maximum oxygen consumption (V̇O2max), resting HRV, and cognitive function, measured using a continuous performance task (CPT) and a working memory test (WMT), were recorded during the pre-test and the post-test, and the data presented as the means and standard deviations. The results showed no between-group differences in V̇O2max or HRV at the pre-test. The DG showed a significant decrease in V̇O2max from the pre- to the post-test and a lower resting HRV than the TG on the post-test. Whereas there were no between-group differences on the CPT or WMT at the pre-test, the TG had faster reaction times and more true positive responses on tests of executive function at the post-test compared to the pre-test. The DG showed faster reaction times on non-executive tasks at the post-test compared to the pre-test. The results are discussed within a neurovisceral integration framework linking parasympathetic outflow to the heart to prefrontal neural functions.",Human physiology; Sports medicine; Cognition; Medicine; Heart rate; Relation (database); Psychology; Heart rate variability; Neurology; Neuroscience; Physical medicine and rehabilitation; Internal medicine,False,article,True,True,True,doi,,"{'venue': 'crossref', 'volume': 'crossref', 'issue': 'crossref', 'pages': 'crossref', 'publisher': 'crossref', 'url': 'crossref', 'lang': 'crossref', 'abstract': 'unpaywall'}","{'crossref': 7, 'unpaywall': 1}","X006.R000 resolved | hits:OA,CR,S2 | winner:- | filled:venue:CR; lang:CR; abstract:UN | missing:-"
A191,101210en20111218,Minireview: Stress-Related Psychiatric Disorders with Low Cortisol Levels: A Metabolic Hypothesis,Rachel Yehuda; Jonathan R. Seckl,Rachel Yehuda,2011.0,10.1210/en.2011-1218,https://pubmed.ncbi.nlm.nih.gov/21971152,,,Endocrinology,152,12,4496-4503,The Endocrine Society,en,https://doi.org/10.1210/en.2011-1218,0.9,resolved,openalex,2026-08-16T22:30:56Z,X006,"Several stress-associated neuropsychiatric disorders, notably posttraumatic stress disorder and chronic pain and fatigue syndromes, paradoxically exhibit somewhat low plasma levels of the stress hormone cortisol. The effects appear greatest in those initially traumatized in early life, implying a degree of developmental programming, perhaps of both lower cortisol and vulnerability to psychopathology. In these conditions, lowered cortisol is not due to any adrenal or pituitary insufficiency. Instead, two processes appear involved. First, there is increased target cell sensitivity to glucocorticoid action, notably negative feedback upon the hypothalamic-pituitary-adrenal (stress) axis. Altered density of the glucocorticoid receptor is inferred, squaring with much preclinical data showing early life challenges can permanently program glucocorticoid receptors in a tissue-specific manner. These effects involve epigenetic mechanisms. Second, early life trauma/starvation induces long-lasting lowering of glucocorticoid catabolism, specifically by 5α-reductase type 1 (predominantly a liver enzyme) and 11β-hydroxysteroid dehydrogenase type 2 (in kidney), an effect also seen in model systems. These changes reflect a plausible early-life adaptation to increase the persistence of active cortisol in liver (to maximize fuel output) and kidney (to increase salt retention) without elevation of circulating levels, thus avoiding their deleterious effects on brain and muscle. Modestly lowered circulating cortisol and increased vulnerability to stress-associated disorders may be the outcome. This notion implies a vulnerable early-life phenotype may be discernable and indicates potential therapy by modest glucocorticoid replacement. Indeed, early clinical trials with cortisol have shown a modicum of promise.",Endocrinology; Glucocorticoid; Internal medicine; Glucocorticoid receptor; Hydrocortisone; Catabolism; Medicine; Psychology; Metabolism,False,article,True,True,False,doi,,"{'venue': 'crossref', 'volume': 'crossref', 'issue': 'crossref', 'pages': 'crossref', 'publisher': 'crossref', 'url': 'crossref', 'lang': 'crossref'}",{'crossref': 7},"X006.R000 resolved | hits:OA,CR | winner:- | filled:venue:CR; lang:CR | missing:-"
A192,101016jahj200503015,Heart rate variability biofeedback as a behavioral neurocardiac intervention to enhance vagal heart rate control,Robert P. Nolan; Markad V. Kamath; John S. Floras; Jill Stanley; Clement Chun Cheong Pang; Peter Picton; Quincy R. Young,Robert P. Nolan,2005.0,10.1016/j.ahj.2005.03.015,https://pubmed.ncbi.nlm.nih.gov/15976804,,,American Heart Journal,149,6,1137.e1-1137.e7,Elsevier BV,en,https://doi.org/10.1016/j.ahj.2005.03.015,0.9,resolved,openalex,2026-08-16T22:30:57Z,X006,,Medicine; Heart rate variability; Biofeedback; Depression (economics); Heart rate; Mood; Randomized controlled trial; Internal medicine; Myocardial infarction; Vagal tone; Perceived Stress Scale; Physical therapy,False,article,True,True,True,doi,,"{'venue': 'crossref', 'volume': 'crossref', 'issue': 'crossref', 'pages': 'crossref', 'publisher': 'crossref', 'url': 'crossref', 'lang': 'crossref'}",{'crossref': 7},"X006.R000 resolved | hits:OA,CR,S2 | winner:- | filled:venue:CR; lang:CR | missing:abstract"
A193,101007s1048401392100,The Effect of a Single Session of Short Duration Biofeedback-Induced Deep Breathing on Measures of Heart Rate Variability During Laboratory-Induced Cognitive Stress: A Pilot Study,Gabriell E. Prinsloo; Wayne Derman; Mike Lambert; H. Rauch,Gabriell E. Prinsloo,2013.0,10.1007/s10484-013-9210-0,https://pubmed.ncbi.nlm.nih.gov/23435801,,,Applied Psychophysiology and Biofeedback,38,2,81-90,Springer Science and Business Media LLC,en,https://doi.org/10.1007/s10484-013-9210-0,0.9,resolved,openalex,2026-08-16T22:30:58Z,X006,"This study examines the acute effect of heart rate variability (HRV) biofeedback on HRV measures during and immediately after biofeedback and during the following laboratory-induced stress. Eighteen healthy males exposed to work-related stress were randomised into an HRV biofeedback group (BIO) or a comparative group (COM). Subjects completed a modified Stroop task before (Stroop 1) and after (Stroop 2) the intervention. Both groups had similar physiological responses to stress in Stroop 1. In Stroop 2, the COM group responded similarly to the way they did to Stroop 1: respiratory frequency (RF) and heart rate (HR) increased, RMSSD and high frequency (HF) power decreased or had a tendency to decrease, while low frequency (LF) power showed no change. The BIO group responded differently in Stroop 2: while RF increased and LF power decreased, HR, RMSSD and HF power showed no change. In the BIO group, RMSSD was higher in Stroop 2 compared to Stroop 1. In conclusion, HRV biofeedback induced a short term carry-over effect during both the following rest period and laboratory-induced stress suggesting maintained HF vagal modulation in the BIO group after the intervention, and maintained LF vagal modulation in the COM group.",Stroop effect; Heart rate variability; Biofeedback; Heart rate; Psychology; Medicine; Audiology; Physical therapy; Cardiology; Internal medicine; Anesthesia; Cognition,False,article,True,True,True,doi,,"{'venue': 'crossref', 'volume': 'crossref', 'issue': 'crossref', 'pages': 'crossref', 'publisher': 'crossref', 'url': 'crossref', 'lang': 'crossref', 'abstract': 'unpaywall'}","{'crossref': 7, 'unpaywall': 1}","X006.R000 resolved | hits:OA,CR,S2 | winner:- | filled:venue:CR; lang:CR; abstract:UN | missing:-"
A194,1010160304395988900231,A multiple random staircase method of psychophysical pain assessment,Richard H. Gracely; L. Lota; D. J. Walter; Ronald Dubner,Richard H. Gracely,1988.0,10.1016/0304-3959(88)90023-1,https://pubmed.ncbi.nlm.nih.gov/3340422,,,Pain,32,1,55-63,Ovid Technologies (Wolters Kluwer Health),en,https://doi.org/10.1016/0304-3959(88)90023-1,0.9,resolved,openalex,2026-08-16T22:31:00Z,X006,"Three experiments evaluated the reliability and sensitivity of an interactive multiple random staircase (MRS) assessment of painful thermocutaneous sensations. One hundred and sixteen subjects used a 4-point category scale (no pain, mild, moderate, intense) to rate the intensity of sensations produced by 3-sec thermal stimuli applied to the volar forearm at 20-sec intervals by a 1-cm diameter contact thermode. Each of the 3 intervals between the 4 verbal responses was defined as a boundary. A pair of staircases was associated with each boundary. On each trial, 1 of the 6 staircases was chosen randomly and the stimulus intensity indicated by that staircase presented. The response to that stimulus determined the intensity presented by that staircase the next time it was randomly selected. Responses above the associated boundary decreased stimulus intensity, responses below the associated boundary increased stimulus intensity. In the first experiment, 1 staircase from each of the 3 boundaries began at 43 degrees C and 1 began at 48 degrees C. Staircases for each boundary converged to within 0.3 degree C after 12 trials/staircase. The sensitivity of the method to a narcotic analgesic was assessed by open (exp. II) and double-blind (exp. III) intravenous infusion of 1.1 micrograms/kg fentanyl. Administration of fentanyl increased staircase temperatures, indicating that these higher temperatures were now required to elicit the same verbal responses. This shift in temperature reached a peak effect 11 min after fentanyl administration. These results suggest that this method provides a reliable measure of sensory magnitude in units of stimulus intensity. It does not require assumptions about psychological units of pain.(ABSTRACT TRUNCATED AT 250 WORDS)",Medicine,False,article,True,True,False,doi,,"{'venue': 'crossref', 'volume': 'crossref', 'issue': 'crossref', 'pages': 'crossref', 'publisher': 'crossref', 'url': 'crossref', 'lang': 'crossref'}",{'crossref': 7},"X006.R000 resolved | hits:OA,CR | winner:- | filled:venue:CR; lang:CR | missing:-"
A195,101016jjpain201108008,Physical Activity and Function in Adolescents With Chronic Pain: A Controlled Study Using Actigraphy,Anna C. Wilson; Tonya M. Palermo,Anna C. Wilson,2011.0,10.1016/j.jpain.2011.08.008,https://pubmed.ncbi.nlm.nih.gov/22099608,,,The Journal of Pain,13,2,121-130,Elsevier BV,en,https://doi.org/10.1016/j.jpain.2011.08.008,0.9,resolved,openalex,2026-08-16T22:31:00Z,X006,"Physical functioning is often impaired in adolescents with chronic pain, which has largely been demonstrated through subjective self-report measures. Actigraphy uses motion monitoring as an objective means for assessing one dimension of physical functioning, physical activity level. This study used subjective and objective measures to assess multiple dimensions of physical functioning in a clinical sample of adolescents with chronic pain (n = 78) and a comparison group of healthy adolescents (n = 59). Individual and pain characteristics were also examined as predictors of actigraphy variables within the chronic pain sample. Results indicated that adolescents with chronic pain demonstrate significant impairment in subjective measures of physical functioning and evidence lower levels of physical activity. Actigraphic measures of physical activity were moderately correlated with self-report measures of physical functioning. Individual characteristics, including adolescent age, sex, Body Mass Index percentile, were associated with physical activity levels among adolescents with chronic pain. Physical activity represents a distinct dimension of physical functioning. Assessing physical activity may provide additional description of physical functioning among adolescents with chronic pain, and may help identify targets for intervention in this population. Perspective This study demonstrates that adolescents with chronic pain have lower physical activity levels, as measured objectively via actigraphy, as well as poorer subjective reports of physical functioning, compared to healthy adolescents. Actigraphic measurement of physical activity provides objective source data about one dimension of physical functioning.",Actigraphy; Chronic pain; Medicine; Physical therapy; Population; Physical medicine and rehabilitation; Clinical psychology; Psychiatry; Insomnia; Environmental health,True,article,True,True,True,doi,,"{'venue': 'crossref', 'volume': 'crossref', 'issue': 'crossref', 'pages': 'crossref', 'publisher': 'crossref', 'url': 'crossref', 'lang': 'crossref', 'abstract': 'semanticscholar'}","{'crossref': 7, 'semanticscholar': 1}","X006.R000 resolved | hits:OA,CR,S2 | winner:- | filled:venue:CR; lang:CR; abstract:SE | missing:-"
A196,101111j13652982201101866x,Heart rate variability in the irritable bowel syndrome: a review of the literature,Nazar Mazurak; N.M. Seredyuk; Heinrich Sauer; Martin Teufel; Paul Enck,Nazar Mazurak,2012.0,10.1111/j.1365-2982.2011.01866.x,https://pubmed.ncbi.nlm.nih.gov/22256893,,,Neurogastroenterology &amp; Motility,24,3,206-216,Wiley,en,https://doi.org/10.1111/j.1365-2982.2011.01866.x,0.9,resolved,openalex,2026-08-16T22:31:01Z,X006,"BACKGROUND: Patients with irritable bowel syndrome (IBS) often present with disturbances of bowel habits (diarrhea, constipation) and abdominal pain/discomfort that are modulated by the autonomic nerve system (ANS). In this narrative review, we analyzed studies that measured ANS functioning in IBS by means of heart rate variability (HRV). METHODS: The PUBMED was searched with the keywords 'irritable bowel syndrome' AND ('heart rate variability' OR 'autonomic function'). We included only papers that used 'traditional' HRV indices and diagnosed IBS based on Manning or Rome criteria. Studies were sub-grouped according to methodological features of HRV analysis (24-h monitoring, short-term laboratory records, records during sleep). KEY RESULTS: Most studies reported no difference in HRV when the IBS population was compared to healthy controls. Dividing the IBS sample into subgroups--according to their predominant bowel symptoms, the severity of clinical course, the presence of depressive symptoms, or a history of abuse in the past--revealed changes in autonomic functioning. CONCLUSIONS & INFERENCES: Patients with IBS appear to experience symptoms that may be the result of changes in ANS functioning. HRV measures in clinical routine may allow assessing these changes, but further studies performed in a standardized fashion should improve the validity of HRV measures for clinical research first.",Irritable bowel syndrome; Heart rate variability; Medicine; Constipation; Diarrhea; Abdominal pain; Autonomic function; Population; Internal medicine; Heart rate; Physical therapy; Blood pressure,False,article,True,True,False,doi,,"{'venue': 'crossref', 'volume': 'crossref', 'issue': 'crossref', 'pages': 'crossref', 'publisher': 'crossref', 'url': 'crossref', 'lang': 'crossref'}",{'crossref': 7},"X006.R000 resolved | hits:OA,CR | winner:- | filled:venue:CR; lang:CR | missing:-"
A197,101007bf02292769,Time- and frequency-domain estimation of early diabetic cardiovascular autonomic neuropathy,Dan Ziegler; Dominique Laude; Fawaz Akila; Jean‐Luc Elghozi,Dan Ziegler,2001.0,10.1007/bf02292769,https://pubmed.ncbi.nlm.nih.gov/11794718,,,Clinical Autonomic Research,11,6,369-376,Springer Science and Business Media LLC,en,https://doi.org/10.1007/bf02292769,0.9,resolved,openalex,2026-08-16T22:31:01Z,X006,"The risk related to cardiovascular autonomic neuropathy dys-autonomia should lead to a specific assessment of this complication of diabetes. The aim of this study was to estimate the accuracy of a battery of blood pressure (BP) and heart rate (HR) variability indexes obtained in different subgroups of diabetic subjects classified according to the conventional laboratory autonomic function tests (Ewing scores). Blood pressure was measured continuously at the finger level with a Finapres monitor while subjects were in the supine position and again while they were standing. Pulse intervals were derived from BP recordings and were taken as surrogates for R-R intervals. Subjects with borderline or definite cardiovascular autonomic neuropathy showed a similar degree of alterations of both HR and BP variability (spectral measures) and in the relationship between BP and HR (cross-spectral and sequence analysis). Subjects with no evidence of cardiovascular autonomic neuropathy on the basis of the conventional tests showed an altered relationship between BP and HR. This baroreceptor-HR reflex dysfunction could represent an early stage of cardiovascular autonomic neuropathy undetected by the conventional tests. The areas under the receiver operating characteristic plots indicated that the high-frequency peak of pulse interval was highly discriminant in the supine and standing positions. The cross-spectral analysis showed the best discrimination for the gain in the high-frequency range. For the sequence analysis, the slope was the best discriminant factor for any degree of cardiovascular autonomic neuropathy. In conclusion, these estimates of baroreceptor-HR function may provide a powerful tool for assessing cardiovascular autonomic neuropathy at any stage, including the early stage, which is not detected by the conventional tests.",Medicine; Neurology; Diabetes mellitus; Internal medicine; Cardiology; Autonomic neuropathy; Estimation; Diabetic neuropathy; Endocrinology; Psychiatry; Neuroblastoma; Management,False,article,True,True,True,doi,,"{'venue': 'crossref', 'volume': 'crossref', 'issue': 'crossref', 'pages': 'crossref', 'publisher': 'crossref', 'url': 'crossref', 'lang': 'crossref', 'abstract': 'unpaywall'}","{'crossref': 7, 'unpaywall': 1}","X006.R000 resolved | hits:OA,CR,S2 | winner:- | filled:venue:CR; lang:CR; abstract:UN | missing:-"
A198,102340165019770172,Perceived disability but not pain is connected with autonomic nervous function among patients with chronic low back pain,Maarit Gockel; Harri Lindholm; Leena Niemistö; Heikki Hurri,Maarit Gockel,2008.0,10.2340/16501977-0172,https://pubmed.ncbi.nlm.nih.gov/18461260,,,Journal of Rehabilitation Medicine,40,5,355-358,Medical Journals Sweden AB,en,https://doi.org/10.2340/16501977-0172,0.9,resolved,openalex,2026-08-16T22:31:03Z,X006,"OBJECTIVE: To assess the association of cardiovascular autonomic balance with perceived functional impairment and pain among patients with chronic low back pain. DESIGN: A cross-sectional analysis of working patients with chronic low back pain. PATIENTS: Forty-six consecutive patients aged 24-45 years with chronic low back pain fulfilling the inclusion criteria. A total of 39 subjects had technically acceptable electrocardiographic recordings during periods of rest and standard provocations. METHODS: Perceived functional disability was assessed with the Oswestry disability index and pain with a numerical rating scale. Autonomic nervous function was assessed by measuring heart rate variability with short recordings. RESULTS: The total power of heart rate variability was lower among those with moderate perceived disability (Oswestry 20-40%) compared with those with minimal disability (Oswestry < 20%). However, heart rate variability did not differ significantly among those with numerical rating scale values < or = 5/10 from those with values > 5/10. The power of the high-frequency component (0.15-0.4 Hz) of heart rate variability was lower among those with moderate perceived functional impairment. CONCLUSION: A significant association existed between heart rate variability and perceived physical impairment, but not between heart rate variability and pain. Proportionally reduced high-frequency activity was found to reflect decreased parasympathetic activity or increased sympathetic activity. This resulted in sympathetic dominance among the patients with higher subjective disability. The possible clinical implications of this observation are discussed.",Heart rate variability; Medicine; Oswestry Disability Index; Physical therapy; Autonomic nervous system; Heart rate; Chronic pain; Balance (ability); Low back pain; Physical medicine and rehabilitation; Internal medicine; Blood pressure,True,article,True,True,False,doi,,"{'venue': 'crossref', 'volume': 'crossref', 'issue': 'crossref', 'pages': 'crossref', 'publisher': 'crossref', 'url': 'crossref', 'lang': 'crossref'}",{'crossref': 7},"X006.R000 resolved | hits:OA,CR | winner:- | filled:venue:CR; lang:CR | missing:-"
A199,101016jjpain201301010,Conditioned Pain Modulation in Children and Adolescents: Effects of Sex and Age,Jennie C.I. Tsao; Laura C. Seidman; Subhadra Evans; Kirsten Lung; Lonnie K. Zeltzer; Bruce D. Naliboff,Jennie C.I. Tsao,2013.0,10.1016/j.jpain.2013.01.010,https://pubmed.ncbi.nlm.nih.gov/23541066,,,The Journal of Pain,14,6,558-567,Elsevier BV,en,https://doi.org/10.1016/j.jpain.2013.01.010,0.9,resolved,openalex,2026-08-16T22:31:03Z,X006,"Conditioned pain modulation (CPM) refers to the diminution of perceived pain intensity for a test stimulus following application of a conditioning stimulus to a remote area of the body, and is thought to reflect the descending inhibition of nociceptive signals. Studying CPM in children may inform interventions to enhance central pain inhibition within a developmental framework. We assessed CPM in 133 healthy children (mean age = 13 years; 52.6% girls) and tested the effects of sex and age. Participants were exposed to four trials of a pressure test stimulus before, during, and after the application of a cold water conditioning stimulus. CPM was documented by a reduction in pressure pain ratings during cold water administration. Older children (12–17 years) exhibited greater CPM than younger (8–11 years) children. No sex differences in CPM were found. Lower heart rate variability (HRV) at baseline and after pain induction was associated with less CPM controlling for child age. The findings of greater CPM in the older age cohort suggest a developmental improvement in central pain inhibitory mechanisms. The results highlight the need to examine developmental and contributory factors in central pain inhibitory mechanisms in children to guide effective, age appropriate, pain interventions.",Medicine; Stimulus (psychology); Psychological intervention; Cold pressor test; Heart rate; Chronic pain; Nociception; Conditioning; Audiology; Physical therapy; Blood pressure; Psychology,True,article,True,True,True,doi,,"{'venue': 'crossref', 'volume': 'crossref', 'issue': 'crossref', 'pages': 'crossref', 'publisher': 'crossref', 'url': 'crossref', 'lang': 'crossref', 'abstract': 'semanticscholar'}","{'crossref': 7, 'semanticscholar': 1}","X006.R000 resolved | hits:OA,CR,S2 | winner:- | filled:venue:CR; lang:CR; abstract:SE | missing:-"
A200,101016jjpsychores201105007,Health and distress predictors of heart rate variability in fibromyalgia and other forms of chronic pain,Sheeva Mostoufi; Niloofar Afari; Sandra M. Ahumada; Veronica Reis; Julie Loebach Wetherell,Sheeva Mostoufi,2011.0,10.1016/j.jpsychores.2011.05.007,https://pubmed.ncbi.nlm.nih.gov/22200521,,,Journal of Psychosomatic Research,72,1,39-44,Elsevier BV,en,https://doi.org/10.1016/j.jpsychores.2011.05.007,0.9,resolved,openalex,2026-08-16T22:31:04Z,X006,,Fibromyalgia; Heart rate variability; Chronic pain; Autonomic nervous system; Anxiety; Distress; Depression (economics); Heart rate; Physical therapy; Pain catastrophizing; Psychology; Medicine,False,article,True,True,True,doi,,"{'venue': 'crossref', 'volume': 'crossref', 'issue': 'crossref', 'pages': 'crossref', 'publisher': 'crossref', 'url': 'crossref', 'lang': 'crossref'}",{'crossref': 7},"X006.R000 resolved | hits:OA,CR,S2 | winner:- | filled:venue:CR; lang:CR | missing:abstract"
A201,101016jjpain201202007,Autonomic Nervous System Function in Young Children With Functional Abdominal Pain or Irritable Bowel Syndrome,Monica Jarrett; Margaret Heitkemper; Danita I. Czyzewski; Lonnie K. Zeltzer; Robert J. Shulman,Monica Jarrett,2012.0,10.1016/j.jpain.2012.02.007,https://pubmed.ncbi.nlm.nih.gov/22520688,,,The Journal of Pain,13,5,477-484,Elsevier BV,en,https://doi.org/10.1016/j.jpain.2012.02.007,0.9,resolved,openalex,2026-08-16T22:31:05Z,X006,"Adults with irritable bowel syndrome (IBS) have been reported to have alterations in autonomic nervous system function as measured by vagal activity via heart rate variability. Whether the same is true for children is unknown. We compared young children 7 to 10 years of age with functional abdominal pain (FAP) or IBS to healthy children (HC) and explored the relationship of vagal activity and sympathovagal balance to psychological distress and stool type. Children completed questionnaires, kept a 2-week pain/stool diary, and wore a 24-hour Holter monitor to assess vagal activity. Group comparisons on vagal activity were controlled for age and body mass index. Indicators of vagal activity and sympathovagal balance did not differ between FAP/IBS children (70 girls, 30 boys) and HC (44 girls, 18 boys). Psychological distress measures were generally higher in FAP/IBS than HC, primarily in girls. Exploratory analyses suggest a potential negative correlation between vagal activity and psychological distress in FAP/IBS girls but not boys. In contrast to reports in women, no differences were found in vagal activity between FAP/IBS and HC. Preliminary findings suggest that in girls with FAP/IBS there is an inverse relationship between vagal activity and psychological distress. Perspective The results from this study suggest a possible relationship between emotional state and vagal activity in prepubertal girls (but not boys) with FAP/IBS. Age and/or duration of symptoms may explain our contrasting findings versus adults with IBS.",Irritable bowel syndrome; Medicine; Vagal tone; Autonomic nervous system; Heart rate variability; Abdominal pain; Distress; Balance (ability); Internal medicine; Visceral pain; Heart rate; Physical therapy,True,article,True,True,True,doi,,"{'venue': 'crossref', 'volume': 'crossref', 'issue': 'crossref', 'pages': 'crossref', 'publisher': 'crossref', 'url': 'crossref', 'lang': 'crossref', 'abstract': 'semanticscholar'}","{'crossref': 7, 'semanticscholar': 1}","X006.R000 resolved | hits:OA,CR,S2 | winner:- | filled:venue:CR; lang:CR; abstract:SE | missing:-"
A202,101016jpain201209013,Relationship of neuroticism and laboratory pain in healthy children: Does anxiety sensitivity play a role?,Laura A. Payne; Laura C. Seidman; Kirsten Lung; Lonnie K. Zeltzer; Jennie C.I. Tsao,Laura A. Payne,2012.0,10.1016/j.pain.2012.09.013,https://pubmed.ncbi.nlm.nih.gov/23158759,,,Pain,154,1,103-109,Ovid Technologies (Wolters Kluwer Health),en,https://doi.org/10.1016/j.pain.2012.09.013,0.9,resolved,openalex,2026-08-16T22:31:05Z,X006,"Both neuroticism, a higher-order, stable personality trait, and anxiety sensitivity (AS), a lower-order pain-related construct, have been associated with pain, although no research exists examining the relationship of both these constructs to acute pain in children. In the current study, 99 healthy children (53 girls) completed self-report measures of neuroticism and AS before undergoing pain tasks involving cold and pressure pain. We hypothesized that both neuroticism and AS would be correlated with acute pain responses, but that AS would at least partially mediate the relationship between neuroticism and pain responses. Results indicated significant correlations between neuroticism, AS, and anticipatory anxiety, pain intensity and pain bother. Mediational models revealed that AS partially mediated relationships between neuroticism and pain intensity/bother, and fully mediated relationships between neuroticism and anticipatory anxiety. These data suggest that, at least in children, neuroticism may be best understood as a vulnerability factor for elevated pain responses, especially when coupled with a fear of bodily sensations.",Neuroticism; Anxiety sensitivity; Anxiety; Psychology; Clinical psychology; Sensitivity (control systems); Medicine; Developmental psychology; Psychiatry; Personality; Social psychology; Electronic engineering,True,article,True,True,False,doi,,"{'venue': 'crossref', 'volume': 'crossref', 'issue': 'crossref', 'pages': 'crossref', 'publisher': 'crossref', 'url': 'crossref', 'lang': 'crossref'}",{'crossref': 7},"X006.R000 resolved | hits:OA,CR | winner:- | filled:venue:CR; lang:CR | missing:-"
A203,101016jjpsychores200902007,Autonomic activity and somatic symptoms in response to success vs. failure on a cognitive task: A comparison of chronic abdominal pain patients and well children,Martina Puzanovova; Patrick G. Arbogast; Craig A. Smith; Julia Anderson; André Diedrich; Lynn S. Walker,Martina Puzanovova,2009.0,10.1016/j.jpsychores.2009.02.007,https://pubmed.ncbi.nlm.nih.gov/19686879,,,Journal of Psychosomatic Research,67,3,235-243,Elsevier BV,en,https://doi.org/10.1016/j.jpsychores.2009.02.007,0.9,resolved,openalex,2026-08-16T22:31:06Z,X006,"Objectives To compare autonomic nervous system (ANS) activity and somatic symptoms in chronic abdominal pain (CAP) patients and well children during (a) resting baseline, (b) training in a cognitive task, and (c) random assignment to success vs. failure on the task. Methods The ECG was continuously recorded with a dual lead system (Biopac) in 45 CAP patients and 22 well children, ages 9–16 years (mean age = 12.3). Heart rate variability (HRV) was analyzed during the 5 minute resting baseline, training, and success/failure on the task. Performance expectations were assessed before the task. Gastrointestinal (GI) and non-GI somatic symptoms were assessed before and after the task. Results Compared to well children, CAP patients reported lower expectations for their task performance and higher GI symptoms (p’s < 0.05). During success, CAP patients exhibited significant increases in both sympathetic (p < 0.05) and parasympathetic (p < 0.05) activity whereas well children exhibited no change in ANS activity. During failure, CAP patients exhibited significant increases in somatic symptoms (< 0.05) but no change in ANS activity. Conclusions The lower performance expectations of CAP patients compared to well children may have influenced their experience of success and contributed to differences in their autonomic activity.",Autonomic nervous system; Heart rate variability; Medicine; Somatic cell; Cognition; Internal medicine; Abdominal pain; Task (project management); Heart failure; Cardiology; Audiology; Heart rate,True,article,True,True,True,doi,,"{'venue': 'crossref', 'volume': 'crossref', 'issue': 'crossref', 'pages': 'crossref', 'publisher': 'crossref', 'url': 'crossref', 'lang': 'crossref', 'abstract': 'semanticscholar'}","{'crossref': 7, 'semanticscholar': 1}","X006.R000 resolved | hits:OA,CR,S2 | winner:- | filled:venue:CR; lang:CR; abstract:SE | missing:-"
A204,101016jpain200907003,The importance of emotional processes in the modulation of pain,Jamie L. Rhudy,Jamie L. Rhudy,2009.0,10.1016/j.pain.2009.07.003,https://pubmed.ncbi.nlm.nih.gov/19647365,,,Pain,146,3,233-234,Ovid Technologies (Wolters Kluwer Health),en,https://doi.org/10.1016/j.pain.2009.07.003,0.9,resolved,openalex,2026-08-16T22:31:06Z,X006,"Department of Psychology, The University of Tulsa, 800 South Tucker Drive, Tulsa, OK 74104, USA. Tel.: +1 918 631 2839; fax: +1 918 631 2833. E-mail address:[email protected]",Psychology; Emotional disorder; Applied psychology; Psychiatry; Medicine; Anxiety,False,article,True,True,False,doi,,"{'venue': 'crossref', 'volume': 'crossref', 'issue': 'crossref', 'pages': 'crossref', 'publisher': 'crossref', 'url': 'crossref', 'lang': 'crossref'}",{'crossref': 7},"X006.R000 resolved | hits:OA,CR | winner:- | filled:venue:CR; lang:CR | missing:-"
A205,powerspectrumofheartratevariabilityanoninvasivetestofintegratedneurocardiacfunction,Power spectrum of heart rate variability: a non-invasive test of integrated neurocardiac function,Ernest L. Fallen; M.V. Kamath; Dhanjoo N. Ghista,Ernest L. Fallen,1988.0,https://openalex.org/W5279723,https://pubmed.ncbi.nlm.nih.gov/3180556,,,,,,,,en,,0.9,resolved,openalex,2026-08-16T22:31:07Z,X006,"Under steady state conditions, frequency specific oscillations in the heart rate record reflect beat-to-beat autonomic control of sinus node activity. Using an autoregressive model, samples (2.5 min) of continuous ECG records were analyzed in 36 healthy young adults during supine rest (45 min), orthostatic stress and controlled respiration. In the supine state, constancy of heart rate was achieved (mean HR 62.8 bt/min +/- 4.88 SD). However, the 0.1 Hz peak spectral power varied considerably: average coefficient of variation was 34% compared to only 8% for heart rate. When breathing rates were synchronized to a metronome there was a small insignificant decrease in the peak power at 0.1 Hz compared to spontaneous respiration. Standing produced a significant increase in the peak power at 0.1 Hz especially during synchronized breathing. There was a maximum increase in the low frequency (0.1 Hz) peak power of 40 (bt/min)2. Hz-1 at a controlled breathing frequency of 0.25 Hz in the standing compared to supine position. The data show that reproducibility of the power spectrum heart rate variability is best achieved at controlled but physiologic respiratory rates and, preferably, in the upright position.",Supine position; Heart rate; Heart rate variability; Medicine; Coefficient of variation; Cardiology; Respiration; Orthostatic vital signs; Beat (acoustics); Respiratory rate; Metronome; Breathing,False,article,True,False,False,title,openalex,"{'doi': 'openalex', 'lang': 'heuristic'}","{'openalex': 1, 'heuristic': 1}",X006.R000 resolved | hits:OA | winner:openalex | filled:doi:OP; lang:HE | missing:-
A206,101126science6166045,Power Spectrum Analysis of Heart Rate Fluctuation: A Quantitative Probe of Beat-to-Beat Cardiovascular Control,S. Akselrod; David Gordon; F. Andrew Ubel; Daniel C. Shannon; Alexandre Berger; Richard J. Cohen,S. Akselrod,1981.0,10.1126/science.6166045,https://pubmed.ncbi.nlm.nih.gov/6166045,,,Science,213,4504,220-222,American Association for the Advancement of Science (AAAS),en,https://doi.org/10.1126/science.6166045,0.9,resolved,openalex,2026-08-16T22:31:07Z,X006,"Power spectrum analysis of heart rate fluctuations provides a quantitative noninvasive means of assessing the functioning of the short-term cardiovascular control systems. We show that sympathetic and parasympathetic nervous activity make frequency-specific contributions to the heart rate power spectrum, and that renin-angiotensin system activity strongly modulates the amplitude of the spectral peak located at 0.04 hertz. Our data therefore provide evidence that the renin-angiotensin system plays a significant role in short-term cardiovascular control in the time scale of seconds to minutes.",Heart rate; Spectral density; Renin–angiotensin system; Beat (acoustics); Spectral analysis; Heart rate variability; Internal medicine; Cardiology; Frequency spectrum; Amplitude; Medicine; Blood pressure,False,article,True,True,False,doi,,"{'venue': 'crossref', 'volume': 'crossref', 'issue': 'crossref', 'pages': 'crossref', 'publisher': 'crossref', 'url': 'crossref', 'lang': 'crossref'}",{'crossref': 7},"X006.R000 resolved | hits:OA,CR | winner:- | filled:venue:CR; lang:CR | missing:-"
A207,101111j146989861997tb02140x,"Heart rate variability: Origins, methods, and interpretive caveats",Gary G. Berntson; J. Thomas Bigger; Dwain L. Eckberg; Paul Grossman; Peter Kaufmann; Marek Malík; Haikady N. Nagaraja; Stephen W. Porges; J. Philip Saul; Peter H. Stone; MAUROTS W. VAN DER MOLEN,Gary G. Berntson,1997.0,10.1111/j.1469-8986.1997.tb02140.x,https://pubmed.ncbi.nlm.nih.gov/9401419,,,Psychophysiology,34,6,623-648,Wiley,en,https://doi.org/10.1111/j.1469-8986.1997.tb02140.x,0.9,resolved,openalex,2026-08-16T22:31:08Z,X006,"Components of heart rate variability have attracted considerable attention in psychology and medicine and have become important dependent measures in psychophysiology and behavioral medicine. Quantification and interpretation of heart rate variability, however, remain complex issues and are fraught with pitfalls. The present report (a) examines the physiological origins and mechanisms of heart rate variability, (b) considers quantitative approaches to measurement, and (c) highlights important caveats in the interpretation of heart rate variability. Summary guidelines for research in this area are outlined, and suggestions and prospects for future developments are considered.",Psychophysiology; Heart rate variability; Psychology; Interpretation (philosophy); Heart rate; Cognitive psychology; Neuroscience; Blood pressure; Medicine; Internal medicine; Computer science; Programming language,True,article,True,True,False,doi,,"{'venue': 'crossref', 'volume': 'crossref', 'issue': 'crossref', 'pages': 'crossref', 'publisher': 'crossref', 'url': 'crossref', 'lang': 'crossref'}",{'crossref': 7},"X006.R000 resolved | hits:OA,CR | winner:- | filled:venue:CR; lang:CR | missing:-"
A208,101016s0165032700003384,A model of neurovisceral integration in emotion regulation and dysregulation,Julian F. Thayer; Richard D. Lane,Julian F. Thayer,2000.0,10.1016/s0165-0327(00)00338-4,https://pubmed.ncbi.nlm.nih.gov/11163422,,,Journal of Affective Disorders,61,3,201-216,Elsevier BV,en,https://doi.org/10.1016/s0165-0327(00)00338-4,0.9,resolved,openalex,2026-08-16T22:31:09Z,X006,,Negative feedback; Context (archaeology); Psychology; Neuroscience; Neuronal circuits; Perspective (graphical); Adaptability; Biological neural network; Cognitive psychology; Positive feedback; Computer science; Biology,False,article,True,True,True,doi,,"{'venue': 'crossref', 'volume': 'crossref', 'issue': 'crossref', 'pages': 'crossref', 'publisher': 'crossref', 'url': 'crossref', 'lang': 'crossref'}",{'crossref': 7},"X006.R000 resolved | hits:OA,CR,S2 | winner:- | filled:venue:CR; lang:CR | missing:abstract"
A209,101016jneubiorev200808004,Claude Bernard and the heart–brain connection: Further elaboration of a model of neurovisceral integration,Julian F. Thayer; Richard D. Lane,Julian F. Thayer,2008.0,10.1016/j.neubiorev.2008.08.004,https://pubmed.ncbi.nlm.nih.gov/18771686,,,Neuroscience &amp; Biobehavioral Reviews,33,2,81-88,Elsevier BV,en,https://doi.org/10.1016/j.neubiorev.2008.08.004,0.9,resolved,openalex,2026-08-16T22:31:10Z,X006,,Neuroscience; Psychology; Endophenotype; Amygdala; Heart rate variability; Prefrontal cortex; Cognition; Heart rate; Medicine; Internal medicine; Blood pressure,False,article,True,True,True,doi,,"{'venue': 'crossref', 'volume': 'crossref', 'issue': 'crossref', 'pages': 'crossref', 'publisher': 'crossref', 'url': 'crossref', 'lang': 'crossref'}",{'crossref': 7},"X006.R000 resolved | hits:OA,CR,S2 | winner:- | filled:venue:CR; lang:CR | missing:abstract"
A210,101016jbiopsycho200511013,The role of vagal function in the risk for cardiovascular disease and mortality,Julian F. Thayer; Richard D. Lane,Julian F. Thayer,2006.0,10.1016/j.biopsycho.2005.11.013,https://pubmed.ncbi.nlm.nih.gov/17182165,,,Biological Psychology,74,2,224-242,Elsevier BV,en,https://doi.org/10.1016/j.biopsycho.2005.11.013,0.9,resolved,openalex,2026-08-16T22:31:10Z,X006,,Disease; Medicine; Etiology; Baroreflex; Psychosocial; Intensive care medicine; Mortality rate; Risk factor; Heart disease; Heart rate variability; Internal medicine; Cardiology,False,article,True,True,True,doi,,"{'venue': 'crossref', 'volume': 'crossref', 'issue': 'crossref', 'pages': 'crossref', 'publisher': 'crossref', 'url': 'crossref', 'lang': 'crossref'}",{'crossref': 7},"X006.R000 resolved | hits:OA,CR,S2 | winner:- | filled:venue:CR; lang:CR | missing:abstract"
A211,101017s003329179700593x,"Puberty and depression: the roles of age, pubertal status and pubertal timing",Adrian Angold; E. Jane Costello; Carol M. Worthman,Adrian Angold,1998.0,10.1017/s003329179700593x,https://pubmed.ncbi.nlm.nih.gov/9483683,,,Psychological Medicine,28,1,51-61,Cambridge University Press (CUP),en,https://doi.org/10.1017/s003329179700593x,0.9,resolved,openalex,2026-08-16T22:31:11Z,X006,"BACKGROUND: Previous work has indicated that the 2:1 female:male sex ratio in unipolar depressive disorders does not emerge until some time between ages 10 and 15. METHODS: Data from four annual waves of data collection from the Great Smoky Mountains Study (GSMS) involving children aged nine to 16 were employed. RESULTS: Pubertal status better predicted the emergence of the expected sex ratio than did age. Only after the transition to mid-puberty (Tanner Stage III and above) were girls more likely than boys to be depressed. The timing of this transition had no effect on depression rates. Before Tanner Stage III, boys had higher rates of depression than girls, and the prevalence of depression appeared to fall in boys at an earlier pubertal stage than that at which it began to rise in girls. In addition, recent transition to Tanner Stage III or higher had a transient effect in reducing the prevalence of depression in boys. CONCLUSIONS: The period of emergence of increased risk for depression in adolescent girls appears to be a relatively sharply demarcated developmental transition occurring in mid-puberty. Previously reported effects of the timing of puberty (which have tended to be transient) appeared less important in increase of risk for depression than pubertal status.",Depression (economics); Demography; Psychology; Medicine; Macroeconomics; Sociology; Economics,False,article,True,True,False,doi,,"{'venue': 'crossref', 'volume': 'crossref', 'issue': 'crossref', 'pages': 'crossref', 'publisher': 'crossref', 'url': 'crossref', 'lang': 'crossref'}",{'crossref': 7},"X006.R000 resolved | hits:OA,CR | winner:- | filled:venue:CR; lang:CR | missing:-"
A212,101016jbiopsycho200608005,The many metrics of cardiac chronotropy: A pragmatic primer and a brief comparison of metrics,John J. B. Allen; Andrea S. Chambers; David N. Towers,John J. B. Allen,2006.0,10.1016/j.biopsycho.2006.08.005,https://pubmed.ncbi.nlm.nih.gov/17070982,,,Biological Psychology,74,2,243-262,Elsevier BV,en,https://doi.org/10.1016/j.biopsycho.2006.08.005,0.9,resolved,openalex,2026-08-16T22:31:11Z,X006,,Set (abstract data type); Psychology; Index (typography); Factor (programming language); Heart rate; Heart rate variability; Statistics; Cognitive psychology; Computer science; Mathematics; Medicine; Internal medicine,False,article,True,True,True,doi,,"{'venue': 'crossref', 'volume': 'crossref', 'issue': 'crossref', 'pages': 'crossref', 'publisher': 'crossref', 'url': 'crossref', 'lang': 'crossref'}",{'crossref': 7},"X006.R000 resolved | hits:OA,CR,S2 | winner:- | filled:venue:CR; lang:CR | missing:abstract"
A213,101016s0049017200800104,Autonomic dysfunction in patients with fibromyalgia: Application of power spectral analysis of heart rate variability,Hagit Cohen; Lily Neumann; Margarita Shore; Marianne Amir; Y Cassuto; Dan Buskila,Hagit Cohen,2000.0,10.1016/s0049-0172(00)80010-4,https://pubmed.ncbi.nlm.nih.gov/10707990,,,Seminars in Arthritis and Rheumatism,29,4,217-227,Elsevier BV,en,https://doi.org/10.1016/s0049-0172(00)80010-4,0.9,resolved,openalex,2026-08-16T22:31:12Z,X006,,Medicine; Heart rate variability; Fibromyalgia; Supine position; Internal medicine; Cardiology; Heart rate; Anxiety; Autonomic nervous system; Quality of life (healthcare); Physical therapy; Blood pressure,False,article,True,True,True,doi,,"{'venue': 'crossref', 'volume': 'crossref', 'issue': 'crossref', 'pages': 'crossref', 'publisher': 'crossref', 'url': 'crossref', 'lang': 'crossref'}",{'crossref': 7},"X006.R000 resolved | hits:OA,CR,S2 | winner:- | filled:venue:CR; lang:CR | missing:abstract"
A214,102337diabetes51123524,Lower Heart Rate Variability Is Associated With the Development of Coronary Heart Disease in Individuals With Diabetes,Duanping Liao; Mercedes R. Carnethon; Gregory W. Evans; Wayne E. Cascio; Gerardo Heiss,Duanping Liao,2002.0,10.2337/diabetes.51.12.3524,https://pubmed.ncbi.nlm.nih.gov/12453910,,,Diabetes,51,12,3524-3531,American Diabetes Association,en,https://doi.org/10.2337/diabetes.51.12.3524,0.9,resolved,openalex,2026-08-16T22:31:13Z,X006,"The objective of this study was to test prospectively in a population sample whether individuals with impaired heart rate variability (HRV) are at increased risk of developing coronary heart disease (CHD) and of non-CHD mortality and to test whether this relationship is more pronounced among individuals with diabetes. We examined the association between HRV and incident CHD and non-CHD mortality in a cohort of 11,654 men and women aged 45-64 years at intake, from the biracial, population-based Atherosclerosis Risk in Communities Study. Supine, resting, 2-min beat-to-beat heart rate data were collected at the baseline examination. High frequency (HF; 0.15-0.40 Hz) and low frequency (LF; 0.04-0.15 Hz) spectral powers, LF/HF ratio, normalized HF and LF, the standard deviation of all normal R-R intervals (SDNN), and the mean of the sum of the squared differences between adjacent normal R-R intervals (MSSD) were used as the conventional indexes of HRV to measure cardiac autonomic control. From this cohort, 635 cases of incident CHD (including 346 cases of incident myocardial infarction [MI] and 82 cases of fatal CHD), and 623 non-CHD deaths were identified and validated after an average of 8 years of follow-up. Among individuals with diabetes, the multivariable adjusted proportional hazards ratios (95% CI) were 2.03 (1.28-3.23), 1.60 (1.12-2.27), 1.50 (0.65-3.42), and 1.27 (0.84-1.91) for incident MI, incident CHD, fatal CHD, and non-CHD deaths, respectively, comparing the lowest quartile to the upper most three quartiles of HF. A similar pattern of associations was found for LF, SDNN, and MSSD. By contrast, there was no consistent pattern of associations among individuals without diabetes. At the population level, a lower HRV (reflective of impaired cardiac autonomic control) is statistically significantly related to the development of CHD among individuals with diabetes, independent of markers of the duration/severity of the glucose metabolism impairment. These data suggest a contribution of an impaired cardiac autonomic control to the risk of CHD among individuals with diabetes.",Medicine; Internal medicine; Diabetes mellitus; Cardiology; Supine position; Cohort; Myocardial infarction; Heart rate variability; Population; Prospective cohort study; Heart rate; Blood pressure,True,article,True,True,False,doi,,"{'venue': 'crossref', 'volume': 'crossref', 'issue': 'crossref', 'pages': 'crossref', 'publisher': 'crossref', 'url': 'crossref', 'lang': 'crossref'}",{'crossref': 7},"X006.R000 resolved | hits:OA,CR | winner:- | filled:venue:CR; lang:CR | missing:-"
A215,1010970000458320030100000012,Psychological Comorbidity and Stress Reactivity in Children and Adolescents With Recurrent Abdominal Pain and Anxiety Disorders,Lorah D. Dorn; JOHN C. CAMPO; Sathja Thato; Ronald E. Dahl; Daniel Lewin; R. Chandra; CARLO DI LORENZO,Lorah D. Dorn,2003.0,10.1097/00004583-200301000-00012,https://pubmed.ncbi.nlm.nih.gov/12500078,,,Journal of the American Academy of Child &amp; Adolescent Psychiatry,42,1,66-75,Elsevier BV,en,https://doi.org/10.1097/00004583-200301000-00012,0.9,resolved,openalex,2026-08-16T22:31:14Z,X006,,Anxiety; Comorbidity; Blood pressure; Heart rate; Depression (economics); Clinical psychology; Psychology; Anxiety disorder; Abdominal pain; Trier social stress test; Somatic anxiety; Internal medicine,False,article,True,True,True,doi,,"{'venue': 'crossref', 'volume': 'crossref', 'issue': 'crossref', 'pages': 'crossref', 'publisher': 'crossref', 'url': 'crossref', 'lang': 'crossref'}",{'crossref': 7},"X006.R000 resolved | hits:OA,CR,S2 | winner:- | filled:venue:CR; lang:CR | missing:abstract"
A216,101007s1048401091288,Restoration of Vagal Tone: A Possible Mechanism for Functional Abdominal Pain,Erik Sowder; Richard Gevirtz; Warren L. Shapiro; Crystal Ebert,Erik Sowder,2010.0,10.1007/s10484-010-9128-8,https://pubmed.ncbi.nlm.nih.gov/20229150,,,Applied Psychophysiology and Biofeedback,35,3,199-206,Springer Science and Business Media LLC,en,https://doi.org/10.1007/s10484-010-9128-8,0.9,resolved,openalex,2026-08-16T22:31:15Z,X006,"Functional abdominal pain (FAP) causes disruption of daily activities/missed school days, over utilization of healthcare, unnecessary surgeries, and anxiety in 10–15% of children. Its etiology is not clearly understood, however the success of several clinical protocols suggests that autonomic dysregulation is a factor. In this study autonomic activity, including heart rate variability (HRV), was compared between children with FAP and a comparison group. Twenty children with FAP and 10 children without FAP between the ages of 5 and 17&nbsp;years old were compared on autonomic regulation using an ambulatory system at baseline and 8&nbsp;weeks later. Children with FAP participated in 6 sessions of HRV biofeedback aimed at normalizing autonomic balance. At baseline, children with FAP appear to have more autonomic dysregulation than children without FAP. After completing HRV biofeedback, the FAP group was able to significantly reduce their symptoms in relation to significantly increasing their autonomic balance. In a sample of children with FAP, it appears that HRV biofeedback treatment improved their symptoms and that a change in vagal tone was a potential mediator for this improvement. The present study appears to point to excessive vagal withdrawal as an underlying mechanism of FAP.",Heart rate variability; Biofeedback; Medicine; Vagal tone; Autonomic nervous system; Ambulatory; Anxiety; Heart rate; Balance (ability); Anesthesia; Abdominal pain; Internal medicine,False,article,True,True,True,doi,,"{'venue': 'crossref', 'volume': 'crossref', 'issue': 'crossref', 'pages': 'crossref', 'publisher': 'crossref', 'url': 'crossref', 'lang': 'crossref', 'abstract': 'unpaywall'}","{'crossref': 7, 'unpaywall': 1}","X006.R000 resolved | hits:OA,CR,S2 | winner:- | filled:venue:CR; lang:CR; abstract:UN | missing:-"
A217,101111j16512227200801096x,Playing a violent television game affects heart rate variability,Malena Ivarsson; Martin Anderson; Torbjörn Åkerstedt; Frank Lindblad,Malena Ivarsson,2008.0,10.1111/j.1651-2227.2008.01096.x,https://pubmed.ncbi.nlm.nih.gov/19006532,,,Acta Paediatrica,98,1,166-172,Wiley,en,https://doi.org/10.1111/j.1651-2227.2008.01096.x,0.9,resolved,openalex,2026-08-16T22:31:17Z,X006,"OBJECTIVE: To investigate how playing a violent/nonviolent television game during the evening affects sympathetic and parasympathetic reactions during and after playing as well as sleep quality during the night after playing. SUBJECTS AND METHODS: In total, 19 boys, 12-15 years of age, played television games on two occasions in their homes and participated once without gaming. Heart rate, heart rate variability (HRV) and physical activity were measured during gaming/participating and the night to follow using a portable combined heart rate and movement sensor. A sleep diary and questionnaires about gaming experiences and session-specific experiences were filled in. Criteria for Selection of Games: Violent game involves/rewards direct physical violence (no handguns) against another person, and nonviolent game involves/rewards no violence; same game design ('third-person game'); conducted in the same manner; no differences concerning motor activity; similar sound and light effects; no sexual content, violence against women or racial overtones. RESULTS: During violent (vs. nonviolent) gaming, there was significantly higher activity of the very low frequency component of the HRV and total power. During the night after playing, very low frequency, low frequency and high frequency components were significantly higher during the violent (vs. nonviolent) condition, just as total power. There were no significant differences between the three conditions (violent/nonviolent/no gaming) with respect to an index reflecting subjectively perceived sleep difficulties. Nor was there any difference between violent and nonviolent condition for any single sleep item. CONCLUSION: Violent gaming induces different autonomic responses in boys compared to nonviolent gaming--during playing and during the following night--suggesting different emotional responses. Subjectively perceived sleep quality is not influenced after a single gaming experience. Future studies should address the development of the autonomic balance after gaming over longer time than a night, physiological adaptation to frequent gaming and potential gender differences.",Medicine; Video game; Poison control; Injury prevention; Suicide prevention; Human factors and ergonomics; Medical emergency; Multimedia; Computer science,False,article,True,True,False,doi,,"{'venue': 'crossref', 'volume': 'crossref', 'issue': 'crossref', 'pages': 'crossref', 'publisher': 'crossref', 'url': 'crossref', 'lang': 'crossref'}",{'crossref': 7},"X006.R000 resolved | hits:OA,CR | winner:- | filled:venue:CR; lang:CR | missing:-"
A218,101017s146114570100236x,Enhanced stress reactivity in paediatric anxiety disorders: implications for future cardiovascular health,Catherine Monk; Pavel Kovelenko; Lauren M. Ellman; Richard P. Sloan; Emilia Bagiella; Jack M. Gorman; Daniel S. Pine,Catherine Monk,2001.0,10.1017/s146114570100236x,https://pubmed.ncbi.nlm.nih.gov/11468091,,,The International Journal of Neuropsychopharmacology,4,02,,Oxford University Press (OUP),en,https://doi.org/10.1017/s146114570100236x,0.9,resolved,openalex,2026-08-16T22:31:18Z,"X006,X013","The aim was to clarify the developmental nature of associations between psychiatric illness and risk for cardiovascular disease by investigating differences in cardiac functioning between youth with anxiety disorders and healthy controls. Twenty-two children meeting DSM-IV criteria for either separation anxiety disorder, overanxious disorder, panic disorder/panic attacks, or social phobia and 12 healthy controls underwent continuous electrocardiogram and respiration rate monitoring during a 15 min baseline period and 15 min of exposure to 5% CO(2). Heart rate (HR) and high frequency heart rate variability (HRV), a non-invasive measure of cardiac parasympathetic control, were calculated. Youth with anxiety disorders had higher and less fluctuating HR during baseline. Data also suggested that probands showed diminished overall changes in HRV during baseline and CO(2) inhalation relative to controls. However, as respiration rate affects HRV, these findings were confounded by changes in respiration elicited by CO(2) inhalation. The data suggest that youth with anxiety disorders experience an elevated and less fluctuating HR in the face of a novel situation, possibly due to a failure to appropriately modulate HRV. In adults, sustained elevations in HR in conjunction with deficient vagal modulation predicts risk for future cardiovascular disease. As such, the current data suggest that the presence of an anxiety disorder may identify youth who exhibit autonomic profiles that place them at risk for cardiac disease.",Anxiety; Heart rate variability; Panic disorder; Heart rate; Vagal tone; Psychology; Depression (economics); Internal medicine; Medicine; Disease; Anxiety disorder; Panic,True,article,True,True,False,doi,,"{'venue': 'crossref', 'volume': 'crossref', 'issue': 'crossref', 'publisher': 'crossref', 'url': 'crossref', 'lang': 'crossref'}",{'crossref': 6},"X006.R000 resolved | hits:OA,CR | winner:- | filled:venue:CR; lang:CR | missing:-"
A219,101002dev20582,Sympathetic and parasympathetic responses to social stress across adolescence,Tom Hollenstein; Adrian McNeely; Jenny Eastabrook; Allison R. Mackey; Jessica J. Flynn,Tom Hollenstein,2011.0,10.1002/dev.20582,https://pubmed.ncbi.nlm.nih.gov/21688260,,,Developmental Psychobiology,54,2,207-214,Wiley,en,https://doi.org/10.1002/dev.20582,0.9,resolved,openalex,2026-08-16T22:31:18Z,X006,"Many transformations that occur in adolescence are related to emotion and emotion regulation, yet very little is known about the autonomic underpinnings of these changes. The aim of the study was to document age-related differences in autonomic responses to social stress and relations to emotion regulation. Ninety-nine female adolescents engaged in a paced breathing and a spontaneous speech task while electrocardiography measurements were taken. Spectral decomposition of the heart period data was used to create measures of sympathetic and parasympathetic activity. Results revealed a positive correlation between age and sympathetic activity and a negative correlation between age and parasympathetic activity. These findings contribute to a better understanding of the age-related norms of cardiac variability across adolescence.",Psychology; Vagal tone; Correlation; Parasympathetic nervous system; Heart rate variability; Sympathetic activity; Autonomic nervous system; Developmental psychology; Negative correlation; Stress (linguistics); Audiology; Internal medicine,False,article,True,True,False,doi,,"{'venue': 'crossref', 'volume': 'crossref', 'issue': 'crossref', 'pages': 'crossref', 'publisher': 'crossref', 'url': 'crossref', 'lang': 'crossref'}",{'crossref': 7},"X006.R000 resolved | hits:OA,CR | winner:- | filled:venue:CR; lang:CR | missing:-"
A220,101002da1019,Heart rate and QT variability in children with anxiety disorders: A preliminary report,Vikram K. Yeragani; K.A. Radhakrishna Rao; Robert Pohl; V.C. Jampala; Richard Balon,Vikram K. Yeragani,2001.0,10.1002/da.1019,https://pubmed.ncbi.nlm.nih.gov/11301923,,,Depression and Anxiety,13,2,72-77,Hindawi Limited,en,https://doi.org/10.1002/da.1019,0.9,resolved,openalex,2026-08-16T22:31:18Z,X006,"This study compared beat-to-beat heart rate and QT variability in children with anxiety disorders (n = 7) and normal controls (n = 15) by using an automated algorithm to compute QT intervals. An increase in QT variability appears to be associated with a higher risk for sudden cardiac death. A decrease in heart rate variability is also linked to significant cardiovascular events. Supine detrended QT variability, QT variability corrected for mean QT interval, and QTvi (a log ratio of QT variance normalized for mean QT over heart rate variability normalized for mean heart rate) were significantly higher in children with anxiety compared to controls (P < 0.05). The largest Lyapunov Exponent (LLE) of heart rate time series was significantly lower (P < 0.05) in children with anxiety compared to controls. These findings suggest a relative increase in sympathetic activity and a relative decrease in cardiac vagal activity in children with anxiety disorders, and are discussed in the context of the effects of tricyclics on cardiac autonomic function in children, and the rare occurrence of sudden death during tricyclic antidepressant treatment.",Heart rate variability; QT interval; Heart rate; Anxiety; Cardiology; Internal medicine; Medicine; Sudden cardiac death; Supine position; Long QT syndrome; Sudden death; Electrocardiography,False,article,True,True,False,doi,,"{'venue': 'crossref', 'volume': 'crossref', 'issue': 'crossref', 'pages': 'crossref', 'publisher': 'crossref', 'url': 'crossref', 'lang': 'crossref'}",{'crossref': 7},"X006.R000 resolved | hits:OA,CR | winner:- | filled:venue:CR; lang:CR | missing:-"
A221,101093jpepsyjsq070,Self-Reported and Laboratory-Based Responses to Stress in Children with Recurrent Pain and Anxiety,Lynette Dufton; Madeleine J. Dunn; Laura S. Slosky; Bruce E. Compas,Lynette Dufton,2010.0,10.1093/jpepsy/jsq070,https://pubmed.ncbi.nlm.nih.gov/20736388,,,Journal of Pediatric Psychology,36,1,95-105,Oxford University Press (OUP),en,https://doi.org/10.1093/jpepsy/jsq070,0.9,resolved,openalex,2026-08-16T22:31:18Z,X006,"OBJECTIVE: To examine heart rate (HR) responses to and coping with stress in children with recurrent abdominal pain (RAP), anxiety, and healthy controls. METHODS: A clinical sample (children with RAP and children with anxiety) was compared to control children on self-reported and HR responses to stress and a laboratory test of pain tolerance and intensity (cold pressor). RESULTS: Children in the clinical sample had elevated HRs compared to healthy controls before, during, and after laboratory tasks. Self-reported stress reactivity to social stress was positively correlated with HR at all study time intervals. Secondary control coping with social stress was negatively correlated with HR at most study time intervals. Internalizing symptoms were positively correlated with HR and self-reported stress reactivity. CONCLUSIONS: Stress reactivity, as reflected in both self-reported and HR responses to laboratory stressors, is related to the presence of both RAP and anxiety in children.",Stressor; Anxiety; Cold pressor test; Coping (psychology); Heart rate; Psychology; Clinical psychology; Reactivity (psychology); Social stress; Pain tolerance; Medicine; Internal medicine,True,article,True,True,False,doi,,"{'venue': 'crossref', 'volume': 'crossref', 'issue': 'crossref', 'pages': 'crossref', 'publisher': 'crossref', 'url': 'crossref', 'lang': 'crossref'}",{'crossref': 7},"X006.R000 resolved | hits:OA,CR | winner:- | filled:venue:CR; lang:CR | missing:-"
A222,101007s0024600893278,Autonomic Nervous System Function in Infants and Adolescents: Impact of Autonomic Tests on Heart Rate Variability,Elke Longin; Carmen Dimitriadis; S. Shazi; Thorsten Gerstner; Tamara Lenz; Stephan König,Elke Longin,2008.0,10.1007/s00246-008-9327-8,https://pubmed.ncbi.nlm.nih.gov/19037686,,,Pediatric Cardiology,30,3,311-324,Springer Science and Business Media LLC,en,https://doi.org/10.1007/s00246-008-9327-8,0.9,resolved,openalex,2026-08-16T22:31:19Z,X006,"Measurement of heart rate variability (HRV) shows information on the functional state of the autonomic nervous system (ANS). In adults there are standardized autonomic tests and well-established ranges of normal values, which is not the case in children. The aim of the present study was (1) to introduce an ANS test battery, especially for children and adolescents; (2) to establish normative HRV parameters; and (3) to determine the impact of ANS tests on HRV parameters compared with baseline measurements. We investigated 100 healthy children and adolescents between 6 and 15&nbsp;years old. We subdivided the investigated group into a group of children (5–11&nbsp;years old) and adolescents (12–15&nbsp;years old) and measured HRV by time and frequency domain parameters during baseline, rhythmic breathing, Valsalva test, active standing, tilt-table testing, and handgrip test. The normative HRV data are presented by means, SDs, medians, and percentiles. The results described refer to baseline values for each HRV parameter separately to demonstrate the influence of age on HRV parameters. The study results present not only first normative HRV data for an autonomic test battery especially adapted to children and adolescents, but they also quantify the autonomic changes induced by test procedures compared with baseline measurements.",Medicine; Autonomic nervous system; Cardiac surgery; Autonomic function; Heart rate variability; Vascular surgery; Heart rate; Cardiology; Internal medicine; Blood pressure,False,article,True,True,True,doi,,"{'venue': 'crossref', 'volume': 'crossref', 'issue': 'crossref', 'pages': 'crossref', 'publisher': 'crossref', 'url': 'crossref', 'lang': 'crossref', 'abstract': 'unpaywall'}","{'crossref': 7, 'unpaywall': 1}","X006.R000 resolved | hits:OA,CR,S2 | winner:- | filled:venue:CR; lang:CR; abstract:UN | missing:-"
A223,101111j165122272001tb02425x,Personality profiles and heart rate variability (vagal tone) in children with recurrent abdominal pain,E Olafsdottir; Bjørn Ellertsen; Arnold Berstad; G Fluge,E Olafsdottir,2001.0,10.1111/j.1651-2227.2001.tb02425.x,https://pubmed.ncbi.nlm.nih.gov/11440095,,,Acta Paediatrica,90,6,632-637,Wiley,en,https://doi.org/10.1111/j.1651-2227.2001.tb02425.x,0.9,resolved,openalex,2026-08-16T22:31:21Z,X006,"UNLABELLED: The aim of the study was to explore psychological factors and autonomic activity in children with recurrent abdominal pain and to compare them with those in a control group of healthy children. The Personality Inventory for Children was used for assessment of developmental, emotional and psychosocial factors in 25 children with recurrent abdominal pain (age, 7-15 y). Parasympathetic and sympathetic functions in these children and in 23 healthy control subjects (age, 7-13 y) were also investigated, non-invasively using a computerized polygraph. Vagal tone (parasympathetic function) was indexed by calculation of respiratory sinus arrhythmia in beats/min. Skin conductance (sympathetic function) was recorded by the constant current method. On the Personality Inventory for Children, 16 patients had high scores on somatic concern. Several patients had scores in the clinical range for depression, withdrawal and anxiety, but the mean scores for these personality profile scales were well within the normal range of healthy children. Interestingly, there was a spike on the L (Lie)-scale for most of the patients and 15 patients had scores above or close to the clinical cut-off value. As compared with the scores in healthy children, vagal tone and sympathetic tone were normal. CONCLUSION: Many children with recurrent abdominal pain have scores in the clinical range for depression, withdrawal, anxiety and L-scale indicating coping problems, denial and a trend towards somatic concern that may contribute to the evolution of abdominal pain. Autonomic nerve activity was not disturbed in these children.",Vagal tone; Medicine; Eysenck Personality Questionnaire; Anxiety; Heart rate variability; Heart rate; Psychosocial; Personality; Autonomic nervous system; Anesthesia; Internal medicine; Psychiatry,False,article,True,True,False,doi,,"{'venue': 'crossref', 'volume': 'crossref', 'issue': 'crossref', 'pages': 'crossref', 'publisher': 'crossref', 'url': 'crossref', 'lang': 'crossref'}",{'crossref': 7},"X006.R000 resolved | hits:OA,CR | winner:- | filled:venue:CR; lang:CR | missing:-"
A224,101093jpepsyjsp010,Exploring Psychophysiological Markers of Vulnerability to Somatic Illnesses in Females,Alison E. Hipwell; Kate Keenan; Anna L. Marsland,Alison E. Hipwell,2009.0,10.1093/jpepsy/jsp010,https://pubmed.ncbi.nlm.nih.gov/19286887,,,Journal of Pediatric Psychology,34,9,1030-1039,Oxford University Press (OUP),en,https://doi.org/10.1093/jpepsy/jsp010,0.9,resolved,openalex,2026-08-16T22:31:21Z,X006,"OBJECTIVE: To examine the association between biological stress regulation and somatic complaints in young girls prior to the onset of clear psychopathology such as somatization disorder. METHODS: Salivary cortisol, heart rate variability (HRV), and negative mood were assessed in 48 12-year-old girls in response to the Trier Social Stress Test for Children (TSST-C). Parent and child report on the Children's Somatization Inventory was used to identify girls with high and low somatic complaints. RESULTS: Girls with high levels of somatic complaints had significantly higher initial levels of cortisol, which decreased over time, and showed a trend for a more limited HRV in response to the TSST-C than girls with low levels of somatic complaints. CONCLUSIONS: High levels of cortisol and possibly low HRV among girls with somatic complaints may interfere with flexibility in responding to typical psychosocial stressors, which may increase vulnerability to the onset of somatic illnesses in females.",Somatization; Somatic cell; Psychology; Stressor; Trier social stress test; Psychopathology; Psychosocial; Clinical psychology; Heart rate variability; Mood; Psychiatry; Anxiety,True,article,True,True,False,doi,,"{'venue': 'crossref', 'volume': 'crossref', 'issue': 'crossref', 'pages': 'crossref', 'publisher': 'crossref', 'url': 'crossref', 'lang': 'crossref'}",{'crossref': 7},"X006.R000 resolved | hits:OA,CR | winner:- | filled:venue:CR; lang:CR | missing:-"
A225,101016jjpain200804007,Core Outcome Domains and Measures for Pediatric Acute and Chronic/Recurrent Pain Clinical Trials: PedIMMPACT Recommendations,Patrick J. McGrath; Gary A. Walco; Dennis C. Turk; Robert H. Dworkin; M. Brown; Karina W. Davidson; Christopher Eccleston; G. Allen Finley; Kenneth R. Goldschneider; Lynne Haverkos; Sharon Hertz; Gustaf Ljungman; Tonya M. Palermo; Bob A. Rappaport; Thomas Rhodes; Neil L. Schechter; Jane Scott; Navil F. Sethna; Ola Svensson; Jennifer Stinson; Carl L. von Baeyer; Lynn S. Walker; Steven J. Weisman; Richard E. White; Anne Zajicek; Lonnie K. Zeltzer,Patrick J. McGrath,2008.0,10.1016/j.jpain.2008.04.007,https://pubmed.ncbi.nlm.nih.gov/18562251,,,The Journal of Pain,9,9,771-783,Elsevier BV,en,https://doi.org/10.1016/j.jpain.2008.04.007,0.9,resolved,openalex,2026-08-16T22:31:21Z,X006,,Medicine; Clinical trial; Delphi method; Physical therapy; Chronic pain; MEDLINE; Adverse effect; Mathematics; Internal medicine; Law; Pathology; Statistics,False,article,True,True,True,doi,,"{'venue': 'crossref', 'volume': 'crossref', 'issue': 'crossref', 'pages': 'crossref', 'publisher': 'crossref', 'url': 'crossref', 'lang': 'crossref'}",{'crossref': 7},"X006.R000 resolved | hits:OA,CR,S2 | winner:- | filled:venue:CR; lang:CR | missing:abstract"
A226,101007s1048400790466,Integrating a Portable Biofeedback Device into Clinical Practice for Patients with Anxiety Disorders: Results of a Pilot Study,Robert Reiner,Robert Reiner,2008.0,10.1007/s10484-007-9046-6,https://pubmed.ncbi.nlm.nih.gov/18286369,,,Applied Psychophysiology and Biofeedback,33,1,55-61,Springer Science and Business Media LLC,en,https://doi.org/10.1007/s10484-007-9046-6,0.9,resolved,openalex,2026-08-16T22:31:23Z,X006,"This study examined the effectiveness of a portable Respiratory Sinus Arrhythmia (RSA) biofeedback device as an adjunct to CBT in persons with anxiety disorders and other disorders associated with autonomic dysfunction attending outpatient treatment. Participants were 24 individuals attending outpatient cognitive behavioral treatment for a range of anxiety disorders. Participants were assessed over a 3&nbsp;week period. Outcomes included measures of anxiety (STAI-Y), sleep disturbances (PSQI), anger (STAEI), and subjective questions about the effectiveness of the device as a treatment adjunct. Significant reductions were found for anxiety and anger and for certain sleep variables (e.g. sleep latency). There was a significant dos–effect in that those who were more compliant had significantly greater reductions in most domains including sleep, anger and trait anxiety. Overall, participants found the device more helpful than other relaxation techniques such as mediation, yoga and unassisted breathing techniques but less helpful than exercise. The most frequently endorsed side effects were dizziness (15%) and sleepiness (55%). These preliminary results suggest that portable RSA biofeedback appears to be a promising treatment adjunct for disorders of autonomic arousal and is easily integrated into treatment. Results support the need for further investigation with more rigorous experimental designs.",Anxiety; Biofeedback; Anger; Arousal; Relaxation (psychology); Health psychology; Clinical psychology; Mood; Physical therapy; Psychology; Medicine; Psychiatry,False,article,True,True,True,doi,,"{'venue': 'crossref', 'volume': 'crossref', 'issue': 'crossref', 'pages': 'crossref', 'publisher': 'crossref', 'url': 'crossref', 'lang': 'crossref', 'abstract': 'unpaywall'}","{'crossref': 7, 'unpaywall': 1}","X006.R000 resolved | hits:OA,CR,S2 | winner:- | filled:venue:CR; lang:CR; abstract:UN | missing:-"
A227,1011861751075975,"Relationship between autonomic cardiovascular control, case definition, clinical symptoms, and functional disability in adolescent chronic fatigue syndrome: an exploratory study",Vegard Bruun Wyller; Ingrid B. Helland,Vegard Bruun Wyller,2013.0,10.1186/1751-0759-7-5,https://pubmed.ncbi.nlm.nih.gov/23388153,,,BioPsychoSocial Medicine,7,1,5,Springer Science and Business Media LLC,en,https://doi.org/10.1186/1751-0759-7-5,0.9,resolved,openalex,2026-08-16T22:31:25Z,X006,"Chronic Fatigue Syndrome (CFS) is characterized by severe impairment and multiple symptoms. Autonomic dysregulation has been demonstrated in several studies. We aimed at exploring the relationship between indices of autonomic cardiovascular control, the case definition from Centers for Disease Control and Prevention (CDC criteria), important clinical symptoms, and disability in adolescent chronic fatigue syndrome. 38 CFS patients aged 12-18 years were recruited according to a wide case definition (ie. not requiring accompanying symptoms) and subjected to head-up tilt test (HUT) and a questionnaire. The relationships between variables were explored with multiple linear regression analyses. In the final models, disability was positively associated with symptoms of cognitive impairments (p<0.001), hypersensitivity (p<0.001), fatigue (p=0.003) and age (p=0.007). Symptoms of cognitive impairments were associated with age (p=0.002), heart rate (HR) at baseline (p=0.01), and HR response during HUT (p=0.02). Hypersensitivity was associated with HR response during HUT (p=0.001), high-frequency variability of heart rate (HF-RRI) at baseline (p=0.05), and adherence to the CDC criteria (p=0.005). Fatigue was associated with gender (p=0.007) and adherence to the CDC criteria (p=0.04). In conclusion, a) The disability of CFS patients is not only related to fatigue but to other symptoms as well; b) Altered cardiovascular autonomic control is associated with certain symptoms; c) The CDC criteria are poorly associated with disability, symptoms, and indices of altered autonomic nervous activity.",Medicine; Chronic fatigue syndrome; Heart rate variability; Autonomic nervous system; Heart rate; Internal medicine; Disease; Tilt table test; Cognition; Depression (economics); Physical therapy; Blood pressure,True,article,True,True,False,doi,,"{'venue': 'crossref', 'volume': 'crossref', 'issue': 'crossref', 'pages': 'crossref', 'publisher': 'crossref', 'url': 'crossref', 'lang': 'crossref'}",{'crossref': 7},"X006.R000 resolved | hits:OA,CR | winner:- | filled:venue:CR; lang:CR | missing:-"
A228,101002da1039,"Yeragani VK, Radhakrishna Rao KA, Pohl R, Jampala VC, Balon R. 2001. Heart rate and QT variability in children with anxiety disorders: A preliminary report. Depression and Anxiety 13:72-77",,,2001.0,10.1002/da.1039,,,,Depression and Anxiety,13,4,198-198,Hindawi Limited,en,https://doi.org/10.1002/da.1039,0.9,resolved,openalex,2026-08-16T22:31:25Z,X006,"In Table 3 of the article referenced above, the values of MED and LLE reflect a parallel algorithm used. However the correct values are presented in the following version of Table 3. The authors regret the oversight.",Anxiety; Regret; Depression (economics); Psychology; Psychiatry; Citation; Clinical psychology; Computer science; Library science; Machine learning; Economics; Macroeconomics,True,article,True,True,False,doi,,"{'venue': 'crossref', 'volume': 'crossref', 'issue': 'crossref', 'pages': 'crossref', 'publisher': 'crossref', 'url': 'crossref', 'lang': 'crossref'}",{'crossref': 7},"X006.R000 resolved | hits:OA,CR | winner:- | filled:venue:CR; lang:CR | missing:-"
A229,101080080352501750258685,Personality profiles and heart rate variability (vagal tone) in children with recurrent abdominal pain,E Olafsdottir; B Ellertsen; Arnold Berstad; G Fluge,E Olafsdottir,2001.0,10.1080/080352501750258685,,,,Acta Paediatrica,90,6,632-637,Wiley,en,https://doi.org/10.1080/080352501750258685,0.9,resolved,openalex,2026-08-16T22:31:26Z,X006,"The aim of the study was to explore psychological factors and autonomic activity in children with recurrent abdominal pain and to compare them with those in a control group of healthy children. The Personality Inventory for Children was used for assessment of developmental, emotional and psychosocial factors in 25 children with recurrent abdominal pain (age, 7–15 y). Parasympathetic and sympathetic functions in these children and in 23 healthy control subjects (age, 7–13 y) were also investigated, non-invasively using a computerized polygraph. Vagal tone (parasympathetic function) was indexed by calculation of respiratory sinus arrhythmia in beats/min. Skin conductance (sympathetic function) was recorded by the constant current method. On the Personality Inventory for Children, 16 patients had high scores on somatic concern. Several patients had scores in the clinical range for depression, withdrawal and anxiety, but the mean scores for these personality profile scales were well within the normal range of healthy children. Interestingly, there was a spike on the L (Lie)-scale for most of the patients and 15 patients had scores above or close to the clinical cut-off value. As compared with the scores in healthy children, vagal tone and sympathetic tone were normal. Conclusion: Many children with recurrent abdominal pain have scores in the clinical range for depression, withdrawal, anxiety and L-scale indicating coping problems, denial and a trend towards somatic concern that may contribute to the evolution of abdominal pain. Autonomic nerve activity was not disturbed in these children.",Vagal tone; Medicine; Eysenck Personality Questionnaire; Anxiety; Heart rate variability; Personality; Psychosocial; Autonomic nervous system; Heart rate; Anesthesia; Internal medicine; Psychiatry,False,article,True,True,False,doi,,"{'venue': 'crossref', 'volume': 'crossref', 'issue': 'crossref', 'pages': 'crossref', 'publisher': 'crossref', 'url': 'crossref', 'lang': 'heuristic'}","{'crossref': 6, 'heuristic': 1}","X006.R000 resolved | hits:OA,CR | winner:- | filled:venue:CR; lang:HE | missing:-"
A230,motherchildconcordanceforpainlocationinapediatricchronicpainsample,Mother-child concordance for pain location in a pediatric chronic pain sample,Lindsay F. Schwartz; Laura C. Seidman; Lonnie K. Zeltzer; Jennie C.I. Tsao,Lindsay F. Schwartz,2013.0,https://openalex.org/W2410925823,https://pubmed.ncbi.nlm.nih.gov/26413192,,,,,,,,en,,0.9,resolved,openalex,2026-08-16T22:31:26Z,X006,"Body maps have long been used to assess pain location in adult and pediatric chronic pain patients. Assessing agreement between parent and child reports of pain location using such maps may help establish a unified picture of children's pain experience. However, few studies have examined the extent of agreement between mothers and children on the location of the child's pain. Using kappa coefficients and other determinants of the magnitude of kappa we assessed mother-child concordance in pain location using body maps with 21 standardized areas in 41 children with chronic pain (65.9% female, mean age = 14.60) and their mothers. The highest level of agreement was found for the abdominal region; agreement for the head region was moderate and not superior to the other body areas. Approximately half of the body map areas yielded poor to fair mother-child agreement, while the other half yielded moderate or better agreement. There was more agreement between mothers and sons than between mothers and daughters on the total number of body areas considered painful, but there were no effects of pubertal status, race, and ethnicity on agreement. Our results are consistent with previous studies indicating that parent assessments of children's pain do not necessarily mimic their child's report. Future research should test additional psychosocial factors that may contribute to parent-child discordance regarding the location of the child's pain.",Concordance; Psychosocial; Medicine; Chronic pain; Kappa; Cohen's kappa; Pediatrics; Physical therapy; Psychiatry; Internal medicine; Linguistics; Philosophy,True,article,True,False,False,title,openalex,"{'doi': 'openalex', 'lang': 'heuristic'}","{'openalex': 1, 'heuristic': 1}",X006.R000 resolved | hits:OA | winner:openalex | filled:doi:OP; lang:HE | missing:-
A231,1011552014390368,Pubertal Status Moderates the Association between Mother and Child Laboratory Pain Tolerance,Jennie C.I. Tsao; Ning Li; Delana M. Parker; Laura C. Seidman; Lonnie K. Zeltzer,Jennie C.I. Tsao,2014.0,10.1155/2014/390368,https://pubmed.ncbi.nlm.nih.gov/24367794,,,Pain Research and Management,19,1,23-29,Wiley,en,https://doi.org/10.1155/2014/390368,0.9,resolved,openalex,2026-08-16T22:31:27Z,X006,"BACKGROUND: There is limited information regarding the relationship between parent and child responses to laboratory pain induction in the absence of experimental manipulation. OBJECTIVES: To assess the association between responses to cold and pressure pain tasks in 133 nonclinical mothers and children (mean age 13.0 years; 70 girls), and the moderating effects of child sex and pubertal status on these mother-child relationships. METHODS: Mothers and children independently completed the cold and pressure pain tasks. Multiple linear regression analyses examined the association between mothers' and children's laboratory pain responses. The moderating effects of child sex and pubertal status were tested in the linear models by examining the interaction among mother laboratory pain responses, and child sex and pubertal status. RESULTS: Mothers' cold pain anticipatory anxiety and pressure pain intensity were associated with children's pressure pain anticipatory anxiety. Mothers' pressure pain tolerance was associated with children's pain tolerance for both the cold and pressure pain tasks. Mothers' cold pain tolerance was associated with children's pressure pain tolerance. Pubertal status moderated two of the three significant mother-child pain tolerance relationships, such that the associations held for early pubertal but not for late pubertal children. Sex did not moderate mother-child pain associations. CONCLUSIONS: The results indicate that mother-child pain relationships are centred primarily on pain avoidance behaviour, particularly among prepubertal children. These findings may inform interventions focused on pain behaviours, with a particular emphasis on mothers of prepubertal children, to reduce acute pain responses in their children.",Pain tolerance; Association (psychology); Anxiety; Pain catastrophizing; Psychological intervention; Psychology; Clinical psychology; Medicine; Developmental psychology; Chronic pain; Threshold of pain; Physical therapy,True,article,True,True,False,doi,,"{'venue': 'crossref', 'volume': 'crossref', 'issue': 'crossref', 'pages': 'crossref', 'publisher': 'crossref', 'url': 'crossref', 'lang': 'crossref'}",{'crossref': 7},"X006.R000 resolved | hits:OA,CR | winner:- | filled:venue:CR; lang:CR | missing:-"
A232,1021236ada106978,Power Spectrum Analysis of Heart Rate Fluctuation: A Quantitative Probe of Beat-to-Beat Cardiovascular Control,S. Akselrod; David Gordon; F. Andrew Ubel; Daniel C. Shannon; A. Clifford Barger,S. Akselrod,1981.0,10.21236/ada106978,,,,,,,,Defense Technical Information Center,en,https://doi.org/10.21236/ada106978,0.9,resolved,openalex,2026-08-16T22:31:27Z,X006,,Beat (acoustics); Heart rate; Heart beat; Spectral analysis; Spectral density; Cardiology; Internal medicine; Acoustics; Computer science; Blood pressure; Medicine; Physics,False,report,True,True,False,doi,,"{'publisher': 'crossref', 'url': 'crossref', 'lang': 'heuristic'}","{'crossref': 2, 'heuristic': 1}","X006.R000 resolved | hits:OA,CR | winner:- | filled:lang:HE | missing:abstract"
A233,101023bjoba00000074550853994,"Multidimensional Assessment of Emotion Regulation and Dysregulation: Development, Factor Structure, and Initial Validation of the Difficulties in Emotion Regulation Scale",Kim L. Gratz; Lizabeth Roemer,Kim L. Gratz,2003.0,10.1023/b:joba.0000007455.08539.94,,,,Journal of Psychopathology and Behavioral Assessment,26,1,41-54,Springer Science and Business Media LLC,en,https://doi.org/10.1023/b:joba.0000007455.08539.94,0.9,resolved,openalex,2026-08-16T22:31:31Z,X008,"Given recent attention to emotion regulation as a potentially unifying function of diverse symptom presentations, there is a need for comprehensive measures that adequately assess difficulties in emotion regulation among adults. This paper (a) proposes an integrative conceptualization of emotion regulation as involving not just the modulation of emotional arousal, but also the awareness, understanding, and acceptance of emotions, and the ability to act in desired ways regardless of emotional state; and (b) begins to explore the factor structure and psychometric properties of a new measure, the Difficulties in Emotion Regulation Scale (DERS). Two samples of undergraduate students completed questionnaire packets. Preliminary findings suggest that the DERS has high internal consistency, good test–retest reliability, and adequate construct and predictive validity.",Psychology; Conceptualization; Construct validity; Construct (python library); Scale (ratio); Arousal; Internal consistency; Reliability (semiconductor); Emotional regulation; Cognitive psychology; Exploratory factor analysis; Predictive validity,False,article,True,True,False,doi,,"{'venue': 'crossref', 'volume': 'crossref', 'issue': 'crossref', 'pages': 'crossref', 'publisher': 'crossref', 'url': 'crossref', 'lang': 'crossref', 'abstract': 'unpaywall'}","{'crossref': 7, 'unpaywall': 1}","X008.R000 resolved | hits:OA,CR | winner:- | filled:venue:CR; lang:CR; abstract:UN | missing:-"
A234,101007s1086901393087,"Moderation in Management Research: What, Why, When, and How",Jeremy Dawson,Jeremy Dawson,2013.0,10.1007/s10869-013-9308-7,,,,Journal of Business and Psychology,29,1,1-19,Springer Science and Business Media LLC,en,https://doi.org/10.1007/s10869-013-9308-7,0.9,resolved,openalex,2026-08-16T22:31:33Z,X008,"Many theories in management, psychology, and other disciplines rely on moderating variables: those which affect the strength or nature of the relationship between two other variables. Despite the near-ubiquitous nature of such effects, the methods for testing and interpreting them are not always well understood. This article introduces the concept of moderation and describes how moderator effects are tested and interpreted for a series of model types, beginning with straightforward two-way interactions with Normal outcomes, moving to three-way and curvilinear interactions, and then to models with non-Normal outcomes including binary logistic regression and Poisson regression. In particular, methods of interpreting and probing these latter model types, such as simple slope analysis and slope difference tests, are described. It then gives answers to twelve frequently asked questions about testing and interpreting moderator effects.",Moderation; Psychology; Industrial and organizational psychology; Social psychology; Econometrics; Logistic regression; Regression analysis; Cognitive psychology; Statistics; Mathematics,False,article,True,True,True,doi,,"{'venue': 'crossref', 'volume': 'crossref', 'issue': 'crossref', 'pages': 'crossref', 'publisher': 'crossref', 'url': 'crossref', 'lang': 'crossref', 'abstract': 'unpaywall'}","{'crossref': 7, 'unpaywall': 1}","X008.R000 resolved | hits:OA,CR,S2 | winner:- | filled:venue:CR; lang:CR; abstract:UN | missing:-"
A235,101016jcmpb201307024,Kubios HRV – Heart rate variability analysis software,Mika P. Tarvainen; Juha‐Pekka Niskanen; Jukka A. Lipponen; Perttu Ranta-aho; Pasi A. Karjalainen,Mika P. Tarvainen,2013.0,10.1016/j.cmpb.2013.07.024,https://pubmed.ncbi.nlm.nih.gov/24054542,,,Computer Methods and Programs in Biomedicine,113,1,210-220,Elsevier BV,en,https://doi.org/10.1016/j.cmpb.2013.07.024,0.9,resolved,openalex,2026-08-16T22:31:35Z,X008,"Кваліфікаційна робота присвячена розробці інформаційної технології аналізу серцевого ритму на основі даних фітнес сенсорів.
В роботі розглядається архітектура та впровадження веб-інструменту для аналізу варіабельності серцевого ритму.
По-перше, цей проект висвітлює необхідність аналізу варіабельності серцевого ритму. Тоді закладіть основи необхідності ефективного інструменту аналізу, доступного для всіх.
По-друге, детально вивчається архітектура веб-програми. Додаток реалізовано з дизайном шаблону, який є варіантом контролера моделі-перегляду. Для ефективності та продуктивності аналіз варіабельності серцевого ритму виконується асинхронно з використанням черги завдань. Система також надає послугу REST для даних GET та POST.
Нарешті, результати використання програми представлені з точки зору користувача веб-браузера.",Computer science; Software; Heart rate variability; ASCII; Graphical user interface; MATLAB; Data mining; Real-time computing; Operating system; Heart rate; Blood pressure; Radiology,True,article,True,True,True,doi,,"{'venue': 'crossref', 'volume': 'crossref', 'issue': 'crossref', 'pages': 'crossref', 'publisher': 'crossref', 'url': 'crossref', 'lang': 'crossref', 'abstract': 'unpaywall'}","{'crossref': 7, 'unpaywall': 1}","X008.R000 resolved | hits:OA,CR,S2 | winner:- | filled:venue:CR; lang:CR; abstract:UN | missing:-"
A236,101093sleep155461,Automatic Sleep/Wake Identification From Wrist Activity,Roger J. Cole; Daniel F. Kripke; William Gruen; Daniel J. Mullaney; J. Christian Gillin,Roger J. Cole,1992.0,10.1093/sleep/15.5.461,https://pubmed.ncbi.nlm.nih.gov/1455130,,,Sleep,15,5,461-469,Oxford University Press (OUP),en,https://doi.org/10.1093/sleep/15.5.461,0.9,resolved,openalex,2026-08-16T22:31:37Z,X008,"The purpose of this study was to develop and validate automatic scoring methods to distinguish sleep from wakefulness based on wrist activity. Forty-one subjects (18 normals and 23 with sleep or psychiatric disorders) wore a wrist actigraph during overnight polysomnography. In a randomly selected subsample of 20 subjects, candidate sleep/wake prediction algorithms were iteratively optimized against standard sleep/wake scores. The optimal algorithms obtained for various data collection epoch lengths were then prospectively tested on the remaining 21 subjects. The final algorithms correctly distinguished sleep from wakefulness approximately 88% of the time. Actigraphic sleep percentage and sleep latency estimates correlated 0.82 and 0.90, respectively, with corresponding parameters scored from the polysomnogram (p < 0.0001). Automatic scoring of wrist activity provides valuable information about sleep and wakefulness that could be useful in both clinical and research applications.",Polysomnogram; Wakefulness; Polysomnography; Actigraphy; Sleep (system call); Sleep onset; Wrist; Sleep Stages; Physical medicine and rehabilitation; Medicine; Activity monitor; Physical therapy,True,article,True,True,False,doi,,"{'venue': 'crossref', 'volume': 'crossref', 'issue': 'crossref', 'pages': 'crossref', 'publisher': 'crossref', 'url': 'crossref', 'lang': 'crossref'}",{'crossref': 7},"X008.R000 resolved | hits:OA,CR | winner:- | filled:venue:CR; lang:CR | missing:-"
A237,101038mp200865,A neural model of voluntary and automatic emotion regulation: implications for understanding the pathophysiology and neurodevelopment of bipolar disorder,Mary L. Phillips; Cecile D. Ladouceur; Wayne C. Drevets,Mary L. Phillips,2008.0,10.1038/mp.2008.65,https://pubmed.ncbi.nlm.nih.gov/18574483,,,Molecular Psychiatry,13,9,833-857,Springer Science and Business Media LLC,en,https://doi.org/10.1038/mp.2008.65,0.9,resolved,openalex,2026-08-16T22:31:37Z,X008,"The ability to regulate emotions is an important part of adaptive functioning in society. Advances in cognitive and affective neuroscience and biological psychiatry have facilitated examination of neural systems that may be important for emotion regulation. In this critical review we first develop a neural model of emotion regulation that includes neural systems implicated in different voluntary and automatic emotion regulatory subprocesses. We then use this model as a theoretical framework to examine functional neural abnormalities in these neural systems that may predispose to the development of a major psychiatric disorder characterized by severe emotion dysregulation, bipolar disorder.",Bipolar disorder; Psychology; Neural system; Neuroscience; Cognition; Neuroplasticity; Cognitive psychology; Cognitive science,True,article,True,True,True,doi,,"{'venue': 'crossref', 'volume': 'crossref', 'issue': 'crossref', 'pages': 'crossref', 'publisher': 'crossref', 'url': 'crossref', 'lang': 'crossref', 'abstract': 'unpaywall'}","{'crossref': 7, 'unpaywall': 1}","X008.R000 resolved | hits:OA,CR,S2 | winner:- | filled:venue:CR; lang:CR; abstract:UN | missing:-"
A238,10110910979357,An advanced detrending method with application to HRV analysis,Mika P. Tarvainen; Perttu Ranta-aho; Pasi A. Karjalainen,Mika P. Tarvainen,2002.0,10.1109/10.979357,https://pubmed.ncbi.nlm.nih.gov/12066885,,,IEEE Transactions on Biomedical Engineering,49,2,172-175,Institute of Electrical and Electronics Engineers (IEEE),en,https://doi.org/10.1109/10.979357,0.9,resolved,openalex,2026-08-16T22:31:40Z,X008,"An advanced, simple to use, detrending method to be used before heart rate variability analysis (HRV) is presented. The method is based on smoothness priors approach and operates like a time-varying finite-impulse response high-pass filter. The effect of the detrending on time- and frequency-domain analysis of HRV is studied.",Heart rate variability; Smoothness; Impulse response; Low-pass filter; Computer science; Frequency domain; Finite impulse response; Filter (signal processing); Artificial intelligence; Pattern recognition (psychology); Mathematics; Algorithm,False,article,True,True,False,doi,,"{'venue': 'crossref', 'volume': 'crossref', 'issue': 'crossref', 'pages': 'crossref', 'publisher': 'crossref', 'url': 'crossref', 'lang': 'heuristic'}","{'crossref': 6, 'heuristic': 1}","X008.R000 resolved | hits:OA,CR | winner:- | filled:venue:CR; lang:HE | missing:-"
A239,101001jama20158370,Psychotherapy for Military-Related PTSD,Maria M. Steenkamp; Brett T. Litz; Charles W. Hoge; Charles R. Marmar,Maria M. Steenkamp,2015.0,10.1001/jama.2015.8370,https://pubmed.ncbi.nlm.nih.gov/26241600,,,JAMA,314,5,489,American Medical Association (AMA),en,https://doi.org/10.1001/jama.2015.8370,0.9,resolved,openalex,2026-08-16T22:31:40Z,X008,"IMPORTANCE: Posttraumatic stress disorder (PTSD) is a disabling psychiatric disorder common among military personnel and veterans. First-line psychotherapies most often recommended for PTSD consist mainly of ""trauma-focused"" psychotherapies that involve focusing on details of the trauma or associated cognitive and emotional effects. OBJECTIVE: To examine the effectiveness of psychotherapies for PTSD in military and veteran populations. EVIDENCE REVIEW: PubMed, PsycINFO, and PILOTS were searched for randomized clinical trials (RCTs) of individual and group psychotherapies for PTSD in military personnel and veterans, published from January 1980 to March 1, 2015. We also searched reference lists of articles, selected reviews, and meta-analyses. Of 891 publications initially identified, 36 were included. FINDINGS: Two trauma-focused therapies, cognitive processing therapy (CPT) and prolonged exposure, have been the most frequently studied psychotherapies for military-related PTSD. Five RCTs of CPT (that included 481 patients) and 4 RCTs of prolonged exposure (that included 402 patients) met inclusion criteria. Focusing on intent-to-treat outcomes, within-group posttreatment effect sizes for CPT and prolonged exposure were large (Cohen d range, 0.78-1.10). CPT and prolonged exposure also outperformed waitlist and treatment-as-usual control conditions. Forty-nine percent to 70% of participants receiving CPT and prolonged exposure attained clinically meaningful symptom improvement (defined as a 10- to 12-point decrease in interviewer-assessed or self-reported symptoms). However, mean posttreatment scores for CPT and prolonged exposure remained at or above clinical criteria for PTSD, and approximately two-thirds of patients receiving CPT or prolonged exposure retained their PTSD diagnosis after treatment (range, 60%-72%). CPT and prolonged exposure were marginally superior compared with non-trauma-focused psychotherapy comparison conditions. CONCLUSIONS AND RELEVANCE: In military and veteran populations, trials of the first-line trauma-focused interventions CPT and prolonged exposure have shown clinically meaningful improvements for many patients with PTSD. However, nonresponse rates have been high, many patients continue to have symptoms, and trauma-focused interventions show marginally superior results compared with active control conditions. There is a need for improvement in existing PTSD treatments and for development and testing of novel evidence-based treatments, both trauma-focused and non-trauma-focused.",Medicine; Cognitive processing therapy; PsycINFO; Exposure therapy; Randomized controlled trial; Psychiatry; MEDLINE; Clinical psychology; Posttraumatic stress; Cognitive behavioral therapy; Cognition; Internal medicine,False,article,True,True,False,doi,,"{'venue': 'crossref', 'volume': 'crossref', 'issue': 'crossref', 'pages': 'crossref', 'publisher': 'crossref', 'url': 'crossref', 'lang': 'crossref'}",{'crossref': 7},"X008.R000 resolved | hits:OA,CR | winner:- | filled:venue:CR; lang:CR | missing:-"
A240,101016jijpsycho201508004,Heart rate variability as a transdiagnostic biomarker of psychopathology,Theodore P. Beauchaine; Julian F. Thayer,Theodore P. Beauchaine,2015.0,10.1016/j.ijpsycho.2015.08.004,https://pubmed.ncbi.nlm.nih.gov/26272488,,,International Journal of Psychophysiology,98,2,338-350,Elsevier BV,en,https://doi.org/10.1016/j.ijpsycho.2015.08.004,0.9,resolved,openalex,2026-08-16T22:31:41Z,X008,,Research Domain Criteria; Psychopathology; Psychophysiology; Psychology; Biomarker; Cognition; Cognitive psychology; Trait; Clinical psychology; Nosology; Heart rate variability; Neuroscience,False,article,True,True,True,doi,,"{'venue': 'crossref', 'volume': 'crossref', 'issue': 'crossref', 'pages': 'crossref', 'publisher': 'crossref', 'url': 'crossref', 'lang': 'crossref'}",{'crossref': 7},"X008.R000 resolved | hits:OA,CR,S2 | winner:- | filled:venue:CR; lang:CR | missing:abstract"
A241,101002mpr170,Centring in regression analyses: a strategy to prevent errors in statistical inference,Helena C. Kraemer; Christine Blasey,Helena C. Kraemer,2004.0,10.1002/mpr.170,https://pubmed.ncbi.nlm.nih.gov/15297898,,,International Journal of Methods in Psychiatric Research,13,3,141-151,Wiley,en,https://doi.org/10.1002/mpr.170,0.9,resolved,openalex,2026-08-16T22:31:41Z,X008,"Regression analyses are perhaps the most widely used statistical tools in medical research. Centring in regression analyses seldom appears to be covered in training and is not commonly reported in research papers. Centring is the process of selecting a reference value for each predictor and coding the data based on that reference value so that each regression coefficient that is estimated and tested is relevant to the research question. Using non-centred data in regression analysis, which refers to the common practice of entering predictors in their original score format, often leads to inconsistent and misleading results. There is very little cost to unnecessary centring, but the costs of not centring when it is necessary can be major. Thus, it would be better always to centre in regression analyses. We propose a simple default centring strategy: (1) code all binary independent variables +1/2; (2) code all ordinal independent variables as deviations from their median; (3) code all 'dummy variables' for categorical independent variables having m possible responses as 1 - 1/m and -1/m instead of 1 and 0; (4) compute interaction terms from centred predictors. Using this default strategy when there is no compelling evidence to centre protects against most errors in statistical inference and its routine use sensitizes users to centring issues.",Centring; Categorical variable; Regression analysis; Statistical inference; Multicollinearity; Statistics; Regression; Inference; Regression diagnostic; Econometrics; Computer science; Mathematics,True,article,True,True,False,doi,,"{'venue': 'crossref', 'volume': 'crossref', 'issue': 'crossref', 'pages': 'crossref', 'publisher': 'crossref', 'url': 'crossref', 'lang': 'crossref'}",{'crossref': 7},"X008.R000 resolved | hits:OA,CR | winner:- | filled:venue:CR; lang:CR | missing:-"
A242,101002jclp20857,Effects of mindfulness‐based stress reduction on emotional experience and expression: a randomized controlled trial,Clive J. Robins; Shian‐Ling Keng; Andrew Ekblad; Jeffrey G. Brantley,Clive J. Robins,2011.0,10.1002/jclp.20857,https://pubmed.ncbi.nlm.nih.gov/22144347,,,Journal of Clinical Psychology,68,1,117-131,Wiley,en,https://doi.org/10.1002/jclp.20857,0.9,resolved,openalex,2026-08-16T22:31:42Z,X008,"OBJECTIVES: Mindfulness-based stress reduction (MBSR) has been found to reduce psychological distress and improve psychological adjustment in medical, psychiatric, and nonclinical samples. We examined its effects on several processes, attitudes, and behavior patterns related to emotion regulation. DESIGN: Fifty-six adults were randomly assigned to MBSR or to a waiting list (WL). RESULTS: Compared with WL completers (n = 21), MBSR completers (n = 20) reported significantly greater increases in trait mindfulness and decreases in absent-mindedness, greater increases in self-compassion, and decreases in fear of emotions, suppression of anger, aggressive anger expression, worry, and difficulties regulating emotions. The WL group subsequently received MBSR, and the two groups combined showed significant changes on all of these variables from pre-MBSR to post-MBSR, and on all except the 2 anger variables from pre-test to 2-month follow-up, as well as significant reductions in rumination. CONCLUSION: An 8-week mindfulness training program might increase mindful awareness in daily life and have beneficial impact on clinically relevant emotion regulation processes.",Mindfulness; Psychology; Clinical psychology; Rumination; Anger; Mindfulness-based stress reduction; Randomized controlled trial; Worry; Stress reduction; Distress; Trait; Self-compassion,False,article,True,True,False,doi,,"{'venue': 'crossref', 'volume': 'crossref', 'issue': 'crossref', 'pages': 'crossref', 'publisher': 'crossref', 'url': 'crossref', 'lang': 'crossref'}",{'crossref': 7},"X008.R000 resolved | hits:OA,CR | winner:- | filled:venue:CR; lang:CR | missing:-"
A243,101016jcopsyc201502010,"Examining emotion regulation as an outcome, mechanism, or target of psychological treatments",Kim L. Gratz; Nicole H. Weiss; Matthew T. Tull,Kim L. Gratz,2015.0,10.1016/j.copsyc.2015.02.010,https://pubmed.ncbi.nlm.nih.gov/25859561,,,Current Opinion in Psychology,3,,85-90,Elsevier BV,en,https://doi.org/10.1016/j.copsyc.2015.02.010,0.9,resolved,openalex,2026-08-16T22:31:42Z,X008,"This paper reviews the extant literature on emotion regulation (ER) in psychological interventions. First, we review current conceptualizations of ER, highlighting a model with established clinical utility (particularly with regard to the development of new interventions and modification of existing interventions). Next, we review the literature on the effects of psychological interventions on ER, from traditional cognitive-behavioral and acceptance-based behavioral interventions that do not target ER directly to treatments that directly target ER as one component of a larger or more comprehensive treatment, as well as the preliminary research examining ER as a mechanism of change in these treatments. Finally, extant data on three treatments developed specifically to address ER are reviewed, with an emphasis on the ER-specific treatment with the most empirical support to date (emotion regulation group therapy).",Extant taxon; Psychological intervention; Psychology; Mechanism (biology); Psychotherapist; Acceptance and commitment therapy; Outcome (game theory); Cognition; Cognitive behavioral therapy; Clinical psychology; Intervention (counseling); Neuroscience,False,article,True,True,True,doi,,"{'venue': 'crossref', 'volume': 'crossref', 'pages': 'crossref', 'publisher': 'crossref', 'url': 'crossref', 'lang': 'crossref', 'abstract': 'semanticscholar'}","{'crossref': 6, 'semanticscholar': 1}","X008.R000 resolved | hits:OA,CR,S2 | winner:- | filled:venue:CR; lang:CR; abstract:SE | missing:-"
A244,101007s1048401492469,Biofeedback for Psychiatric Disorders: A Systematic Review,Poppy L. A. Schoenberg; Anthony S. David,Poppy L. A. Schoenberg,2014.0,10.1007/s10484-014-9246-9,https://pubmed.ncbi.nlm.nih.gov/24806535,,,Applied Psychophysiology and Biofeedback,39,2,109-135,Springer Science and Business Media LLC,en,https://doi.org/10.1007/s10484-014-9246-9,0.9,resolved,openalex,2026-08-16T22:31:43Z,X008,"Biofeedback potentially provides non-invasive, effective psychophysiological interventions for psychiatric disorders. The encompassing purpose of this review was to establish how biofeedback interventions have been used to treat select psychiatric disorders [anxiety, autistic spectrum disorders, depression, dissociation, eating disorders, schizophrenia and psychoses] to date and provide a useful reference for consultation by clinicians and researchers planning to administer a biofeedback treatment. A systematic search of EMBASE, MEDLINE, PsycINFO, and WOK databases and hand searches in Applied Psychophysiology and Biofeedback, and Journal of Neurotherapy, identified 227 articles; 63 of which are included within this review. Electroencephalographic neurofeedback constituted the most investigated modality (31.7&nbsp;%). Anxiety disorders were the most commonly treated (68.3&nbsp;%). Multi-modal biofeedback appeared most effective in significantly ameliorating symptoms, suggesting that targeting more than one physiological modality for bio-regulation increases therapeutic efficacy. Overall, 80.9&nbsp;% of articles reported some level of clinical amelioration related to biofeedback exposure, 65.0&nbsp;% to a statistically significant (p&nbsp;&lt;&nbsp;.05) level of symptom reduction based on reported standardized clinical parameters. Although the heterogeneity of the included studies warrants caution before explicit efficacy statements can be made. Further development of standardized controlled methodological protocols tailored for specific disorders and guidelines to generate comprehensive reports may contribute towards establishing the value of biofeedback interventions within mainstream psychiatry.",Biofeedback; Neurofeedback; Psychological intervention; Anxiety; Clinical psychology; Psychiatry; Medicine; MEDLINE; Psychology; Psychopharmacology; Psychotherapist; Electroencephalography,False,article,True,True,True,doi,,"{'venue': 'crossref', 'volume': 'crossref', 'issue': 'crossref', 'pages': 'crossref', 'publisher': 'crossref', 'url': 'crossref', 'lang': 'crossref', 'abstract': 'unpaywall'}","{'crossref': 7, 'unpaywall': 1}","X008.R000 resolved | hits:OA,CR,S2 | winner:- | filled:venue:CR; lang:CR; abstract:UN | missing:-"
A245,101002jts20367,Noninferiority and equivalence designs: Issues and implications for mental health research,Carolyn J. Greene; Leslie A. Morland; Valerie Durkalski; B. Christopher Frueh,Carolyn J. Greene,2008.0,10.1002/jts.20367,https://pubmed.ncbi.nlm.nih.gov/18956449,,,Journal of Traumatic Stress,21,5,433-439,Wiley,en,https://doi.org/10.1002/jts.20367,0.9,resolved,openalex,2026-08-16T22:31:45Z,X008,"The terms noninferiority and equivalence are often used interchangeably to refer to trials in which the primary objective is to show that a novel intervention is as effective as the standard intervention. The use of these designs is becoming increasingly relevant to mental health research. Despite the fundamental importance of these designs, they are often poorly understood, improperly applied, and subsequently misinterpreted. In this article, the authors explain noninferiority and equivalence designs and key methodological and statistical considerations. Decision points in using these designs are discussed, such as choice of control condition, determination of the noninferiority margin, and calculation of sample size and power. With increasing utilization of these designs, it is critical that researchers understand the methodological issues, advantages, disadvantages, and related challenges.",Equivalence (formal languages); Research design; Mental health; Margin (machine learning); Intervention (counseling); Clinical study design; Sample size determination; Psychology; Statistical power; Management science; Risk analysis (engineering); Computer science,True,article,True,True,False,doi,,"{'venue': 'crossref', 'volume': 'crossref', 'issue': 'crossref', 'pages': 'crossref', 'publisher': 'crossref', 'url': 'crossref', 'lang': 'crossref'}",{'crossref': 7},"X008.R000 resolved | hits:OA,CR | winner:- | filled:venue:CR; lang:CR | missing:-"
A246,101016jamjmed200403041,Blunted circadian variation in autonomic regulation of sinus node function in veterans with Gulf War syndrome,Robert W. Haley; Wanpen Vongpatanasin; Gil I. Wolfe; Wilson W. Bryan; Roseanne Armitage; Robert Hoffmann; Frederick Petty; Timothy S. Callahan; Elizabeth Charuvastra; William E. Shell; W. Wesley Marshall; Ronald G. Victor,Robert W. Haley,2004.0,10.1016/j.amjmed.2004.03.041,https://pubmed.ncbi.nlm.nih.gov/15464703,,,The American Journal of Medicine,117,7,469-478,Elsevier BV,en,https://doi.org/10.1016/j.amjmed.2004.03.041,0.9,resolved,openalex,2026-08-16T22:31:45Z,X008,,Medicine; Heart rate; Blood pressure; Circadian rhythm; Heart rate variability; Polysomnography; Valsalva maneuver; Internal medicine; Ambulatory blood pressure; Autonomic nervous system; Veterans Affairs; Morning,False,article,True,True,True,doi,,"{'venue': 'crossref', 'volume': 'crossref', 'issue': 'crossref', 'pages': 'crossref', 'publisher': 'crossref', 'url': 'crossref', 'lang': 'crossref'}",{'crossref': 7},"X008.R000 resolved | hits:OA,CR,S2 | winner:- | filled:venue:CR; lang:CR | missing:abstract"
A247,101111146989863730302,Effects of paced respiration on heart period and heart period variability,Rudolf Stark; Anne Schienle; Bertram Walter; Dieter Vaitl,Rudolf Stark,2000.0,10.1111/1469-8986.3730302,https://pubmed.ncbi.nlm.nih.gov/10860408,,,Psychophysiology,37,3,302-309,Wiley,en,https://doi.org/10.1111/1469-8986.3730302,0.9,resolved,openalex,2026-08-16T22:31:46Z,X008,"The present study investigated psychophysiological responses to paced respiration of different frequencies. Twenty men and 20 women (mean age: 24.3 years) underwent five breathing conditions (paced with 0.15 Hz, 0.20 Hz, 0.25 Hz, 0.30 Hz, and unpaced), each lasting 5 min. As dependent physiological measures heart period, and different heart period variability (HPV) parameters were assessed. Psychological variables consisted of mood estimates as well as rated accuracy and effort to follow the pacing rhythm. HPV decreased with higher breathing frequencies, under paced and unpaced conditions, whereas mood ratings did not change. Subjects indicated more effort and less accuracy in following the pacing signal, the more its frequency differed from their spontaneous breathing frequency. The comparison of a spontaneous breathing condition with a frequency-matched paced condition revealed that pacing per se provoked a reduction in heart period. Because this decrease was not accompanied by changes in any of the HPV frequency components, their validity as measures of autonomic control needs to be questioned.",Breathing; Psychology; Mood; Respiration; Heart rate; Period (music); Audiology; Heart rate variability; Cardiology; Anesthesia; Developmental psychology; Internal medicine,False,article,True,True,False,doi,,"{'venue': 'crossref', 'volume': 'crossref', 'issue': 'crossref', 'pages': 'crossref', 'publisher': 'crossref', 'url': 'crossref', 'lang': 'crossref'}",{'crossref': 7},"X008.R000 resolved | hits:OA,CR | winner:- | filled:venue:CR; lang:CR | missing:-"
A248,10310900048679809062728,The Relationship between Psychiatric Illness and the Circadian Pattern of Heart Rate,Hans G. Stampfer,Hans G. Stampfer,1998.0,10.3109/00048679809062728,https://pubmed.ncbi.nlm.nih.gov/9588297,,,Australian &amp; New Zealand Journal of Psychiatry,32,2,187-198,SAGE Publications,en,https://doi.org/10.3109/00048679809062728,0.9,resolved,openalex,2026-08-16T22:31:47Z,X008,"OBJECTIVE: The aim of this study was to investigate the relationship between psychiatric status and the circadian pattern of heart rate. METHOD: Serial 24-hour recordings of minute average heart rate were obtained from 30 normal volunteers and 200 patients representing a range of DSM-III-R diagnoses. Records were compared in terms of their circadian 'morphology' and grouped into different pattern types. The distribution of patterns in different diagnoses was analysed statistically. RESULTS: It was found that states such as generalised anxiety and depression are strongly associated with a distinctive circadian pattern, whereas others such as somatoform disorder show more variation in this regard. Serial recordings show that the relationship between psychiatric status and circadian pattern is state-dependent; a change in clinical status leads to a change in the circadian pattern. CONCLUSIONS: The presented findings together suggest that there is a systematic relationship between psychiatric status and heart rate in which core physiological differences between certain states are reflected in distinctively different circadian patterns of activity. The state-dependent nature of this relationship suggests obvious practical applications, and examples are given of how these adjunct data can provide objective indices of clinical status and change. At a theoretical level, the physiological dimension revealed by these data may help to define more reliable syndromal distinctions between various clinical manifestations and hence contribute to a more robust nosology.",Circadian rhythm; Anxiety; Nosology; Depression (economics); Psychology; Medical diagnosis; Psychiatry; Clinical psychology; Medicine; Neuroscience; Pathology; Economics,False,article,True,True,False,doi,,"{'venue': 'crossref', 'volume': 'crossref', 'issue': 'crossref', 'pages': 'crossref', 'publisher': 'crossref', 'url': 'crossref', 'lang': 'crossref'}",{'crossref': 7},"X008.R000 resolved | hits:OA,CR | winner:- | filled:venue:CR; lang:CR | missing:-"
A249,101038nrn3916c1,Neural mechanisms of mindfulness meditation: bridging clinical and neuroscience investigations,Anne Maj van der Velden; Andreas Roepstorff,Anne Maj van der Velden,2015.0,10.1038/nrn3916-c1,https://pubmed.ncbi.nlm.nih.gov/26081785,,,Nature Reviews Neuroscience,16,7,439-439,Springer Science and Business Media LLC,en,https://doi.org/10.1038/nrn3916-c1,0.9,resolved,openalex,2026-08-16T22:31:47Z,X008,"Thank you for visiting nature.com. You are using a browser version with limited support for CSS. To obtain             the best experience, we recommend you use a more up to date browser (or turn off compatibility mode in             Internet Explorer). In the meantime, to ensure continued support, we are displaying the site without styles             and JavaScript.",Meditation; Bridging (networking); Clinical neuroscience; Mindfulness; Mindfulness meditation; Neuroscience; Psychology; Psychotherapist; Cognitive science; Computer science; Neurology; Philosophy,True,article,True,True,True,doi,,"{'venue': 'crossref', 'volume': 'crossref', 'issue': 'crossref', 'pages': 'crossref', 'publisher': 'crossref', 'url': 'crossref', 'lang': 'crossref', 'abstract': 'unpaywall'}","{'crossref': 7, 'unpaywall': 1}","X008.R000 resolved | hits:OA,CR,S2 | winner:- | filled:venue:CR; lang:CR; abstract:UN | missing:-"
A250,101016jjad201409058,Listening to the heart: A meta-analysis of cognitive behavior therapy impact on the heart rate of patients with anxiety disorders,Raquel Gonçalves; Helga Rodrigues; Felipe Carvalho Novaes; Javier Rodríguez Árbol; Eliane Volchan; Evandro Silva Freire Coutinho; Ivan Figueira; Paula Ventura,Raquel Gonçalves,2014.0,10.1016/j.jad.2014.09.058,https://pubmed.ncbi.nlm.nih.gov/25451422,,,Journal of Affective Disorders,172,,231-240,Elsevier BV,en,https://doi.org/10.1016/j.jad.2014.09.058,0.9,resolved,openalex,2026-08-16T22:31:49Z,X008,"INTRODUCTION The future of psychotherapy relies on the dialog with the basic science, being the identification of psychotherapeutifc biomarkers of efficacy a core necessity. Heart rate (HR) is one of the most studied psychophysiological parameters in anxiety disorders.   METHODS To investigate the impact of cognitive behavior therapy (CBT) on the HR of patients with anxiety disorders, we conducted a meta-analysis and systematic review. Electronic searches were conducted in the ISI/Web of Knowledge, PsychINFO and PubMed/MEDLINE for studies which evaluated HR at least once before and after CBT. Keywords related to anxiety disorders, HR and CBT were used in the search.   RESULTS 474 studies, of which 47 were selected for the systematic review and 8 for the meta-analysis, were identified. The results provide evidence that CBT significantly decreases the HR of posttraumatic stress disorder patients. In social phobia, obsessive-compulsive disorder and acute stress disorder, the results point in the same direction, although it is still early to attribute the decrease in HR to CBT. In specific phobias, traditional exposure therapy showed greater effect size than exposure with distractors or without psycho-education.   LIMITATIONS Most of the randomized trials have not been conducted in accordance with rigorous methodological quality criteria.   CONCLUSIONS Standardization in the methods used and in treatment protocols, as well as investigations in groups of patients with low physiological reactivity, are necessary in order to reach better conclusions. Notwithstanding these limitations, HR is beginning to emerge as a potential biomarker of efficacy in anxiety disorders.",Anxiety; Meta-analysis; Panic disorder; Clinical psychology; Specific phobia; Psychology; Cognitive behavioral therapy; Phobias; Acute Stress Disorder; MEDLINE; Cognition; Heart rate,True,article,True,True,True,doi,,"{'venue': 'crossref', 'volume': 'crossref', 'pages': 'crossref', 'publisher': 'crossref', 'url': 'crossref', 'lang': 'crossref', 'abstract': 'semanticscholar'}","{'crossref': 6, 'semanticscholar': 1}","X008.R000 resolved | hits:OA,CR,S2 | winner:- | filled:venue:CR; lang:CR; abstract:SE | missing:-"
A251,101023a1016036704524,Reliability of Circadian Heart Pattern Analysis in Psychiatry,Grant L. Iverson; Hans G. Stampfer; Michael Gaetz,Grant L. Iverson,2002.0,10.1023/a:1016036704524,https://pubmed.ncbi.nlm.nih.gov/12143081,,,Psychiatric Quarterly,73,3,195-203,Springer Science and Business Media LLC,en,https://doi.org/10.1023/a:1016036704524,0.9,resolved,openalex,2026-08-16T22:31:50Z,X008,"The assessment of circadian heart patterns represents a new methodology for documenting physiological dysregulation associated with psychiatric illness. Previous research has demonstrated abnormal heart rate patterns, especially during the bedtime interval, that are associated with depression, generalized anxiety disorder, panic disorder, and schizophrenia. These patterns are derived from heart rate data obtained while wearing an unobtrusive, two-lead heart rate monitor over a 24-hour period. To establish basic reliability, the second author blindly rated heart-monitored data from 50 subjects on two occasions, separated by an average of 6.6 weeks (range = 2.9–15.7 weeks). Subjects were classified as “definitely psychiatric,” “probably psychiatric,” “borderline,” “broadly normal,” and “signature normal.” The exact category agreement rate was 78%. If a one-category difference is permitted (e.g., “definitely psychiatric” and “probably psychiatric” counted as an agreement), the agreement rate was 92%. Circadian heart pattern analysis is a promising new technology in psychiatric research and warrants further investigation.",Circadian rhythm; Panic; Psychiatry; Heart rate; Bedtime; Anxiety; Panic disorder; Schizophrenia (object-oriented programming); Depression (economics); Psychology; Anxiety disorder; Clinical psychology,False,article,True,True,True,doi,,"{'venue': 'crossref', 'volume': 'crossref', 'issue': 'crossref', 'pages': 'crossref', 'publisher': 'crossref', 'url': 'crossref', 'lang': 'crossref', 'abstract': 'unpaywall'}","{'crossref': 7, 'unpaywall': 1}","X008.R000 resolved | hits:OA,CR,S2 | winner:- | filled:venue:CR; lang:CR; abstract:UN | missing:-"
A252,10108000401706197310489051,Premium and Protection of Several Procedures For Dealing With Outliers When Sample Sizes Are Moderate to Large,Irwin Guttman,Irwin Guttman,1973.0,10.1080/00401706.1973.10489051,,,,Technometrics,15,2,385-404,Informa UK Limited,en,https://doi.org/10.1080/00401706.1973.10489051,0.9,resolved,openalex,2026-08-16T22:31:52Z,X008,"In a recent paper, Tiao and Guttman (1967) discussed the use of adjusted residuals to analyze the behaviour in moderate to large samples of the premium and protection of Anscombe's rule (herein designated as the A(k)-rule) when sampling is from the N(μ, σ) distribution, μ is to be estimated;and where k outlying observations are suspected of being spurious (k = 1 and 2). A discussion of two other rules, Semi-Winsorization (S (1)-rule) and Winsorization (W (1)-rule), is given in Guttman and Smith (1969, 1971). This paper investigates the behaviour, for moderate to large n, of the A (k)), S (k)) and W (k))- rules, k = 1 and 2. To do this, we define rules based on adjusted residuals, which we shall denote as the A k , S k and W k rules. Expressions for the premium and protection of the S k and W k rules are derived, and contrasted with these characteristics of the A k rule, obtained by Tiao and Guttman (1967). Some discussion of the case when σ2 is unknown is also included. Here we assume that there is an independent estimate of σ2, and we use rules with a different, type of adjusted residual.",Guttman scale; Spurious relationship; Mathematics; Residual; Outlier; Statistics; Sample (material); Sampling (signal processing); Econometrics; Computer science; Algorithm; Physics,False,article,True,True,False,doi,,"{'venue': 'crossref', 'volume': 'crossref', 'issue': 'crossref', 'pages': 'crossref', 'publisher': 'crossref', 'url': 'crossref', 'lang': 'crossref'}",{'crossref': 7},"X008.R000 resolved | hits:OA,CR | winner:- | filled:venue:CR; lang:CR | missing:-"
A253,101016jcpr200911004,Emotion-regulation strategies across psychopathology: A meta-analytic review,Amelia Aldao; Susan Nolen–Hoeksema; Susanne Schweizer,Amelia Aldao,2009.0,10.1016/j.cpr.2009.11.004,https://pubmed.ncbi.nlm.nih.gov/20015584,,,Clinical Psychology Review,30,2,217-237,Elsevier BV,en,https://doi.org/10.1016/j.cpr.2009.11.004,0.9,resolved,openalex,2026-08-16T22:31:52Z,X008,,Psychopathology; Psychology; Rumination; Cognitive reappraisal; Expressive Suppression; Anxiety; Normative; Clinical psychology; Cognition; Eating disorders; Population; Meta-analysis,False,article,True,True,True,doi,,"{'venue': 'crossref', 'volume': 'crossref', 'issue': 'crossref', 'pages': 'crossref', 'publisher': 'crossref', 'url': 'crossref', 'lang': 'crossref'}",{'crossref': 7},"X008.R000 resolved | hits:OA,CR,S2 | winner:- | filled:venue:CR; lang:CR | missing:abstract"
A254,101016jijcard200909543,"The relationship of autonomic imbalance, heart rate variability and cardiovascular disease risk factors",Julian F. Thayer; Shelby Yamamoto; J. F. Brosschot,Julian F. Thayer,2009.0,10.1016/j.ijcard.2009.09.543,https://pubmed.ncbi.nlm.nih.gov/19910061,,,International Journal of Cardiology,141,2,122-131,Elsevier BV,en,https://doi.org/10.1016/j.ijcard.2009.09.543,0.9,resolved,openalex,2026-08-16T22:31:53Z,X008,,Medicine; Disease; Heart rate variability; Etiology; Autonomic nervous system; Risk factor; Obesity; Internal medicine; Cardiology; Intensive care medicine; Heart rate; Blood pressure,False,article,True,True,True,doi,,"{'venue': 'crossref', 'volume': 'crossref', 'issue': 'crossref', 'pages': 'crossref', 'publisher': 'crossref', 'url': 'crossref', 'lang': 'crossref'}",{'crossref': 7},"X008.R000 resolved | hits:OA,CR,S2 | winner:- | filled:venue:CR; lang:CR | missing:abstract"
A255,1010371528354252175,"The Tie That Binds? Coherence Among Emotion Experience, Behavior, and Physiology",Iris B. Mauss; Robert W. Levenson; Loren McCarter; Frank H. Wilhelm; James J. Gross,Iris B. Mauss,2005.0,10.1037/1528-3542.5.2.175,https://pubmed.ncbi.nlm.nih.gov/15982083,,,Emotion,5,2,175-190,American Psychological Association (APA),en,https://doi.org/10.1037/1528-3542.5.2.175,0.9,resolved,openalex,2026-08-16T22:31:55Z,X008,"Emotion theories commonly postulate that emotions impose coherence across multiple response systems. However, empirical support for this coherence postulate is surprisingly limited. In the present study, the authors (a) examined the within-individual associations among experiential, facial behavioral, and peripheral physiological responses during emotional responding and (b) assessed whether emotion intensity moderates these associations. Experiential, behavioral, and physiological responses were measured second-by-second during a film that induced amusement and sadness. Results indicate that experience and behavior were highly associated but that physiological responses were only modestly associated with experience and behavior. Intensity of amusement experience was associated with greater coherence between behavior and physiological responding; intensity of sadness experience was not. These findings provide new evidence about response system coherence in emotions.",Amusement; Sadness; Psychology; Cognitive psychology; Coherence (philosophical gambling strategy); Experiential learning; Social psychology; Anger; Physics; Quantum mechanics; Mathematics education,False,article,True,True,False,doi,,"{'venue': 'crossref', 'volume': 'crossref', 'issue': 'crossref', 'pages': 'crossref', 'publisher': 'crossref', 'url': 'crossref', 'lang': 'crossref'}",{'crossref': 7},"X008.R000 resolved | hits:OA,CR | winner:- | filled:venue:CR; lang:CR | missing:-"
A256,101016s0735109797005548,Twenty-Four Hour Time Domain Heart Rate Variability and Heart Rate: Relations to Age and Gender Over Nine Decades,Ken Umetani; Donald H. Singer; Rollin McCraty; Mike Atkinson,Ken Umetani,1998.0,10.1016/s0735-1097(97)00554-8,https://pubmed.ncbi.nlm.nih.gov/9502641,,,Journal of the American College of Cardiology,31,3,593-601,Elsevier BV,en,https://doi.org/10.1016/s0735-1097(97)00554-8,0.9,resolved,openalex,2026-08-16T22:31:55Z,X008,,Heart rate variability; Medicine; Cardiology; Standard deviation; RR interval; Internal medicine; Poincaré plot; Confidence interval; Heart rate; Statistics; Mathematics; Blood pressure,True,article,True,True,True,doi,,"{'venue': 'crossref', 'volume': 'crossref', 'issue': 'crossref', 'pages': 'crossref', 'publisher': 'crossref', 'url': 'crossref', 'lang': 'crossref'}",{'crossref': 7},"X008.R000 resolved | hits:OA,CR,S2 | winner:- | filled:venue:CR; lang:CR | missing:abstract"
A257,1010370022006x762243,A randomized clinical trial to dismantle components of cognitive processing therapy for posttraumatic stress disorder in female victims of interpersonal violence,Patricia A. Resick; Tara E. Galovski; Mary Uhlmansiek; Christine D. Scher; Gretchen Clum; Yinong Young‐Xu,Patricia A. Resick,2008.0,10.1037/0022-006x.76.2.243,https://pubmed.ncbi.nlm.nih.gov/18377121,,,Journal of Consulting and Clinical Psychology,76,2,243-258,American Psychological Association (APA),en,https://doi.org/10.1037/0022-006x.76.2.243,0.9,resolved,openalex,2026-08-16T22:31:56Z,X008,"The purpose of this experiment was to conduct a dismantling study of cognitive processing therapy in which the full protocol was compared with its constituent components--cognitive therapy only (CPT-C) and written accounts (WA)--for the treatment of posttraumatic stress disorder (PTSD) and comorbid symptoms. The intent-to-treat (ITT) sample included 150 adult women with PTSD who were randomized into 1 of the 3 conditions. Each condition consisted of 2 hr of therapy per week for 6 weeks; blind assessments were conducted before treatment, 2 weeks following the last session, and 6 months following treatment. Measures of PTSD and depression were collected weekly to examine the course of recovery during treatment as well as before and after treatment. Secondary measures assessed anxiety, anger, shame, guilt, and dysfunctional cognitions. Independent ratings of adherence and competence were also conducted. Analyses with the ITT sample and with study completers indicate that patients in all 3 treatments improved substantially on PTSD and depression, the primary measures, and improved on other indices of adjustment. However, there were significant group differences in symptom reduction during the course of treatment whereby the CPT-C condition reported greater improvement in PTSD than the WA condition.",Psychology; Cognitive therapy; Randomized controlled trial; Clinical psychology; Anxiety; Cognitive processing therapy; Cognition; Psychiatry; Cognitive restructuring; Dysfunctional family; Exposure therapy; Cognitive behavioral therapy,False,article,True,True,False,doi,,"{'venue': 'crossref', 'volume': 'crossref', 'issue': 'crossref', 'pages': 'crossref', 'publisher': 'crossref', 'url': 'crossref', 'lang': 'crossref'}",{'crossref': 7},"X008.R000 resolved | hits:OA,CR | winner:- | filled:venue:CR; lang:CR | missing:-"
A258,101017s0033291709991747,A systematic review of neurobiological and clinical features of mindfulness meditations,Alberto Chiesa; Alessandro Serretti,Alberto Chiesa,2009.0,10.1017/s0033291709991747,https://pubmed.ncbi.nlm.nih.gov/19941676,,,Psychological Medicine,40,8,1239-1252,Cambridge University Press (CUP),en,https://doi.org/10.1017/s0033291709991747,0.9,resolved,openalex,2026-08-16T22:31:56Z,X008,"BACKGROUND: Mindfulness meditation (MM) practices constitute an important group of meditative practices that have received growing attention. The aim of the present paper was to systematically review current evidence on the neurobiological changes and clinical benefits related to MM practice in psychiatric disorders, in physical illnesses and in healthy subjects. METHOD: A literature search was undertaken using Medline, ISI Web of Knowledge, the Cochrane collaboration database and references of retrieved articles. Controlled and cross-sectional studies with controls published in English up to November 2008 were included. RESULTS: Electroencephalographic (EEG) studies have revealed a significant increase in alpha and theta activity during meditation. Neuroimaging studies showed that MM practice activates the prefrontal cortex (PFC) and the anterior cingulate cortex (ACC) and that long-term meditation practice is associated with an enhancement of cerebral areas related to attention. From a clinical viewpoint, Mindfulness-Based Stress Reduction (MBSR) has shown efficacy for many psychiatric and physical conditions and also for healthy subjects, Mindfulness-Based Cognitive Therapy (MBCT) is mainly efficacious in reducing relapses of depression in patients with three or more episodes, Zen meditation significantly reduces blood pressure and Vipassana meditation shows efficacy in reducing alcohol and substance abuse in prisoners. However, given the low-quality designs of current studies it is difficult to establish whether clinical outcomes are due to specific or non-specific effects of MM. DISCUSSION: Despite encouraging findings, several limitations affect current studies. Suggestions are given for future research based on better designed methodology and for future directions of investigation.",Mindfulness; Meditation; Clinical psychology; Psychology; MEDLINE; Psychotherapist; Medicine; Neuroimaging; Cognition; Psychiatry; Law; Theology,False,article,True,True,False,doi,,"{'venue': 'crossref', 'volume': 'crossref', 'issue': 'crossref', 'pages': 'crossref', 'publisher': 'crossref', 'url': 'crossref', 'lang': 'crossref'}",{'crossref': 7},"X008.R000 resolved | hits:OA,CR | winner:- | filled:venue:CR; lang:CR | missing:-"
A259,101016jcmpb200403004,Software for advanced HRV analysis,Juha‐Pekka Niskanen; Mika P. Tarvainen; Perttu Ranta-aho; Pasi A. Karjalainen,Juha‐Pekka Niskanen,2004.0,10.1016/j.cmpb.2004.03.004,https://pubmed.ncbi.nlm.nih.gov/15313543,,,Computer Methods and Programs in Biomedicine,76,1,73-81,Elsevier BV,en,https://doi.org/10.1016/j.cmpb.2004.03.004,0.9,resolved,openalex,2026-08-16T22:31:57Z,X008,,Computer science; Software; Software engineering; Programming language,False,article,True,True,True,doi,,"{'venue': 'crossref', 'volume': 'crossref', 'issue': 'crossref', 'pages': 'crossref', 'publisher': 'crossref', 'url': 'crossref', 'lang': 'crossref'}",{'crossref': 7},"X008.R000 resolved | hits:OA,CR,S2 | winner:- | filled:venue:CR; lang:CR | missing:abstract"
A260,101521psyc2008712134,Nonresponse and Dropout Rates in Outcome Studies on PTSD: Review and Methodological Considerations,Michele A. Schottenbauer; Carol R. Glass; Diane B. Arnkoff; Vanessa Tendick; Sheila Hafter Gray,Michele A. Schottenbauer,2008.0,10.1521/psyc.2008.71.2.134,https://pubmed.ncbi.nlm.nih.gov/18573035,,,Psychiatry: Interpersonal and Biological Processes,71,2,134-168,Guilford Publications,en,https://doi.org/10.1521/psyc.2008.71.2.134,0.9,resolved,openalex,2026-08-16T22:31:57Z,X008,"Post-traumatic stress disorder (PTSD) represents a frequent consequence of a variety of extreme psychological stressors. Lists of empirically supported treatments for PTSD usually include cognitive behavioral therapy (CBT) and eye movement desensitization and reprocessing (EMDR), but nonresponse and dropout rates in these treatments often are high. We review the treatment dropout and nonresponse rates in 55 studies of empirically supported treatments for PTSD, review the literature for predictors of dropout and nonresponse, discuss methodological inconsistencies in the literature that make comparisons across studies difficult, and outline future directions for research. Dropout rates ranged widely and may have depended, at least in part, on the nature of the study population. It was not uncommon to find nonresponse rates as high as 50%. Standard methods of reporting dropout and nonresponse rates are needed for reporting outcomes. We suggest guidelines for collecting data to help identify characteristics and predictors of dropouts and nonresponders.",Dropout (neural networks); Eye movement desensitization and reprocessing; Psychology; Stressor; Clinical psychology; Population; Posttraumatic stress; Psychiatry; Medicine; Machine learning; Computer science; Environmental health,False,article,True,True,False,doi,,"{'venue': 'crossref', 'volume': 'crossref', 'issue': 'crossref', 'pages': 'crossref', 'publisher': 'crossref', 'url': 'crossref', 'lang': 'crossref'}",{'crossref': 7},"X008.R000 resolved | hits:OA,CR | winner:- | filled:venue:CR; lang:CR | missing:-"
A261,101016jijpsycho201306018,The relationship between mental and physical health: Insights from the study of heart rate variability,Andrew H. Kemp; Daniel Quintana,Andrew H. Kemp,2013.0,10.1016/j.ijpsycho.2013.06.018,https://pubmed.ncbi.nlm.nih.gov/23797149,,,International Journal of Psychophysiology,89,3,288-296,Elsevier BV,en,https://doi.org/10.1016/j.ijpsycho.2013.06.018,0.9,resolved,openalex,2026-08-16T22:31:57Z,X008,,Mood; Anxiety; Context (archaeology); Heart rate variability; Psychological intervention; Psychology; Stressor; Psychiatry; Medicine; Clinical psychology; Heart rate; Blood pressure,False,article,True,True,True,doi,,"{'venue': 'crossref', 'volume': 'crossref', 'issue': 'crossref', 'pages': 'crossref', 'publisher': 'crossref', 'url': 'crossref', 'lang': 'crossref'}",{'crossref': 7},"X008.R000 resolved | hits:OA,CR,S2 | winner:- | filled:venue:CR; lang:CR | missing:abstract"
A262,101016jcpr201210006,Mindfulness: Top–down or bottom–up emotion regulation strategy?,Alberto Chiesa; Alessandro Serretti; Janus Christian Jakobsen,Alberto Chiesa,2012.0,10.1016/j.cpr.2012.10.006,https://pubmed.ncbi.nlm.nih.gov/23142788,,,Clinical Psychology Review,33,1,82-96,Elsevier BV,en,https://doi.org/10.1016/j.cpr.2012.10.006,0.9,resolved,openalex,2026-08-16T22:31:59Z,X008,,Mindfulness; Psychology; Context (archaeology); Cognitive psychology; Psychotherapist; Emotional regulation; Developmental psychology; Paleontology; Biology,False,article,True,True,True,doi,,"{'venue': 'crossref', 'volume': 'crossref', 'issue': 'crossref', 'pages': 'crossref', 'publisher': 'crossref', 'url': 'crossref', 'lang': 'crossref'}",{'crossref': 7},"X008.R000 resolved | hits:OA,CR,S2 | winner:- | filled:venue:CR; lang:CR | missing:abstract"
A263,101016jbrat201405005,Dialectical behavior therapy skills for transdiagnostic emotion dysregulation: A pilot randomized controlled trial,Andrada D. Neacsiu; Jeremy William Eberle; Rachel Kramer; Taylor Wiesmann; Marsha M. Linehan,Andrada D. Neacsiu,2014.0,10.1016/j.brat.2014.05.005,https://pubmed.ncbi.nlm.nih.gov/24974307,,,Behaviour Research and Therapy,59,,40-51,Elsevier BV,en,https://doi.org/10.1016/j.brat.2014.05.005,0.9,resolved,openalex,2026-08-16T22:32:00Z,X008,,Dialectical behavior therapy; Borderline personality disorder; Emotional dysregulation; Psychology; Psychopathology; Randomized controlled trial; Anxiety; Clinical psychology; Mood; Depression (economics); Psychotherapist; Psychiatry,False,article,True,True,True,doi,,"{'venue': 'crossref', 'volume': 'crossref', 'pages': 'crossref', 'publisher': 'crossref', 'url': 'crossref', 'lang': 'crossref'}",{'crossref': 6},"X008.R000 resolved | hits:OA,CR,S2 | winner:- | filled:venue:CR; lang:CR | missing:abstract"
A264,101080165060732014980753,Emotion Regulation and Posttraumatic Stress Symptoms: A Meta-Analysis,Antonia V. Seligowski; Daniel J. Lee; Joseph R. Bardeen; Holly K. Orcutt,Antonia V. Seligowski,2014.0,10.1080/16506073.2014.980753,https://pubmed.ncbi.nlm.nih.gov/25421727,,,Cognitive Behaviour Therapy,44,2,87-102,Informa UK Limited,en,https://doi.org/10.1080/16506073.2014.980753,0.9,resolved,openalex,2026-08-16T22:32:01Z,X008,"Emotion regulation (ER) has been identified as a critical factor in the development and maintenance of posttraumatic stress symptoms (PTS; Bardeen, Kumpula, & Orcutt, 2013 [Journal of Anxiety Disorders, 27, 188-196]; Marx & Sloan, 2005 [Behaviour Research and Therapy, 43, 569-583]; Nightingale & Williams, 2000 [British Journal of Clinical Psychology, 39, 243-254]). The current meta-analysis aimed to provide a thorough, quantitative examination of the associations between PTS and several aspects of ER. A search of the PsychINFO database resulted in 2557 titles, of which 57 met full inclusion criteria (the cross-sectional association between PTS symptoms and ER was reported, participants were 18 years or older, the article was written in English, and sufficient information was reported to calculate effect sizes). From the 57 studies that were included, 74 effect sizes were obtained. All studies were independently coded by two of the study authors for the following: citation, sample type, total N size (and group n's if applicable), mean age of participants, type of traumatic event, study design, PTS measure(s), ER measure(s), and effect size information. Eight random effects models were conducted: seven for individual ER strategies (e.g., rumination) and one for general emotion dysregulation. The largest effects were observed for general emotion dysregulation (r = 0.53; k = 13), rumination (r = 0.51; k = 5), thought suppression (r = 0.47; k = 13), and experiential avoidance (r = 0.40; k = 20). Medium effects were observed for expressive suppression (r = 0.29; k = 3) and worry (r = 0.28; k = 6). Significant effects were not observed for acceptance or reappraisal. Moderator analyses (sample and trauma type) were conducted for general emotion dysregulation, experiential avoidance, and thought suppression; no significant differences were observed. Findings from the current analysis suggest that several aspects of ER are associated with PTS symptoms across a variety of samples. Additionally, the current study highlights a number of limitations in the existing ER and PTS symptom literature.",Rumination; Worry; Psychology; Anxiety; Clinical psychology; Experiential avoidance; Association (psychology); Psychiatry; Psychotherapist; Cognition,False,article,True,True,False,doi,,"{'venue': 'crossref', 'volume': 'crossref', 'issue': 'crossref', 'pages': 'crossref', 'publisher': 'crossref', 'url': 'crossref', 'lang': 'crossref'}",{'crossref': 7},"X008.R000 resolved | hits:OA,CR | winner:- | filled:venue:CR; lang:CR | missing:-"
A265,103389fpsyg201500261,Resting heart rate variability predicts self-reported difficulties in emotion regulation: a focus on different facets of emotion regulation,DeWayne P. Williams; Claudia S. E. Cash; Cameron Rankin; A. Bernardi; Julian Koenig; Julian F. Thayer,DeWayne P. Williams,2015.0,10.3389/fpsyg.2015.00261,https://pubmed.ncbi.nlm.nih.gov/25806017,,,Frontiers in Psychology,6,,,Frontiers Media SA,en,https://doi.org/10.3389/fpsyg.2015.00261,0.9,resolved,openalex,2026-08-16T22:32:01Z,X008,"The Model of Neurovisceral Integration suggests that vagally mediated heart rate variability (vmHRV) represents a psychophysiological index of inhibitory control and thus, is associated with emotion regulation capacity. Over the past decade, growing empirical evidence supports this notion, showing that those with higher resting vmHRV can regulate negative emotions more adequately. However, to our knowledge, no study has previously examined how resting vmHRV may relate to everyday perceived difficulties in emotion regulation. The present study attempts to examine such relationship in 183 undergraduate students (98 female, 60 minority, mean Age = 19.34). Resting vmHRV was collected during a 5-min resting baseline period, and everyday difficulties in emotion regulation were assessed using the Difficulties in Emotion Regulation Scale (DERS). Controlling for potential covariates (including both trait anxiety and rumination), results revealed a negative relationship between resting vmHRV and DERS such that lower resting vmHRV was associated with greater difficulties in emotional regulation, especially a lack of emotional clarity and impulse control, as indicated by the respective subscales of the DERS. These findings provide further evidence for the Neurovisceral Integration Model, suggesting that emotion regulation and autonomic regulation share neural networks within the brain. Moreover, the present study extends prior research by highlighting two distinct facets of emotion regulation (impulse control and emotional clarity) that should be of particular interest when investigating the link between emotion regulation, resting vmHRV, and related health outcomes including morbidity and mortality.",Psychology; Cognitive reappraisal; Autoregulation; CLARITY; Rumination; Expressive Suppression; RESTING HEART RATE; Developmental psychology; Anxiety; Emotional regulation; Heart rate variability; Clinical psychology,True,article,True,True,False,doi,,"{'venue': 'crossref', 'volume': 'crossref', 'publisher': 'crossref', 'url': 'crossref', 'lang': 'heuristic'}","{'crossref': 4, 'heuristic': 1}","X008.R000 resolved | hits:OA,CR | winner:- | filled:venue:CR; lang:HE | missing:-"
A266,101016jbiopsycho201511013,Heart rate variability and cognitive processing: The autonomic response to task demands,Antonio Luque‐Casado; José C. Perales; David Cárdenas Vélez; Daniel Sanabria,Antonio Luque‐Casado,2015.0,10.1016/j.biopsycho.2015.11.013,https://pubmed.ncbi.nlm.nih.gov/26638762,,,Biological Psychology,113,,83-90,Elsevier BV,en,https://doi.org/10.1016/j.biopsycho.2015.11.013,0.9,resolved,openalex,2026-08-16T22:32:01Z,X008,,Heart rate variability; Cognition; Workload; Working memory; Psychology; Audiology; Psychomotor vigilance task; Vigilance (psychology); Stimulus (psychology); Cognitive psychology; Oddball paradigm; Dissociation (chemistry),False,article,True,True,True,doi,,"{'venue': 'crossref', 'volume': 'crossref', 'pages': 'crossref', 'publisher': 'crossref', 'url': 'crossref', 'lang': 'crossref'}",{'crossref': 6},"X008.R000 resolved | hits:OA,CR,S2 | winner:- | filled:venue:CR; lang:CR | missing:abstract"
A267,101037h0100353,Yoga and emotion regulation: A review of primary psychological outcomes and their physiological correlates,Carolina Baptista Menezes; Natalia R. Dalpiaz; Luiz Gustavo Kiesow; William Sperb; Juliana Corrêa Hertzberg; Alcyr Alves de Oliveira,Carolina Baptista Menezes,2015.0,10.1037/h0100353,,,,Psychology &amp; Neuroscience,8,1,82-101,American Psychological Association (APA),en,https://doi.org/10.1037/h0100353,0.9,resolved,openalex,2026-08-16T22:32:02Z,X008,,Psychology; Clinical psychology; Psychotherapist; Developmental psychology,False,article,True,True,False,doi,,"{'venue': 'crossref', 'volume': 'crossref', 'issue': 'crossref', 'pages': 'crossref', 'publisher': 'crossref', 'url': 'crossref', 'lang': 'crossref'}",{'crossref': 7},"X008.R000 resolved | hits:OA,CR | winner:- | filled:venue:CR; lang:CR | missing:abstract"
A268,101176foc72foc204,Guideline Watch (March 2009): Practice Guideline for the Treatment of Patients with Acute Stress Disorder and Posttraumatic Stress Disorder,David M. Benedek; Matthew J. Friedman; Douglas Zatzick; Robert J. Ursano,David M. Benedek,2009.0,10.1176/foc.7.2.foc204,,,,Focus,7,2,204-213,American Psychiatric Association Publishing,en,https://doi.org/10.1176/foc.7.2.foc204,0.9,resolved,openalex,2026-08-16T22:32:03Z,X008,,Acute Stress Disorder; Guideline; Posttraumatic stress; Psychological intervention; Psychology; Medicine; Psychiatry; Stress reduction; Randomized controlled trial; Intervention (counseling); Clinical psychology; Psychotherapist,False,article,True,True,False,doi,,"{'venue': 'crossref', 'volume': 'crossref', 'issue': 'crossref', 'pages': 'crossref', 'publisher': 'crossref', 'url': 'crossref', 'lang': 'crossref'}",{'crossref': 7},"X008.R000 resolved | hits:OA,CR | winner:- | filled:venue:CR; lang:CR | missing:abstract"
A269,101001jamaneurol2013596,Cholinergic Autonomic Dysfunction in Veterans With Gulf War Illness,Robert W. Haley; Elizabeth Charuvastra; William E. Shell; David M. Buhner; W. Wesley Marshall; Melanie M. Biggs; Steve Hopkins; Gil I. Wolfe; Steven Vernino,Robert W. Haley,2012.0,10.1001/jamaneurol.2013.596,https://pubmed.ncbi.nlm.nih.gov/23407784,,,JAMA Neurology,70,2,191,American Medical Association (AMA),en,https://doi.org/10.1001/jamaneurol.2013.596,0.9,resolved,openalex,2026-08-16T22:32:04Z,X008,"BACKGROUND: The authors of prior small studies raised the hypothesis that symptoms in veterans of the 1991 Gulf War, such as chronic diarrhea, dizziness, fatigue, and sexual dysfunction, are due to cholinergic autonomic dysfunction. OBJECTIVE: To perform a confirmatory test of this prestated hypothesis in a larger, representative sample of Gulf War veterans. DESIGN: Nested case-control study. SETTING: Clinical and Translational Research Center, University of Texas Southwestern Medical Center, Dallas. PARTICIPANTS: Representative samples of Gulf War veterans meeting a validated case definition of Gulf War illness with 3 variants (called syndromes 1-3) and a control group, all selected randomly from the US Military Health Survey. MAIN OUTCOME MEASURES: Validated domain scales from the Autonomic Symptom Profile questionnaire, the Composite Autonomic Severity Score, and high-frequency heart rate variability from a 24-hour electrocardiogram. RESULTS: The Autonomic Symptom Profile scales were significantly elevated in all 3 syndrome groups (P< .001), primarily due to elevation of the orthostatic intolerance, secretomotor, upper gastrointestinal dysmotility, sleep dysfunction, urinary, and autonomic diarrhea symptom domains. The Composite Autonomic Severity Score was also higher in the 3 syndrome groups (P= .045), especially in syndrome 2, primarily due to a significant reduction in sudomotor function as measured by the Quantitative Sudomotor Axon Reflex Test, most significantly in the foot; the score was intermediate in the ankle and upper leg and was nonsignificant in the arm, indicating a peripheral nerve length-related deficit. The normal increase in high-frequency heart rate variability at night was absent or blunted in all 3 syndrome groups (P< .001). CONCLUSION: Autonomic symptoms are associated with objective, predominantly cholinergic autonomic deficits in the population of Gulf War veterans.",Sudomotor; Medicine; Heart rate variability; Dysautonomia; Internal medicine; Autonomic nervous system; Heart rate; Cardiology; Psychology; Disease; Blood pressure,False,article,True,True,False,doi,,"{'venue': 'crossref', 'volume': 'crossref', 'issue': 'crossref', 'pages': 'crossref', 'publisher': 'crossref', 'url': 'crossref', 'lang': 'crossref'}",{'crossref': 7},"X008.R000 resolved | hits:OA,CR | winner:- | filled:venue:CR; lang:CR | missing:-"
A270,103389fpubh201700258,An Overview of Heart Rate Variability Metrics and Norms,Fred Shaffer; J. P. Ginsberg,Fred Shaffer,2017.0,10.3389/fpubh.2017.00258,https://pubmed.ncbi.nlm.nih.gov/29034226,,,Frontiers in Public Health,5,,,Frontiers Media SA,en,https://doi.org/10.3389/fpubh.2017.00258,0.9,resolved,openalex,2026-08-16T22:32:04Z,X008,"Healthy biological systems exhibit complex patterns of variability that can be described by mathematical chaos. Heart rate variability (HRV) consists of changes in the time intervals between consecutive heartbeats called interbeat intervals (IBIs). A healthy heart is not a metronome. The oscillations of a healthy heart are complex and constantly changing, which allow the cardiovascular system to rapidly adjust to sudden physical and psychological challenges to homeostasis. This article briefly reviews current perspectives on the mechanisms that generate 24 h, short-term (~5 min), and ultra-short-term (<5 min) HRV, the importance of HRV, and its implications for health and performance. The authors provide an overview of widely-used HRV time-domain, frequency-domain, and non-linear metrics. Time-domain indices quantify the amount of HRV observed during monitoring periods that may range from ~2 min to 24 h. Frequency-domain values calculate the absolute or relative amount of signal energy within component bands. Non-linear measurements quantify the unpredictability and complexity of a series of IBIs. The authors survey published normative values for clinical, healthy, and optimal performance populations. They stress the importance of measurement context, including recording period length, subject age, and sex, on baseline HRV values. They caution that 24 h, short-term, and ultra-short-term normative values are not interchangeable. They encourage professionals to supplement published norms with findings from their own specialized populations. Finally, the authors provide an overview of HRV assessment strategies for clinical and optimal performance interventions.",Heart rate variability; Context (archaeology); Normative; Computer science; Metronome; Medicine; Psychology; Heart rate; Internal medicine; Biology; Rhythm; Epistemology,True,article,True,True,False,doi,,"{'venue': 'crossref', 'volume': 'crossref', 'publisher': 'crossref', 'url': 'crossref', 'lang': 'heuristic'}","{'crossref': 4, 'heuristic': 1}","X008.R000 resolved | hits:OA,CR | winner:- | filled:venue:CR; lang:HE | missing:-"
A271,102147jmdhs104807,"Information bias in health research: definition, pitfalls, and adjustment methods",Alaa Althubaiti,Alaa Althubaiti,2016.0,10.2147/jmdh.s104807,https://pubmed.ncbi.nlm.nih.gov/27217764,,,Journal of Multidisciplinary Healthcare,,,211,Informa UK Limited,en,https://doi.org/10.2147/jmdh.s104807,0.9,resolved,openalex,2026-08-16T22:32:05Z,X008,"As with other fields, medical sciences are subject to different sources of bias. While understanding sources of bias is a key element for drawing valid conclusions, bias in health research continues to be a very sensitive issue that can affect the focus and outcome of investigations. Information bias, otherwise known as misclassification, is one of the most common sources of bias that affects the validity of health research. It originates from the approach that is utilized to obtain or confirm study measurements. This paper seeks to raise awareness of information bias in observational and experimental research study designs as well as to enrich discussions concerning bias problems. Specifying the types of bias can be essential to limit its effects and, the use of adjustment methods might serve to improve clinical evaluation and health care practice.",Observational study; Information bias; Data science; Publication bias; Computer science; Health care; Focus (optics); Element (criminal law); Confirmation bias; Management science; Psychology; Selection bias,True,article,True,True,False,doi,,"{'venue': 'crossref', 'pages': 'crossref', 'publisher': 'crossref', 'url': 'crossref', 'lang': 'crossref'}",{'crossref': 5},"X008.R000 resolved | hits:OA,CR | winner:- | filled:venue:CR; lang:CR | missing:-"
A272,101016jcpr201709002,"Emotion regulation as a transdiagnostic treatment construct across anxiety, depression, substance, eating and borderline personality disorders: A systematic review",Elise Sloan; Kate Hall; Richard Moulding; Shayden Bryce; Helen Mildred; Petra K. Staiger,Elise Sloan,2017.0,10.1016/j.cpr.2017.09.002,https://pubmed.ncbi.nlm.nih.gov/28941927,,,Clinical Psychology Review,57,,141-163,Elsevier BV,en,https://doi.org/10.1016/j.cpr.2017.09.002,0.9,resolved,openalex,2026-08-16T22:32:05Z,X008,"A large body of research has implicated difficulties in emotion regulation as central to the development and maintenance of psychopathology. Emotion regulation has therefore been proposed as a transdiagnostic construct or an underlying mechanism in psychopathology. The transdiagnostic role of emotion regulation has yet to be systematically examined within the psychological treatment outcome literature. It can be proposed that if emotion regulation is indeed a transdiagnostic construct central to the maintenance of psychopathology, then changes in emotion regulation difficulties will occur after effective treatment and this will occur for different disorders. We conducted a systematic review, identifying 67 studies that measured changes in both emotion regulation and symptoms of psychopathology following a psychological intervention for anxiety, depression, substance use, eating pathology or borderline personality disorder. Results demonstrated that regardless of the intervention or disorder, both maladaptive emotion regulation strategy use and overall emotion dysregulation were found to significantly decrease following treatment in all but two studies. Parallel decreases were also found in symptoms of anxiety, depression, substance use, eating pathology and borderline personality disorder. These results contribute to the growing body of evidence supporting the conceptualization of emotion regulation as a transdiagnostic construct. The present study discusses the important implications of these findings for the development of unified treatments that target emotion regulation for individuals who present with multiple disorders.",Psychopathology; Psychology; Borderline personality disorder; Anxiety; Construct (python library); Conceptualization; Clinical psychology; Eating disorders; Intervention (counseling); Depression (economics); Psychotherapist; Personality pathology,True,article,True,True,True,doi,,"{'venue': 'crossref', 'volume': 'crossref', 'pages': 'crossref', 'publisher': 'crossref', 'url': 'crossref', 'lang': 'crossref', 'abstract': 'semanticscholar'}","{'crossref': 6, 'semanticscholar': 1}","X008.R000 resolved | hits:OA,CR,S2 | winner:- | filled:venue:CR; lang:CR; abstract:SE | missing:-"
A273,103389fnhum201800353,How Breath-Control Can Change Your Life: A Systematic Review on Psycho-Physiological Correlates of Slow Breathing,Andrea Zaccaro; Andrea Piarulli; Marco Laurino; Erika Garbella; Danilo Menicucci; Bruno Neri; Angelo Gemignani,Andrea Zaccaro,2018.0,10.3389/fnhum.2018.00353,https://pubmed.ncbi.nlm.nih.gov/30245619,,,Frontiers in Human Neuroscience,12,,,Frontiers Media SA,en,https://doi.org/10.3389/fnhum.2018.00353,0.9,resolved,openalex,2026-08-16T22:32:05Z,X008,"Background. The psycho-physiological changes in brain-body interaction observed in most of meditative and relaxing practices rely on voluntary slowing down of breath frequency. However, the identification of mechanisms linking breath control to its psychophysiological effects is still under debate. This systematic review is aimed at unveiling psychophysiological mechanisms underlying slow breathing techniques (<10 breaths/minute) and their effects on healthy subjects. Methods. A systematic search of MEDLINE and SCOPUS databases, using keywords related to both breathing techniques and to their psychophysiological outcomes, focusing on cardio-respiratory and central nervous system, has been conducted. From a pool of 2461 abstracts only 15 articles met eligibility criteria and were included in the review. The present systematic review follows the Preferred Reporting Items for Systematic Reviews and Meta-Analyses (PRISMA) guidelines. Results. The main effects of slow breathing techniques cover autonomic and central nervous systems activities as well as the psychological status. Slow breathing techniques promote autonomic changes increasing Heart Rate Variability and Respiratory Sinus Arrhythmia paralleled by Central Nervous System (CNS) activity modifications. EEG studies show an increase in alpha and a decrease in theta power. Anatomically, the only available fMRI study highlights increased activity in cortical (e.g. prefrontal, motor, and parietal cortices) and subcortical (e.g. pons, thalamus, sub-parabrachial nucleus, periaqueductal grey, and hypothalamus) structures. Psychological/behavioral outputs related to the abovementioned changes are increased comfort, relaxation, pleasantness, vigor and alertness, and reduced symptoms of arousal, anxiety, depression, anger and confusion. Conclusions. Slow breathing techniques act enhancing autonomic, cerebral and psychological flexibility in a scenario of mutual interactions: we found evidence of links between parasympathetic activity (increased HRV and LF power), CNS activities (increased EEG alpha power and decreased EEG theta power) related to emotional control and psychological well-being in healthy subjects. Our hypothesis considers two different mechanisms for explaining psychophysiological changes induced by voluntary control of slow breathing: one is related to a voluntary regulation of internal bodily states (enteroception), the other is associated to the role of mechanoceptors within the nasal vault in translating slow breathing in a modulation of olfactory bulb activity, which in turn tunes the activity of the entire cortical mantle.",Breathing; Arousal; Neuroscience; Anxiety; Psychology; Alertness; Heart rate variability; Vagal tone; Autonomic nervous system; Periaqueductal gray; Thalamus; Medicine,True,article,True,True,False,doi,,"{'venue': 'crossref', 'volume': 'crossref', 'publisher': 'crossref', 'url': 'crossref', 'lang': 'heuristic'}","{'crossref': 4, 'heuristic': 1}","X008.R000 resolved | hits:OA,CR | winner:- | filled:venue:CR; lang:HE | missing:-"
A274,103389fpsyg201700220,"Mindfulness and Emotion Regulation: Insights from Neurobiological, Psychological, and Clinical Studies",Simón Guendelman; Sebastián Medeiros; Hagen Rampes,Simón Guendelman,2017.0,10.3389/fpsyg.2017.00220,https://pubmed.ncbi.nlm.nih.gov/28321194,,,Frontiers in Psychology,8,,,Frontiers Media SA,en,https://doi.org/10.3389/fpsyg.2017.00220,0.9,resolved,openalex,2026-08-16T22:32:06Z,X008,"There is increasing interest in the beneficial clinical effects of mindfulness-based interventions (MBIs). Research has demonstrated their efficacy in a wide range of psychological conditions characterized by emotion dysregulation. Neuroimaging studies have evidenced functional and structural changes in a myriad of brain regions mainly involved in attention systems, emotion regulation and self-referential processing. In this article we review studies on psychological and neurobiological correlates across different empirically derived models of research, including dispositional mindfulness, mindfulness induction, MBIs and expert meditators in relation to emotion regulation. From the perspective of recent findings in the neuroscience of emotion regulation, we discuss the interplay of top-down and bottom-up emotion regulation mechanisms associated with different mindfulness models. From a phenomenological and cognitive perspective, authors have argued that mindfulness elicits a “mindful emotion regulation” strategy; however, from a clinical perspective, this construct has not been properly differentiated from other strategies and interventions within MBIs. In this context we propose the distinction between top-down and bottom-up mindfulness based emotion regulation strategies. Furthermore, we propose an embodied emotion regulation framework as a multilevel approach for understanding psychobiological changes due to mindfulness meditation regarding its effect on emotion regulation. Finally, based on clinical neuroscientific evidence on mindfulness, we open perspectives and dialogues regarding commonalities and differences between MBIs and other psychotherapeutic strategies for emotion regulation.",Psychology; Mindfulness; Cognitive psychology; Emotional regulation; Psychotherapist; Developmental psychology,True,article,True,True,False,doi,,"{'venue': 'crossref', 'volume': 'crossref', 'publisher': 'crossref', 'url': 'crossref', 'lang': 'heuristic'}","{'crossref': 4, 'heuristic': 1}","X008.R000 resolved | hits:OA,CR | winner:- | filled:venue:CR; lang:HE | missing:-"
A275,101016jcobeha201712017,How heart rate variability affects emotion regulation brain networks,Mara Mather; Julian F. Thayer,Mara Mather,2018.0,10.1016/j.cobeha.2017.12.017,https://pubmed.ncbi.nlm.nih.gov/29333483,,,Current Opinion in Behavioral Sciences,19,,98-104,Elsevier BV,en,https://doi.org/10.1016/j.cobeha.2017.12.017,0.9,resolved,openalex,2026-08-16T22:32:06Z,X008,"Individuals with high heart rate variability tend to have better emotional well-being than those with low heart rate variability, but the mechanisms of this association are not yet clear. In this paper, we propose the novel hypothesis that by inducing oscillatory activity in the brain, high amplitude oscillations in heart rate enhance functional connectivity in brain networks associated with emotion regulation. Recent studies using daily biofeedback sessions to increase the amplitude of heart rate oscillations suggest that high amplitude physiological oscillations have a causal impact on emotional well-being. Because blood flow timing helps determine brain network structure and function, slow oscillations in heart rate have the potential to strengthen brain network dynamics, especially in medial prefrontal regulatory regions that are particularly sensitive to physiological oscillations.",Heart rate; Heart rate variability; Biofeedback; Brain function; Neuroscience; Psychology; Brain activity and meditation; Functional connectivity; Electroencephalography; Medicine; Internal medicine; Blood pressure,False,article,True,True,True,doi,,"{'venue': 'crossref', 'volume': 'crossref', 'pages': 'crossref', 'publisher': 'crossref', 'url': 'crossref', 'lang': 'crossref', 'abstract': 'semanticscholar'}","{'crossref': 6, 'semanticscholar': 1}","X008.R000 resolved | hits:OA,CR,S2 | winner:- | filled:venue:CR; lang:CR; abstract:SE | missing:-"
A276,101016jneubiorev201612032,Heart rate variability indices as bio-markers of top-down self-regulatory mechanisms: A meta-analytic review,Jacob B. Holzman; David J. Bridgett,Jacob B. Holzman,2017.0,10.1016/j.neubiorev.2016.12.032,https://pubmed.ncbi.nlm.nih.gov/28057463,,,Neuroscience &amp; Biobehavioral Reviews,74,,233-255,Elsevier BV,en,https://doi.org/10.1016/j.neubiorev.2016.12.032,0.9,resolved,openalex,2026-08-16T22:32:06Z,X008,,Heart rate variability; Psychology; Context (archaeology); Meta-analysis; Cognition; Self-control; Executive functions; Emotional regulation; Cognitive psychology; Developmental psychology; Heart rate; Neuroscience,False,article,True,True,True,doi,,"{'venue': 'crossref', 'volume': 'crossref', 'pages': 'crossref', 'publisher': 'crossref', 'url': 'crossref', 'lang': 'crossref'}",{'crossref': 6},"X008.R000 resolved | hits:OA,CR,S2 | winner:- | filled:venue:CR; lang:CR | missing:abstract"
A277,101002da22511,PSYCHOTHERAPY VERSUS PHARMACOTHERAPY FOR POSTTRAUMATIC STRESS DISORDER: SYSTEMIC REVIEW AND META-ANALYSES TO DETERMINE FIRST-LINE TREATMENTS,Daniel J. Lee; Carla W. Schnitzlein; Jonathan Wolf; Meena Vythilingam; Ann M. Rasmusson; Charles W. Hoge,Daniel J. Lee,2016.0,10.1002/da.22511,https://pubmed.ncbi.nlm.nih.gov/27126398,,,Depression and Anxiety,33,9,792-806,Hindawi Limited,en,https://doi.org/10.1002/da.22511,0.9,resolved,openalex,2026-08-16T22:32:07Z,X008,"BACKGROUND: Current clinical practice guidelines (CPGs) for posttraumatic stress disorder (PTSD) offer contradictory recommendations regarding use of medications or psychotherapy as first-line treatment. Direct head-to-head comparisons are lacking. METHODS: Systemic review of Medline, EMBASE, PILOTS, Cochrane Central Register of Controlled Trials, PsycINFO, and Global Health Library was conducted without language restrictions. Randomized clinical trials ≥8 weeks in duration using structured clinical interview-based outcome measures, active-control conditions (e.g. supportive psychotherapy), and intent-to-treat analysis were selected for analyses. Independent review, data abstraction, and bias assessment were performed using standardized processes. Study outcomes were grouped around conventional follow-up time periods (3, 6, and 9 months). Combined effect sizes were computed using meta-analyses for medication versus control, medication pre-/posttreatment, psychotherapy versus control, and psychotherapy pre-/posttreatment. RESULTS: Effect sizes for trauma-focused psychotherapies (TFPs) versus active control conditions were greater than medications versus placebo and other psychotherapies versus active controls. TFPs resulted in greater sustained benefit over time than medications. Sertraline, venlafaxine, and nefazodone outperformed other medications, although potential for methodological biases were high. Improvement following paroxetine and fluoxetine treatment was small. Venlafaxine and stress inoculation training (SIT) demonstrated large initial effects that decreased over time. Bupropion, citalopram, divalproex, mirtazapine, tiagabine, and topiramate failed to differentiate from placebo. Aripiprazole, divalproex, guanfacine, and olanzapine failed to differentiate from placebo when combined with an antidepressant. CONCLUSIONS: Study findings support use of TFPs over nontrauma-focused psychotherapy or medication as first-line interventions. Second-line interventions include SIT, and potentially sertraline or venlafaxine, rather than entire classes of medication, such as SSRIs. Future revisions of CPGs should prioritize studies that utilize active controls over waitlist or treatment-as-usual conditions. Direct head-to-head trials of TFPs versus sertraline or venlafaxine are needed.",Venlafaxine; Sertraline; Olanzapine; Nefazodone; Psychology; Bupropion; PsycINFO; Divalproex; Citalopram; Placebo; Fluoxetine; Psychiatry,False,article,True,True,False,doi,,"{'venue': 'crossref', 'volume': 'crossref', 'issue': 'crossref', 'pages': 'crossref', 'publisher': 'crossref', 'url': 'crossref', 'lang': 'crossref'}",{'crossref': 7},"X008.R000 resolved | hits:OA,CR | winner:- | filled:venue:CR; lang:CR | missing:-"
A278,101016jneuroimage201606009,Neuroimaging cognitive reappraisal in clinical populations to define neural targets for enhancing emotion regulation. A systematic review,Anna Zilverstand; Muhammad A. Parvaz; Rita Z. Goldstein,Anna Zilverstand,2016.0,10.1016/j.neuroimage.2016.06.009,https://pubmed.ncbi.nlm.nih.gov/27288319,,,NeuroImage,151,,105-116,Elsevier BV,en,https://doi.org/10.1016/j.neuroimage.2016.06.009,0.9,resolved,openalex,2026-08-16T22:32:08Z,X008,"&NA; Reduced capacity to cognitively regulate emotional responses is a common impairment across major neuropsychiatric disorders. Brain systems supporting one such strategy, cognitive reappraisal of emotion, have been investigated extensively in the healthy population, a research focus that has led to influential meta‐analyses and literature reviews. However, the emerging literature on neural substrates underlying cognitive reappraisal in clinical populations is yet to be systematically reviewed. Therefore, the goal of the current review was to summarize the literature on cognitive reappraisal and highlight common and distinct neural correlates of impaired emotion regulation in clinical populations. We performed a two‐stage systematic literature search, selecting 32 studies on cognitive reappraisal in individuals with mood disorders (n = 12), anxiety disorders (n = 14), addiction (n = 2), schizophrenia (n = 2), and personality disorders (n = 5). Comparing findings across these disorders allowed us to determine underlying mechanisms that were either disorder‐specific or common across disorders. Results showed that across clinical populations, individuals consistently demonstrated reduced recruitment of the ventrolateral prefrontal cortex (vlPFC) and dorsolateral prefrontal cortex (dlPFC) during downregulation of negative emotion, indicating that there may be a core deficit in selection, manipulation and inhibition during reappraisal. Further, in individuals with mood disorders, amygdala responses were enhanced during downregulation of emotion, suggesting hyperactive bottom‐up responses or reduced modulatory capacity. In individuals with anxiety disorders, however, emotion regulation revealed reduced activity in the dorsal anterior cingulate cortex (dACC) and inferior/superior parietal cortex, possibly indicating a deficit in allocation of attention. The reviewed studies thus provide evidence for both disorder‐specific and common deficits across clinical populations. These findings highlight the role of distinct neural substrates as targets for developing/assessing novel therapeutic approaches that are geared towards cognitive regulation of emotion, as well as the importance of transdiagnostic research to identify both disorder specific and core mechanisms. HighlightsA systematic review of 32 neuroimaging studies on cognitive reappraisal in patientsLower vlPFC/dlPFC activation is a core deficit in downregulation across patients.Amygdala hyperactivity is a specific deficit in downregulation in mood disorders.dACC/parietal hypoactivity specific deficit in downregulation in anxiety disordersImplications: neural targets for therapeutic interventions need to be tailored",Cognitive reappraisal; Psychology; Anterior cingulate cortex; Dorsolateral prefrontal cortex; Prefrontal cortex; Neuroimaging; Ventrolateral prefrontal cortex; Cognition; Mood disorders; Population; Anxiety; Neuroscience,False,article,True,True,True,doi,,"{'venue': 'crossref', 'volume': 'crossref', 'pages': 'crossref', 'publisher': 'crossref', 'url': 'crossref', 'lang': 'crossref', 'abstract': 'semanticscholar'}","{'crossref': 6, 'semanticscholar': 1}","X008.R000 resolved | hits:OA,CR,S2 | winner:- | filled:venue:CR; lang:CR; abstract:SE | missing:-"
A279,1010800309190220191640306,A robust algorithm for heart rate variability time series artefact correction using novel beat classification,Jukka A. Lipponen; Mika P. Tarvainen,Jukka A. Lipponen,2019.0,10.1080/03091902.2019.1640306,https://pubmed.ncbi.nlm.nih.gov/31314618,,,Journal of Medical Engineering &amp; Technology,43,3,173-181,Informa UK Limited,en,https://doi.org/10.1080/03091902.2019.1640306,0.9,resolved,openalex,2026-08-16T22:32:08Z,X008,"Purpose: Heart rate variability is a commonly used measurement to evaluate functioning of autonomic nervous system, psychophysiological stress, and exercise intensity and recovery. HRV measurements contain artefacts such as extra, missed or misaligned beat detections, which can produce significant distortion on HRV parameters. In this paper, a robust automatic method for artefact detection from HRV time series is proposed.Methods: The proposed detection method is based on time-varying thresholds estimated from distribution of successive RR-interval differences combined with a novel beat classification scheme. The method is validated using simulated extra, missed and misaligned beat detections as well as real artefacts such as atrial and ventricular ectopic beats.Results: The sensitivity of the algorithm to detect simulated missed/extra beats was 100%. The sensitivity to detect real atrial and ventricular ectopic beats was 96.96%, the corresponding specificity being 99.94%. The mean error in HRV parameters after correction was <2% for missed and extra beats as well as for misaligned beats generated with large displacement factors. Misaligned beats with smallest displacement factor were the most difficult to detect and resulted in largest HRV parameter errors after correction, largest errors being <8%.Conclusions: The HRV artefact correction algorithm presented in this study provided comparable specificity and better sensitivity to detect ectopic beats as compared to state-of-the-art algorithms. The proposed algorithm detects abnormal beats with high accuracy, is relatively easy to implement, and secures reliable HRV analysis by reducing the effect of possible artefacts to tolerable level.",Beat (acoustics); Heart beat; Series (stratigraphy); Computer science; Algorithm; Heart rate variability; Pattern recognition (psychology); Heart rate; Speech recognition; Artificial intelligence; Medicine; Internal medicine,False,article,True,True,False,doi,,"{'venue': 'crossref', 'volume': 'crossref', 'issue': 'crossref', 'pages': 'crossref', 'publisher': 'crossref', 'url': 'crossref', 'lang': 'crossref'}",{'crossref': 7},"X008.R000 resolved | hits:OA,CR | winner:- | filled:venue:CR; lang:CR | missing:-"
A280,101001jamapsychiatry20162729,Effect of Group vs Individual Cognitive Processing Therapy in Active-Duty Military Seeking Treatment for Posttraumatic Stress Disorder,Patricia A. Resick; Jennifer Schuster Wachen; Katherine A. Dondanville; Kristi E. Pruiksma; Jeffrey S. Yarvis; Alan L. Peterson; Jim Mintz; Elisa V. Borah; Antoinette Brundige; Elizabeth A. Hembree; Brett T. Litz; John D. Roache; Stacey Young‐McCaughan,Patricia A. Resick,2016.0,10.1001/jamapsychiatry.2016.2729,https://pubmed.ncbi.nlm.nih.gov/27893032,,,JAMA Psychiatry,74,1,28,American Medical Association (AMA),en,https://doi.org/10.1001/jamapsychiatry.2016.2729,0.9,resolved,openalex,2026-08-16T22:32:09Z,X008,"IMPORTANCE: Cognitive processing therapy (CPT), an evidence-based treatment for posttraumatic stress disorder (PTSD), has not been tested as an individual treatment among active-duty military. Group CPT may be an efficient way to deliver treatment. OBJECTIVE: To determine the effects of CPT on PTSD and co-occurring symptoms and whether they differ when administered in an individual or a group format. DESIGN, SETTING, AND PARTICIPANTS: In this randomized clinical trial, 268 active-duty servicemembers consented to assessment at an army medical center from March 8, 2012, to September 23, 2014, and were randomized to group or individual CPT. Inclusion criteria were PTSD after military deployment and stable medication therapy. Exclusion criteria consisted of suicidal or homicidal intent or psychosis. Data collection was completed on June 15, 2015. Analysis was based on intention to treat. INTERVENTIONS: Participants received CPT (the version excluding written accounts) in 90-minute group sessions of 8 to 10 participants (15 cohorts total; 133 participants) or 60-minute individual sessions (135 participants) twice weekly for 6 weeks. The 12 group and individual sessions were conducted concurrently. MAIN OUTCOMES AND MEASURES: Primary measures were scores on the Posttraumatic Symptom Scale-Interview Version (PSS-I) and the stressor-specific Posttraumatic Stress Disorder Checklist (PCL-S); secondary measures were scores on the Beck Depression Inventory-II (BDI-II) and the Beck Scale for Suicidal Ideation (BSSI). Assessments were completed by independent evaluators masked to treatment condition at baseline and 2 weeks and 6 months after treatment. RESULTS: Among the 268 participants (244 men [91.0%]; 24 women [9.0%]; mean [SD] age, 33.2 [7.4] years), improvement in PTSD severity at posttreatment was greater when CPT was administered individually compared with the group format (mean [SE] difference on the PSS-I, -3.7 [1.4]; Cohen d = 0.6; P = .006). Significant improvements were maintained with the individual (mean [SE] PSS-I, -7.8 [1.0]; Cohen d = 1.3; mean [SE] PCL-S, -12.6 [1.4]; Cohen d = 1.2) and group (mean [SE] PSS-I, -4.0 [0.97]; Cohen d = 0.7; mean [SE] PCL-S, -6.3 [1.4]; Cohen d = 0.6) formats, with no differences in remission or severity of PTSD at the 6-month follow-up. Symptoms of depression and suicidal ideation did not differ significantly between formats. CONCLUSIONS AND RELEVANCE: Individual treatment resulted in greater improvement in PTSD severity than group treatment. Depression and suicidal ideation improved equally with both formats. However, even among those receiving individual CPT, approximately 50% still had PTSD and clinically significant symptoms. In the military population, improving existing treatments such as CPT or developing new treatments is needed. TRIAL REGISTRATION: clinicaltrials.gov identifier: NCT02173561.",Cognitive processing therapy; Posttraumatic stress; Active duty; Psychology; Cognition; Clinical psychology; Group psychotherapy; Cognitive therapy; Cognitive behavioral therapy; Psychiatry; Psychotherapist; Medicine,False,article,True,True,False,doi,,"{'venue': 'crossref', 'volume': 'crossref', 'issue': 'crossref', 'pages': 'crossref', 'publisher': 'crossref', 'url': 'crossref', 'lang': 'crossref'}",{'crossref': 7},"X008.R000 resolved | hits:OA,CR | winner:- | filled:venue:CR; lang:CR | missing:-"
A281,101016jbiopsycho201710008,Cardiac vagal control as a marker of emotion regulation in healthy adults: A review,Stefania Balzarotti; Federica Biassoni; Barbara Colombo; Maria Rita Ciceri,Stefania Balzarotti,2017.0,10.1016/j.biopsycho.2017.10.008,https://pubmed.ncbi.nlm.nih.gov/29079304,,,Biological Psychology,130,,54-66,Elsevier BV,en,https://doi.org/10.1016/j.biopsycho.2017.10.008,0.9,resolved,openalex,2026-08-16T22:32:09Z,X008,,Vagal tone; Psychology; Vagus nerve; Emotional regulation; Affect (linguistics); Reactivity (psychology); Cognition; Autoregulation; Neuroscience; Heart rate variability; Developmental psychology; Medicine,False,article,True,True,True,doi,,"{'venue': 'crossref', 'volume': 'crossref', 'pages': 'crossref', 'publisher': 'crossref', 'url': 'crossref', 'lang': 'crossref'}",{'crossref': 6},"X008.R000 resolved | hits:OA,CR,S2 | winner:- | filled:venue:CR; lang:CR | missing:abstract"
A282,101016jjaim201707008,Effects of yogic breath regulation: A narrative review of scientific evidence,Apar Avinash Saoji; B.R. Raghavendra; N. K. Manjunath,Apar Avinash Saoji,2018.0,10.1016/j.jaim.2017.07.008,https://pubmed.ncbi.nlm.nih.gov/29395894,,,Journal of Ayurveda and Integrative Medicine,10,1,50-58,Elsevier BV,en,https://doi.org/10.1016/j.jaim.2017.07.008,0.9,resolved,openalex,2026-08-16T22:32:10Z,X008,"Pranayama or breath regulation is considered as an essential component of Yoga, which is said to influence the physiological systems. We present a comprehensive overview of scientific literature in the field of yogic breathing. We searched PubMed, PubMed Central and IndMed for citations for keywords ""Pranayama"" and ""Yogic Breathing"". The search yielded a total of 1400 references. Experimental papers, case studies and case series in English, revealing the effects of yogic breathing were included in the review. The preponderance of literature points to beneficial effects of yogic breathing techniques in both physiological and clinical setups. Advantageous effects of yogic breathing on the neurocognitive, psychophysiological, respiratory, biochemical and metabolic functions in healthy individuals were elicited. They were also found useful in management of various clinical conditions. Overall, yogic breathing could be considered safe, when practiced under guidance of a trained teacher. Considering the positive effects of yogic breathing, further large scale studies with rigorous designs to understand the mechanisms involved with yogic breathing are warranted.",Breathing; Medicine; Breathing exercises; Neurocognitive; Narrative review; Physical therapy; Clinical Practice; Physical medicine and rehabilitation; Intensive care medicine; Anesthesia; Cognition; Psychiatry,True,article,True,True,False,doi,,"{'venue': 'crossref', 'volume': 'crossref', 'issue': 'crossref', 'pages': 'crossref', 'publisher': 'crossref', 'url': 'crossref', 'lang': 'crossref'}",{'crossref': 7},"X008.R000 resolved | hits:OA,CR | winner:- | filled:venue:CR; lang:CR | missing:-"
A283,101111cpsp12278,"What is an emotional disorder? A transdiagnostic mechanistic definition with implications for assessment, treatment, and prevention",Jacqueline R. Bullis; Hannah T. Boettcher; Shannon Sauer‐Zavala; Todd J. Farchione; David H. Barlow,Jacqueline R. Bullis,2019.0,10.1111/cpsp.12278,,,,Clinical Psychology: Science and Practice,26,2,e12278,American Psychological Association (APA),en,https://doi.org/10.1111/cpsp.12278,0.9,resolved,openalex,2026-08-16T22:32:10Z,X008,"We present a transdiagnostic definition of the commonly used, but poorly defined, term emotional disorder. This definition transcends and possibly complements traditional descriptive diagnostic categories, and candidate dimensional models of psychopathology by focusing on putative mechanisms that contribute to the onset and maintenance of disorders characterized primarily by dysfunction in the interpretation and regulation of emotion. We review three intermediate transdiagnostic mechanisms that characterize emotional disorders, such as, but not limited to, anxiety and depressive disorders, and then illustrate how this proposed definition applies to additional diagnoses beyond anxiety and depression. Implications of this new conceptualization of disorders of emotion are then discussed in the context of assessment, treatment, and prevention.",Conceptualization; Psychopathology; Anxiety; Psychology; Context (archaeology); Psychotherapist; Clinical psychology; Depression (economics); Psychiatry; Computer science; Artificial intelligence; Paleontology,False,article,True,True,False,doi,,"{'venue': 'crossref', 'volume': 'crossref', 'issue': 'crossref', 'pages': 'crossref', 'publisher': 'crossref', 'url': 'crossref', 'lang': 'crossref'}",{'crossref': 7},"X008.R000 resolved | hits:OA,CR | winner:- | filled:venue:CR; lang:CR | missing:-"
A284,101016jbiopsycho201902005,Resting respiratory sinus arrhythmia and posttraumatic stress disorder: A meta-analysis,Allison A. Campbell; Blair E. Wisco; Paul J. Silvia; Natalie G. Gay,Allison A. Campbell,2019.0,10.1016/j.biopsycho.2019.02.005,https://pubmed.ncbi.nlm.nih.gov/30779926,,,Biological Psychology,144,,125-135,Elsevier BV,en,https://doi.org/10.1016/j.biopsycho.2019.02.005,0.9,resolved,openalex,2026-08-16T22:32:11Z,X008,"Respiratory sinus arrhythmia (RSA) has been examined as a psychophysiological marker of stress vulnerability. Research indicates that low resting RSA is associated with physical and mental health problems, including posttraumatic stress disorder (PTSD). Some research suggests that people diagnosed with PTSD have lower RSA than people without PTSD, but findings have been mixed and the overall magnitude of this effect is unknown, indicating the need for a comprehensive meta-analysis. This meta-analysis examined the association between PTSD and baseline RSA in 55 studies, including 12 unpublished studies, with a total sample size of 6689. Studies were included if they used a PTSD measure, a baseline measure of RSA, and involved humans. Studies were excluded if they were not available in English, did not present quantitative data, presented duplicate data, were a case series, or did not provide results required for computing an effect size. The meta-analysis indicated there is a small but significant association between PTSD and RSA (g = -0.26; 95% CI = -0.35, -0.16) with moderate heterogeneity. Moderator analyses suggested that effects are larger for adults than for children and for DSM-5 PTSD measures than for non-DSM referenced measures. We found some evidence for publication bias among the meta-analysis findings. Overall, there is a small but reliable association between PTSD and lower resting RSA, providing support for further research examining the complex relationship between parasympathetic activity and PTSD.",Vagal tone; Moderation; Meta-analysis; Psychology; Posttraumatic stress; Clinical psychology; Comorbidity; Publication bias; Association (psychology); Psychiatry; Heart rate variability; Internal medicine,False,article,True,True,True,doi,,"{'venue': 'crossref', 'volume': 'crossref', 'pages': 'crossref', 'publisher': 'crossref', 'url': 'crossref', 'lang': 'crossref', 'abstract': 'semanticscholar'}","{'crossref': 6, 'semanticscholar': 1}","X008.R000 resolved | hits:OA,CR,S2 | winner:- | filled:venue:CR; lang:CR; abstract:SE | missing:-"
A285,1030773pi20190112,Posttraumatic Stress Disorder and Alterations in Resting Heart Rate Variability: A Systematic Review and Meta-Analysis,Fenfen Ge; Minlan Yuan; Ying Li; Wei Zhang,Fenfen Ge,2020.0,10.30773/pi.2019.0112,https://pubmed.ncbi.nlm.nih.gov/31995968,,,Psychiatry Investigation,17,1,9-20,Korean Neuropsychiatric Association,en,https://doi.org/10.30773/pi.2019.0112,0.9,resolved,openalex,2026-08-16T22:32:11Z,X008,"OBJECTIVE: The functions of both the central and peripheral autonomic nervous system, indexed by heart rate variability (HRV), are affected by psychology and physiology. This review summarizes the results of studies comparing the evaluation of HRV parameters between individuals with posttraumatic stress disorder (PTSD) and healthy controls. METHODS: Eligible studies (n=499) were identified through literature searches of the EMBASE, Medline, PubMed and Web of Science databases. Nineteen studies met our inclusion criteria. A random effects model was used, and standardized mean differences for highfrequency HRV(HF-HRV), low-frequency HRV(LF-HRV) and the root mean square of successive R-R interval differences (RMSSD) were calculated. RESULTS: Significant effects were found for HF-HRV [p<0.0001, Z=4.18; Hedges'g=-1.58, 95% confidence interval (CI) (-2.32, -0.84); k=14] and RMSSD [p<0.00001, Z=4.80; Hedges'g=-1.96, 95% CI (-2.76, -1.16); k=9] relative to healthy controls. Considerable heterogeneity was revealed, but the main effects for HF-HRV and RMSSD were robust in subsequent meta-regression and subgroup analyses. CONCLUSION: Given the relationships among low vagal state, inflammation, and alterations in brain structure and function, including executive function and emotion regulation, reduced HRV may be regarded as an endophenotype in PTSD research.",Heart rate variability; Meta-analysis; Confidence interval; Endophenotype; Medicine; Autonomic function; Internal medicine; Autonomic nervous system; Strictly standardized mean difference; Cardiology; Web of science; Clinical psychology,True,article,True,True,False,doi,,"{'venue': 'crossref', 'volume': 'crossref', 'issue': 'crossref', 'pages': 'crossref', 'publisher': 'crossref', 'url': 'crossref', 'lang': 'crossref'}",{'crossref': 7},"X008.R000 resolved | hits:OA,CR | winner:- | filled:venue:CR; lang:CR | missing:-"
A286,101186s1290601612711,Heart rate variability in chronic low back pain patients randomized to yoga or standard care,Shirley Telles; Sachin Kumar Sharma; Ram Kumar Gupta; Abhishek Kumar Bhardwaj; Acharya Balkrishna,Shirley Telles,2016.0,10.1186/s12906-016-1271-1,https://pubmed.ncbi.nlm.nih.gov/27514611,,,BMC Complementary and Alternative Medicine,16,1,,Springer Science and Business Media LLC,en,https://doi.org/10.1186/s12906-016-1271-1,0.9,resolved,openalex,2026-08-16T22:32:11Z,X008,"BACKGROUND: Chronic pain can alter the autonomic balance with increased sympathetic activity reflected in altered heart rate variability (HRV). It has been proposed that yoga can be useful to correct the autonomic imbalance in patients with chronic pain who have reduced HRV. METHODS AND DESIGNS: In the present randomized controlled trial 62 patients with chronic low back pain associated with altered alignment of intervertebral discs (aged between 20 and 45 years, 32 males) were randomized to 2 groups. One group received yoga for 3 months while the other group carried out standard medical care based on the physician's advice. The duration was the same, i.e., 3 months. The heart rate variability and rate of respiration were assessed at baseline and at the end of 3 months. RESULTS: There was a significant difference in the baseline (pre) values between groups (p = 0.008) for respiration rate which was higher in the yoga group. The changes reported below are pre-post comparisons within each group. The yoga group showed a significant (p < 0.05; repeated measures ANOVA, post-hoc analyses) decrease in the LF power of HRV, rate of respiration and a significant increase in the HF power of HRV and in the pNN50. CONCLUSION: The results suggest that yoga practice can shift the autonomic balance towards vagal dominance in patients with chronic low back pain associated with altered alignment of intervertebral discs. TRIAL REGISTRATION: The study is registered with the Clinical Trials Registry of India ( CTRI/2012/11/003094 ) and can be accessed at.",Medicine; Heart rate variability; Randomized controlled trial; Heart rate; Balance (ability); Physical therapy; Chronic pain; Respiration; Internal medicine; Blood pressure; Anatomy,True,article,True,True,False,doi,,"{'venue': 'crossref', 'volume': 'crossref', 'issue': 'crossref', 'publisher': 'crossref', 'url': 'crossref', 'lang': 'crossref'}",{'crossref': 6},"X008.R000 resolved | hits:OA,CR | winner:- | filled:venue:CR; lang:CR | missing:-"
A287,101016jijcard201808005,Heart rate variability as a marker of healthy ageing,Jason Por How Tan; Jessica E. Beilharz; Uté Vollmer‐Conna; Erin Cvejic,Jason Por How Tan,2018.0,10.1016/j.ijcard.2018.08.005,https://pubmed.ncbi.nlm.nih.gov/30104034,,,International Journal of Cardiology,275,,101-103,Elsevier BV,en,https://doi.org/10.1016/j.ijcard.2018.08.005,0.9,resolved,openalex,2026-08-16T22:32:12Z,X008,"BACKGROUND With population ageing a significant concern, modifiable factors contributing to healthy ageing must be identified. Autonomic responding reflected by heart rate variability (HRV) has well-established links to general health and wellbeing in younger populations; but has yet to be explored in older individuals.   METHODS Forty-five healthy participants (49-82 years old) completed questionnaires about sleep and physical and psychological health. Autonomic activity was measured during rest and whilst completing a computerised battery of cognitive tasks. Participants then wore an ambulatory heart rate monitor overnight, and recorded their sleep and physical activity for one week. HRV parameters reflecting cardiac vagal tone were derived from electrocardiograph recordings.   RESULTS Age and resting HRV were not related; however a positive association was identified between higher HRV in the 2 h prior to sleep and older age. Higher resting HRV, older age, and better sleep quality significantly predicted psychological wellbeing; and fewer somatic and physical health symptoms and older age predicted better average sleep quality ratings. Older age and poorer general health were significant predictors of cognitive performance deficits.   CONCLUSION These findings suggest that an age-related decline in HRV is not inevitable. Longitudinal designs exploring within-individual changes in cardiac vagal tone are required to better understand the factors contributing to healthy ageing.",Medicine; Ageing; Cardiology; Heart rate variability; Internal medicine; Healthy ageing; Heart rate; Blood pressure,False,article,True,True,True,doi,,"{'venue': 'crossref', 'volume': 'crossref', 'pages': 'crossref', 'publisher': 'crossref', 'url': 'crossref', 'lang': 'crossref', 'abstract': 'semanticscholar'}","{'crossref': 6, 'semanticscholar': 1}","X008.R000 resolved | hits:OA,CR,S2 | winner:- | filled:venue:CR; lang:CR; abstract:SE | missing:-"
A288,101136bmjopen2018027150,Study protocol for a non-inferiority randomised controlled trial of SKY breathing meditation versus cognitive processing therapy for PTSD among veterans,Danielle C. Mathersul; Julia Tang; R. Jay Schulz‐Heik; Timothy J. Avery; Emma Seppälä; Peter J. Bayley,Danielle C. Mathersul,2019.0,10.1136/bmjopen-2018-027150,https://pubmed.ncbi.nlm.nih.gov/30948610,,,BMJ Open,9,4,e027150,BMJ,en,https://doi.org/10.1136/bmjopen-2018-027150,0.9,resolved,openalex,2026-08-16T22:32:12Z,X008,"INTRODUCTION: Post-traumatic stress disorder (PTSD) is a debilitating, highly prevalent condition. Current clinical practice guidelines recommend trauma-focused psychotherapy (eg, cognitive processing therapy; CPT) as the first-line treatment for PTSD. However, while these treatments show clinically meaningful symptom improvement, the majority of those who begin treatment retain a diagnosis of PTSD post-treatment. Perhaps for this reason, many individuals with PTSD have sought more holistic, mind-body, complementary and integrative health (CIH) interventions. However, there remains a paucity of high-quality, active controlled efficacy studies of CIH interventions for PTSD, which precludes their formal recommendation. METHODS AND ANALYSES: We present the protocol for an ongoing non-inferiority parallel group randomised controlled trial (RCT) comparing the efficacy of a breathing meditation intervention (Sudarshan Kriya Yoga [SKY]) to a recommended evidence-based psychotherapy (CPT) for PTSD among veterans. Assessors are blinded to treatment group. The primary outcome measure is the PTSD Checklist-Civilian Version and a combination of clinical, self-report, experimental and physiological outcome measures assess treatment-related changes across each of the four PTSD symptom clusters (re-experiencing, avoidance, negative cognitions or mood and hyperarousal/reactivity). Once the RCT is completed, analyses will use both an intent-to-treat (using the 'last observation carried forward' for missing data) and a per-protocol or 'treatment completers' procedure, which is the most rigorous approach to non-inferiority designs. ETHICS AND DISSEMINATION: To the best of our knowledge, this is this first non-inferiority RCT of SKY versus CPT for PTSD among veterans. The protocol is approved by the Stanford University Institutional Review Board. All participants provided written informed consent prior to participation. Results from this RCT will inform future studies including larger multi-site efficacy RCTs of SKY for PTSD and other mental health conditions, as well as exploration of cost-effectiveness and evaluation of implementation issues. Results will also inform evidence-based formal recommendations regarding CIH interventions for PTSD. TRIAL REGISTRATION NUMBER: NCT02366403; Pre-results.",Medicine; Meditation; Protocol (science); Randomized controlled trial; Cognition; Alternative medicine; Breathing; Public health; Physical therapy; Clinical psychology; Psychiatry; Internal medicine,True,article,True,True,False,doi,,"{'venue': 'crossref', 'volume': 'crossref', 'issue': 'crossref', 'pages': 'crossref', 'publisher': 'crossref', 'url': 'crossref', 'lang': 'crossref'}",{'crossref': 7},"X008.R000 resolved | hits:OA,CR | winner:- | filled:venue:CR; lang:CR | missing:-"
A289,101515ijdhd20140303,Application of SPSS linear mixed methods to adolescent development research: basic concepts and steps,Daniel T. L. Shek; Cecilia M.S.,Daniel T. L. Shek,2014.0,10.1515/ijdhd-2014-0303,,,,International Journal on Disability and Human Development,13,2,,Walter de Gruyter GmbH,en,https://doi.org/10.1515/ijdhd-2014-0303,0.9,resolved,openalex,2026-08-16T22:32:12Z,X008,"In the context of intervention research, it is always important to ask whether the growth of the participants in the intervention group is superior to that of the control group participants. Although this question can be answered by analyses based on traditional generalized linear models, there are many problems associated with such analyses. Alternatively, individual growth curve (IGC) modeling analyses based on linear mixed methods (LMM) are proposed. Although LMM are available in generic computer software, such as SPSS, there is a paucity of user-friendly manuals and illustrations. To help researchers utilize SPSS in creating IGC models, we present in this paper the basic concepts of IGC modeling and of the process of using SPSS to conduct IGC.",Context (archaeology); Computer science; Process (computing); Intervention (counseling); Generalized linear mixed model; Psychology; Management science; Machine learning; Engineering; Psychiatry; Paleontology; Biology,False,article,True,True,False,doi,,"{'venue': 'crossref', 'volume': 'crossref', 'issue': 'crossref', 'publisher': 'crossref', 'url': 'crossref', 'lang': 'heuristic'}","{'crossref': 5, 'heuristic': 1}","X008.R000 resolved | hits:OA,CR | winner:- | filled:venue:CR; lang:HE | missing:-"
A290,101017s003329172000207x,Autonomic dysfunction in posttraumatic stress disorder indexed by heart rate variability: a meta-analysis,Martha Schneider; Andreas Schwerdtfeger,Martha Schneider,2020.0,10.1017/s003329172000207x,https://pubmed.ncbi.nlm.nih.gov/32854795,,,Psychological Medicine,50,12,1937-1948,Cambridge University Press (CUP),en,https://doi.org/10.1017/s003329172000207x,0.9,resolved,openalex,2026-08-16T22:32:13Z,X008,"BACKGROUND: Changes in autonomic nervous system (ANS) function have been observed in a variety of psychological disorders, including posttraumatic stress disorder (PTSD). Analysis of heart rate variability (HRV) provides insight into the functioning of the ANS. Previous research on PTSD found lower HRV in PTSD patients compared to controls, indicating altered sympathetic and parasympathetic activity, but findings are inconsistent. The purpose of this meta-analysis was to examine differences in HRV indices between individuals with PTSD and healthy controls at baseline and during stress. METHODS: The included primary studies present an aggregate of studies analyzing different HRV indices. Examined HRV indices were standard deviation of the normalized NN-intervals (SDNN), root mean square of successive differences (RMSSD), low-frequency (LF) and high-frequency (HF) spectral components, LF/HF ratio, and heart rate (HR). Moderating effects of study design, HRV and PTSD assessment, and sample characteristics were examined via subgroup-analyses and meta-regressions. RESULTS: Random-effects meta-analyses for HRV parameters at rest revealed significant group differences for RMSSD and HF-HRV, suggesting lower parasympathetic activity in PTSD. The aggregated effect size for SDNN was medium, suggesting diminished total variability in PTSD. A small effect was found for LF-HRV. A higher LF/HF ratio was found in the PTSD sample as compared to controls. Individuals with PTSD showed significantly higher HR. During stress, individuals with PTSD showed higher HR and lower HF-HRV, both indicated by small effect sizes. CONCLUSIONS: Findings suggest that PTSD is associated with ANS dysfunction.",Posttraumatic stress; Meta-analysis; Heart rate variability; Psychology; Clinical psychology; Heart rate; Medicine; Psychiatry; Internal medicine; Blood pressure,True,article,True,True,False,doi,,"{'venue': 'crossref', 'volume': 'crossref', 'issue': 'crossref', 'pages': 'crossref', 'publisher': 'crossref', 'url': 'crossref', 'lang': 'crossref'}",{'crossref': 7},"X008.R000 resolved | hits:OA,CR | winner:- | filled:venue:CR; lang:CR | missing:-"
A291,10219616654,Toward a Taxonomy for Analyzing the Heart Rate as a Physiological Indicator of Posttraumatic Stress Disorder: Systematic Review and Development of a Framework,Mahnoosh Sadeghi; Farzan Sasangohar; Anthony D. McDonald,Mahnoosh Sadeghi,2020.0,10.2196/16654,https://pubmed.ncbi.nlm.nih.gov/32706710,,,JMIR Mental Health,7,7,e16654,JMIR Publications Inc.,en,https://doi.org/10.2196/16654,0.9,resolved,openalex,2026-08-16T22:32:13Z,X008,"BACKGROUND: Posttraumatic stress disorder (PTSD) is a prevalent psychiatric condition that is associated with symptoms such as hyperarousal and overreactions. Treatments for PTSD are limited to medications and in-session therapies. Assessing the way the heart responds to PTSD has shown promise in detecting and understanding the onset of symptoms. OBJECTIVE: This study aimed to extract statistical and mathematical approaches that researchers can use to analyze heart rate (HR) data to understand PTSD. METHODS: A scoping literature review was conducted to extract HR models. A total of 5 databases including Medical Literature Analysis and Retrieval System Online (Medline) OVID, Medline EBSCO, Cumulative Index to Nursing and Allied Health Literature (CINAHL) EBSCO, Excerpta Medica Database (Embase) Ovid, and Google Scholar were searched. Non-English language studies, as well as studies that did not analyze human data, were excluded. A total of 54 studies that met the inclusion criteria were included in this review. RESULTS: We identified 4 categories of models: descriptive time-independent output, descriptive and time-dependent output, predictive and time-independent output, and predictive and time-dependent output. Descriptive and time-independent output models include analysis of variance and first-order exponential; the descriptive time-dependent output model includes a classical time series analysis and mixed regression. Predictive time-independent output models include machine learning methods and analysis of the HR-based fluctuation-dissipation method. Finally, predictive time-dependent output models include the time-variant method and nonlinear dynamic modeling. CONCLUSIONS: All of the identified modeling categories have relevance in PTSD, although the modeling selection is dependent on the specific goals of the study. Descriptive models are well-founded for the inference of PTSD. However, there is a need for additional studies in this area that explore a broader set of predictive models and other factors (eg, activity level) that have not been analyzed with descriptive models.",CINAHL; Descriptive statistics; MEDLINE; Traumatic stress; Computer science; Psychology; Clinical psychology; Medicine; Psychiatry; Psychological intervention; Statistics; Mathematics,True,article,True,True,False,doi,,"{'venue': 'crossref', 'volume': 'crossref', 'issue': 'crossref', 'pages': 'crossref', 'publisher': 'crossref', 'url': 'crossref', 'lang': 'crossref'}",{'crossref': 7},"X008.R000 resolved | hits:OA,CR | winner:- | filled:venue:CR; lang:CR | missing:-"
A292,101016jjbct202101004,Utility of Psychophysiological Metrics in Guiding Treatment of Trauma Symptoms: A Systematic Review,Michelle Yang; Noor Mady; Outi Linnaranta,Michelle Yang,2021.0,10.1016/j.jbct.2021.01.004,,,,Journal of Behavioral and Cognitive Therapy,31,3,249-266,Elsevier BV,en,https://doi.org/10.1016/j.jbct.2021.01.004,0.9,resolved,openalex,2026-08-16T22:32:13Z,X008,"Abstract The reliability of gold standard symptom assessments of post-traumatic stress disorder (PTSD) can be compromised by memory, emotional or cultural bias. The use of psychophysiological measures may complement psychometrics in tracking changes during treatment in physiological response and emotion regulation. In this systematic review, we integrate knowledge about the correlation between psychometric and psychophysiological measures in 22 prospective studies with trauma-focused cognitive, exposure, pharmacological and other interventions. Our objective was to determine how physiological resting states and reactivity pre- vs. post-intervention correspond to the effect of intervention on PTSD symptoms. Trends towards normalizing physiological resting states and arousal, as measured before and after treatment, were seen to correlate with a psychometric recovery. In patients with significant changes in trauma symptoms, pre- vs. post-treatment resting heart rate, heart rate reactivity to trauma cues and skin conductance decreased, and heart rate variability increased. Electromyography could measure adaptive decreases in startle responses to exposure content. Both blood pressure raw values and reactivity decreased post-treatment following cognitive therapy. Additional longitudinal studies are needed to explore standard testing paradigms that can be used for psychophysiological measures, and the corresponding cut-off levels that can indicate healthy and abnormal treatment response levels. The current findings stress a need for the development of a psychophysiological methodology that is feasible and reliable during experimental and clinical procedures to elucidate the effects of trauma intervention on emotional processing. Systematic review PROSPERO registration ID:CRD42021227774.",Arousal; Heart rate; Heart rate variability; Psychophysiology; Clinical psychology; Cognition; Psychology; Gold standard (test); Psychological intervention; Startle response; Traumatic stress; Intervention (counseling),False,article,True,True,True,doi,,"{'venue': 'crossref', 'volume': 'crossref', 'issue': 'crossref', 'pages': 'crossref', 'publisher': 'crossref', 'url': 'crossref', 'lang': 'crossref', 'abstract': 'semanticscholar'}","{'crossref': 7, 'semanticscholar': 1}","X008.R000 resolved | hits:OA,CR,S2 | winner:- | filled:venue:CR; lang:CR; abstract:SE | missing:-"
A293,cognitiveprocessingtherapyforptsdacomprehensivemanual,Cognitive processing therapy for PTSD a comprehensive manual,Patricia A. Resick; Candice M. Monson; Kathleen M. Chard,Patricia A. Resick,,https://openalex.org/W3011233335,,,,,,,,,en,,0.9,resolved,openalex,2026-08-16T22:32:14Z,X008,,Cognitive processing therapy; Psychology; Cognition; Cognitive therapy; Psychotherapist; Clinical psychology; Psychiatry,False,article,True,False,False,title,openalex,"{'doi': 'openalex', 'lang': 'heuristic'}","{'openalex': 1, 'heuristic': 1}",X008.R000 resolved | hits:OA | winner:openalex | filled:doi:OP; lang:HE | missing:abstract
A294,chebyshevandfourierspectralmethods,Chebyshev and Fourier Spectral Methods,John P. Boyd,John P. Boyd,2001.0,https://openalex.org/W1805381866,,,,,,,,,en,,0.9,resolved,openalex,2026-08-16T22:32:18Z,X012,"Completely revised text focuses on use of spectral methods to solve boundary value, eigenvalue, and time-dependent problems, but also covers Hermite, Laguerre, rational Chebyshev, sinc, and spherical harmonic functions, as well as cardinal functions, linear eigenvalue problems, matrix-solving methods, coordinate transformations, methods for unbounded intervals, spherical and cylindrical geometry, and much more. 7 Appendices. Glossary. Bibliography. Index. Over 160 text figures.",Chebyshev filter; Fourier transform; Mathematics; Chebyshev polynomials; Computer science; Mathematical analysis,False,article,True,False,False,title,openalex,"{'doi': 'openalex', 'lang': 'heuristic'}","{'openalex': 1, 'heuristic': 1}",X012.R000 resolved | hits:OA | winner:openalex | filled:doi:OP; lang:HE | missing:-
A295,professionalcudacprogramming,Professional CUDA C Programming,John Cheng; Max Grossman; Ty McKercher; Barbara Chapman,John Cheng,2014.0,https://openalex.org/W645173616,,,,,,,,,en,,0.9,resolved,openalex,2026-08-16T22:32:18Z,X012,,CUDA; Computer science; Parallel computing; Programming language; Computational science,False,article,True,False,False,title,openalex,"{'doi': 'openalex', 'lang': 'heuristic'}","{'openalex': 1, 'heuristic': 1}",X012.R000 resolved | hits:OA | winner:openalex | filled:doi:OP; lang:HE | missing:abstract
A296,101103physreva361428,Period-doubling cascades and devil’s staircases of the driven van der Pol oscillator,Ulrich Parlitz; Werner Lauterborn,Ulrich Parlitz,1987.0,10.1103/physreva.36.1428,https://pubmed.ncbi.nlm.nih.gov/9899002,,,Physical Review A,36,3,1428-1434,American Physical Society (APS),en,https://doi.org/10.1103/physreva.36.1428,0.9,resolved,openalex,2026-08-16T22:32:19Z,X012,Bifurcation diagrams of the driven van der Pol oscillator are given showing mode-locking and period-doubling cascades. At low driving amplitudes locking regions occur following Farey sequences. At high driving amplitudes this relationship is destroyed due to the appearance of period-doubling cascades and coexisting attractors. A generalization of the winding number is used to compute devil's staircases and winding-number diagrams of period-doubling cascades. The winding numbers at the period-doubling bifurcation points constitute an alternating sequence that converges at the accumulation point of the cascade.,Period-doubling bifurcation; Farey sequence; Cascade; Winding number; Bifurcation; Physics; Amplitude; Period (music); Attractor; Van der Pol oscillator; Mathematics; Quantum mechanics,False,article,True,True,False,doi,,"{'venue': 'crossref', 'volume': 'crossref', 'issue': 'crossref', 'pages': 'crossref', 'publisher': 'crossref', 'url': 'crossref', 'lang': 'crossref'}",{'crossref': 7},"X012.R000 resolved | hits:OA,CR | winner:- | filled:venue:CR; lang:CR | missing:-"
A297,1010160375960185906875,Superstructure in the bifurcation set of the Duffing equation,Ulrich Parlitz; Werner Lauterborn,Ulrich Parlitz,1985.0,10.1016/0375-9601(85)90687-5,,,,Physics Letters A,107,8,351-355,Elsevier BV,en,https://doi.org/10.1016/0375-9601(85)90687-5,0.9,resolved,openalex,2026-08-16T22:32:20Z,X012,,Physics; Bifurcation; Bifurcation diagram; Duffing equation; Resonance (particle physics); Transcritical bifurcation; Nonlinear system; Bifurcation theory; Infinite-period bifurcation; Saddle-node bifurcation; Set (abstract data type); Heteroclinic bifurcation,False,article,True,True,False,doi,,"{'venue': 'crossref', 'volume': 'crossref', 'issue': 'crossref', 'pages': 'crossref', 'publisher': 'crossref', 'url': 'crossref', 'lang': 'crossref'}",{'crossref': 7},"X012.R000 resolved | hits:OA,CR | winner:- | filled:venue:CR; lang:CR | missing:abstract"
A298,101016jijpsycho201210013,Dynamical systems modeling of physiological coregulation in dyadic interactions,Emilio Ferrer; Jonathan L. Helm,Emilio Ferrer,2012.0,10.1016/j.ijpsycho.2012.10.013,https://pubmed.ncbi.nlm.nih.gov/23107993,,,International Journal of Psychophysiology,88,3,296-308,Elsevier BV,en,https://doi.org/10.1016/j.ijpsycho.2012.10.013,0.9,resolved,openalex,2026-08-16T22:32:21Z,X012,,Dyad; Series (stratigraphy); Statistical physics; Dynamical systems theory; Mathematics; Computer science; Psychology; Physics; Developmental psychology; Biology; Quantum mechanics; Paleontology,False,article,True,True,True,doi,,"{'venue': 'crossref', 'volume': 'crossref', 'issue': 'crossref', 'pages': 'crossref', 'publisher': 'crossref', 'url': 'crossref', 'lang': 'crossref'}",{'crossref': 7},"X012.R000 resolved | hits:OA,CR,S2 | winner:- | filled:venue:CR; lang:CR | missing:abstract"
A299,101007s1122701310157,Recent progress and challenges in exploiting graphics processors in computational fluid dynamics,Kyle E. Niemeyer; Chih-Jen Sung,Kyle E. Niemeyer,2013.0,10.1007/s11227-013-1015-7,,,1309.3018,The Journal of Supercomputing,67,2,528-564,Springer Science and Business Media LLC,en,https://doi.org/10.1007/s11227-013-1015-7,0.9,resolved,openalex,2026-08-16T22:32:22Z,X012,"The progress made in accelerating simulations of fluid flow using GPUs, and the challenges that remain, are surveyed. The review first provides an introduction to GPU computing and programming, and discusses various considerations for improved performance. Case studies comparing the performance of CPU- and GPU-based solvers for the Laplace and incompressible Navier–Stokes equations are performed in order to demonstrate the potential improvement even with simple codes. Recent efforts to accelerate CFD simulations using GPUs are reviewed for laminar, turbulent, and reactive flow solvers. Also, GPU implementations of the lattice Boltzmann method are reviewed. Finally, recommendations for implementing CFD codes on GPUs are given and remaining challenges are discussed, such as the need to develop new strategies and redesign algorithms to enable GPU acceleration.",Computer science; Computational fluid dynamics; Computational science; Implementation; CUDA; Graphics; Lattice Boltzmann methods; General-purpose computing on graphics processing units; Fluid dynamics; Parallel computing; Graphics processing unit; Symmetric multiprocessor system,True,article,True,True,True,doi,,"{'venue': 'crossref', 'volume': 'crossref', 'issue': 'crossref', 'pages': 'crossref', 'publisher': 'crossref', 'url': 'crossref', 'lang': 'crossref', 'abstract': 'semanticscholar'}","{'crossref': 7, 'semanticscholar': 1}","X012.R000 resolved | hits:OA,CR,S2 | winner:- | filled:venue:CR; lang:CR; abstract:SE | missing:-"
A300,101016jultsonch201408015,Sonochemistry and bubble dynamics,Robert Mettin; Carlos Cairós; Adriano Troia,Robert Mettin,2014.0,10.1016/j.ultsonch.2014.08.015,https://pubmed.ncbi.nlm.nih.gov/25194210,,,Ultrasonics Sonochemistry,25,,24-30,Elsevier BV,en,https://doi.org/10.1016/j.ultsonch.2014.08.015,0.9,resolved,openalex,2026-08-16T22:32:22Z,X012,"The details of bubble behaviour in chemically active cavitation are still not sufficiently well understood. Here we report on experimental high-speed observations of acoustically driven single-bubble and few-bubble systems with the aim of clarification of the connection of their dynamics with chemical activity. Our experiment realises the sonochemical isomerization reaction of maleic acid to fumaric acid, mediated by bromine radicals, in a bubble trap set-up. The main result is that the reaction product can only be observed in a parameter regime where a small bubble cluster occurs, while a single trapped bubble stays passive. Evaluations of individual bubble dynamics for both cases are given in form of radius-time data and numerical fits to a bubble model. A conclusion is that a sufficiently strong collapse has to be accompanied by non-spherical bubble dynamics for the reaction to occur, and that the reason appears to be an efficient mixing of liquid and gas phase. This finding corroborates previous observations and literature reports on high liquid phase sonochemical activity under distinct parameter conditions than strong sonoluminescence emissions.",Bubble; Sonoluminescence; Sonochemistry; Cavitation; Chemical physics; Chemistry; Mixing (physics); Dynamics (music); Bubble point; Bromine; Mechanics; Materials science,True,article,True,True,False,doi,,"{'venue': 'crossref', 'volume': 'crossref', 'pages': 'crossref', 'publisher': 'crossref', 'url': 'crossref', 'lang': 'crossref'}",{'crossref': 6},"X012.R000 resolved | hits:OA,CR | winner:- | filled:venue:CR; lang:CR | missing:-"
A301,101016jultras200312005,Optimum bubble temperature for the sonochemical production of oxidants,Kyuichi Yasui; Toru Tuziuti; Yasuo Iida,Kyuichi Yasui,2003.0,10.1016/j.ultras.2003.12.005,https://pubmed.ncbi.nlm.nih.gov/15047350,,,Ultrasonics,42,1-9,579-584,Elsevier BV,en,https://doi.org/10.1016/j.ultras.2003.12.005,0.9,resolved,openalex,2026-08-16T22:32:22Z,X012,,Bubble; Oxidizing agent; Cavitation; Evaporation; Sonochemistry; Materials science; Nitrogen; Condensation; Water vapor; Chemical reaction; Liquid nitrogen; Bubble point,False,article,True,True,True,doi,,"{'venue': 'crossref', 'volume': 'crossref', 'issue': 'crossref', 'pages': 'crossref', 'publisher': 'crossref', 'url': 'crossref', 'lang': 'crossref'}",{'crossref': 7},"X012.R000 resolved | hits:OA,CR,S2 | winner:- | filled:venue:CR; lang:CR | missing:abstract"
A302,103389fphys201500039,Dissection of the radical reactions linked to fetal hemoglobin reveals enhanced pseudoperoxidase activity,Khuanpiroon Ratanasopa; Michael Brad Strader; Abdu I. Alayash; Leif Bülow,Khuanpiroon Ratanasopa,2015.0,10.3389/fphys.2015.00039,https://pubmed.ncbi.nlm.nih.gov/25750627,,,Frontiers in Physiology,6,,,Frontiers Media SA,en,https://doi.org/10.3389/fphys.2015.00039,0.9,resolved,openalex,2026-08-16T22:32:23Z,X012,"In the presence of excess hydrogen peroxide (H2O2), ferrous (Fe(+2)) human hemoglobin (Hb) (α2β2) undergoes a rapid conversion to a higher oxidation ferryl state (Fe(+4)) which rapidly autoreduces back to the ferric form (Fe(+3)) as H2O2 is consumed in the reaction. In the presence of additional H2O2 the ferric state can form both ferryl Hb and an associated protein radical in a pseudoperoxidative cycle that results in the loss of radicals and heme degradation. We examined whether adult HbA (β2α2) exhibits a different pseudoenzymatic activity than fetal Hb (γ2α2) due to the switch of γ to β subunits. Rapid mixing of the ferric forms of both proteins with excess H2O2 resulted in biphasic kinetic time courses that can be assigned to γ/β and α, respectively. Although there was a 1.5 fold increase in the fast reacting γ /β subunits the slower reacting phases (attributed to α subunits of both proteins) were essentially the same. However, the rate constant for the auto-reduction of ferryl back to ferric for both proteins was found to be 76% higher for HbF than HbA and in the presence of the mild reducing agent, ascorbate there was a 3-fold higher reduction rate in ferryl HbF as opposed to ferryl HbA. Using quantitative mass spectrometry in the presence of H2O2 we found oxidized γ/β Cys93, to be more abundantly present in HbA than HbF, whereas higher levels of nitrated β Tyr35 containing peptides were found in HbA samples treated with nitrite. The extraordinary stability of HbF reported here may explain the evolutionary advantage this protein may confer onto co-inherited hemoglobinopathies and can also be utilized in the engineering of oxidatively stable Hb-based oxygen carriers.",Chemistry; Ferric; Hemoglobin; Hydrogen peroxide; Ferrous; Fetal hemoglobin; Methemoglobin; Radical; Nitrite; Hemeprotein; Heme; Peroxide,True,article,True,True,False,doi,,"{'venue': 'crossref', 'volume': 'crossref', 'publisher': 'crossref', 'url': 'crossref', 'lang': 'heuristic'}","{'crossref': 4, 'heuristic': 1}","X012.R000 resolved | hits:OA,CR | winner:- | filled:venue:CR; lang:HE | missing:-"
A303,101016s0009250902002713,Modelling and experimental investigation into cavity dynamics and cavitational yield: influence of dual frequency ultrasound sources,Prashant A. Tatake; Aniruddha B. Pandit,Prashant A. Tatake,2002.0,10.1016/s0009-2509(02)00271-3,,,,Chemical Engineering Science,57,22-23,4987-4995,Elsevier BV,en,https://doi.org/10.1016/s0009-2509(02)00271-3,0.9,resolved,openalex,2026-08-16T22:32:24Z,X012,,Acoustics; Ultrasonic sensor; Energy (signal processing); Yield (engineering); Sound wave; Ultrasound; Volume (thermodynamics); Mechanics; Materials science; Physics; Thermodynamics; Quantum mechanics,False,article,True,True,False,doi,,"{'venue': 'crossref', 'volume': 'crossref', 'issue': 'crossref', 'pages': 'crossref', 'publisher': 'crossref', 'url': 'crossref', 'lang': 'crossref'}",{'crossref': 7},"X012.R000 resolved | hits:OA,CR | winner:- | filled:venue:CR; lang:CR | missing:abstract"
A304,101142s0218127493001203,BIFURCATION STRUCTURE OF THE DRIVEN VAN DER POL OSCILLATOR,Robert Mettin; Ulrich Parlitz; Werner Lauterborn,Robert Mettin,1993.0,10.1142/s0218127493001203,,,,International Journal of Bifurcation and Chaos,03,06,1529-1555,World Scientific Pub Co Pte Lt,en,https://doi.org/10.1142/s0218127493001203,0.9,resolved,openalex,2026-08-16T22:32:25Z,X012,"The bifurcation set in the three-dimensional parameter space of the periodically driven van der Pol oscillator has been investigated by continuation of local bifurcation curves. The two regions in which the driving frequency ω is greater or less than the limit cycle frequency ω 0 of the nondriven oscillator are considered separately. For the case ω &gt; ω 0 , the subharmonic region, the extent and location of the largest Arnol'd tongues are shown, as well as the period-doubling cascades and chaotic attractors that appear within most of them. Special attention is paid to the pattern of the bifurcation curves in the transitional region between low and large dampings that is difficult to approach analytically. In the case ω &lt; ω 0 , the ultraharmonic region, a recurrent pattern of the bifurcation curves is found for small values of the damping d. At medium damping the structure of the bifurcation curves becomes involved. Period-doubling sequences and chaotic attractors occur.",Bifurcation; Attractor; Period-doubling bifurcation; Van der Pol oscillator; Chaotic; Parameter space; Mathematics; Limit cycle; Saddle-node bifurcation; Bifurcation diagram; Bogdanov–Takens bifurcation; Homoclinic bifurcation,False,article,True,True,False,doi,,"{'venue': 'crossref', 'volume': 'crossref', 'issue': 'crossref', 'pages': 'crossref', 'publisher': 'crossref', 'url': 'crossref', 'lang': 'crossref'}",{'crossref': 7},"X012.R000 resolved | hits:OA,CR | winner:- | filled:venue:CR; lang:CR | missing:-"
A305,101103physreve77026217,Chaotic phase similarities and recurrences in a damped-driven Duffing oscillator,Cristian Bonatto; Jason A. C. Gallas; Yoshisuke Ueda,Cristian Bonatto,2008.0,10.1103/physreve.77.026217,https://pubmed.ncbi.nlm.nih.gov/18352113,,,Physical Review E,77,2,,American Physical Society (APS),en,https://doi.org/10.1103/physreve.77.026217,0.9,resolved,openalex,2026-08-16T22:32:25Z,X012,"We report strong evidence of remarkably close periodic repetitions of the structuring of the parameter space of a damped-driven Duffing oscillator as the amplitude of the drive increases. Families of period-adding cascades and some intricate networks of periodic oscillations embedded in chaotic phases are also found to recur closely as the driving force grows. Such surprising regularities suggest that some hitherto unknown renormalization mechanism may be operating in higher codimension, controlling the alternation of chaos and order in parameter space of certain flows.",Duffing equation; Chaotic; Phase space; Parameter space; Amplitude; Codimension; Mathematics; Space (punctuation); Alternation (linguistics); Physics; Aperiodic graph; Statistical physics,False,article,True,True,False,doi,,"{'venue': 'crossref', 'volume': 'crossref', 'issue': 'crossref', 'publisher': 'crossref', 'url': 'crossref', 'lang': 'crossref'}",{'crossref': 6},"X012.R000 resolved | hits:OA,CR | winner:- | filled:venue:CR; lang:CR | missing:-"
A306,101103physreve90062913,Mechanism for intensity-induced chimera states in globally coupled oscillators,V. K. Chandrasekar; R. Gopal; A. Venkatesan; M. Lakshmanan,V. K. Chandrasekar,2014.0,10.1103/physreve.90.062913,https://pubmed.ncbi.nlm.nih.gov/25615170,,,Physical Review E,90,6,,American Physical Society (APS),en,https://doi.org/10.1103/physreve.90.062913,0.9,resolved,openalex,2026-08-16T22:32:25Z,X012,"We identify the mechanism behind the existence of intensity-induced chimera states in globally coupled oscillators. We find that the effect of intensity in the system is to cause multistability by increasing the number of fixed points. This in turn increases the number of multistable attractors, and we find that their stability is determined by the strength of coupling. This causes the coexistence of different collective states in the system depending upon the initial state. We demonstrate that intensity-induced chimera is generic to both periodic and chaotic systems. We discuss possible applications of our results to real-world systems like the brain and spin torque nano-oscillators.",Multistability; Attractor; Chimera (genetics); Chaotic; Coupling strength; Physics; Control theory (sociology); Intensity (physics); Topology (electrical circuits); Classical mechanics; Statistical physics; Computer science,True,article,True,True,False,doi,,"{'venue': 'crossref', 'volume': 'crossref', 'issue': 'crossref', 'publisher': 'crossref', 'url': 'crossref', 'lang': 'crossref'}",{'crossref': 6},"X012.R000 resolved | hits:OA,CR | winner:- | filled:venue:CR; lang:CR | missing:-"
A307,101016jcnsns201306020,Stable structures in parameter space and optimal ratchet transport,Alan Celestino; Cesar Manchein; Holokx A. Albuquerque; Marcus W. Beims,Alan Celestino,2013.0,10.1016/j.cnsns.2013.06.020,,,,Communications in Nonlinear Science and Numerical Simulation,19,1,139-149,Elsevier BV,en,https://doi.org/10.1016/j.cnsns.2013.06.020,0.9,resolved,openalex,2026-08-16T22:32:25Z,X012,,Ratchet; Cusp (singularity); Context (archaeology); Parameter space; Pairwise comparison; Quasiperiodicity; Current (fluid); Ratchet effect; Realization (probability); Physics; Computer science; Statistical physics,True,article,True,True,True,doi,,"{'venue': 'crossref', 'volume': 'crossref', 'issue': 'crossref', 'pages': 'crossref', 'publisher': 'crossref', 'url': 'crossref', 'lang': 'crossref'}",{'crossref': 7},"X012.R000 resolved | hits:OA,CR,S2 | winner:- | filled:venue:CR; lang:CR | missing:abstract"
A308,101016jultsonch201505010,The effect of high viscosity on the collapse-like chaotic and regular periodic oscillations of a harmonically excited gas bubble,Ferenc Hegedűs; Kálmán Klapcsik,Ferenc Hegedűs,2015.0,10.1016/j.ultsonch.2015.05.010,https://pubmed.ncbi.nlm.nih.gov/26186832,,,Ultrasonics Sonochemistry,27,,153-164,Elsevier BV,en,https://doi.org/10.1016/j.ultsonch.2015.05.010,0.9,resolved,openalex,2026-08-16T22:32:28Z,X012,,Mechanics; Bubble; Viscosity; Chaotic; Sonochemistry; Physics; Cavitation; Shock wave; Excited state; Shock (circulatory); Bifurcation theory; Predictability,False,article,True,True,True,doi,,"{'venue': 'crossref', 'volume': 'crossref', 'pages': 'crossref', 'publisher': 'crossref', 'url': 'crossref', 'lang': 'crossref'}",{'crossref': 6},"X012.R000 resolved | hits:OA,CR,S2 | winner:- | filled:venue:CR; lang:CR | missing:abstract"
A309,101515zna19860404,Resonances and Torsion Numbers of Driven Dissipative Nonlinear Oscillators,Ulrich Parlitz; Werner Lauterborn,Ulrich Parlitz,1986.0,10.1515/zna-1986-0404,,,,Zeitschrift für Naturforschung A,41,4,605-614,Walter de Gruyter GmbH,en,https://doi.org/10.1515/zna-1986-0404,0.9,resolved,openalex,2026-08-16T22:32:29Z,X012,"The torsion of the local flow around closed orbits and its relation to the superstructure in the bifurcation set of strictly dissipative nonlinear oscillators is investigated. The torsion number describing the twisting behaviour of the flow turns out to be a suitable invariant for the classification of local bifurcations and resonances in those systems. Furthermore, the notions of winding number and resonance are generalized to arbitrary one-dimensional dissipative oscillators.",Dissipative system; Torsion (gastropod); Bifurcation; Nonlinear system; Nonlinear resonance; Mathematics; Invariant (physics); Classical mechanics; Physics; Mathematical analysis; Mathematical physics; Quantum mechanics,True,article,True,True,False,doi,,"{'venue': 'crossref', 'volume': 'crossref', 'issue': 'crossref', 'pages': 'crossref', 'publisher': 'crossref', 'url': 'crossref', 'lang': 'crossref'}",{'crossref': 7},"X012.R000 resolved | hits:OA,CR | winner:- | filled:venue:CR; lang:CR | missing:-"
A310,101103physreva453471,Potential dependence of the bifurcation structure in generalized Duffing oscillators,Ching Sheu Wang; Yao Huang Kao; Jeun Chyuan Huang; Yih Shun Gou,Ching Sheu Wang,1992.0,10.1103/physreva.45.3471,https://pubmed.ncbi.nlm.nih.gov/9907395,,,Physical Review A,45,6,3471-3485,American Physical Society (APS),en,https://doi.org/10.1103/physreva.45.3471,0.9,resolved,openalex,2026-08-16T22:32:29Z,X012,"The features of various bifurcations in forced Duffing oscillators are extensively investigated by means of numerical simulation. Some common features in four types of potential well are found. With reference to the transition boundaries in parameter space, the influences of local symmetry properties of the potential well on the bifurcation routes are indicated and definite functional forms of the border line in \ensuremath{\omega}-k space separating the region with simple stable period-1 solutions from the region with complicated solutions are determined. A method combining Floquet theory with harmonic balance is presented to describe the mechanism of the transitions.",Physics; Bifurcation; Floquet theory; Parameter space; Bifurcation theory; Simple (philosophy); Space (punctuation); Symmetry (geometry); Duffing equation; Pitchfork bifurcation; Harmonic oscillator; Statistical physics,False,article,True,True,False,doi,,"{'venue': 'crossref', 'volume': 'crossref', 'issue': 'crossref', 'pages': 'crossref', 'publisher': 'crossref', 'url': 'crossref', 'lang': 'crossref'}",{'crossref': 7},"X012.R000 resolved | hits:OA,CR | winner:- | filled:venue:CR; lang:CR | missing:-"
A311,101016jicheatmasstransfer201505026,Influences of pressure amplitudes and frequencies of dual-frequency acoustic excitation on the mass transfer across interfaces of gas bubbles,Yuning Zhang; D.R. Billson; Shengcai Li,Yuning Zhang,2015.0,10.1016/j.icheatmasstransfer.2015.05.026,,,,International Communications in Heat and Mass Transfer,66,,167-171,Elsevier BV,en,https://doi.org/10.1016/j.icheatmasstransfer.2015.05.026,0.9,resolved,openalex,2026-08-16T22:32:30Z,X012,,Acoustics; Amplitude; Bubble; Excitation; Acoustic wave; Sound pressure; Physics; Computational physics; Mechanics; Materials science; Optics; Quantum mechanics,False,article,True,True,True,doi,,"{'venue': 'crossref', 'volume': 'crossref', 'pages': 'crossref', 'publisher': 'crossref', 'url': 'crossref', 'lang': 'crossref'}",{'crossref': 6},"X012.R000 resolved | hits:OA,CR,S2 | winner:- | filled:venue:CR; lang:CR | missing:abstract"
A312,1010800022250x20151022280,Temporary Bluffing Can Be Rewarding in Social Systems: The Case of Romantic Relationships,Sergio Rinaldi; Pietro Landi; Fabio Della Rossa,Sergio Rinaldi,2015.0,10.1080/0022250x.2015.1022280,,,,The Journal of Mathematical Sociology,39,3,203-220,Informa UK Limited,en,https://doi.org/10.1080/0022250x.2015.1022280,0.9,resolved,openalex,2026-08-16T22:32:31Z,X012,"We show in this article that temporary bluffing has the power of promoting the transition from a bad to a good state in social systems. The analysis is carried out with reference to the simplest unit of interest in sociology—the couple—but it can be certainly extended to larger social groups. More precisely, an already available mathematical model shows that couples composed of so-called secure individuals with neither too high nor too low appeals have two alternative romantic regimes—one satisfactory and one not. Thus, if one of these couples is trapped in its unsatisfactory regime the problem is how to escape from that trap and switch to the satisfactory regime. Temporary bluffing, namely, giving to the partner for a sufficiently long time a biased impression of the involvement or of the appeal, is a very effective, though not unique, way for performing the switch. This, in a sense, attenuates the negative moral value usually given to bluffing in social behavior.",Power (physics); Romance; Social psychology; Appeal; Sociology; Value (mathematics); Computer security; Psychology; Positive economics; Economics; Computer science; Law,True,article,True,True,False,doi,,"{'venue': 'crossref', 'volume': 'crossref', 'issue': 'crossref', 'pages': 'crossref', 'publisher': 'crossref', 'url': 'crossref', 'lang': 'crossref'}",{'crossref': 7},"X012.R000 resolved | hits:OA,CR | winner:- | filled:venue:CR; lang:CR | missing:-"
A313,101142s0218127494000708,THE WINDING-NUMBER LIMIT OF PERIOD-DOUBLING CASCADES DERIVED AS FAREY-FRACTION,V. Englisch; Werner Lauterborn,V. Englisch,1994.0,10.1142/s0218127494000708,,,,International Journal of Bifurcation and Chaos,04,04,999-1002,World Scientific Pub Co Pte Lt,en,https://doi.org/10.1142/s0218127494000708,0.9,resolved,openalex,2026-08-16T22:32:31Z,X012,"It is shown, that the winding number w ∞ at the accumulation point of a period-doubling cascade can be derived as a Farey sum from each two adjacent winding numbers w k and w k+1 of the cascade.",Farey sequence; Cascade; Mathematics; Winding number; Period-doubling bifurcation; Limit (mathematics); Fraction (chemistry); Period (music); Combinatorics; Physics; Mathematical analysis; Nonlinear system,False,article,True,True,False,doi,,"{'venue': 'crossref', 'volume': 'crossref', 'issue': 'crossref', 'pages': 'crossref', 'publisher': 'crossref', 'url': 'crossref', 'lang': 'crossref'}",{'crossref': 7},"X012.R000 resolved | hits:OA,CR | winner:- | filled:venue:CR; lang:CR | missing:-"
A314,101088003448857310106501,Physics of bubble oscillations,Werner Lauterborn; Thomas Kurz,Werner Lauterborn,2010.0,10.1088/0034-4885/73/10/106501,,,,Reports on Progress in Physics,73,10,106501,IOP Publishing,en,https://doi.org/10.1088/0034-4885/73/10/106501,0.9,resolved,openalex,2026-08-16T22:32:31Z,X012,"Bubbles in liquids, soft and squeezy objects made of gas and vapour, yet so strong as to destroy any material and so mysterious as at times turning into tiny light bulbs, are the topic of the present report. Bubbles respond to pressure forces and reveal their full potential when periodically driven by sound waves. The basic equations for nonlinear bubble oscillation in sound fields are given, together with a survey of typical solutions. A bubble in a liquid can be considered as a representative example from nonlinear dynamical systems theory with its resonances, multiple attractors with their basins, bifurcations to chaos and not yet fully describable behaviour due to infinite complexity. Three stability conditions are treated for stable trapping of bubbles in standing sound fields: positional, spherical and diffusional stability. Chemical reactions may become important in that respect, when reacting gases fill the bubble, but the chemistry of bubbles is just touched upon and is beyond the scope of the present report. Bubble collapse, the runaway shrinking of a bubble, is presented in its current state of knowledge. Pressures and temperatures that are reached at this occasion are discussed, as well as the light emission in the form of short flashes. Aspherical bubble collapse, as for instance enforced by boundaries nearby, mitigates most of the phenomena encountered in spherical collapse, but introduces a new effect: jet formation, the self-piercing of a bubble with a high velocity liquid jet. Examples of this phenomenon are given from light induced bubbles. Two oscillating bubbles attract or repel each other, depending on their oscillations and their distance. Upon approaching, attraction may change to repulsion and vice versa. When being close, they also shoot self-piercing jets at each other. Systems of bubbles are treated as they appear after shock wave passage through a liquid and with their branched filaments that they attain in standing sound fields. The N -bubble problem is formulated in the spirit of the n -body problem of astrophysics, but with more complicated interaction forces. Simulations are compared with three-dimensional bubble dynamics obtained by stereoscopic high speed digital videography.",Bubble; Physics; Attractor; Oscillation (cell signaling); Mechanics; Jet (fluid); Classical mechanics; Instability; Genetics; Mathematical analysis; Mathematics; Biology,False,article,True,True,False,doi,,"{'venue': 'crossref', 'volume': 'crossref', 'issue': 'crossref', 'pages': 'crossref', 'publisher': 'crossref', 'url': 'crossref', 'lang': 'heuristic'}","{'crossref': 6, 'heuristic': 1}","X012.R000 resolved | hits:OA,CR | winner:- | filled:venue:CR; lang:HE | missing:-"
A315,101143ptp83875,Comparison of Different Methods for Computing Lyapunov Exponents,Karlheinz Geist; Ulrich Parlitz; Werner Lauterborn,Karlheinz Geist,1990.0,10.1143/ptp.83.875,,,,Progress of Theoretical Physics,83,5,875-893,Oxford University Press (OUP),en,https://doi.org/10.1143/ptp.83.875,0.9,resolved,openalex,2026-08-16T22:32:31Z,X012,Different discrete and continuous methods for computing the Lyapunov exponents of dynamical systems are compared for their efficiency and accuracy. All methods are either based on the QR or the singular value decomposition. The relationship between the discrete methods is discussed in terms of the iteration algorithms and the decomposition procedures used. We give simple derivations of the differential equations for continuous methods proposed recently and show that they cannot be recommended because of their long computation time and numerical instabilities. The methods are tested with the damped and driven Toda chain and the driven van der Pol oscillator.,Lyapunov exponent; Computation; Van der Pol oscillator; Physics; Singular value decomposition; Applied mathematics; Dynamical systems theory; Simple (philosophy); Differential equation; Lyapunov function; Decomposition; Dynamical system (definition),True,article,True,True,False,doi,,"{'venue': 'crossref', 'volume': 'crossref', 'issue': 'crossref', 'pages': 'crossref', 'publisher': 'crossref', 'url': 'crossref', 'lang': 'crossref'}",{'crossref': 7},"X012.R000 resolved | hits:OA,CR | winner:- | filled:venue:CR; lang:CR | missing:-"
A316,101103physrevlett112144103,Chimeralike States in an Ensemble of Globally Coupled Oscillators,Azamat Yeldesbay; Arkady Pikovsky; Michael Rosenblum,Azamat Yeldesbay,2014.0,10.1103/physrevlett.112.144103,https://pubmed.ncbi.nlm.nih.gov/24765969,,,Physical Review Letters,112,14,,American Physical Society (APS),en,https://doi.org/10.1103/physrevlett.112.144103,0.9,resolved,openalex,2026-08-16T22:32:32Z,X012,"We demonstrate the emergence of a complex state in a homogeneous ensemble of globally coupled identical oscillators, reminiscent of chimera states in nonlocally coupled oscillator lattices. In this regime some part of the ensemble forms a regularly evolving cluster, while all other units irregularly oscillate and remain asynchronous. We argue that the chimera emerges because of effective bistability, which dynamically appears in the originally monostable system due to internal delayed feedback in individual units. Additionally, we present two examples of chimeras in bistable systems with frequency-dependent phase shift in the global coupling.",Physics; Statistical physics,True,article,True,True,False,doi,,"{'venue': 'crossref', 'volume': 'crossref', 'issue': 'crossref', 'publisher': 'crossref', 'url': 'crossref', 'lang': 'crossref'}",{'crossref': 6},"X012.R000 resolved | hits:OA,CR | winner:- | filled:venue:CR; lang:CR | missing:-"
A317,101016jjlp201406005,"Dynamic behavior of direct spring loaded pressure relief valves in gas service: Model development, measurements and instability mechanisms",Csaba Hős; Alan Champneys; K. Paul; M. McNeely,Csaba Hős,2014.0,10.1016/j.jlp.2014.06.005,,,,Journal of Loss Prevention in the Process Industries,31,,70-81,Elsevier BV,en,https://doi.org/10.1016/j.jlp.2014.06.005,0.9,resolved,openalex,2026-08-16T22:32:32Z,X012,,Mechanics; Instability; Relief valve; Flutter; Safety valve; Lift (data mining); Engineering; Spring (device); Structural engineering; Control theory (sociology); Physics; Mechanical engineering,False,article,True,True,False,doi,,"{'venue': 'crossref', 'volume': 'crossref', 'pages': 'crossref', 'publisher': 'crossref', 'url': 'crossref', 'lang': 'crossref'}",{'crossref': 6},"X012.R000 resolved | hits:OA,CR | winner:- | filled:venue:CR; lang:CR | missing:abstract"
A318,101016jphysleta201202036,Self-similarities of periodic structures for a discrete model of a two-gene system,Sílvio L.T. de Souza; Angélica Alves Lima; Iberê L. Caldas; R.O. Medrano-T.; Z. O. Guimarães-Filho,Sílvio L.T. de Souza,2012.0,10.1016/j.physleta.2012.02.036,,,,Physics Letters A,376,15,1290-1294,Elsevier BV,en,https://doi.org/10.1016/j.physleta.2012.02.036,0.9,resolved,openalex,2026-08-16T22:32:33Z,X012,"We report self-similar properties of periodic structures remarkably organized in the two-parameter space for a two-gene system, described by two-dimensional symmetric map. The map consists of difference equations derived from the chemical reactions for gene expression and regulation. We characterize the system by using Lyapunov exponents and isoperiodic diagrams identifying periodic windows, denominated Arnold tongues and shrimp-shaped structures. Period-adding sequences are observed for both periodic windows. We also identify Fibonacci-type series and Golden ratio for Arnold tongues, and period multiple-of-three windows for shrimps.",Fibonacci number; Physics; Lyapunov exponent; Golden ratio; Period (music); Space (punctuation); Parameter space; Series (stratigraphy); Pure mathematics; Statistical physics; Mathematical analysis; Combinatorics,True,article,True,True,False,doi,,"{'venue': 'crossref', 'volume': 'crossref', 'issue': 'crossref', 'pages': 'crossref', 'publisher': 'crossref', 'url': 'crossref', 'lang': 'crossref', 'abstract': 'unpaywall'}","{'crossref': 7, 'unpaywall': 1}","X012.R000 resolved | hits:OA,CR | winner:- | filled:venue:CR; lang:CR; abstract:UN | missing:-"
A319,101016jcombustflame201202016,Accelerating multi-dimensional combustion simulations using GPU and hybrid explicit/implicit ODE integration,Yu Shi; William H. Green; Hsi‐Wu Wong; Oluwayemisi O. Oluwole,Yu Shi,2012.0,10.1016/j.combustflame.2012.02.016,,,,Combustion and Flame,159,7,2388-2397,Elsevier BV,en,https://doi.org/10.1016/j.combustflame.2012.02.016,0.9,resolved,openalex,2026-08-16T22:32:37Z,X012,,Solver; Computer science; Speedup; Computational science; Ode; Parallel computing; Grid; CUDA; Ordinary differential equation; Graphics processing unit; Stiff equation; Applied mathematics,False,article,True,True,False,doi,,"{'venue': 'crossref', 'volume': 'crossref', 'issue': 'crossref', 'pages': 'crossref', 'publisher': 'crossref', 'url': 'crossref', 'lang': 'crossref'}",{'crossref': 7},"X012.R000 resolved | hits:OA,CR | winner:- | filled:venue:CR; lang:CR | missing:abstract"
A320,101016jjlp201504011,Dynamic behaviour of direct spring loaded pressure relief valves in gas service: II reduced order modelling,Csaba Hős; Alan Champneys; K. Paul; M. McNeely,Csaba Hős,2015.0,10.1016/j.jlp.2015.04.011,,,,Journal of Loss Prevention in the Process Industries,36,,1-12,Elsevier BV,en,https://doi.org/10.1016/j.jlp.2015.04.011,0.9,resolved,openalex,2026-08-16T22:32:38Z,X012,,Mechanics; Relief valve; Instability; Dimensionless quantity; Plug flow; Cylinder; Flow (mathematics); Inlet; Mass flow rate; Engineering; Physics; Thermodynamics,False,article,True,True,False,doi,,"{'venue': 'crossref', 'volume': 'crossref', 'pages': 'crossref', 'publisher': 'crossref', 'url': 'crossref', 'lang': 'crossref'}",{'crossref': 6},"X012.R000 resolved | hits:OA,CR | winner:- | filled:venue:CR; lang:CR | missing:abstract"
A321,101016jultsonch201407021,Instability of interfaces of gas bubbles in liquids under acoustic excitation with dual frequency,Yuning Zhang; Xiaoze Du; Haizhen Xian; Yulin Wu,Yuning Zhang,2014.0,10.1016/j.ultsonch.2014.07.021,https://pubmed.ncbi.nlm.nih.gov/25164271,,,Ultrasonics Sonochemistry,23,,16-20,Elsevier BV,en,https://doi.org/10.1016/j.ultsonch.2014.07.021,0.9,resolved,openalex,2026-08-16T22:32:39Z,X012,,Excitation; Instability; Bubble; Amplitude; Dual (grammatical number); Acoustics; Materials science; Atomic physics; Mechanics; Physics; Optics; Literature,False,article,True,True,False,doi,,"{'venue': 'crossref', 'volume': 'crossref', 'pages': 'crossref', 'publisher': 'crossref', 'url': 'crossref', 'lang': 'crossref'}",{'crossref': 6},"X012.R000 resolved | hits:OA,CR | winner:- | filled:venue:CR; lang:CR | missing:abstract"
A322,101016jcpc201210013,GPU-based flow simulation with detailed chemical kinetics,Hai Le; Jean-Luc Cambier; Lord Cole,Hai Le,2012.0,10.1016/j.cpc.2012.10.013,,,,Computer Physics Communications,184,3,596-606,Elsevier BV,en,https://doi.org/10.1016/j.cpc.2012.10.013,0.9,resolved,openalex,2026-08-16T22:32:40Z,X012,,Solver; Computer science; Kinetics; Computational science; Chemical kinetics; Flow (mathematics); Shock (circulatory); Applied mathematics; Finite volume method; Fluid dynamics; Statistical physics; Mechanics,False,article,True,True,False,doi,,"{'venue': 'crossref', 'volume': 'crossref', 'issue': 'crossref', 'pages': 'crossref', 'publisher': 'crossref', 'url': 'crossref', 'lang': 'crossref'}",{'crossref': 7},"X012.R000 resolved | hits:OA,CR | winner:- | filled:venue:CR; lang:CR | missing:abstract"
A323,101016jcombustflame201411003,A methodology for the integration of stiff chemical kinetics on GPUs,Fabian Sewerin; Stelios Rigopoulos,Fabian Sewerin,2014.0,10.1016/j.combustflame.2014.11.003,,,,Combustion and Flame,162,4,1375-1394,Elsevier BV,en,https://doi.org/10.1016/j.combustflame.2014.11.003,0.9,resolved,openalex,2026-08-16T22:32:41Z,X012,,Computer science; Ode; Kernel (algebra); Computational science; Parallel computing; Fortran; CHEMKIN; Speedup; Context (archaeology); General-purpose computing on graphics processing units; Graphics; CUDA,False,article,True,True,False,doi,,"{'venue': 'crossref', 'volume': 'crossref', 'issue': 'crossref', 'pages': 'crossref', 'publisher': 'crossref', 'url': 'crossref', 'lang': 'crossref'}",{'crossref': 7},"X012.R000 resolved | hits:OA,CR | winner:- | filled:venue:CR; lang:CR | missing:abstract"
A324,101103physreva436495,Comparison of bifurcation structures of driven dissipative nonlinear oscillators,C. Scheffczyk; Ulrich Parlitz; Thomas Kurz; W. Knop; Werner Lauterborn,C. Scheffczyk,1991.0,10.1103/physreva.43.6495,https://pubmed.ncbi.nlm.nih.gov/9904999,,,Physical Review A,43,12,6495-6502,American Physical Society (APS),en,https://doi.org/10.1103/physreva.43.6495,0.9,resolved,openalex,2026-08-16T22:32:42Z,X012,"The bifurcation sets of driven strictly dissipative nonlinear oscillators are compared in terms of phase diagrams and fixed-point diagrams. The comparison reveals distinctive bifurcation patterns that occur for all models. In particular, two subpatterns of bifurcation curves within the period-doubling hierarchy can be identified. The results suggest that there exists a universal bifurcation structure for oscillators of the type investigated.",Bifurcation diagram; Bifurcation; Physics; Period-doubling bifurcation; Dissipative system; Transcritical bifurcation; Saddle-node bifurcation; Bifurcation theory; Fixed point; Nonlinear system; Heteroclinic bifurcation; Biological applications of bifurcation theory,False,article,True,True,False,doi,,"{'venue': 'crossref', 'volume': 'crossref', 'issue': 'crossref', 'pages': 'crossref', 'publisher': 'crossref', 'url': 'crossref', 'lang': 'crossref'}",{'crossref': 7},"X012.R000 resolved | hits:OA,CR | winner:- | filled:venue:CR; lang:CR | missing:-"
A325,101103physreve51935,Structure in the bifurcation diagram of the Duffing oscillator,Robert Gilmore; James William Loch McCallum,Robert Gilmore,1995.0,10.1103/physreve.51.935,https://pubmed.ncbi.nlm.nih.gov/9962734,,,Physical Review E,51,2,935-956,American Physical Society (APS),en,https://doi.org/10.1103/physreve.51.935,0.9,resolved,openalex,2026-08-16T22:32:42Z,X012,"We identify four levels of structure in the bifurcation diagram of the two-well periodically driven Duffing oscillator, plotted as a function of increasing control parameter T, the period of the driving term. The superstructure, or bifurcation peninsula, repeats periodically as T increases by \ensuremath{\sim}2\ensuremath{\pi}, beginning and ending with symmetric period-one orbits whose local torsions differ by 2. Within each bifurcation peninsula there is a systematic window structure. The primary window structure is due to Newhouse and Newhouse-like orbits. Fine structure is due to a Farey sequence of well-ordered orbits between the primary windows. Hyperfine structure consists of very narrow windows associated with non-well-ordered orbits. We construct a template for the Duffing oscillator, a two-dimensional return map, and a one-dimensional return map which describes the systematics of orbit creation and annihilation. All structures are identified by topological indices. Our predictions are based on, and compatible with, numerical computations.",Bifurcation; Physics; Bifurcation diagram; Duffing equation; Farey sequence; Period-doubling bifurcation; Bifurcation theory; Geometry; Mathematical analysis; Mathematics; Quantum mechanics; Nonlinear system,False,article,True,True,False,doi,,"{'venue': 'crossref', 'volume': 'crossref', 'issue': 'crossref', 'pages': 'crossref', 'publisher': 'crossref', 'url': 'crossref', 'lang': 'crossref'}",{'crossref': 7},"X012.R000 resolved | hits:OA,CR | winner:- | filled:venue:CR; lang:CR | missing:-"
A326,101103physreva371029,Bifurcation structure of the Toda oscillator,Thomas Kurz; Werner Lauterborn,Thomas Kurz,1988.0,10.1103/physreva.37.1029,https://pubmed.ncbi.nlm.nih.gov/9899758,,,Physical Review A,37,3,1029-1031,American Physical Society (APS),en,https://doi.org/10.1103/physreva.37.1029,0.9,resolved,openalex,2026-08-16T22:32:42Z,X012,"We present phase diagrams of the Toda oscillator x\ifmmode\ddot\else\textasciidieresis\fi{}+dx\ifmmode \dot{}\else \.{}\fi{}+${e}^{x}$-1=f cos(\ensuremath{\omega}t) showing the loci of local bifurcations of periodic orbits in the (\ensuremath{\omega},f) parameter plane at d=0.05. They indicate a specific recurrent structure in the bifurcation set which is typical for nonlinear oscillators and closely connected to the nonlinear resonances of the system.",Omega; Bifurcation; Physics; Plane (geometry); Nonlinear system; Mathematical physics; Phase plane; Quantum mechanics; Mathematics; Geometry,False,article,True,True,False,doi,,"{'venue': 'crossref', 'volume': 'crossref', 'issue': 'crossref', 'pages': 'crossref', 'publisher': 'crossref', 'url': 'crossref', 'lang': 'crossref'}",{'crossref': 7},"X012.R000 resolved | hits:OA,CR | winner:- | filled:venue:CR; lang:CR | missing:-"
A327,101016jchaos201108002,Replicate periodic windows in the parameter space of driven oscillators,Everton S. Medeiros; Sílvio L.T. de Souza; Rene O. Medrano-T; Iberê L. Caldas,Everton S. Medeiros,2011.0,10.1016/j.chaos.2011.08.002,,,,"Chaos, Solitons &amp; Fractals",44,11,982-989,Elsevier BV,en,https://doi.org/10.1016/j.chaos.2011.08.002,0.9,resolved,openalex,2026-08-16T22:32:42Z,X012,"In the bi-dimensional parameter space of driven oscillators, shrimp-shaped periodic windows are immersed in chaotic regions. For two of these oscillators, namely, Duffing and Josephson junction, we show that a weak harmonic perturbation replicates these periodic windows giving rise to parameter regions correspondent to periodic orbits. The new windows are composed of parameters whose periodic orbits have periodicity and pattern similar to stable and unstable periodic orbits already existent for the unperturbed oscillator. These features indicate that the reported replicate periodic windows are associated with chaos control of the considered oscillators.",Parameter space; Periodic orbits; Attractor; Chaotic; Perturbation (astronomy); Phase space; Control of chaos; Harmonic oscillator; Physics; Mathematical analysis; Mathematics; Classical mechanics,True,article,True,True,False,doi,,"{'venue': 'crossref', 'volume': 'crossref', 'issue': 'crossref', 'pages': 'crossref', 'publisher': 'crossref', 'url': 'crossref', 'lang': 'crossref', 'abstract': 'unpaywall'}","{'crossref': 7, 'unpaywall': 1}","X012.R000 resolved | hits:OA,CR | winner:- | filled:venue:CR; lang:CR; abstract:UN | missing:-"
A328,1010631458780,Bifurcation structure of the classical Morse oscillator,W. Knop; Werner Lauterborn,W. Knop,1990.0,10.1063/1.458780,,,,The Journal of Chemical Physics,93,6,3950-3957,AIP Publishing,en,https://doi.org/10.1063/1.458780,0.9,resolved,openalex,2026-08-16T22:32:43Z,X012,"The classical damped and driven Morse oscillator is investigated with the new tools of nonlinear dynamics. Bifurcation diagrams, fixed-point diagrams, and phase diagrams are given for two damping constants. The fixed-point diagrams include the unstable branches and reveal the connection between bifurcations as well as their recurrent structure.",Morse code; Bifurcation; Bifurcation diagram; Fixed point; Phase diagram; Bifurcation theory; Connection (principal bundle); Heteroclinic bifurcation; Nonlinear system; Period-doubling bifurcation; Biological applications of bifurcation theory; Saddle-node bifurcation,False,article,True,True,False,doi,,"{'venue': 'crossref', 'volume': 'crossref', 'issue': 'crossref', 'pages': 'crossref', 'publisher': 'crossref', 'url': 'crossref', 'lang': 'crossref'}",{'crossref': 7},"X012.R000 resolved | hits:OA,CR | winner:- | filled:venue:CR; lang:CR | missing:-"
A329,101142s0218127414300250,"The Negative Side of Chua's Circuit Parameter Space: Stability Analysis, Period-Adding, Basin of Attraction Metamorphoses, and Experimental Investigation",Rene O. Medrano-T; Ronilson Rocha,Rene O. Medrano-T,2014.0,10.1142/s0218127414300250,,,,International Journal of Bifurcation and Chaos,24,09,1430025,World Scientific Pub Co Pte Lt,en,https://doi.org/10.1142/s0218127414300250,0.9,resolved,openalex,2026-08-16T22:32:44Z,X012,"Although Chua's circuit is one of the most studied nonlinear dynamical systems, its version with negative parameters remains practically untouched. This work reports an interesting and rich dynamic scenery that was hidden in this almost unexplored region. The study is focused on 2D parameter space and presents an analysis of stability based on describing functions. Numerical investigations present a gallery of period-adding cascades and a strong presence of basin boundary metamorphoses. The key to this new scenario is that for negative parameters, Chua's system does not satisfy the Shilnikov condition and it is shown that the homoclinic orbit organizes the parameter space completely different from as known. The obtained experimental results corroborate with the numerical and theoretical investigations.",Homoclinic orbit; Parameter space; Period (music); Stability (learning theory); Space (punctuation); Boundary (topology); Chua's circuit; Nonlinear system; Mathematics; Work (physics); Orbit (dynamics); Mathematical analysis,False,article,True,True,False,doi,,"{'venue': 'crossref', 'volume': 'crossref', 'issue': 'crossref', 'pages': 'crossref', 'publisher': 'crossref', 'url': 'crossref', 'lang': 'crossref'}",{'crossref': 7},"X012.R000 resolved | hits:OA,CR | winner:- | filled:venue:CR; lang:CR | missing:-"
A330,101007s1204301101998,Flip-flop between soft-spring and hard-spring bistabilities in the approximated Toda oscillator analysis,Binoy Krishna Goswami,Binoy Krishna Goswami,2011.0,10.1007/s12043-011-0199-8,,,,Pramana,77,5,987-1005,Springer Science and Business Media LLC,en,https://doi.org/10.1007/s12043-011-0199-8,0.9,resolved,openalex,2026-08-16T22:32:44Z,X012,"We study theoretically the effect of truncating the nonlinear restoring force ( $\exp (\Phi)-1={\sum}_{n=1}^{\infty}\Phi^{n}/n!$ ) in the bistability pattern of the periodically driven, damped one-degree-of-freedom Toda oscillator that originally exhibits soft-spring bistability with counterclockwise hysteresis cycle. We observe that if the truncation is made third order, the harmonic bistability changes to hard-spring type with a clockwise hysteresis cycle. In contrast, for the fourth-order truncation, the bistability again becomes soft-spring type, overriding the effect of third-order nonlinearity. Furthermore, each higher odd-order truncation attempts to introduce hard-spring nature while each even-order truncation turns to soft-spring type of bistability. Overall, the hard-spring effect of every odd-order nonlinear term is weaker in comparison to the soft-spring effect of the next even-order nonlinear term. As a consequence, higher-order approximations ultimately converge to the soft-spring nature. Similar approximate analysis of Toda lattice has in recent past revealed remarkably similar flip-flop pattern between stochasticity (chaotic behaviour) and regularity (integrability).",Bistability; Spring (device); Physics; Nonlinear system; Restoring force; Truncation (statistics); Mathematical analysis; Mathematics; Classical mechanics; Quantum mechanics; Statistics; Thermodynamics,False,article,True,True,False,doi,,"{'venue': 'crossref', 'volume': 'crossref', 'issue': 'crossref', 'pages': 'crossref', 'publisher': 'crossref', 'url': 'crossref', 'lang': 'crossref', 'abstract': 'unpaywall'}","{'crossref': 7, 'unpaywall': 1}","X012.R000 resolved | hits:OA,CR | winner:- | filled:venue:CR; lang:CR; abstract:UN | missing:-"
A331,101371journalpone0012631,High Viral Fitness during Acute HIV-1 Infection,Alicia Arnott; Darren Jardine; Kim Wilson; Paul R. Gorry; Kate Merlin; Patricia Grey; Matthew Law; Elizabeth M. Dax; Anthony D. Kelleher; Don Smith; Dale A. McPhee; and the Pulse Study Team,Alicia Arnott,2010.0,10.1371/journal.pone.0012631,https://pubmed.ncbi.nlm.nih.gov/20844589,,,PLoS ONE,5,9,e12631,Public Library of Science (PLoS),en,https://doi.org/10.1371/journal.pone.0012631,0.9,resolved,openalex,2026-08-16T22:32:46Z,X012,"Several clinical studies have shown that, relative to disease progression, HIV-1 isolates that are less fit are also less pathogenic. The aim of the present study was to investigate the relationship between viral fitness and control of viral load (VL) in acute and early HIV-1 infection. Samples were obtained from subjects participating in two clinical studies. In the PULSE study, antiretroviral therapy (ART) was initiated before, or no later than six months following seroconversion. Subjects then underwent multiple structured treatment interruptions (STIs). The PHAEDRA study enrolled and monitored a cohort of individuals with documented evidence of primary infection. The subset chosen were individuals identified no later than 12 months following seroconversion to HIV-1, who were not receiving ART. The relative fitness of primary isolates obtained from study participants was investigated ex vivo. Viral DNA production was quantified using a novel real time PCR assay. Following intermittent ART, the fitness of isolates obtained from 5 of 6 PULSE subjects decreased over time. In contrast, in the absence of ART the fitness of paired isolates obtained from 7 of 9 PHAEDRA subjects increased over time. However, viral fitness did not correlate with plasma VL. Most unexpected was the high relative fitness of isolates obtained at Baseline from PULSE subjects, before initiating ART. It is widely thought that the fitness of strains present during the acute phase is low relative to strains present during chronic HIV-1 infection, due to the bottleneck imposed upon transmission. The results of this study provide evidence that the relative fitness of strains present during acute HIV-1 infection may be higher than previously thought. Furthermore, that viral fitness may represent an important clinical parameter to be considered when deciding whether to initiate ART during early HIV-1 infection.",Seroconversion; Viral load; Medicine; Transmission (telecommunications); Immunology; Biology; Human immunodeficiency virus (HIV); Virology; Internal medicine; Electrical engineering; Engineering,True,article,True,True,False,doi,,"{'venue': 'crossref', 'volume': 'crossref', 'issue': 'crossref', 'pages': 'crossref', 'publisher': 'crossref', 'url': 'crossref', 'lang': 'crossref'}",{'crossref': 7},"X012.R000 resolved | hits:OA,CR | winner:- | filled:venue:CR; lang:CR | missing:-"
A332,101103physreve76016219,Controlled destruction of chaos in the multistable regime,Binoy Krishna Goswami,Binoy Krishna Goswami,2007.0,10.1103/physreve.76.016219,https://pubmed.ncbi.nlm.nih.gov/17677555,,,Physical Review E,76,1,,American Physical Society (APS),en,https://doi.org/10.1103/physreve.76.016219,0.9,resolved,openalex,2026-08-16T22:32:46Z,X012,"Autonomous nonlinear systems commonly exhibit simultaneous coexistence, in the phase space, of chaos and stable steady states, created by subcritical Hopf bifurcation. We show that such chaotic instability can be destroyed by small-amplitude modulation of any system parameters. The chaotic attractor undergoes boundary crisis due to a modulation-induced collision with an unstable periodic orbit (UPO). Such a boundary crisis exhibits a new resonance that we refer to as ""crisis resonance"" in the control parameter space. Crisis resonance implies that crisis occurs at minimum modulation depth due to resonant evolutions of the UPOs and the chaotic attractor. Crisis resonance occurs close to some critical frequency (we refer to it as ""crisis resonance frequency"") or its multiples. The UPO frequency is a good estimate of the crisis resonance frequency. The small-amplitude parameter modulation destroys chaos in the presence of noise as well. These features are observed theoretically with the paradigm of autonomous systems, namely, Lorenz equations of thermal hydraulics and are in excellent agreement with the experimental results, obtained with an analog circuit of Lorenz equations.",Attractor; Resonance (particle physics); Parameter space; Chaotic; Physics; Amplitude; Boundary (topology); Phase space; Modulation (music); Nonlinear system; Bifurcation; Hopf bifurcation,False,article,True,True,False,doi,,"{'venue': 'crossref', 'volume': 'crossref', 'issue': 'crossref', 'publisher': 'crossref', 'url': 'crossref', 'lang': 'crossref'}",{'crossref': 6},"X012.R000 resolved | hits:OA,CR | winner:- | filled:venue:CR; lang:CR | missing:-"
A333,1010160030401895003851,The interaction between period 1 and period 2 branches and the recurrence of the bifurcation structures in the periodically forced laser rate equations,Binoy Krishna Goswami,Binoy Krishna Goswami,1996.0,10.1016/0030-4018(95)00385-1,,,,Optics Communications,122,4-6,189-199,Elsevier BV,en,https://doi.org/10.1016/0030-4018(95)00385-1,0.9,resolved,openalex,2026-08-16T22:32:46Z,X012,,Period (music); Period-doubling bifurcation; Bifurcation; Nonlinear system; Laser; Truncation (statistics); Mathematics; Physics; Mathematical analysis; Optics; Quantum mechanics; Statistics,False,article,True,True,False,doi,,"{'venue': 'crossref', 'volume': 'crossref', 'issue': 'crossref', 'pages': 'crossref', 'publisher': 'crossref', 'url': 'crossref', 'lang': 'crossref'}",{'crossref': 7},"X012.R000 resolved | hits:OA,CR | winner:- | filled:venue:CR; lang:CR | missing:abstract"
A334,1011751520046919630200130dnf20co2,Deterministic Nonperiodic Flow,Edward N. Lorenz,Edward N. Lorenz,1963.0,10.1175/1520-0469(1963)020<0130:dnf>2.0.co;2,,,,Journal of the Atmospheric Sciences,20,2,130-141,American Meteorological Society,en,https://doi.org/10.1175/1520-0469(1963)020<0130:dnf>2.0.co;2,0.9,resolved,openalex,2026-08-16T22:32:47Z,X012,"Finite systems of deterministic ordinary nonlinear differential equations may be designed to represent forced dissipative hydrodynamic flow. Solutions of these equations can be identified with trajectories in phase space. For those systems with bounded solutions, it is found that nonperiodic solutions are ordinarily unstable with respect to small modifications, so that slightly differing initial states can evolve into considerably different states. Systems with bounded solutions are shown to possess bounded numerical solutions. A simple system representing cellular convection is solved numerically. All of the solutions are found to be unstable, and almost all of them are nonperiodic. The feasibility of very-long-range weather prediction is examined in the light of these results.",Bounded function; Dissipative system; Ordinary differential equation; Nonlinear system; Flow (mathematics); Simple (philosophy); Mathematics; Mathematical analysis; Range (aeronautics); Applied mathematics; Physics; Differential equation,True,article,True,True,False,doi,,"{'venue': 'crossref', 'volume': 'crossref', 'issue': 'crossref', 'pages': 'crossref', 'publisher': 'crossref', 'url': 'crossref', 'lang': 'crossref'}",{'crossref': 7},"X012.R000 resolved | hits:OA,CR | winner:- | filled:venue:CR; lang:CR | missing:-"
A335,10100797836420445882,The Lyapunov Characteristic Exponents and Their Computation,Ch. Skokos,Ch. Skokos,2009.0,10.1007/978-3-642-04458-8_2,,,,Lecture Notes in Physics,,,63-135,Springer Berlin Heidelberg,en,https://doi.org/10.1007/978-3-642-04458-8_2,0.9,resolved,openalex,2026-08-16T22:32:48Z,X012,"We present a survey of the theory of the Lyapunov Characteristic Exponents (LCEs) for dynamical systems, as well as of the numerical techniques developed for the computation of the maximal, of few and of all of them. After some historical notes on the first attempts for the numerical evaluation of LCEs, we discuss in detail the multiplicative ergodic theorem of Oseledec \cite{O_68}, which provides the theoretical basis for the computation of the LCEs. Then, we analyze the algorithm for the computation of the maximal LCE, whose value has been extensively used as an indicator of chaos, and the algorithm of the so--called `standard method', developed by Benettin et al. \cite{BGGS_80b}, for the computation of many LCEs. We also consider different discrete and continuous methods for computing the LCEs based on the QR or the singular value decomposition techniques. Although, we are mainly interested in finite--dimensional conservative systems, i. e. autonomous Hamiltonian systems and symplectic maps, we also briefly refer to the evaluation of LCEs of dissipative systems and time series. The relation of two chaos detection techniques, namely the fast Lyapunov indicator (FLI) and the generalized alignment index (GALI), to the computation of the LCEs is also discussed.",Computation; Lyapunov exponent; Ergodic theory; Dynamical systems theory; Dissipative system; Applied mathematics; Lyapunov function; Singular value decomposition; Hamiltonian system; Mathematics; Physics; Mathematical analysis,True,chapter,True,True,False,doi,,"{'venue': 'crossref', 'pages': 'crossref', 'publisher': 'crossref', 'url': 'crossref', 'lang': 'crossref', 'abstract': 'unpaywall'}","{'crossref': 5, 'unpaywall': 1}","X012.R000 resolved | hits:OA,CR | winner:- | filled:venue:CR; lang:CR; abstract:UN | missing:-"
A336,101016jcirpj200806003,Chatter stability of milling in frequency and discrete time domain,Yusuf Altıntaş; Gábor Stépàn; Doruk Merdol; Zoltán Dombóvári,Yusuf Altıntaş,2008.0,10.1016/j.cirpj.2008.06.003,,,,CIRP Journal of Manufacturing Science and Technology,1,1,35-44,Elsevier BV,en,https://doi.org/10.1016/j.cirpj.2008.06.003,0.9,resolved,openalex,2026-08-16T22:32:49Z,X012,,Discretization; Stability (learning theory); Machining; Frequency domain; Control theory (sociology); Time domain; Process (computing); Harmonics; Domain (mathematical analysis); Engineering; Computer science; Mechanical engineering,False,article,True,True,False,doi,,"{'venue': 'crossref', 'volume': 'crossref', 'issue': 'crossref', 'pages': 'crossref', 'publisher': 'crossref', 'url': 'crossref', 'lang': 'crossref'}",{'crossref': 7},"X012.R000 resolved | hits:OA,CR | winner:- | filled:venue:CR; lang:CR | missing:abstract"
A337,10106312919119,The range of ambient radius for an active bubble in sonoluminescence and sonochemical reactions,Kyuichi Yasui; Toru Tuziuti; Judy Lee; Teruyuki Kozuka; Atsuya Towata; Yasuo Iida,Kyuichi Yasui,2008.0,10.1063/1.2919119,https://pubmed.ncbi.nlm.nih.gov/18532834,,,The Journal of Chemical Physics,128,18,,AIP Publishing,en,https://doi.org/10.1063/1.2919119,0.9,resolved,openalex,2026-08-16T22:32:49Z,X012,"Numerical simulations of nonequilibrium chemical reactions inside an air bubble in liquid water irradiated by ultrasound have been performed for various ambient bubble radii. The intensity of sonoluminescence (SL) has also been calculated taking into account electron-atom bremsstrahlung, radiative attachment of electrons to neutral molecules, radiative recombination of electrons and ions, chemiluminescence of OH, molecular emission from nitrogen, etc. The lower bound of ambient radius for an active bubble in SL and sonochemical reactions nearly coincides with the Blake threshold for transient cavitation. The upper bound is in the same order of magnitude as that of the linear resonance radius. In actual experiments, however, the distribution of ambient radius for active bubbles may be narrow at around the threshold ambient radius for the shape instability. The threshold peak temperature inside an air bubble for nitrogen burning is higher than that for oxidant formation. The threshold peak temperatures depend on ultrasonic frequency and acoustic amplitude because chemical reactions inside a bubble are in nonequilibrium. The dominant emission mechanism in SL is electron-atom bremsstrahlung except at a lower bubble temperature than 2000 K, for which molecular emissions may be dominant.",Sonoluminescence; Bubble; Bremsstrahlung; Atomic physics; RADIUS; Electron; Ion; Chemistry; Physics; Molecular physics; Nuclear physics; Mechanics,False,article,True,True,False,doi,,"{'venue': 'crossref', 'volume': 'crossref', 'issue': 'crossref', 'publisher': 'crossref', 'url': 'crossref', 'lang': 'crossref'}",{'crossref': 6},"X012.R000 resolved | hits:OA,CR | winner:- | filled:venue:CR; lang:CR | missing:-"
A338,10106312790420,Relationship between the bubble temperature and main oxidant created inside an air bubble under ultrasound,Kyuichi Yasui; Toru Tuziuti; Teruyuki Kozuka; Atsuya Towata; Yasuo Iida,Kyuichi Yasui,2007.0,10.1063/1.2790420,https://pubmed.ncbi.nlm.nih.gov/17949168,,,The Journal of Chemical Physics,127,15,,AIP Publishing,en,https://doi.org/10.1063/1.2790420,0.9,resolved,openalex,2026-08-16T22:32:50Z,X012,"Numerical simulations of nonequilibrium chemical reactions in a pulsating air bubble have been performed for various ultrasonic frequencies (20 kHz, 100 kHz, 300 kHz, and 1 MHz) and pressure amplitudes (up to 10 bars). The results of the numerical simulations have indicated that the main oxidant is OH radical inside a nearly vaporous or vaporous bubble which is defined as a bubble with higher molar fraction of water vapor than 0.5 at the end of the bubble collapse. Inside a gaseous bubble which is defined as a bubble with much lower vapor fraction than 0.5, the main oxidant is H2O2 when the bubble temperature at the end of the bubble collapse is in the range of 4000-6500 K and O atom when it is above 6500 K. From the interior of a gaseous bubble, an appreciable amount of OH radical also dissolves into the liquid. When the bubble temperature at the end of the bubble collapse is higher than 7000 K, oxidants are strongly consumed inside a bubble by oxidizing nitrogen and the main chemical products inside a bubble are HNO2, NO, and HNO3.",Bubble; Air bubble; Ultrasound; Air temperature; Mechanics; Materials science; Acoustics; Physics; Atmospheric sciences,False,article,True,True,False,doi,,"{'venue': 'crossref', 'volume': 'crossref', 'issue': 'crossref', 'publisher': 'crossref', 'url': 'crossref', 'lang': 'crossref'}",{'crossref': 6},"X012.R000 resolved | hits:OA,CR | winner:- | filled:venue:CR; lang:CR | missing:-"
A339,101142s0218127492000148,IDENTIFICATION OF TRUE AND SPURIOUS LYAPUNOV EXPONENTS FROM TIME SERIES,Ulrich Parlitz,Ulrich Parlitz,1992.0,10.1142/s0218127492000148,,,,International Journal of Bifurcation and Chaos,02,01,155-165,World Scientific Pub Co Pte Lt,en,https://doi.org/10.1142/s0218127492000148,0.9,resolved,openalex,2026-08-16T22:32:50Z,X012,"A new method for the identification of true and spurious Lyapunov exponents computed from time series is presented. It is based on the observation that the true Lyapunov exponents change their signs upon time reversal whereas the spurious exponents do not. Furthermore by comparison of the spectra of the original data and the reversed time series suitable values for the free parameters of the algorithm used for computing the Lyapunov exponents (e.g., the number of nearest neighbors) are determined. As an example for this general approach an algorithm using local nonlinear approximations of the flow map in embedding space by radial basis functions is presented. For noisy data a regularization method is applied in order to get smooth approximating functions. Numerical examples based on data from the Hénon map, a four-dimensional analog of the Hénon map, a quasiperiodic time series, the Lorenz model, and Duffing’s equation are given.",Lyapunov exponent; Mathematics; Spurious relationship; Series (stratigraphy); Nonlinear system; Lorenz system; Quasiperiodic function; Applied mathematics; Mathematical analysis; Attractor; Physics; Statistics,False,article,True,True,False,doi,,"{'venue': 'crossref', 'volume': 'crossref', 'issue': 'crossref', 'pages': 'crossref', 'publisher': 'crossref', 'url': 'crossref', 'lang': 'crossref'}",{'crossref': 7},"X012.R000 resolved | hits:OA,CR | winner:- | filled:venue:CR; lang:CR | missing:-"
A340,101016jphysd201105013,Grazing bifurcations and chatter in a pressure relief valve model,Csaba Hős; Alan Champneys,Csaba Hős,2011.0,10.1016/j.physd.2011.05.013,,,,Physica D: Nonlinear Phenomena,241,22,2068-2076,Elsevier BV,en,https://doi.org/10.1016/j.physd.2011.05.013,0.9,resolved,openalex,2026-08-16T22:32:50Z,X012,,Hopf bifurcation; Numerical continuation; Tangent; Mathematics; Continuation; Bifurcation; Flow (mathematics); Limit cycle; Period-doubling bifurcation; Computation; Discontinuity (linguistics); Control theory (sociology),False,article,True,True,False,doi,,"{'venue': 'crossref', 'volume': 'crossref', 'issue': 'crossref', 'pages': 'crossref', 'publisher': 'crossref', 'url': 'crossref', 'lang': 'crossref'}",{'crossref': 7},"X012.R000 resolved | hits:OA,CR | winner:- | filled:venue:CR; lang:CR | missing:abstract"
A341,101103physreve511861,Bifurcation analysis of two coupled periodically driven Duffing oscillators,Jan Kozłowski; Ulrich Parlitz; Werner Lauterborn,Jan Kozłowski,1995.0,10.1103/physreve.51.1861,https://pubmed.ncbi.nlm.nih.gov/9962844,,,Physical Review E,51,3,1861-1867,American Physical Society (APS),en,https://doi.org/10.1103/physreve.51.1861,0.9,resolved,openalex,2026-08-16T22:32:51Z,X012,"Bifurcation diagrams and phase diagrams of two coupled periodically driven identical Duffing oscillators are presented. It is shown that the global pattern of bifurcation curves in parameter space consists of repeated subpatterns similar to the superstructure observed for single, periodically driven, strictly dissipative oscillators The subpattern itself, however, is different from that of a single Duffing oscillator due, in particular, to Hopf bifurcations that are newly added to the bifurcation scenario.",Bifurcation diagram; Bifurcation; Dissipative system; Pitchfork bifurcation; Bogdanov–Takens bifurcation; Biological applications of bifurcation theory; Mathematics; Parameter space; Duffing equation; Saddle-node bifurcation; Transcritical bifurcation; Heteroclinic bifurcation,False,article,True,True,False,doi,,"{'venue': 'crossref', 'volume': 'crossref', 'issue': 'crossref', 'pages': 'crossref', 'publisher': 'crossref', 'url': 'crossref', 'lang': 'crossref'}",{'crossref': 7},"X012.R000 resolved | hits:OA,CR | winner:- | filled:venue:CR; lang:CR | missing:-"
A342,101109tpds201161,GPU Acceleration of Runge-Kutta Integrators,Lawrence M. Murray,Lawrence M. Murray,2011.0,10.1109/tpds.2011.61,,,,IEEE Transactions on Parallel and Distributed Systems,23,1,94-101,Institute of Electrical and Electronics Engineers (IEEE),en,https://doi.org/10.1109/tpds.2011.61,0.9,resolved,openalex,2026-08-16T22:32:52Z,X012,"We consider the use of commodity graphics processing units (GPUs) for the common task of numerically integrating ordinary differential equations (ODEs), achieving speedups of up to 115-fold over comparable serial CPU implementations, and 15-fold over multithreaded CPU code with SIMD intrinsics. Using Lorenz '96 models as a case study, single and double precision benchmarks are established for both the widely used DOPRI5 method and computationally tailored low-storage RK4(3)5[2R+]C. A range of configurations are assessed on each, including multithreading and SIMD intrinsics on the CPU, and GPU kernels parallelized over both the dimensionality of the ODE system and number of trajectories. On the GPU, we draw particular attention to the problem of variable task-length among threads of the same warp, proposing a lightweight strategy of assigning multiple data items to each thread to reduce the prevalence of redundant operations. A simple analysis suggests that the strategy can draw performance close to that of ideal parallelism, while empirical results demonstrate up to a 10 percent improvement over the standard approach.",Computer science; Parallel computing; Intrinsics; SIMD; Thread (computing); Ordinary differential equation; Computational science; Differential equation; Mathematics; Operating system; Mathematical analysis,False,article,True,True,False,doi,,"{'venue': 'crossref', 'volume': 'crossref', 'issue': 'crossref', 'pages': 'crossref', 'publisher': 'crossref', 'url': 'crossref', 'lang': 'heuristic'}","{'crossref': 6, 'heuristic': 1}","X012.R000 resolved | hits:OA,CR | winner:- | filled:venue:CR; lang:HE | missing:-"
A343,101103physrevlett106234101,Ratchet Transport and Periodic Structures in Parameter Space,Alan Celestino; Cesar Manchein; Holokx A. Albuquerque; Marcus W. Beims,Alan Celestino,2011.0,10.1103/physrevlett.106.234101,https://pubmed.ncbi.nlm.nih.gov/21770505,,,Physical Review Letters,106,23,,American Physical Society (APS),en,https://doi.org/10.1103/physrevlett.106.234101,0.9,resolved,openalex,2026-08-16T22:32:52Z,X012,"This work analyzes the parameter space of a discrete ratchet model and gives direct connections between chaotic domains and a family of isoperiodic stable structures with the ratchet current. The isoperiodic structures, where larger currents are usually observed inside, appear along preferred direction in the parameter space giving a guide to follow the current. Currents in parameter space provide a direct measure of the momentum asymmetry of the multistable and chaotic attractors times the size of the corresponding basin of attraction. Transport structures are shown to exist in the parameter space of the Langevin equation with an external oscillating force.",Ratchet; Space (punctuation); Ratchet effect; Parameter space; Physics; Statistical physics; Classical mechanics; Computer science; Quantum mechanics; Mathematics; Geometry; Work (physics),True,article,True,True,False,doi,,"{'venue': 'crossref', 'volume': 'crossref', 'issue': 'crossref', 'publisher': 'crossref', 'url': 'crossref', 'lang': 'crossref'}",{'crossref': 6},"X012.R000 resolved | hits:OA,CR | winner:- | filled:venue:CR; lang:CR | missing:-"
A344,101137120903683,Programming CUDA and OpenCL: A Case Study Using Modern C++ Libraries,Denis Demidov; Karsten Ahnert; Karl Rupp; Peter Gottschling,Denis Demidov,2013.0,10.1137/120903683,,,,SIAM Journal on Scientific Computing,35,5,C453-C472,Society for Industrial & Applied Mathematics (SIAM),en,https://doi.org/10.1137/120903683,0.9,resolved,openalex,2026-08-16T22:32:52Z,X012,"We present a comparison of several modern C++ libraries providing high-level interfaces for programming multi- and many-core architectures on top of CUDA or OpenCL. The comparison focuses on the solution of ordinary differential equations (ODEs) and is based on odeint, a framework for the solution of systems of ODEs. Odeint is designed in a very flexible way and may be easily adapted for effective use of libraries such as MTL4, VexCL, or ViennaCL, using CUDA or OpenCL technologies. We found that CUDA and OpenCL work equally well for problems of large sizes, while OpenCL has higher overhead for smaller problems. Furthermore, we show that modern high-level libraries allow us to effectively use the computational resources of many-core GPUs or multicore CPUs without much knowledge of the underlying technologies.",CUDA; Computer science; Parallel computing; Multi-core processor; Overhead (engineering); Ordinary differential equation; General-purpose computing on graphics processing units; Ode; Computational science; Operating system; Differential equation; Mathematics,True,article,True,True,False,doi,,"{'venue': 'crossref', 'volume': 'crossref', 'issue': 'crossref', 'pages': 'crossref', 'publisher': 'crossref', 'url': 'crossref', 'lang': 'crossref'}",{'crossref': 7},"X012.R000 resolved | hits:OA,CR | winner:- | filled:venue:CR; lang:CR | missing:-"
A345,101109access20132290623,Solving Large Nonlinear Systems of First-Order Ordinary Differential Equations With Hierarchical Structure Using Multi-GPGPUs and an Adaptive Runge Kutta ODE Solver,Ahmad Al-Omari; Jonathan Arnold; Thiab R. Taha; H.-B. Schüttler,Ahmad Al-Omari,2013.0,10.1109/access.2013.2290623,,,,IEEE Access,1,,770-777,Institute of Electrical and Electronics Engineers (IEEE),en,https://doi.org/10.1109/access.2013.2290623,0.9,resolved,openalex,2026-08-16T22:32:52Z,X012,"The adaptive Runge–Kutta (ARK) method on multi-general-purpose graphical processing units (GPUs) is used for solving large nonlinear systems of first-order ordinary differential equations (ODEs) with over${\sim}{10\, 000}$variables describing a large genetic network in systems biology for the biological clock. To carry out the computation of the trajectory of the system, a hierarchical structure of the ODEs is exploited, and an ARK solver is implemented in compute unified device architecture/C++ (CUDA/C++) on GPUs. The result is a 75-fold speedup for calculations of 2436 independent modules within the genetic network describing clock function relative to a comparable CPU architecture. These 2436 modules span one-quarter of the entire genome of a model fungal system, Neurospora crassa. The power of a GPU can in principle be harnessed by using warp-level parallelism, instruction level parallelism or both of them. Since the ARK ODE solver is entirely sequential, we propose a new parallel processing algorithm using warp-level parallelism for solving${\sim}{10\,000}$ODEs that belong to a large genetic network describing clock genome-level dynamics. A video is attached illustrating the general idea of the method on GPUs that can be used to provide new insights into the biological clock through single cell measurements on the clock.",Computer science; Ode; Parallel computing; Ordinary differential equation; Solver; Runge–Kutta methods; Data parallelism; CUDA; Theoretical computer science; Differential equation; Computational science; Algorithm,True,article,True,True,False,doi,,"{'venue': 'crossref', 'volume': 'crossref', 'pages': 'crossref', 'publisher': 'crossref', 'url': 'crossref', 'lang': 'heuristic'}","{'crossref': 5, 'heuristic': 1}","X012.R000 resolved | hits:OA,CR | winner:- | filled:venue:CR; lang:HE | missing:-"
A346,101103physreva44916,Regular window structure of a double-well Duffing oscillator,V. Englisch; Werner Lauterborn,V. Englisch,1991.0,10.1103/physreva.44.916,https://pubmed.ncbi.nlm.nih.gov/9906039,,,Physical Review A,44,2,916-924,American Physical Society (APS),en,https://doi.org/10.1103/physreva.44.916,0.9,resolved,openalex,2026-08-16T22:32:53Z,X012,"A special, seemingly infinite sequence of saddle-node bifurcations of the driven double-well Duffing oscillator is investigated. It occurs in resonances with even torsion number and shows period-adding behavior. The sequence of saddle-node bifurcations gives rise to a regular window structure of higher and higher period. An empirical law is given of the organization of periods and torsion numbers when proceeding along the sequence to the limit.",Physics; Duffing equation; Sequence (biology); Saddle; Torsion (gastropod); Quantum mechanics; Nonlinear system; Mathematics; Medicine; Mathematical optimization; Surgery; Biology,False,article,True,True,False,doi,,"{'venue': 'crossref', 'volume': 'crossref', 'issue': 'crossref', 'pages': 'crossref', 'publisher': 'crossref', 'url': 'crossref', 'lang': 'crossref'}",{'crossref': 7},"X012.R000 resolved | hits:OA,CR | winner:- | filled:venue:CR; lang:CR | missing:-"
A347,101016jphysleta201004045,Periodic window arising in the parameter space of an impact oscillator,Everton S. Medeiros; Sílvio L.T. de Souza; Rene O. Medrano-T; Iberê L. Caldas,Everton S. Medeiros,2010.0,10.1016/j.physleta.2010.04.045,,,,Physics Letters A,374,26,2628-2635,Elsevier BV,en,https://doi.org/10.1016/j.physleta.2010.04.045,0.9,resolved,openalex,2026-08-16T22:32:53Z,X012,,Physics; Attractor; Parameter space; Lyapunov exponent; Chaotic; Control of chaos; Periodic function; Space (punctuation); CHAOS (operating system); Periodic orbits; Window (computing); Quasi periodic,True,article,True,True,False,doi,,"{'venue': 'crossref', 'volume': 'crossref', 'issue': 'crossref', 'pages': 'crossref', 'publisher': 'crossref', 'url': 'crossref', 'lang': 'crossref'}",{'crossref': 7},"X012.R000 resolved | hits:OA,CR | winner:- | filled:venue:CR; lang:CR | missing:abstract"
A348,101093imamat682205,Bifurcation analysis of surge and rotating stall in the Moore-Greitzer compression system,Csaba Hős,Csaba Hős,2003.0,10.1093/imamat/68.2.205,,,,IMA Journal of Applied Mathematics,68,2,205-228,Oxford University Press (OUP),en,https://doi.org/10.1093/imamat/68.2.205,0.9,resolved,openalex,2026-08-16T22:32:54Z,X012,"A simple compression system model, described by a set of three ordinary nonlinear differential equations (the Moore–Greitzer model) is studied using bifurcation analysis to give a qualitative understanding of the presence of surge and rotating stall. First, three parameter values are chosen and a reduced planar system is studied to detect the local bifurcations of pure surge modes. The global bifurcation diagrams are then completed with the help of the continuation software AUTO. A special feature of this 2D system is a set of parameter values where two Takens–Bogdanov points merge. As a next step, the interaction of surge and rotating stall modes is analysed using the same branch tracking technique. Several novel bifurcation scenarios are described. Two‐parameter bifurcation maps are computed and a satisfactory agreement with experimental results is found. An explanation is given for the onset of deep surge, rotating stall, classic surge and the hysteresis effects experienced in measurements.",Bifurcation; Stall (fluid mechanics); Surge; Control theory (sociology); Nonlinear system; Saddle-node bifurcation; Bifurcation diagram; Mechanics; Mathematics; Computer science; Mathematical analysis; Physics,False,article,True,True,False,doi,,"{'venue': 'crossref', 'volume': 'crossref', 'issue': 'crossref', 'pages': 'crossref', 'publisher': 'crossref', 'url': 'crossref', 'lang': 'crossref'}",{'crossref': 7},"X012.R000 resolved | hits:OA,CR | winner:- | filled:venue:CR; lang:CR | missing:-"
A349,101016jphysleta201301004,Torsion-adding and asymptotic winding number for periodic window sequences,Everton S. Medeiros; Rene O. Medrano-T; Iberê L. Caldas; Sílvio L.T. de Souza,Everton S. Medeiros,2013.0,10.1016/j.physleta.2013.01.004,,,,Physics Letters A,377,8,628-631,Elsevier BV,en,https://doi.org/10.1016/j.physleta.2013.01.004,0.9,resolved,openalex,2026-08-16T22:32:54Z,X012,"In parameter space of nonlinear dynamical systems, windows of periodic states are aligned following routes of period-adding configuring periodic window sequences. In state space of driven nonlinear oscillators, we determine the torsion associated with the periodic states and identify regions of uniform torsion in the window sequences. Moreover, we find that the measured of torsion differs by a constant between successive windows in periodic window sequences. We call this phenomenon as torsion-adding. Finally, combining the torsion and the period adding rules, we deduce a general rule to obtain the asymptotic winding number in the accumulation limit of such periodic window sequences.",Torsion (gastropod); Physics; Nonlinear system; Winding number; Periodic sequence; Mathematical analysis; Parameter space; Topology (electrical circuits); Geometry; Mathematics; Combinatorics; Quantum mechanics,True,article,True,True,False,doi,,"{'venue': 'crossref', 'volume': 'crossref', 'issue': 'crossref', 'pages': 'crossref', 'publisher': 'crossref', 'url': 'crossref', 'lang': 'crossref', 'abstract': 'unpaywall'}","{'crossref': 7, 'unpaywall': 1}","X012.R000 resolved | hits:OA,CR | winner:- | filled:venue:CR; lang:CR; abstract:UN | missing:-"
A350,101371journalpone0009881,A Mathematical Model of Sentimental Dynamics Accounting for Marital Dissolution,José‐Manuel Rey,José‐Manuel Rey,2010.0,10.1371/journal.pone.0009881,https://pubmed.ncbi.nlm.nih.gov/20360987,,,PLoS ONE,5,3,e9881,Public Library of Science (PLoS),en,https://doi.org/10.1371/journal.pone.0009881,0.9,resolved,openalex,2026-08-16T22:32:56Z,X012,"BACKGROUND: Marital dissolution is ubiquitous in western societies. It poses major scientific and sociological problems both in theoretical and therapeutic terms. Scholars and therapists agree on the existence of a sort of second law of thermodynamics for sentimental relationships. Effort is required to sustain them. Love is not enough. METHODOLOGY/PRINCIPAL FINDINGS: Building on a simple version of the second law we use optimal control theory as a novel approach to model sentimental dynamics. Our analysis is consistent with sociological data. We show that, when both partners have similar emotional attributes, there is an optimal effort policy yielding a durable happy union. This policy is prey to structural destabilization resulting from a combination of two factors: there is an effort gap because the optimal policy always entails discomfort and there is a tendency to lower effort to non-sustaining levels due to the instability of the dynamics. CONCLUSIONS/SIGNIFICANCE: These mathematical facts implied by the model unveil an underlying mechanism that may explain couple disruption in real scenarios. Within this framework the apparent paradox that a union consistently planned to last forever will probably break up is explained as a mechanistic consequence of the second law.",Dynamics (music); Accounting; Econometrics; Psychology; Economics; Pedagogy,True,article,True,True,False,doi,,"{'venue': 'crossref', 'volume': 'crossref', 'issue': 'crossref', 'pages': 'crossref', 'publisher': 'crossref', 'url': 'crossref', 'lang': 'crossref'}",{'crossref': 7},"X012.R000 resolved | hits:OA,CR | winner:- | filled:venue:CR; lang:CR | missing:-"
A351,101098rsta20072104,Attractor selection in a modulated laser and in the Lorenz circuit,R. Meucci; Francesco Salvadori; K. Al Naimee; Stefano Brugioni; Binoy Krishna Goswami; Stefano Boccaletti; F. T. Arecchi,R. Meucci,2007.0,10.1098/rsta.2007.2104,https://pubmed.ncbi.nlm.nih.gov/17673407,,,"Philosophical Transactions of the Royal Society A: Mathematical, Physical and Engineering Sciences",366,1864,475-486,The Royal Society,en,https://doi.org/10.1098/rsta.2007.2104,0.9,resolved,openalex,2026-08-16T22:32:56Z,X012,"By tuning a control parameter, a chaotic system can either display two or more attractors (generalized multistability) or exhibit an interior crisis, whereby a chaotic attractor suddenly expands to include the region of an unstable orbit (bursting regime).Recently, control of multistability and bursting have been experimentally proved in a modulated class B laser by means of a feedback method. In a bistable regime, the method relies on the knowledge of the frequency components of the two attractors. Near an interior crisis, the method requires retrieval of the unstable orbit colliding with the chaotic attractor. We also show that a suitable parameter modulation is able to control bistability in the Lorenz system. We observe that, for every given modulation frequency, the chaotic attractor is destroyed under a boundary crisis. The threshold control amplitude depends on the control frequency and the location of the operating point in the bistable regime. Beyond the boundary crisis, the system remains in the steady state even if the control is switched off, demonstrating control of bistability.",Multistability; Attractor; Bistability; Lorenz system; Chaotic; Boundary (topology); Control theory (sociology); Physics; Bursting; Crisis; Orbit (dynamics); Statistical physics,False,article,True,True,False,doi,,"{'venue': 'crossref', 'volume': 'crossref', 'issue': 'crossref', 'pages': 'crossref', 'publisher': 'crossref', 'url': 'crossref', 'lang': 'crossref'}",{'crossref': 7},"X012.R000 resolved | hits:OA,CR | winner:- | filled:venue:CR; lang:CR | missing:-"
A352,101103physreva355228,Persistent properties of crises in a Duffing oscillator,Yao Huang Kao; Jeun Chyuan Huang; Yih Shun Gou,Yao Huang Kao,1987.0,10.1103/physreva.35.5228,https://pubmed.ncbi.nlm.nih.gov/9898150,,,Physical Review A,35,12,5228-5232,American Physical Society (APS),en,https://doi.org/10.1103/physreva.35.5228,0.9,resolved,openalex,2026-08-16T22:32:56Z,X012,Crises in a two-well forced oscillator of Duffing type are studied with an analog simulation. Its features are discussed with the aid of return maps and phase portraits. Two types of boundary crisis in a strange attractor following the Feigenbaum route to chaos are found. One is associated with a hopping between two strange attractors and is confirmed with the presence of 1/f noise spectrum. The other is associated with a hysteresis jump. A borderline of differentiating these two characters is also indicated.,Attractor; Phase portrait; Jump; Hysteresis; Physics; Duffing equation; Noise (video); Boundary (topology); Phase (matter); Spectrum (functional analysis); Statistical physics; Bifurcation,False,article,True,True,False,doi,,"{'venue': 'crossref', 'volume': 'crossref', 'issue': 'crossref', 'pages': 'crossref', 'publisher': 'crossref', 'url': 'crossref', 'lang': 'crossref'}",{'crossref': 7},"X012.R000 resolved | hits:OA,CR | winner:- | filled:venue:CR; lang:CR | missing:-"
A353,101103physreve78066208,Control of multistate hopping intermittency,Binoy Krishna Goswami,Binoy Krishna Goswami,2008.0,10.1103/physreve.78.066208,https://pubmed.ncbi.nlm.nih.gov/19256926,,,Physical Review E,78,6,,American Physical Society (APS),en,https://doi.org/10.1103/physreve.78.066208,0.9,resolved,openalex,2026-08-16T22:32:56Z,X012,"In multistable regimes, noise can create ""multistate hopping intermittency,"" i.e., intermittent transitions among coexisting stable attractors. We demonstrate that a small periodic perturbation can significantly control such hopping intermittency. By ""control"" we imply a qualitative change in the probability distribution of occupation in the phase space around the stable attractors. In other words, if the uncontrolled system exhibits a preference to stay around a given attractor (say "" A "") in comparison to another attractor (say "" B ""), the control perturbation creates a contrasting scenario so that attractor B is most frequently visited and consequently, the occupation probability becomes maximum around B instead of A . The control perturbation works in the following way: It destroys attractor A by boundary crisis while attractor B remains stable. As a result, even if the system is pushed by noise into the erstwhile basin of attractor A , the system does not remain there for long and therefore stays longer around attractor B . Significantly, such a change in the intermittent scenario can be obtained by a small-amplitude and slow-periodic perturbation. The control is theoretically demonstrated with two standard models, namely, Lorenz equations (for autonomous systems), and the periodically driven, damped Toda oscillator (for nonautonomous systems). Recent experiments with a cavity-loss modulated CO2 laser and an analog circuit of Lorenz equations have validated our theoretical demonstrations excellently.",Attractor; Intermittency; Perturbation (astronomy); Lorenz system; Statistical physics; Physics; Multistability; Mathematics; Control theory (sociology); Mathematical analysis; Nonlinear system; Turbulence,False,article,True,True,False,doi,,"{'venue': 'crossref', 'volume': 'crossref', 'issue': 'crossref', 'publisher': 'crossref', 'url': 'crossref', 'lang': 'crossref'}",{'crossref': 6},"X012.R000 resolved | hits:OA,CR | winner:- | filled:venue:CR; lang:CR | missing:-"
A354,10114510890141089020,SUNDIALS,A.C. Hindmarsh; Peter N. Brown; Keith Eric Grant; Steven L. Lee; Radu Serban; Dan Shumaker; Carol S. Woodward,A.C. Hindmarsh,2005.0,10.1145/1089014.1089020,,,,ACM Transactions on Mathematical Software,31,3,363-396,Association for Computing Machinery (ACM),en,https://doi.org/10.1145/1089014.1089020,0.9,resolved,openalex,2026-08-16T22:32:57Z,X012,"SUNDIALS is a suite of advanced computational codes for solving large-scale problems that can be modeled as a system of nonlinear algebraic equations, or as initial-value problems in ordinary differential or differential-algebraic equations. The basic versions of these codes are called KINSOL, CVODE, and IDA, respectively. The codes are written in ANSI standard C and are suitable for either serial or parallel machine environments. Common and notable features of these codes include inexact Newton-Krylov methods for solving large-scale nonlinear systems; linear multistep methods for time-dependent problems; a highly modular structure to allow incorporation of different preconditioning and/or linear solver methods; and clear interfaces allowing for users to provide their own data structures underneath the solvers. We describe the current capabilities of the codes, along with some of the algorithms and heuristics used to achieve efficiency and robustness. We also describe how the codes stem from previous and widely used Fortran 77 solvers, and how the codes have been augmented with forward and adjoint methods for carrying out first-order sensitivity analysis with respect to model parameters or initial conditions.",Computer science; Solver; Nonlinear system; Robustness (evolution); Algorithm; Computational science; Parallel computing; Applied mathematics; Mathematics; Programming language; Chemistry; Physics,True,article,True,True,False,doi,,"{'venue': 'crossref', 'volume': 'crossref', 'issue': 'crossref', 'pages': 'crossref', 'publisher': 'crossref', 'url': 'crossref', 'lang': 'crossref'}",{'crossref': 7},"X012.R000 resolved | hits:OA,CR | winner:- | filled:venue:CR; lang:CR | missing:-"
A355,105334jors151,DifferentialEquations.jl – A Performant and Feature-Rich Ecosystem for Solving Differential Equations in Julia,Christopher Rackauckas; Qing Nie,Christopher Rackauckas,2017.0,10.5334/jors.151,,,,Journal of Open Research Software,5,1,15,"Ubiquity Press, Ltd.",en,https://doi.org/10.5334/jors.151,0.9,resolved,openalex,2026-08-16T22:32:57Z,X012,"DifferentialEquations.jl is a package for solving differential equations in Julia. It covers discrete equations (function maps, discrete stochastic (Gillespie/Markov) simulations), ordinary differential equations, stochastic differential equations, algebraic differential equations, delay differential equations, hybrid differential equations, jump diffusions, and (stochastic) partial differential equations. Through extensive use of multiple dispatch, metaprogramming, plot recipes, foreign function interfaces (FFI), and call-overloading, DifferentialEquations.jl offers a unified user interface to solve and analyze various forms of differential equations while not sacrificing features or performance. Many modern features are integrated into the solvers, such as allowing arbitrary user-defined number systems for high-precision and arithmetic with physical units, built-in multithreading and parallelism, and symbolic calculation of Jacobians. Integrated into the package is an algorithm testing and benchmarking suite to both ensure accuracy and serve as an easy way for researchers to develop and distribute their own methods. Together, these features build a highly extendable suite which is feature-rich and highly performant.Funding statement: This work was partially supported by NIH grants P50GM76516 and R01GM107264 and NSF grants DMS1562176 and DMS1161621. This material is based upon work supported by the National Science Foundation Graduate Research Fellowship under Grant No. DGE-1321846, the National Academies of Science, Engineering, and Medicine via the Ford Foundation, and the National Institutes of Health Award T32 EB009418. Its contents are solely the responsibility of the authors and do not necessarily represent the official views of the NIH.",Computer science; Differential algebraic equation; Differential equation; Stochastic differential equation; Applied mathematics; Theoretical computer science; Ordinary differential equation; Algebra over a field; Mathematics; Pure mathematics; Mathematical analysis,True,article,True,True,False,doi,,"{'venue': 'crossref', 'volume': 'crossref', 'issue': 'crossref', 'pages': 'crossref', 'publisher': 'crossref', 'url': 'crossref', 'lang': 'heuristic'}","{'crossref': 6, 'heuristic': 1}","X012.R000 resolved | hits:OA,CR | winner:- | filled:venue:CR; lang:HE | missing:-"
A356,101103physreve94052205,Excitation and suppression of chimera states by multiplexing,Vladimir Maksimenko; В. В. Макаров; Bidesh K. Bera; Dibakar Ghosh; Syamal K. Dana; Mikhail V. Goremyko; Nikita Frolov; А. А. Короновский; Alexander E. Hramov,Vladimir Maksimenko,2016.0,10.1103/physreve.94.052205,https://pubmed.ncbi.nlm.nih.gov/27967153,,,Physical Review E,94,5,,American Physical Society (APS),en,https://doi.org/10.1103/physreve.94.052205,0.9,resolved,openalex,2026-08-16T22:32:57Z,X012,"We study excitation and suppression of chimera states in an ensemble of nonlocally coupled oscillators arranged in a framework of multiplex network. We consider the homogeneous network (all identical oscillators) with different parametric cases and interlayer heterogeneity by introducing parameter mismatch between the layers. We show the feasibility to suppress chimera states in the multiplex network via moderate interlayer interaction between a layer exhibiting chimera state and other layers which are in a coherent or incoherent state. On the contrary, for larger interlayer coupling, we observe the emergence of identical chimera states in both layers which we call an interlayer chimera state. We map the spatiotemporal behavior in a wide range of parameters, varying interlayer coupling strength and phase lag in two and three multiplexing layers. We also prove the emergence of interlayer chimera states in a multiplex network via evaluation of a continuous model. Furthermore, we consider the two-layered network of Hindmarsh-Rose neurons and reveal that in such a system multiplex interaction between layers is capable of exciting not only the synchronous interlayer chimera state but also nonidentical chimera patterns.",Chimera (genetics); Multiplexing; Multiplex; Homogeneous; Coupling strength; Excitation; Physics; Parametric statistics; Materials science; Statistical physics; Computer science; Condensed matter physics,False,article,True,True,False,doi,,"{'venue': 'crossref', 'volume': 'crossref', 'issue': 'crossref', 'publisher': 'crossref', 'url': 'crossref', 'lang': 'crossref'}",{'crossref': 6},"X012.R000 resolved | hits:OA,CR | winner:- | filled:venue:CR; lang:CR | missing:-"
A357,101016jultsonch201508022,The secondary Bjerknes force between two gas bubbles under dual-frequency acoustic excitation,Yuning Zhang; Yuning Zhang; Shengcai Li,Yuning Zhang,2015.0,10.1016/j.ultsonch.2015.08.022,https://pubmed.ncbi.nlm.nih.gov/26584991,,,Ultrasonics Sonochemistry,29,,129-145,Elsevier BV,en,https://doi.org/10.1016/j.ultsonch.2015.08.022,0.9,resolved,openalex,2026-08-16T22:32:57Z,X012,"The secondary Bjerknes force is one of the essential mechanisms of mutual interactions between bubbles oscillating in a sound field. The dual-frequency acoustic excitation has been applied in several fields such as sonochemistry, biomedicine and material engineering. In this paper, the secondary Bjerknes force under dual-frequency excitation is investigated both analytically and numerically within a large parameter zone. The unique characteristics (i.e., the complicated patterns of the parameter zone for sign change and the combination resonances) of the secondary Bjerknes force under dual-frequency excitation are revealed. Moreover, the influence of several parameters (e.g., the pressure amplitude, the bubble distance and the phase difference between sound waves) on the secondary Bjerknes force is also investigated numerically.",Excitation; Bubble; Physics; Sound pressure; Mechanics; Amplitude; Acoustics; Sonochemistry; Classical mechanics; Optics; Quantum mechanics,True,article,True,True,False,doi,,"{'venue': 'crossref', 'volume': 'crossref', 'pages': 'crossref', 'publisher': 'crossref', 'url': 'crossref', 'lang': 'crossref'}",{'crossref': 6},"X012.R000 resolved | hits:OA,CR | winner:- | filled:venue:CR; lang:CR | missing:-"
A358,101016jultsonch201610022,Combination and simultaneous resonances of gas bubbles oscillating in liquids under dual-frequency acoustic excitation,Yuning Zhang; Yuning Zhang; Shengcai Li,Yuning Zhang,2016.0,10.1016/j.ultsonch.2016.10.022,https://pubmed.ncbi.nlm.nih.gov/27818004,,,Ultrasonics Sonochemistry,35,,431-439,Elsevier BV,en,https://doi.org/10.1016/j.ultsonch.2016.10.022,0.9,resolved,openalex,2026-08-16T22:32:58Z,X012,,Harmonics; Bubble; Excitation; Resonance (particle physics); Amplitude; Sonochemistry; Acoustics; Nonlinear Oscillations; Nonlinear system; Acoustic resonance; Atomic physics; Physics,False,article,True,True,False,doi,,"{'venue': 'crossref', 'volume': 'crossref', 'pages': 'crossref', 'publisher': 'crossref', 'url': 'crossref', 'lang': 'crossref'}",{'crossref': 6},"X012.R000 resolved | hits:OA,CR | winner:- | filled:venue:CR; lang:CR | missing:abstract"
A359,101016jcombustflame201609018,On the merits of extrapolation-based stiff ODE solvers for combustion CFD,Abdurrahman İmren; Daniel C. Haworth,Abdurrahman İmren,2016.0,10.1016/j.combustflame.2016.09.018,,,,Combustion and Flame,174,,1-15,Elsevier BV,en,https://doi.org/10.1016/j.combustflame.2016.09.018,0.9,resolved,openalex,2026-08-16T22:32:59Z,X012,"In applications including compression-ignition engines, there is a need to accommodate more realistic chemistry in computational fluid dynamics (CFD) simulations. Here, we consider approaches where a chemical mechanism is implemented in an application CFD code, an operator-splitting strategy is used to isolate the chemical source terms, and a stiff ordinary differential equation (ODE) solver is used to compute the changes in composition due to chemical reactions for each computational element. Chemical source terms often dominate the computational effort, and reducing the high computational cost associated with realistic chemistry has been the subject of extensive research. This includes work on improved stiff ODE solvers, which in most cases has centered on backward differentiation formula (BDF) methods. Here a different class of solvers is considered, based on extrapolation methods. Key elements of stiff ODE solvers are reviewed briefly, focusing on differences between BDF methods and extrapolation methods. Issues related to using a stiff ODE solver with operator splitting in a CFD code (where the solver is repeatedly stopped and restarted) are emphasized. Homogeneous-reactor results are presented first. There the relationship between user-specified error tolerances and solution accuracy is explored, tradeoffs between accuracy and CPU time are shown, and close-to-linear increase in CPU time with increasing chemical mechanism size is demonstrated. Engine results are presented next, including both homogeneous-charge compression-ignition engines, and direct-injection (nonhomogeneous) compression-ignition engines. There some results are presented where the stiff ODE solver is combined with a dynamic adaptive chemistry scheme. In all cases, it is found that the extrapolation solver offers significant advantages in accuracy and computational efficiency compared to the BDF solver. While the results presented are for one BDF solver (CVODE) and one extrapolation solver (SEULEX), it is anticipated that the insight into how stiff ODE solvers behave in combustion CFD will be broadly applicable to other solvers in these general classes.",Ode; Solver; Extrapolation; Computational fluid dynamics; Stiff equation; Computer science; Applied mathematics; Ordinary differential equation; Computational science; Differential equation; Mathematics; Mechanics,True,article,True,True,False,doi,,"{'venue': 'crossref', 'volume': 'crossref', 'pages': 'crossref', 'publisher': 'crossref', 'url': 'crossref', 'lang': 'crossref'}",{'crossref': 6},"X012.R000 resolved | hits:OA,CR | winner:- | filled:venue:CR; lang:CR | missing:-"
A360,101016jultsonch201703058,Chaotic oscillations of gas bubbles under dual-frequency acoustic excitation,Yuning Zhang; Yuning Zhang,Yuning Zhang,2017.0,10.1016/j.ultsonch.2017.03.058,https://pubmed.ncbi.nlm.nih.gov/28412092,,,Ultrasonics Sonochemistry,40,,151-157,Elsevier BV,en,https://doi.org/10.1016/j.ultsonch.2017.03.058,0.9,resolved,openalex,2026-08-16T22:32:59Z,X012,"Chaotic oscillation of bubbles in liquids reduces the efficiency of the sonochemical system and should be suppressed in the practical applications. In the present paper, a chaos control method based on the dual-frequency approach is numerically investigated and is proved to be an effective method even for cases with intensive energy input. It was found that the chaos could be successfully suppressed by the application of dual-frequency approach in a wide range of parameter zone (even with high acoustic pressure amplitude). Furthermore, influences of power allocation between two waves on the chaos control are quantitatively discussed with clear descriptions of the routes from stable oscillations to chaos.",Chaotic; Oscillation (cell signaling); CHAOS (operating system); Dual (grammatical number); Range (aeronautics); Amplitude; Excitation; Control theory (sociology); Power (physics); Mechanics; Physics; Acoustics,True,article,True,True,False,doi,,"{'venue': 'crossref', 'volume': 'crossref', 'pages': 'crossref', 'publisher': 'crossref', 'url': 'crossref', 'lang': 'crossref'}",{'crossref': 6},"X012.R000 resolved | hits:OA,CR | winner:- | filled:venue:CR; lang:CR | missing:-"
A361,101016jphysleta201602049,The role of extreme orbits in the global organization of periodic regions in parameter space for one dimensional maps,Diogo Ricardo da Costa; Matheus Hansen; Gustavo Guarise; Rene O. Medrano-T; Edson D. Leonel,Diogo Ricardo da Costa,2016.0,10.1016/j.physleta.2016.02.049,,,,Physics Letters A,380,18-19,1610-1614,Elsevier BV,en,https://doi.org/10.1016/j.physleta.2016.02.049,0.9,resolved,openalex,2026-08-16T22:32:59Z,X012,,Physics; Dissipative system; Parameter space; Nonlinear system; Statistical physics; Formalism (music); Logistic map; Space (punctuation); Periodic orbits; Distribution (mathematics); Classical mechanics; Mathematical analysis,True,article,True,True,False,doi,,"{'venue': 'crossref', 'volume': 'crossref', 'issue': 'crossref', 'pages': 'crossref', 'publisher': 'crossref', 'url': 'crossref', 'lang': 'crossref'}",{'crossref': 7},"X012.R000 resolved | hits:OA,CR | winner:- | filled:venue:CR; lang:CR | missing:abstract"
A362,101016jcombustflame201702005,An investigation of GPU-based stiff chemical kinetics integration methods,Nicholas Curtis; Kyle E. Niemeyer; Chih‐Jen Sung,Nicholas Curtis,2017.0,10.1016/j.combustflame.2017.02.005,,,,Combustion and Flame,179,,312-324,Elsevier BV,en,https://doi.org/10.1016/j.combustflame.2017.02.005,0.9,resolved,openalex,2026-08-16T22:33:12Z,X012,"A fifth-order implicit Runge-Kutta method and two fourth-order exponential integration methods equipped with Krylov subspace approximations were implemented for the GPU and paired with the analytical chemical kinetic Jacobian software pyJac. The performance of each algorithm was evaluated by integrating thermochemical state data sampled from stochastic partially stirred reactor simulations and compared with the commonly used CPU-based implicit integrator CVODE. We estimated that the implicit Runge-Kutta method running on a single GPU is equivalent to CVODE running on 12-38 CPU cores for integration of a single global integration time step of 1e-6 s with hydrogen and methane models. In the stiffest case studied---the methane model with a global integration time step of 1e-4 s---thread divergence and higher memory traffic significantly decreased GPU performance to the equivalent of CVODE running on approximately three CPU cores. The exponential integration algorithms performed more slowly than the implicit integrators on both the CPU and GPU. Thread divergence and memory traffic were identified as the main limiters of GPU integrator performance, and techniques to mitigate these issues were discussed. Use of a finite-difference Jacobian on the GPU---in place of the analytical Jacobian provided by pyJac---greatly decreased integrator performance due to thread divergence, resulting in maximum slowdowns of 7.11-240.96 times; in comparison, the corresponding slowdowns on the CPU were just 1.39-2.61 times, underscoring the importance of use of an analytical Jacobian for efficient GPU integration. Finally, future research directions for working towards enabling realistic chemistry in reactive-flow simulations via GPU\slash SIMD accelerated stiff chemical kinetic integration were identified.",Kinetics; Computational science; Chemical kinetics; Computer science; Chemistry; Parallel computing; Thermodynamics; Physics; Classical mechanics,True,article,True,True,False,doi,,"{'venue': 'crossref', 'volume': 'crossref', 'pages': 'crossref', 'publisher': 'crossref', 'url': 'crossref', 'lang': 'crossref', 'abstract': 'unpaywall'}","{'crossref': 6, 'unpaywall': 1}","X012.R000 resolved | hits:OA,CR | winner:- | filled:venue:CR; lang:CR; abstract:UN | missing:-"
A363,101016jcnsns201512021,Numerical characterization of nonlinear dynamical systems using parallel computing: The role of GPUs approach,Filipe Ieda Fazanaro; Diogo C. Soriano; Ricardo Suyama; Marconi Kolm Madrid; José Raimundo de Oliveira; Ignacio Bravo Muñoz; Romis Attux,Filipe Ieda Fazanaro,2016.0,10.1016/j.cnsns.2015.12.021,,,,Communications in Nonlinear Science and Numerical Simulation,37,,143-162,Elsevier BV,en,https://doi.org/10.1016/j.cnsns.2015.12.021,0.9,resolved,openalex,2026-08-16T22:33:13Z,X012,,Lyapunov exponent; CUDA; Computer science; Dynamical systems theory; Context (archaeology); Attractor; Discretization; Graphics; Speedup; Nonlinear system; Computational science; Theoretical computer science,False,article,True,True,False,doi,,"{'venue': 'crossref', 'volume': 'crossref', 'pages': 'crossref', 'publisher': 'crossref', 'url': 'crossref', 'lang': 'crossref'}",{'crossref': 6},"X012.R000 resolved | hits:OA,CR | winner:- | filled:venue:CR; lang:CR | missing:abstract"
A364,101016jcpc201801015,"Accelerating finite-rate chemical kinetics with coprocessors: Comparing vectorization methods on GPUs, MICs, and CPUs",Christopher P. Stone; Andrew T. Alferman; Kyle E. Niemeyer,Christopher P. Stone,2018.0,10.1016/j.cpc.2018.01.015,,,,Computer Physics Communications,226,,18-29,Elsevier BV,en,https://doi.org/10.1016/j.cpc.2018.01.015,0.9,resolved,openalex,2026-08-16T22:33:14Z,X012,"Efficient ordinary differential equation solvers for chemical kinetics must take into account the available thread and instruction-level parallelism of the underlying hardware, especially on many-core coprocessors, as well as the numerical efficiency. A stiff Rosenbrock and nonstiff Runge-Kutta solver are implemented using the single instruction, multiple thread (SIMT) and single instruction, multiple data (SIMD) paradigms with OpenCL. The performances of these parallel implementations were measured with three chemical kinetic models across several multicore and many-core platforms. Two runtime benchmarks were conducted to clearly determine any performance advantage offered by either method: evaluating the right-hand-side source terms in parallel, and integrating a series of constant-pressure homogeneous reactors using the Rosenbrock and Runge-Kutta solvers. The right-hand-side evaluations with SIMD parallelism on the host multicore Xeon CPU and many-core Xeon Phi co-processor performed approximately three times faster than the baseline multithreaded code. The SIMT model on the host and Phi was 13-35% slower than the baseline while the SIMT model on the GPU provided approximately the same performance as the SIMD model on the Phi. The runtimes for both ODE solvers decreased 2.5-2.7x with the SIMD implementations on the host CPU and 4.7-4.9x with the Xeon Phi coprocessor compared to the baseline parallel code. The SIMT implementations on the GPU ran 1.4-1.6 times faster than the baseline multithreaded CPU code; however, this was significantly slower than the SIMD versions on the host CPU or the Xeon Phi. The performance difference between the three platforms was attributed to thread divergence caused by the adaptive step-sizes within the ODE integrators. Analysis showed that the wider vector width of the GPU incurs a higher level of divergence than the narrower Sandy Bridge or Xeon Phi.",Coprocessor; Kinetics; Vectorization (mathematics); Parallel computing; Computer science; Chemical kinetics; Computational science; Physics; Quantum mechanics,True,article,True,True,False,doi,,"{'venue': 'crossref', 'volume': 'crossref', 'pages': 'crossref', 'publisher': 'crossref', 'url': 'crossref', 'lang': 'crossref', 'abstract': 'unpaywall'}","{'crossref': 6, 'unpaywall': 1}","X012.R000 resolved | hits:OA,CR | winner:- | filled:venue:CR; lang:CR; abstract:UN | missing:-"
A365,10100797833190654897,Solving Ordinary Differential Equations on GPUs,Karsten Ahnert; Denis Demidov; Mario Mulansky,Karsten Ahnert,2014.0,10.1007/978-3-319-06548-9_7,,,,Numerical Computations with GPUs,,,125-157,Springer International Publishing,en,https://doi.org/10.1007/978-3-319-06548-9_7,0.9,resolved,openalex,2026-08-16T22:33:15Z,X012,,Ode; Ordinary differential equation; Computer science; Scalability; Code (set theory); Computational science; Theoretical computer science; Numerical analysis; Mathematical optimization; Applied mathematics; Parallel computing; Differential equation,False,chapter,True,True,False,doi,,"{'venue': 'crossref', 'pages': 'crossref', 'publisher': 'crossref', 'url': 'crossref', 'lang': 'crossref'}",{'crossref': 5},"X012.R000 resolved | hits:OA,CR | winner:- | filled:venue:CR; lang:CR | missing:abstract"
A366,101140epjbe2017705296,The effect of temperature on generic stable periodic structures in the parameter space of dissipative relativistic standard map,Ana C. C. Horstmann; Holokx A. Albuquerque; Cesar Manchein,Ana C. C. Horstmann,2017.0,10.1140/epjb/e2017-70529-6,,,,The European Physical Journal B,90,5,,Springer Science and Business Media LLC,en,https://doi.org/10.1140/epjb/e2017-70529-6,0.9,resolved,openalex,2026-08-16T22:33:17Z,X012,"In this work, we have characterized changes in the dynamics of a two-dimensional relativistic standard map in the presence of dissipation and specially when it is submitted to thermal effects modeled by a Gaussian noise reservoir. By the addition of thermal noise in the dissipative relativistic standard map (DRSM) it is possible to suppress typical stable periodic structures (SPSs) embedded in the chaotic domains of parameter space for large enough temperature strengths. Smaller SPSs are first affected by thermal effects, starting from their borders, as a function of temperature. To estimate the necessary temperature strength capable to destroy those SPSs we use the largest Lyapunov exponent to obtain the critical temperature ($T_C$) diagrams. For critical temperatures the chaotic behavior takes place with the suppression of periodic motion, although, the temperature strengths considered in this work are not so large to convert the deterministic features of the underlying system into a stochastic ones.",Dissipative system; Lyapunov exponent; Chaotic; Physics; Noise (video); Dissipation; Work (physics); Standard map; Statistical physics; Parameter space; Space (punctuation); Thermal,True,article,True,True,False,doi,,"{'venue': 'crossref', 'volume': 'crossref', 'issue': 'crossref', 'publisher': 'crossref', 'url': 'crossref', 'lang': 'crossref', 'abstract': 'unpaywall'}","{'crossref': 6, 'unpaywall': 1}","X012.R000 resolved | hits:OA,CR | winner:- | filled:venue:CR; lang:CR; abstract:UN | missing:-"
A367,1010800022250x20161200039,The social diversification of fashion,Pietro Landi; Fabio Dercole,Pietro Landi,2016.0,10.1080/0022250x.2016.1200039,,,,The Journal of Mathematical Sociology,40,3,185-205,Informa UK Limited,en,https://doi.org/10.1080/0022250x.2016.1200039,0.9,resolved,openalex,2026-08-16T22:33:19Z,X012,"Pietro Landiab* & Fabio Dercoleca Department of Mathematical Sciences, Stellenbosch University, Stellenbosch, South Africab Evolution and Ecology Program, International Institute for Applied Systems Analysis, Laxenburg, Austriac Department of Electronics, Information, and Bioengineering, Politecnico di Milano, Milan, ItalyCONTACT Pietro Landi landi@sun.ac.za Department of Mathematical Sciences, Stellenbosch University, Private Bag X1, 7602, Matieland, Stellenbosch, South Africa.ABSTRACTWe propose a model to investigate the dynamics of fashion traits purely driven by social interactions. We assume that people adapt their style to maximize social success, and we describe the interaction as a repeated group game in which the payoffs reflect the social norms dictated by fashion. On one hand, the tendency to imitate the trendy stereotypes opposed to the tendency to diverge from them to proclaim identity; on the other hand, the exploitation of sex appeal for dating success opposed to the moral principles of the society. These opposing forces promote diversity in fashion traits, as predicted by the modeling framework of adaptive dynamics. Our results link the so-called horizontal dynamics—the primary driver of fashion evolution, compared with the vertical dynamics accounting for interclass and economic drivers—to style variety.",Diversification (marketing strategy); Library science; Regional science; Engineering; Geography; Ecology; Political science; Operations research; Computer science; Biology; Business; Marketing,True,article,True,True,False,doi,,"{'venue': 'crossref', 'volume': 'crossref', 'issue': 'crossref', 'pages': 'crossref', 'publisher': 'crossref', 'url': 'crossref', 'lang': 'crossref'}",{'crossref': 7},"X012.R000 resolved | hits:OA,CR | winner:- | filled:venue:CR; lang:CR | missing:-"
A368,101103physreve92022907,Comparison of winding-number sequences for symmetric and asymmetric oscillatory systems,V. Englisch; Ulrich Parlitz; Werner Lauterborn,V. Englisch,2015.0,10.1103/physreve.92.022907,https://pubmed.ncbi.nlm.nih.gov/26382476,,,Physical Review E,92,2,,American Physical Society (APS),en,https://doi.org/10.1103/physreve.92.022907,0.9,resolved,openalex,2026-08-16T22:33:19Z,X012,"The bifurcation sets of symmetric and asymmetric periodically driven oscillators are investigated and classified by means of winding numbers. It is shown that periodic windows within chaotic regions are forming winding-number sequences on different levels. These sequences can be described by a simple formula that makes it possible to predict winding numbers at bifurcation points. Symmetric and asymmetric systems follow similar rules for the development of winding numbers within different sequences and these sequences can be combined into a single general rule. The role of the two distinct period-doubling cascades is investigated in the light of the winding-number sequences discovered. Examples are taken from the double-well Duffing oscillator, a special two-parameter Duffing oscillator, and a bubble oscillator.",Winding number; Mathematics; Bifurcation; Duffing equation; Period-doubling bifurcation; Chaotic; Sequence (biology); Pitchfork bifurcation; Mathematical analysis; Saddle-node bifurcation; Physics; Nonlinear system,False,article,True,True,False,doi,,"{'venue': 'crossref', 'volume': 'crossref', 'issue': 'crossref', 'publisher': 'crossref', 'url': 'crossref', 'lang': 'crossref'}",{'crossref': 6},"X012.R000 resolved | hits:OA,CR | winner:- | filled:venue:CR; lang:CR | missing:-"
A369,101016jphysa201603015,Weak dissipative effects on trajectories from the edge of basins of attraction,Carlos Alberto Coelho Jousseph; Taline Suellen Krüger; Cesar Manchein; S. R. Lopes; Marcus W. Beims,Carlos Alberto Coelho Jousseph,2016.0,10.1016/j.physa.2016.03.015,,,,Physica A: Statistical Mechanics and its Applications,456,,68-74,Elsevier BV,en,https://doi.org/10.1016/j.physa.2016.03.015,0.9,resolved,openalex,2026-08-16T22:33:19Z,X012,,Attraction; Dissipative system; Enhanced Data Rates for GSM Evolution; Physics; Classical mechanics; Statistical physics; Mathematics; Mathematical economics; Computer science; Quantum mechanics; Artificial intelligence; Philosophy,True,article,True,True,False,doi,,"{'venue': 'crossref', 'volume': 'crossref', 'pages': 'crossref', 'publisher': 'crossref', 'url': 'crossref', 'lang': 'crossref'}",{'crossref': 6},"X012.R000 resolved | hits:OA,CR | winner:- | filled:venue:CR; lang:CR | missing:abstract"
A370,101016s0375960198003387,"Self-similarity in the bifurcation structure involving period tripling, and a suggested generalization to period n-tupling",Binoy Krishna Goswami,Binoy Krishna Goswami,1998.0,10.1016/s0375-9601(98)00338-7,,,,Physics Letters A,245,1-2,97-109,Elsevier BV,en,https://doi.org/10.1016/s0375-9601(98)00338-7,0.9,resolved,openalex,2026-08-16T22:33:21Z,X012,,Bifurcation; Physics; Parameter space; Period (music); Period-doubling bifurcation; Generalization; Saddle-node bifurcation; Orbit (dynamics); Mathematical analysis; Pure mathematics; Mathematics; Quantum mechanics,False,article,True,True,False,doi,,"{'venue': 'crossref', 'volume': 'crossref', 'issue': 'crossref', 'pages': 'crossref', 'publisher': 'crossref', 'url': 'crossref', 'lang': 'crossref'}",{'crossref': 7},"X012.R000 resolved | hits:OA,CR | winner:- | filled:venue:CR; lang:CR | missing:abstract"
A371,10251462013369,Techniques for solving stiff chemical kinetics on GPUs,Christopher Stone; Roger L. Davis,Christopher Stone,2013.0,10.2514/6.2013-369,,,,51st AIAA Aerospace Sciences Meeting including the New Horizons Forum and Aerospace Exposition,,,,American Institute of Aeronautics and Astronautics,en,https://doi.org/10.2514/6.2013-369,0.9,resolved,openalex,2026-08-16T22:33:22Z,X012,"numbers of ODEs with comparable solution accuracy. The GPU implementation of the DVODE solver achieved a maximum speed-up of 7.7x over the baseline CPU run-time. The performance impact of mapping one thread to each ODE was compared to mapping an entire CUDA thread-block per ODE (i.e., multiple threads per ODE). The one-threadper-ODE approach achieved greater overall speed-up compared to the one-block-per-ODE approach but only when the number of ODEs was large: 1,000 ODEs were needed just to break even with the scalar CPU version and over 50,000 ODEs to reach maximum parallel efficiency. The performance difference is most pronounced with the RKF45 algorithm. The peak performance with the one-thread-per-ODE method was nearly 2x faster than the one-block-per-ODE approach. The one-block-per-problem implementation of RKF45 and DVODE both achieved lower peak speed-ups but outperformed the scalar CPU performance with as few as 100 ODEs. The new GPU-enabled ODE solvers demonstrate a method to significantly reduce the computational cost of detailed finite-rate combustion simulations with turn-around cost savings exceeding an order of magnitude.",Ode; Parallel computing; Computer science; Thread (computing); Solver; Algorithm; Scalar (mathematics); Block (permutation group theory); Computational science; Applied mathematics; Mathematical optimization; Mathematics,False,conference,True,True,False,doi,,"{'venue': 'crossref', 'publisher': 'crossref', 'url': 'crossref', 'lang': 'heuristic'}","{'crossref': 3, 'heuristic': 1}","X012.R000 resolved | hits:OA,CR | winner:- | filled:venue:CR; lang:HE | missing:-"
A372,102514masm13,51st AIAA Aerospace Sciences Meeting including the New Horizons Forum and Aerospace Exposition,,,2013.0,10.2514/masm13,,,,,,,,American Institute of Aeronautics and Astronautics,en,https://doi.org/10.2514/masm13,0.9,resolved,openalex,2026-08-16T22:33:22Z,X012,,Aerospace; Exposition (narrative); Aerospace engineering; New horizons; Engineering; Aeronautics; Computer science; Art; Literature; Spacecraft,False,other,True,True,False,doi,,"{'publisher': 'crossref', 'url': 'crossref', 'lang': 'heuristic'}","{'crossref': 2, 'heuristic': 1}","X012.R000 resolved | hits:OA,CR | winner:- | filled:lang:HE | missing:abstract"
A373,10106315022276,Observing spatio-temporal dynamics of excitable media using reservoir computing,R. Zimmermann; Ulrich Parlitz,R. Zimmermann,2018.0,10.1063/1.5022276,https://pubmed.ncbi.nlm.nih.gov/31906670,,,Chaos: An Interdisciplinary Journal of Nonlinear Science,28,4,,AIP Publishing,en,https://doi.org/10.1063/1.5022276,0.9,resolved,openalex,2026-08-16T22:33:23Z,X012,"We present a dynamical observer for two dimensional partial differential equation models describing excitable media, where the required cross prediction from observed time series to not measured state variables is provided by Echo State Networks receiving input from local regions in space, only. The efficacy of this approach is demonstrated for (noisy) data from a (cubic) Barkley model and the Bueno-Orovio-Cherry-Fenton model describing chaotic electrical wave propagation in cardiac tissue.",Chaotic; Observer (physics); Dynamics (music); Partial differential equation; State space; Computer science; Reservoir computing; Statistical physics; Applied mathematics; Biological system; Mathematics; Physics,False,article,True,True,False,doi,,"{'venue': 'crossref', 'volume': 'crossref', 'issue': 'crossref', 'publisher': 'crossref', 'url': 'crossref', 'lang': 'crossref'}",{'crossref': 6},"X012.R000 resolved | hits:OA,CR | winner:- | filled:venue:CR; lang:CR | missing:-"
A374,101007s110710184358z,Non-feedback technique to directly control multistability in nonlinear oscillators by dual-frequency driving,Ferenc Hegedűs; Werner Lauterborn; Ulrich Parlitz; Robert Mettin,Ferenc Hegedűs,2018.0,10.1007/s11071-018-4358-z,,,,Nonlinear Dynamics,94,1,273-293,Springer Science and Business Media LLC,en,https://doi.org/10.1007/s11071-018-4358-z,0.9,resolved,openalex,2026-08-16T22:33:23Z,X012,"A novel method to control multistability of nonlinear oscillators by applying dual-frequency driving is presented. The test model is the Keller–Miksis equation describing the oscillation of a bubble in a liquid. It is solved by an in-house initial-value problem solver capable to exploit the high computational resources of professional graphics cards. During the simulations, the control parameters are the two amplitudes of the acoustic driving at fixed, commensurate frequency pairs. The high-resolution bi-parametric scans in the control parameter plane show that a period-2 attractor can be continuously transformed into a period-3 one (and vice versa) by proper selection of the frequency combination and by proper tuning of the driving amplitudes. This phenomenon has opened a new way to drive the system to a desired, pre-selected attractor directly via a non-feedback control technique without the need of the annihilation of other attractors. Moreover, the residence in transient chaotic regimes can also be avoided. The results are supplemented with simulations obtained by the boundary-value problem solver AUTO, which is capable to compute periodic orbits directly regardless of their stability, and trace them as a function of a control parameter with the pseudo-arclength continuation technique.",Multistability; Attractor; Control theory (sociology); Nonlinear system; Solver; Sawtooth wave; Trajectory; Parametric statistics; Amplitude; Computer science; Physics; Mathematics,True,article,True,True,False,doi,,"{'venue': 'crossref', 'volume': 'crossref', 'issue': 'crossref', 'pages': 'crossref', 'publisher': 'crossref', 'url': 'crossref', 'lang': 'crossref'}",{'crossref': 7},"X012.R000 resolved | hits:OA,CR | winner:- | filled:venue:CR; lang:CR | missing:-"
A375,101016jultsonch201901031,Study of non-spherical bubble oscillations under acoustic irradiation in viscous liquid,Kálmán Klapcsik; Ferenc Hegedűs,Kálmán Klapcsik,2019.0,10.1016/j.ultsonch.2019.01.031,https://pubmed.ncbi.nlm.nih.gov/30718178,,,Ultrasonics Sonochemistry,54,,256-273,Elsevier BV,en,https://doi.org/10.1016/j.ultsonch.2019.01.031,0.9,resolved,openalex,2026-08-16T22:33:24Z,X012,"The effect of dissipation on the shape stability of a harmonically excited bubble is investigated. The employed liquid is the highly viscous glycerine. The rate of the dissipation is controlled through the alteration of viscosity of the liquid by varying its temperature. The mean radius of the bubble during its radial oscillation is described by the Keller-Miksis equation. Two approaches are used to describe the surface oscillations. The first model solves the surface dynamics equations of each mode together with the transport equation of the vorticity in the liquid domain. The second model approximates the transport equation, which is a partial differential equation, with a boundary layer approximation reducing the required computational resources significantly. The comparison of the surface models shows qualitative agreement at low dissipation rate; however, at high viscosity the application of the full transport equation is mandatory. The results show that an increasing rate of dissipation can significantly extend the shape stable domains in the excitation frequency-pressure amplitude parameter plane. Nevertheless, the collapse strength is decreasing due to the highly damped oscillations. It has been found that an optimal range of dissipation rate in terms of temperature can be defined expressing a good compromise between the collapse strength and surface stability. The computations are carried out by an in-house GPU accelerated initial value problem solver.",Dissipation; Mechanics; Viscosity; Physics; Oscillation (cell signaling); Bubble; Boundary value problem; RADIUS; Amplitude; Classical mechanics; Thermodynamics; Chemistry,True,article,True,True,False,doi,,"{'venue': 'crossref', 'volume': 'crossref', 'pages': 'crossref', 'publisher': 'crossref', 'url': 'crossref', 'lang': 'crossref'}",{'crossref': 6},"X012.R000 resolved | hits:OA,CR | winner:- | filled:venue:CR; lang:CR | missing:-"
A376,101016jultsonch201902010,A simple method to analyze the super-harmonic and ultra-harmonic behavior of the acoustically excited bubble oscillator,Amin Jafari Sojahrood; Dana Wegierak; Hossein Haghi; R. Karshfian; Michael C. Kolios,Amin Jafari Sojahrood,2019.0,10.1016/j.ultsonch.2019.02.010,https://pubmed.ncbi.nlm.nih.gov/30827907,,,Ultrasonics Sonochemistry,54,,99-109,Elsevier BV,en,https://doi.org/10.1016/j.ultsonch.2019.02.010,0.9,resolved,openalex,2026-08-16T22:33:24Z,X012,,Bubble; Bifurcation; Bifurcation diagram; Harmonic; Maxima; Oscillation (cell signaling); Nonlinear system; Physics; Control theory (sociology); Chaotic; Mechanics; Statistical physics,False,article,True,True,False,doi,,"{'venue': 'crossref', 'volume': 'crossref', 'pages': 'crossref', 'publisher': 'crossref', 'url': 'crossref', 'lang': 'crossref'}",{'crossref': 6},"X012.R000 resolved | hits:OA,CR | winner:- | filled:venue:CR; lang:CR | missing:abstract"
A377,1012019781315368290,GPU Parallel Program Development Using CUDA,Tolga Soyata,Tolga Soyata,2018.0,10.1201/9781315368290,,,,,,,,Chapman and Hall/CRC,en,https://doi.org/10.1201/9781315368290,0.9,resolved,openalex,2026-08-16T22:33:25Z,X012,,CUDA; Parallel computing; Computer science; General-purpose computing on graphics processing units; Computational science; Computer graphics (images); Graphics,False,book,True,True,False,doi,,"{'publisher': 'crossref', 'url': 'crossref', 'lang': 'crossref'}",{'crossref': 3},"X012.R000 resolved | hits:OA,CR | winner:- | filled:lang:CR | missing:abstract"
A378,101140epjbe201990749x,Tracking multistability in the parameter space of a Chua’s circuit model,Nathan S. Nicolau; Tulio M. Oliveira; Anderson Hoff; Holokx A. Albuquerque; Cesar Manchein,Nathan S. Nicolau,2019.0,10.1140/epjb/e2019-90749-x,,,,The European Physical Journal B,92,5,,Springer Science and Business Media LLC,en,https://doi.org/10.1140/epjb/e2019-90749-x,0.9,resolved,openalex,2026-08-16T22:33:26Z,X012,"Abstract The effect of applying an asymmetric periodic continuous-feedback signal F(x), which is a function of voltage x, across one of the capacitors in the classical Chua’s circuit model is examined. We have performed a numerical investigation on the dynamics of the Chua’s circuit model to discuss a procedure of distorting, suppressing and moving attractors and stable periodic structures (SPSs) in phase and parameter spaces, respectively, by accordingly choosing the control parameters in the function F(x). Increasing the asymmetry strength in F(x), we are able to track and to move overlapped SPSs related to multistability phenomenon in phase space, and to suppress SPSs related to one single attractor. Our results indicate that the methodology used here will have a wide spectrum of applications in generic nonlinear complex dynamical systems presenting multistability, related to both theoretical and experimental issues. Graphical abstract",Multistability; Attractor; Chua's circuit; Parameter space; Control theory (sociology); Phase space; Nonlinear system; Asymmetry; Function (biology); Mathematics; SIGNAL (programming language); Capacitor,True,article,True,True,False,doi,,"{'venue': 'crossref', 'volume': 'crossref', 'issue': 'crossref', 'publisher': 'crossref', 'url': 'crossref', 'lang': 'crossref', 'abstract': 'unpaywall'}","{'crossref': 6, 'unpaywall': 1}","X012.R000 resolved | hits:OA,CR | winner:- | filled:venue:CR; lang:CR; abstract:UN | missing:-"
A379,10106314999604,Emergent dynamics of spatio-temporal chaos in a heterogeneous excitable medium,Philip Bittihn; Sebastian Berg; Ulrich Parlitz; Stefan Luther,Philip Bittihn,2017.0,10.1063/1.4999604,https://pubmed.ncbi.nlm.nih.gov/28964139,,,Chaos: An Interdisciplinary Journal of Nonlinear Science,27,9,,AIP Publishing,en,https://doi.org/10.1063/1.4999604,0.9,resolved,openalex,2026-08-16T22:33:28Z,X012,"Self-organized activation patterns in excitable media such as spiral waves and spatio-temporal chaos underlie dangerous cardiac arrhythmias. While the interaction of single spiral waves with different types of heterogeneity has been studied extensively, the effect of heterogeneity on fully developed spatio-temporal chaos remains poorly understood. We investigate how the complexity and stability properties of spatio-temporal chaos in the Bär-Eiswirth model of excitable media depend on the heterogeneity of the underlying medium. We employ different measures characterizing the chaoticity of the system and find that the spatial arrangement of multiple discrete lower excitability regions has a strong impact on the complexity of the dynamics. Varying the number, shape, and spatial arrangement of the heterogeneities, we observe strong emergent effects ranging from increases in chaoticity to the complete cessation of chaos, contrasting the expectation from the homogeneous behavior. The implications of our findings for the development and treatment of arrhythmias in the heterogeneous cardiac muscle are discussed.",CHAOS (operating system); Dynamics (music); Statistical physics; Computer science; Physics; Acoustics; Computer security,False,article,True,True,False,doi,,"{'venue': 'crossref', 'volume': 'crossref', 'issue': 'crossref', 'publisher': 'crossref', 'url': 'crossref', 'lang': 'crossref'}",{'crossref': 6},"X012.R000 resolved | hits:OA,CR | winner:- | filled:venue:CR; lang:CR | missing:-"
A380,101007s11071019048898,On the global dynamics of connected vehicle systems,Adam K. Kiss; Sergei S. Avedisov; Dániel Bachrathy; Gábor Orosz,Adam K. Kiss,2019.0,10.1007/s11071-019-04889-8,,,,Nonlinear Dynamics,96,3,1865-1877,Springer Science and Business Media LLC,en,https://doi.org/10.1007/s11071-019-04889-8,0.9,resolved,openalex,2026-08-16T22:33:28Z,X012,"In this contribution, heterogeneous connected vehicle systems, that include human-driven as well as connected automated vehicles, are investigated. The reaction time delay of human drivers as well as the communication and actuation delays of connected automated vehicles is incorporated in the model. Saturations due to the speed limit and limited acceleration capabilities of the vehicles are also taken into account. The arising nonlinear delayed system is studied using analytical and numerical bifurcation analysis. Stability analysis is used to identify regions in parameter space where oscillations arise due to loss of linear stability of the equilibrium. Moreover, with the help of numerical continuation, bistability between the equilibrium and oscillations is shown to exist due to the presence of an isola. It is demonstrated that utilizing long-range wireless vehicle-to-vehicle communication the connected automated vehicle is able to eliminate the oscillations and keep the traffic flow smooth.",Control theory (sociology); Bifurcation; Numerical continuation; Nonlinear system; Bistability; Acceleration; Stability (learning theory); Range (aeronautics); Computer science; Vehicle dynamics; Limit (mathematics); Parameter space,True,article,True,True,False,doi,,"{'venue': 'crossref', 'volume': 'crossref', 'issue': 'crossref', 'pages': 'crossref', 'publisher': 'crossref', 'url': 'crossref', 'lang': 'crossref'}",{'crossref': 7},"X012.R000 resolved | hits:OA,CR | winner:- | filled:venue:CR; lang:CR | missing:-"
A381,101142s0218127417501759,Extensive Numerical Study and Circuitry Implementation of the Watt Governor Model,David William Cordeiro Marcôndes; G. F. Comassetto; Bruna Gabriela Pedro; João Carlos Vieira; Anderson Hoff; Flavio Prebianca; Cesar Manchein; Holokx A. Albuquerque,David William Cordeiro Marcôndes,2017.0,10.1142/s0218127417501759,,,,International Journal of Bifurcation and Chaos,27,11,1750175,World Scientific Pub Co Pte Lt,en,https://doi.org/10.1142/s0218127417501759,0.9,resolved,openalex,2026-08-16T22:33:29Z,X012,"In this work we carry out extensive numerical study of a Watt centrifugal governor system model, and we also implement an electronic circuit by analog computation to experimentally solve the model. Our numerical results show the existence of self-organized stable periodic structures (SPSs) on parameter-space of the largest Lyapunov exponent and isospikes of time series of the Watt governor system model. A peculiar hierarchical organization and period-adding bifurcation cascade of the SPSs are observed, and this self-organized cascade accumulates on a periodic boundary. It is also shown that the periods of these structures organize themselves obeying the solutions of Diophantine equations. In addition, an experimental setup is implemented by a circuitry analogy of mechanical systems using analog computing technique to characterize the robustness of our numerical results. After applying an active control of chaos in the experiment, the effect of intrinsic experimental noise was minimized such that, the experimental results are astonishingly well in agreement with our numerical findings. We can also mention as another remarkable result, the application of analog computing technique to perform an experimental circuitry analysis in real mechanical problems.",Cascade; Analog computer; Governor; Computer science; Lyapunov exponent; Robustness (evolution); Computation; Analogue electronics; Bifurcation; Control theory (sociology); Numerical analysis; Electronic circuit,True,article,True,True,False,doi,,"{'venue': 'crossref', 'volume': 'crossref', 'issue': 'crossref', 'pages': 'crossref', 'publisher': 'crossref', 'url': 'crossref', 'lang': 'crossref'}",{'crossref': 7},"X012.R000 resolved | hits:OA,CR | winner:- | filled:venue:CR; lang:CR | missing:-"
A382,103389fphy201800039,Spatiotemporal Permutation Entropy as a Measure for Complexity of Cardiac Arrhythmia,Alexander Schlemmer; Sebastian Berg; Thomas Lilienkamp; Stefan Luther; Ulrich Parlitz,Alexander Schlemmer,2018.0,10.3389/fphy.2018.00039,,,,Frontiers in Physics,6,,,Frontiers Media SA,en,https://doi.org/10.3389/fphy.2018.00039,0.9,resolved,openalex,2026-08-16T22:33:29Z,X012,"Permutation entropy (PE) is a robust quantity for measuring the complexity of time series. In the cardiac community it is predominantly used in the context of electrocardiogram (ECG) signal analysis for diagnoses and predictions with a major application found in heart rate variability parameters. In this article we are combining spatial and temporal PE to form a spatiotemporal PE that captures both, complexity of spatial structures and temporal complexity at the same time. We demonstrate that the spatiotemporal PE (STPE) quantifies complexity using two datasets from simulated cardiac arrhythmia and compare it to phase singularity analysis and spatial PE (SPE). These datasets simulate ventricular fibrillation (VF) on a two-dimensional and a three-dimensional medium using the Fenton-Karma model. We show that SPE and STPE are robust against noise and demonstrate its usefulness for extracting complexity features at different spatial scales.",Cardiac arrhythmia; Entropy (arrow of time); Computer science; Context (archaeology); Pattern recognition (psychology); Artificial intelligence; Heart rate variability; Medical diagnosis; Algorithm; Mathematics; Atrial fibrillation; Cardiology,True,article,True,True,False,doi,,"{'venue': 'crossref', 'volume': 'crossref', 'publisher': 'crossref', 'url': 'crossref', 'lang': 'heuristic'}","{'crossref': 4, 'heuristic': 1}","X012.R000 resolved | hits:OA,CR | winner:- | filled:venue:CR; lang:HE | missing:-"
A383,101002nme5795,Bifurcation analysis of nonlinear time‐periodic time‐delay systems via semidiscretization,Tamás G. Molnár; Zoltán Dombóvári; Tamás Insperger; Gábor Stépàn,Tamás G. Molnár,2018.0,10.1002/nme.5795,,,,International Journal for Numerical Methods in Engineering,115,1,57-74,Wiley,en,https://doi.org/10.1002/nme.5795,0.9,resolved,openalex,2026-08-16T22:33:29Z,X012,"Summary Bifurcations of the periodic stationary solutions of nonlinear time‐periodic time‐delay dynamical systems are analyzed. The solution operator of the governing nonlinear delay‐differential equation is approximated by a sequence of nonlinear maps via semidiscretization. The subsequent nonlinear maps are combined to a single resultant nonlinear map that describes the evolution over the time period. Fold, flip, and Neimark‐Sacker bifurcations related to the fixed point of this map are analyzed via center manifold reduction and normal form theorems. The analysis unfolds the approximate stability properties and bifurcations of the stationary solution of the delay‐differential equation and, at the same time, allows the approximate computation of the arising period‐1, period‐2, and quasi‐periodic solution branches. The method is demonstrated for the delayed Mathieu‐Duffing equation, and the results are verified by numerical continuation.",Mathematics; Nonlinear system; Mathematical analysis; Center manifold; Bifurcation; Duffing equation; Periodic point; Differential equation; Computation; Delay differential equation; Continuation; Applied mathematics,False,article,True,True,False,doi,,"{'venue': 'crossref', 'volume': 'crossref', 'issue': 'crossref', 'pages': 'crossref', 'publisher': 'crossref', 'url': 'crossref', 'lang': 'crossref'}",{'crossref': 7},"X012.R000 resolved | hits:OA,CR | winner:- | filled:venue:CR; lang:CR | missing:-"
A384,101186s1285901821083,Heterogeneous computing for epidemiological model fitting and simulation,Thomas Kovac; Tom Haber; Frank Van Reeth; Niel Hens,Thomas Kovac,2018.0,10.1186/s12859-018-2108-3,https://pubmed.ncbi.nlm.nih.gov/29548279,,,BMC Bioinformatics,19,1,,Springer Science and Business Media LLC,en,https://doi.org/10.1186/s12859-018-2108-3,0.9,resolved,openalex,2026-08-16T22:33:30Z,X012,"BACKGROUND: Over the last years, substantial effort has been put into enhancing our arsenal in fighting epidemics from both technological and theoretical perspectives with scientists from different fields teaming up for rapid assessment of potentially urgent situations. This paper focusses on the computational aspects of infectious disease models and applies commonly available graphics processing units (GPUs) for the simulation of these models. However, fully utilizing the resources of both CPUs and GPUs requires a carefully balanced heterogeneous approach. RESULTS: The contribution of this paper is twofold. First, an efficient GPU implementation for evaluating a small-scale ODE model; here, the basic S(usceptible)-I(nfected)-R(ecovered) model, is discussed. Second, an asynchronous particle swarm optimization (PSO) implementation is proposed where batches of particles are sent asynchronously from the host (CPU) to the GPU for evaluation. The ultimate goal is to infer model parameters that enable the model to correctly describe observed data. The particles of the PSO algorithm are candidate parameters of the model; finding the right one is a matter of optimizing the likelihood function which quantifies how well the model describes the observed data. By employing a heterogeneous approach, in which both CPU and GPU are kept busy with useful work, speedups of 10 to 12 times can be achieved on a moderate machine with a high-end consumer GPU as compared to a high-end system with 32 CPU cores. CONCLUSIONS: Utilizing GPUs for parameter inference can bring considerable increases in performance using average host systems with high-end consumer GPUs. Future studies should evaluate the benefit of using newer CPU and GPU architectures as well as applying this method to more complex epidemiological scenarios.",Computer science; Inference; Asynchronous communication; Particle swarm optimization; Symmetric multiprocessor system; Graphics; Host (biology); Central processing unit; Distributed computing; Algorithm; Artificial intelligence; Operating system,True,article,True,True,False,doi,,"{'venue': 'crossref', 'volume': 'crossref', 'issue': 'crossref', 'publisher': 'crossref', 'url': 'crossref', 'lang': 'crossref'}",{'crossref': 6},"X012.R000 resolved | hits:OA,CR | winner:- | filled:venue:CR; lang:CR | missing:-"
A385,101007s1122701825495,ginSODA: massive parallel integration of stiff ODE systems on GPUs,Marco S. Nobile; Paolo Cazzaniga; Daniela Besozzi; Giancarlo Mauri,Marco S. Nobile,2018.0,10.1007/s11227-018-2549-5,,,,The Journal of Supercomputing,75,12,7844-7856,Springer Science and Business Media LLC,en,https://doi.org/10.1007/s11227-018-2549-5,0.9,resolved,openalex,2026-08-16T22:33:30Z,X012,"Ordinary differential equations (ODEs) are a widespread formalism for the mathematical modeling of natural and engineering systems, whose analysis is generally performed by means of numerical integration methods. However, real-world models are often characterized by stiffness, a circumstance that can lead to prohibitive execution times. In such cases, the practical viability of many computational tools—e.g., sensitivity analysis—is hampered by the necessity to carry out a large number of simulations. In this work, we present ginSODA, a general-purpose black-box numerical integrator that distributes the calculations on graphics processing units, and allows to run massive numbers of numerical integrations of ODE systems characterized by stiffness. By leveraging symbolic differentiation, meta-programming techniques, and source code hashing, ginSODA automatically builds highly optimized binaries for the CUDA architecture, preventing code re-compilation and allowing to speed up the computation with respect to the sequential execution. ginSODA also provides a simplified Python interface, which allows to define a system of ODEs and the test to be performed in a few lines of code. According to our results, ginSODA provides up to a $$25 \times $$ 25 × speedup with respect to the sequential execution.",Computer science; Speedup; Ode; Ordinary differential equation; CUDA; Parallel computing; Computational science; Stiff equation; Python (programming language); Numerical integration; Differential equation; Theoretical computer science,False,article,True,True,False,doi,,"{'venue': 'crossref', 'volume': 'crossref', 'issue': 'crossref', 'pages': 'crossref', 'publisher': 'crossref', 'url': 'crossref', 'lang': 'crossref', 'abstract': 'unpaywall'}","{'crossref': 7, 'unpaywall': 1}","X012.R000 resolved | hits:OA,CR | winner:- | filled:venue:CR; lang:CR; abstract:UN | missing:-"
A386,10108817518121aaaabd,Hierarchical collapse of regular islands via dissipation,Carlos Alberto Coelho Jousseph; S. A. Abdulack; Cesar Manchein; Marcus W. Beims,Carlos Alberto Coelho Jousseph,2018.0,10.1088/1751-8121/aaaabd,,,,Journal of Physics A: Mathematical and Theoretical,51,10,105101,IOP Publishing,en,https://doi.org/10.1088/1751-8121/aaaabd,0.9,resolved,openalex,2026-08-16T22:33:32Z,X012,"Abstract In this work we investigate how regular islands localized in a mixed phase-space of generic area-preserving Hamiltonian systems are affected by a small amount of dissipation. Mainly we search for a universality (hierarchy) in the convergence of higher-order resonances and their periods when dissipation increases. One very simple scenario is already known: when subjected to small dissipation, stable periodic points become sinks attracting almost all the surrounding orbits, destroying all invariant curves which divide the phase-space in chaotic and regular domains. However, performing numerical experiments with the paradigmatic Chirikov–Taylor standard mapping we show that this presumably simple scenario can be rather complicated. The first, not trivial, scenario is what happens to chaotic trajectories, since they can be attracted by the sinks or by chaotic attractors, in cases when they exist. We show that this depends very much on how basins of attraction are formed as dissipation increases. In addition, we demonstrate that higher-order resonances are usually first affected by small dissipation when compared to lower-order resonances from the conservative case. Nevertheless, this is not a generic behaviour. We show that a local hierarchical collapse of resonances, as dissipation increases, is related to the area of the islands from the conservative case surrounding the periodic orbits. All observed resonance destructions occur via the bifurcation phenomena and are quantified here by determining the largest finite-time Lyapunov exponent.",Dissipation; Materials science; Mechanics; Physics; Thermodynamics,True,article,True,True,False,doi,,"{'venue': 'crossref', 'volume': 'crossref', 'issue': 'crossref', 'pages': 'crossref', 'publisher': 'crossref', 'url': 'crossref', 'lang': 'heuristic'}","{'crossref': 6, 'heuristic': 1}","X012.R000 resolved | hits:OA,CR | winner:- | filled:venue:CR; lang:HE | missing:-"
A387,101007s1122701824093,Correction to: Simultaneous multiprocessing in a software-defined heterogeneous FPGA,Jose Nunez‐Yanez; Sam Amiri; Mohammad Hosseinabady; Andrés Rodríguez; Rafael Asenjo; Ángeles Navarro; Darío Suárez Gracia; Rubén Gran Tejero,Jose Nunez‐Yanez,2018.0,10.1007/s11227-018-2409-3,,,,The Journal of Supercomputing,75,8,4096-4097,Springer Science and Business Media LLC,en,https://doi.org/10.1007/s11227-018-2409-3,0.9,resolved,openalex,2026-08-16T22:33:33Z,X012,The presentation of Table&nbsp;2 was incorrect in the original article. The correct Table&nbsp;2 is given below. The original article has been corr,Computer science; Table (database); Multiprocessing; Parallel computing; Presentation (obstetrics); Software; Field-programmable gate array; Programming language; Operating system; Database; Medicine; Radiology,True,article,True,True,False,doi,,"{'venue': 'crossref', 'volume': 'crossref', 'issue': 'crossref', 'pages': 'crossref', 'publisher': 'crossref', 'url': 'crossref', 'lang': 'crossref'}",{'crossref': 7},"X012.R000 resolved | hits:OA,CR | winner:- | filled:venue:CR; lang:CR | missing:-"
A388,1015200winn15345998975,"A Comparison Between Differential Equation Solver Suites In MATLAB, R, Julia, Python, C, Mathematica, Maple, and Fortran",Christopher Rackauckas,Christopher Rackauckas,2018.0,10.15200/winn.153459.98975,,,,,,,,Wiley,en,https://doi.org/10.15200/winn.153459.98975,0.9,resolved,openalex,2026-08-16T22:33:33Z,X012,"Many times a scientist is choosing a programming language or a software for a specific purpose. For the field of scientific computing, the methods for solving differential equations are one of the important areas. What I would like to do is take the time to compare and contrast between the most popular offerings. This is a good way to reflect upon what's available and find out where there is room for improvement. I hope that by giving you the details for how each suite was put together (and the ""why"", as gathered from software publications) you can come to your own conclusion as to which suites are right for you.",Python (programming language); Computer science; Fortran; MATLAB; Solver; Software; Suite; Programming language; Mathematical software; Differential equation; Software suite; Computational science,True,preprint,True,True,False,doi,,"{'publisher': 'crossref', 'url': 'crossref', 'lang': 'heuristic'}","{'crossref': 2, 'heuristic': 1}","X012.R000 resolved | hits:OA,CR | winner:- | filled:lang:HE | missing:-"
A389,10112115068280,Experimental and numerical investigation of backscattered signal strength from different concentrations of nanobubble and microbubble clusters,Hossein Haghi; Amin Jafari Sojahrood; Al de Leon; Agata A. Exner; Michael C. Kolios,Hossein Haghi,2018.0,10.1121/1.5068280,,,,The Journal of the Acoustical Society of America,144,3_Supplement,1888-1888,Acoustical Society of America (ASA),en,https://doi.org/10.1121/1.5068280,0.9,resolved,openalex,2026-08-16T22:33:33Z,X012,"Optimizing the clinical performance of Nanobubbles and Microbubbles (MBs and NBs) requires not only a good understanding of their individual bubble dynamics, but how bubble interactions change these dynamics. Here we report our experimental and simulation results showing the changes in backscattered signal strength from different concentrations of NBs or MBs. NBs and MBs are sorted by size to isolate two populations with mean diameters of 200 nm and 1 micron, respectively. Our results show that increasing number density of NBs or MBs is accompanied with an increase in the strength of their backscattered signals up to a certain concentration, above which the strength of the signal decreases. This decrease is not associated with the medium attenuation which was not accounted for. Our numerical simulations that include inter-bubble interactions are in general agreement with our experimental results. Moreover, acquired data show the that concentration at which there is signal saturation for NBs is orders of magnitude higher than that of MBs (1e9 vs 1e6 bubbles per mL), suggesting a potential explanation behind the very strong backscatter observed in NB clusters compared to MBs. Numerical simulations show that increasing the number density of bubbles decreases the individual signal strength of each individual bubbles.",Bubble; Attenuation; Signal strength; SIGNAL (programming language); Materials science; Microbubbles; Saturation (graph theory); Backscatter (email); Computational physics; Target strength; Scattering; Mechanics,False,article,True,True,False,doi,,"{'venue': 'crossref', 'volume': 'crossref', 'issue': 'crossref', 'pages': 'crossref', 'publisher': 'crossref', 'url': 'crossref', 'lang': 'crossref'}",{'crossref': 7},"X012.R000 resolved | hits:OA,CR | winner:- | filled:venue:CR; lang:CR | missing:-"
A390,10112114987295,Numerical investigation of the subharmonic response of a cloud of interacting microbubbles,Hossein Haghi; Amin Jafari Sojahrood; Raffi Karshafian; Michael C. Kolios,Hossein Haghi,2017.0,10.1121/1.4987295,,,,The Journal of the Acoustical Society of America,141,5_Supplement,3493-3493,Acoustical Society of America (ASA),en,https://doi.org/10.1121/1.4987295,0.9,resolved,openalex,2026-08-16T22:33:33Z,X012,"Microbubbles (MBs) usually exist in polydisperse populations and often strongly interact with each other. Accurate investigation of the dynamics of the MBs requires considering the interaction between Microbubbles. We have developed an efficient method for numerically simulating N interacting MBs. The subharmonic (SH) responses of a polydispersions of 3-52 microbubbles with sizes between 2-5 microns, excited with ultrasound with a frequency and pressure of 1.8-8 MHz and 1-500 kPa were investigated. We show that if the frequency is set to the SH resonance of the larger MBs, the smaller MBs oscillations are controlled by the larger MB and the SH amplitude of the population of MBs increases. For small enough distances between MBs, one large MB may control the oscillations of the rest. If the excitation frequency is equal to the SH resonance of the smaller MBs, there exists two pressure regions. For lower pressures, the oscillations of the larger MB are out of phase with the smaller MBs and the resulting SH amplitude is smaller than the case without the bigger MB. As the pressure increases the oscillations of the larger MB becomes in phase with the smaller MBs and the SH response of the system is enhanced.",Microbubbles; Subharmonic; Amplitude; Phase (matter); Resonance (particle physics); Population; Excitation; Excited state; Acoustics; Materials science; Physics; Mechanics,False,article,True,True,False,doi,,"{'venue': 'crossref', 'volume': 'crossref', 'issue': 'crossref', 'pages': 'crossref', 'publisher': 'crossref', 'url': 'crossref', 'lang': 'crossref'}",{'crossref': 7},"X012.R000 resolved | hits:OA,CR | winner:- | filled:venue:CR; lang:CR | missing:-"
A391,10112114987297,Towards the accurate characterization of the shell parameters of microbubbles based on attenuation and sound speed measurements,Amin Jafari Sojahrood; Qian Li; Hossein Haghi; Raffi Karshafian; Tyrone M. Porter; Michael C. Kolios,Amin Jafari Sojahrood,2017.0,10.1121/1.4987297,,,,The Journal of the Acoustical Society of America,141,5_Supplement,3493-3493,Acoustical Society of America (ASA),en,https://doi.org/10.1121/1.4987297,0.9,resolved,openalex,2026-08-16T22:33:34Z,X012,"Measurements of microbubble (MB) shell parameters is a challenging task because of the nonlinear dynamics of MBs. Shell parameter estimations that are typically based on solving linear models will generate inaccurate results, especially at higher pressure excitations. These approaches also often ignore the analysis of sound speed which provides useful information about the bulk modulus of the medium. In addition, the effect of MB-MB interaction is neglected. In this work, the attenuation and sound speed of monodisperse MB populations with mean diameters of 4 to 6 micron and peak concentrations of 1000 to 15000 bubbles/ml are measured for a pressure range of 10 to 100 kPa. The subharmonic pressure threshold of the solution was measured by narrowband excitations spanning from 1 to 4 MHz. The subharmonic generation pressure threshold was used to estimate an initial guess for shell viscosity and surface tension. The experimental results were fitted using numerical simulations of the Marmottant model and our recently developed nonlinear model for attenuation and sound speed. The effect of MB-MB interaction was also implemented using simulations of a lattice of interacting MBs (fitted to the measured sizes of MBs) to take into account the effect of concentration.",Attenuation; Acoustics; Speed of sound; Nonlinear system; Subharmonic; Sound pressure; Materials science; Shell (structure); Mechanics; Nonlinear acoustics; Range (aeronautics); Computational physics,False,article,True,True,False,doi,,"{'venue': 'crossref', 'volume': 'crossref', 'issue': 'crossref', 'pages': 'crossref', 'publisher': 'crossref', 'url': 'crossref', 'lang': 'crossref'}",{'crossref': 7},"X012.R000 resolved | hits:OA,CR | winner:- | filled:venue:CR; lang:CR | missing:-"
A392,10112115036108,On amplification of radial oscillations of microbubbles due to bubble-bubble interaction in polydisperse microbubble clusters under ultrasound excitation,Hossein Haghi; Amin Jafari Sojahrood; Michael C. Kolios,Hossein Haghi,2018.0,10.1121/1.5036108,,,,The Journal of the Acoustical Society of America,143,3_Supplement,1862-1862,Acoustical Society of America (ASA),en,https://doi.org/10.1121/1.5036108,0.9,resolved,openalex,2026-08-16T22:33:34Z,X012,"Optimizing the performance of microbubbles (MBs) in applications not only requires a good understanding of the dynamics of individual MBs, but also knowledge of their interactions with each other within polydisperse clusters. However, the behavior of acoustically driven MB clusters is not well understood. Most studies have been limited to cases of a few interacting MBs for a limited range of acoustical parameters. We use a numerical method to simulate the dynamics of clusters of (20–50 MBs) randomly distributed MBs. MBs with the size distribution of 2–8 micron were sonicated with pressures between 1 and 250 kPa, frequencies between 0.5 and 10 MHz and concentrations between 2e3 and 2.5e6 MBs/mL. Bifurcation structures of radial oscillations of each MB within a cluster were studied. Results show that in a polydisperse MB cluster, larger MBs (even in small numbers) can amplify the radial oscillations of smaller MBs. Amplification occurs if the resonance peaks of larger MBs coincide with the resonance peaks of smaller MBs. Additionally, there is an optimum number density at which amplification is maximized. Results suggest that the presence of bigger MBs may enhance the superharmonic oscillations of the smaller MBs which can be applied in superhamonic ultrasound imaging using MBs.",Bubble; Microbubbles; Cluster (spacecraft); Excitation; Resonance (particle physics); Materials science; Acoustics; Range (aeronautics); Ultrasound; Molecular physics; Cavitation; Physics,False,article,True,True,False,doi,,"{'venue': 'crossref', 'volume': 'crossref', 'issue': 'crossref', 'pages': 'crossref', 'publisher': 'crossref', 'url': 'crossref', 'lang': 'crossref'}",{'crossref': 7},"X012.R000 resolved | hits:OA,CR | winner:- | filled:venue:CR; lang:CR | missing:-"
A393,101016c20150024315,Programming Massively Parallel Processors,David B. Kirk; Wen‐mei Hwu,David B. Kirk,2017.0,10.1016/c2015-0-02431-5,,,,,,,,Elsevier,en,https://doi.org/10.1016/c2015-0-02431-5,0.9,resolved,openalex,2026-08-16T22:33:34Z,X012,,Massively parallel; Parallel computing; Computer science,False,other,True,True,False,doi,,"{'publisher': 'crossref', 'url': 'crossref', 'lang': 'crossref', 'authors': 'openalex', 'first_author': 'openalex'}","{'crossref': 3, 'openalex': 2}","X012.R000 resolved | hits:OA,CR | winner:- | filled:lang:CR | missing:abstract"
A394,101103physreve100022224,Chimera state in complex networks of bistable Hodgkin-Huxley neurons,Andrey Andreev; Nikita Frolov; Alexander N. Pisarchik; Alexander E. Hramov,Andrey Andreev,2019.0,10.1103/physreve.100.022224,https://pubmed.ncbi.nlm.nih.gov/31574636,,,Physical Review E,100,2,,American Physical Society (APS),en,https://doi.org/10.1103/physreve.100.022224,0.9,resolved,openalex,2026-08-16T22:33:35Z,X012,"In this paper we study a chimera state in complex networks of bistable Hodgkin-Huxley neurons with excitatory coupling, which manifests as a termination of spiking activity of a part of interacting neurons. We provide a detailed investigation of this phenomenon in scale-free, small-world, and random networks and show that the chimera state is robust to the network topology. Nevertheless, network topological properties determine the stability of spatiotemporal states and therefore affect the excitability of the chimera state in the whole network. In particular, the scale-free network whose higher degree nodes are more stable to small perturbations is least exposed to chimera formation and exhibits an abrupt transition from a spiking to a silent regime. On the other hand, small-world and random networks are more likely to provide transitions to the chimera state.",Bistability; Chimera (genetics); Hodgkin–Huxley model; Topology (electrical circuits); Physics; Coupling strength; Scale-free network; Complex network; Statistical physics; Network topology; Computer science; Neuroscience,False,article,True,True,False,doi,,"{'venue': 'crossref', 'volume': 'crossref', 'issue': 'crossref', 'publisher': 'crossref', 'url': 'crossref', 'lang': 'crossref'}",{'crossref': 6},"X012.R000 resolved | hits:OA,CR | winner:- | filled:venue:CR; lang:CR | missing:-"
A395,101016jultsonch2020105067,GPU accelerated study of a dual-frequency driven single bubble in a 6-dimensional parameter space: The active cavitation threshold,Ferenc Hegedűs; Kálmán Klapcsik; Werner Lauterborn; Ulrich Parlitz; Robert Mettin,Ferenc Hegedűs,2020.0,10.1016/j.ultsonch.2020.105067,https://pubmed.ncbi.nlm.nih.gov/32380373,,,Ultrasonics Sonochemistry,67,,105067,Elsevier BV,en,https://doi.org/10.1016/j.ultsonch.2020.105067,0.9,resolved,openalex,2026-08-16T22:33:35Z,X012,,Bubble; RADIUS; Physics; Cavitation; Oscillation (cell signaling); Parameter space; Mechanics; Amplitude; Ordinary differential equation; Atomic physics; Computational physics; Differential equation,False,article,True,True,False,doi,,"{'venue': 'crossref', 'volume': 'crossref', 'pages': 'crossref', 'publisher': 'crossref', 'url': 'crossref', 'lang': 'crossref'}",{'crossref': 6},"X012.R000 resolved | hits:OA,CR | winner:- | filled:venue:CR; lang:CR | missing:abstract"
A396,10106315048513,An investigation of the parameter space for a family of dissipative mappings,Juliano A. de Oliveira; Leonardo T. Montero; Diogo Ricardo da Costa; J. A. Méndez‐Bermúdez; Rene O. Medrano-T; Edson D. Leonel,Juliano A. de Oliveira,2019.0,10.1063/1.5048513,https://pubmed.ncbi.nlm.nih.gov/31154780,,,Chaos: An Interdisciplinary Journal of Nonlinear Science,29,5,,AIP Publishing,en,https://doi.org/10.1063/1.5048513,0.9,resolved,openalex,2026-08-16T22:33:36Z,X012,"The parameter plane investigation for a family of two-dimensional, nonlinear, and area contracting map is made. Several dynamical features in the system such as tangent, period-doubling, pitchfork, and cusp bifurcations were found and discussed together with cascades of period-adding, period-doubling, and the Feigeinbaum scenario. The presence of spring and saddle-area structures allow us to conclude that cubic homoclinic tangencies are present in the system. A set of complex sets such as streets with the same periodicity and the period-adding of spring-areas are observed in the parameter space of the mapping.",Homoclinic orbit; Parameter space; Tangent; Period-doubling bifurcation; Saddle; Cusp (singularity); Dissipative system; Period (music); Plane (geometry); Mathematics; Nonlinear system; Space (punctuation),True,article,True,True,False,doi,,"{'venue': 'crossref', 'volume': 'crossref', 'issue': 'crossref', 'publisher': 'crossref', 'url': 'crossref', 'lang': 'crossref'}",{'crossref': 6},"X012.R000 resolved | hits:OA,CR | winner:- | filled:venue:CR; lang:CR | missing:-"
A397,101117122527709,Mathematical simulation of coherent resonance phenomenon in a network of Hodgkin-Huxley biological neurons,Andrey Andreev; Alexander N. Pisarchik,Andrey Andreev,2019.0,10.1117/12.2527709,,,,Saratov Fall Meeting 2018: Computations and Data Analysis: from Nanoscale Tools to Brain Functions,,,42,SPIE,en,https://doi.org/10.1117/12.2527709,0.9,resolved,openalex,2026-08-16T22:33:36Z,X012,In this paper we numerically simulate a two-layer network of coupled Hodgkin-Huxley neurons for modulating a processing visual perception by the human brain. We investigate the influence of the external stimulus amplitude on the dynamics of second layer neurons. We discover coherent resonance phenomenon in the system: there is an area of external stimulus amplitude when both SNR and characteristic correlation time are maximal. We also analyze the influence of internal noise amplitude on the system dynamics.,Hodgkin–Huxley model; Stimulus (psychology); Amplitude; Physics; Phenomenon; Perception; Neurophysiology; Computer science; Statistical physics; Neuroscience; Optics; Quantum mechanics,False,conference,True,True,False,doi,,"{'venue': 'crossref', 'pages': 'crossref', 'publisher': 'crossref', 'url': 'crossref', 'lang': 'heuristic'}","{'crossref': 4, 'heuristic': 1}","X012.R000 resolved | hits:OA,CR | winner:- | filled:venue:CR; lang:HE | missing:-"
A398,1048550arxiv201101740,"Solving large number of non-stiff, low-dimensional ordinary differential equation systems on GPUs and CPUs: performance comparisons of MPGOS, ODEINT and DifferentialEquations.jl",Dániel Nagy; Lambert Plavecz; Ferenc Hegedűs,Dániel Nagy,2020.0,10.48550/arxiv.2011.01740,,,,,,,,,en,,0.9,resolved,openalex,2026-08-16T22:33:37Z,X012,"In this paper, the performance characteristics of different solution techniques and program packages to solve a large number of independent ordinary differential equation systems is examined. The employed hardware are an Intel Core i7-4820K CPU with 30.4 GFLOPS peak double-precision performance per cores and an Nvidia GeForce Titan Black GPU that has a total of 1707 GFLOPS peak double-precision performance. The tested systems (Lorenz equation, Keller--Miksis equation and a pressure relief valve model) are non-stiff and have low dimension. Thus, the performance of the codes are not limited by memory bandwidth, and Runge--Kutta type solvers are efficient and suitable choices. The tested program packages are MPGOS written in C++ and specialised only for GPUs; ODEINT implemented in C++, which supports execution on both CPUs and GPUs; finally, DifferentialEquations.jl written in Julia that also supports execution on both CPUs and GPUs. Using GPUs, the program package MPGOS is superior. For CPU computations, the ODEINT program package has the best performance.",FLOPS; Parallel computing; Computer science; Double-precision floating-point format; Ordinary differential equation; Computation; Single-precision floating-point format; CUDA; Memory bandwidth; Computational science; Supercomputer; Differential equation,True,preprint,True,False,False,doi,,{'lang': 'heuristic'},{'heuristic': 1},X012.R000 resolved | hits:OA | winner:- | filled:lang:HE | missing:-
A399,sensationseekingbeyondtheoptimallevelofarousal,Sensation Seeking : Beyond the Optimal Level of Arousal,Marvin Zuckerman,Marvin Zuckerman,1979.0,https://openalex.org/W121893076,,,,,,,,,en,,0.9,resolved,openalex,2026-08-16T22:33:38Z,X013,,Sensation seeking; Sensation; Arousal; Psychology; Cognitive psychology; Social psychology; Personality,False,article,True,False,False,title,openalex,"{'doi': 'openalex', 'lang': 'heuristic'}","{'openalex': 1, 'heuristic': 1}",X013.R000 resolved | hits:OA | winner:openalex | filled:doi:OP; lang:HE | missing:abstract
A400,101111j14697610200400250x,Conduct Disorder and Oppositional Defiant Disorder in a national sample: developmental epidemiology,Barbara Maughan; Richard Rowe; Julie Messer; Robert Goodman; Howard Meltzer,Barbara Maughan,2004.0,10.1111/j.1469-7610.2004.00250.x,https://pubmed.ncbi.nlm.nih.gov/15055379,,,Journal of Child Psychology and Psychiatry,45,3,609-621,Wiley,en,https://doi.org/10.1111/j.1469-7610.2004.00250.x,0.9,resolved,openalex,2026-08-16T22:33:40Z,X013,"BACKGROUND: Despite an expanding epidemiological evidence base, uncertainties remain over key aspects of the epidemiology of the 'antisocial' disorders in childhood and adolescence. METHODS: We used cross-sectional data on a nationally representative sample of 10,438 5-15-year-olds drawn from the 1999 British Child Mental Health Survey to examine age trends, gender ratios and patterns of comorbidity in DSM-IV Conduct Disorder (CD) and Oppositional Defiant Disorder (ODD). RESULTS: CD was significantly more common in boys than girls, and increased in prevalence with age. Among children who met diagnostic criteria for CD, status violations and other non-aggressive conduct problems increased with age, while aggressive symptoms became less common. Gender differences in ODD varied by reporter. Estimates of age trends in ODD depended heavily on treatment of overlaps with CD. Following DSM-IV guidelines (where ODD is not diagnosed in the presence of CD), rates of ODD fell with age; if that constraint was released, clinically significant rates of oppositionality persisted at similar levels from early childhood to middle adolescence. CD and ODD showed high levels of overlap, and both diagnoses showed substantial comorbidity with other non-antisocial disorders. CONCLUSIONS: Results from this large-scale study confirm and extend previous findings in the epidemiology of the disruptive behaviour disorders.",Conduct disorder; Epidemiology; Comorbidity; Psychology; National Comorbidity Survey; Psychiatry; Mental health; Clinical psychology; Medicine; Internal medicine,False,article,True,True,False,doi,,"{'venue': 'crossref', 'volume': 'crossref', 'issue': 'crossref', 'pages': 'crossref', 'publisher': 'crossref', 'url': 'crossref', 'lang': 'crossref'}",{'crossref': 7},"X013.R000 resolved | hits:OA,CR | winner:- | filled:venue:CR; lang:CR | missing:-"
A401,1010970000458320040200000010,Heart Rate Level and Antisocial Behavior in Children and Adolescents: A Meta-Analysis,JAME ORTIZ; Adrian Raine,JAME ORTIZ,2004.0,10.1097/00004583-200402000-00010,https://pubmed.ncbi.nlm.nih.gov/14726721,,,Journal of the American Academy of Child &amp; Adolescent Psychiatry,43,2,154-162,Elsevier BV,en,https://doi.org/10.1097/00004583-200402000-00010,0.9,resolved,openalex,2026-08-16T22:33:40Z,X013,,Meta-analysis; Psychology; Developmental psychology; Clinical psychology; Medicine; Internal medicine,False,article,True,True,False,doi,,"{'venue': 'crossref', 'volume': 'crossref', 'issue': 'crossref', 'pages': 'crossref', 'publisher': 'crossref', 'url': 'crossref', 'lang': 'crossref'}",{'crossref': 7},"X013.R000 resolved | hits:OA,CR | winner:- | filled:venue:CR; lang:CR | missing:abstract"
A402,1010970000458319971000000029,Low Resting Heart Rate at Age 3 Years Predisposes to Aggression at Age 11 Years: Evidence From the Mauritius Child Health Project,Adrian Raine; Peter H. Venables; Sarnoff A. Mednick,Adrian Raine,1997.0,10.1097/00004583-199710000-00029,https://pubmed.ncbi.nlm.nih.gov/9334560,,,Journal of the American Academy of Child &amp; Adolescent Psychiatry,36,10,1457-1464,Elsevier BV,en,https://doi.org/10.1097/00004583-199710000-00029,0.9,resolved,openalex,2026-08-16T22:33:41Z,X013,,Aggression; Demography; Medicine; Psychology; Gerontology; Developmental psychology; Pediatrics; Sociology,False,article,True,True,False,doi,,"{'venue': 'crossref', 'volume': 'crossref', 'issue': 'crossref', 'pages': 'crossref', 'publisher': 'crossref', 'url': 'crossref', 'lang': 'crossref'}",{'crossref': 7},"X013.R000 resolved | hits:OA,CR | winner:- | filled:venue:CR; lang:CR | missing:abstract"
A403,101111j14676494200900610x,"Reactive and Proactive Aggression in Childhood and Adolescence: Precursors, Outcomes, Processes, Experiences, and Measurement",Julie A. Hubbard; Meghan D. McAuliffe; Michael T. Morrow; Lydia J. Romano,Julie A. Hubbard,2010.0,10.1111/j.1467-6494.2009.00610.x,https://pubmed.ncbi.nlm.nih.gov/20433614,,,Journal of Personality,78,1,95-118,Wiley,en,https://doi.org/10.1111/j.1467-6494.2009.00610.x,0.9,resolved,openalex,2026-08-16T22:33:42Z,X013,"This paper reviews and critiques the growing literature on the distinction between reactive and proactive aggression in children and adolescents. Empirical findings suggest that the subtypes of aggression are (a) preceded by different familial precursors, (b) associated with different behavioral outcomes, (c) driven by different social-cognitive and emotional processes, and (d) related to different social experiences. Because measurement difficulties have been a prominent concern in the study of reactive and proactive aggression, a discussion of various assessment approaches is included. Suggestions are made for future research directions, including a greater use of observational and laboratory-based methods, more longitudinal designs, and a greater focus on the careful assessment of the subtypes of aggression.",Aggression; Psychology; Developmental psychology; Observational study; Observational methods in psychology; Cognition; Human factors and ergonomics; Poison control; Injury prevention; Early childhood; Clinical psychology; Psychiatry,False,article,True,True,False,doi,,"{'venue': 'crossref', 'volume': 'crossref', 'issue': 'crossref', 'pages': 'crossref', 'publisher': 'crossref', 'url': 'crossref', 'lang': 'crossref'}",{'crossref': 7},"X013.R000 resolved | hits:OA,CR | winner:- | filled:venue:CR; lang:CR | missing:-"
A404,101016jcpr200908005,"Co-occurring anxiety and disruptive behavior disorders: The roles of anxious symptoms, reactive aggression, and shared risk processes",Jennifer L. Bubier; Deborah A. G. Drabick,Jennifer L. Bubier,2009.0,10.1016/j.cpr.2009.08.005,https://pubmed.ncbi.nlm.nih.gov/19729235,,,Clinical Psychology Review,29,7,658-669,Elsevier BV,en,https://doi.org/10.1016/j.cpr.2009.08.005,0.9,resolved,openalex,2026-08-16T22:33:42Z,X013,,Anxiety; Aggression; Psychology; Comorbidity; Clinical psychology; Anxiety disorder; Psychiatry,False,article,True,True,False,doi,,"{'venue': 'crossref', 'volume': 'crossref', 'issue': 'crossref', 'pages': 'crossref', 'publisher': 'crossref', 'url': 'crossref', 'lang': 'crossref'}",{'crossref': 7},"X013.R000 resolved | hits:OA,CR | winner:- | filled:venue:CR; lang:CR | missing:abstract"
A405,101016jbiopsycho200911006,"Being hot-tempered: Autonomic, emotional, and behavioral distinctions between childhood reactive and proactive aggression",Angela Scarpa; Sara C. Haden; Akiho Tanaka,Angela Scarpa,2009.0,10.1016/j.biopsycho.2009.11.006,https://pubmed.ncbi.nlm.nih.gov/19941933,,,Biological Psychology,84,3,488-496,Elsevier BV,en,https://doi.org/10.1016/j.biopsycho.2009.11.006,0.9,resolved,openalex,2026-08-16T22:33:43Z,X013,,Aggression; Psychology; Developmental psychology; Cognitive psychology,False,article,True,True,False,doi,,"{'venue': 'crossref', 'volume': 'crossref', 'issue': 'crossref', 'pages': 'crossref', 'publisher': 'crossref', 'url': 'crossref', 'lang': 'crossref'}",{'crossref': 7},"X013.R000 resolved | hits:OA,CR | winner:- | filled:venue:CR; lang:CR | missing:abstract"
A406,101097chi0b013e31802b91ea,Externalizing and Internalizing Problems in Relation to Autonomic Function,Andrea Dietrich; Harriëtte Riese; Frouke Sondeijker; Kirstin Greaves‐Lord; Arie M. van Roon; Johan Ormel; Jan Neeleman; Judith G.M. Rosmalen,Andrea Dietrich,2007.0,10.1097/chi.0b013e31802b91ea,https://pubmed.ncbi.nlm.nih.gov/17314724,,,Journal of the American Academy of Child &amp; Adolescent Psychiatry,46,3,378-386,Elsevier BV,en,https://doi.org/10.1097/chi.0b013e31802b91ea,0.9,resolved,openalex,2026-08-16T22:33:43Z,X013,,Vagal tone; Supine position; Psychology; Autonomic nervous system; Child Behavior Checklist; Autonomic function; Baroreflex; Heart rate; Population; Developmental psychology; Prospective cohort study; Cohort,False,article,True,True,False,doi,,"{'venue': 'crossref', 'volume': 'crossref', 'issue': 'crossref', 'pages': 'crossref', 'publisher': 'crossref', 'url': 'crossref', 'lang': 'crossref'}",{'crossref': 7},"X013.R000 resolved | hits:OA,CR | winner:- | filled:venue:CR; lang:CR | missing:abstract"
A407,101007s007870150745x,"The Dysregulation Profile in middle childhood and adolescence across reporters: factor structure, measurement invariance, and links with self-harm and suicidal ideation",Marike H. F. Deutz; Sanne B. Geeraerts; Anneloes L. van Baar; Maja Deković; Peter Prinzie,Marike H. F. Deutz,2015.0,10.1007/s00787-015-0745-x,https://pubmed.ncbi.nlm.nih.gov/26226917,,,European Child &amp; Adolescent Psychiatry,25,4,431-442,Springer Science and Business Media LLC,en,https://doi.org/10.1007/s00787-015-0745-x,0.9,resolved,openalex,2026-08-16T22:33:45Z,X013,"Recently, a phenotype of severe dysregulation, the Dysregulation Profile (DP), has been identified. DP consists of elevated scores on the Anxious/Depressed (AD), Aggressive Behavior (AGG) and Attention Problems (AP) scales of the Child Behavior Checklist (CBCL), Teacher Report Form (TRF), or Youth Self Report (YSR). A drawback in current research is that DP has been conceptualized and operationalized in different manners and research on the factor structure of DP is lacking. Therefore, we examined the factor structure of DP across multiple reporters, measurement invariance across gender, parents, and time, as well as links between DP and self-harm and suicidal ideation. Data from a large community sample were used (N = 697), covering middle childhood (Mage = 7.90, (SD = 1.16) and adolescence (Mage = 13.93, SD = 1.14). Mothers, fathers, teachers, and youth themselves reported on children's emotional and behavioral problems using the CBCL, TRF, and YSR. Results indicated that in middle childhood and in adolescence, a bifactor model with a general factor of Dysregulation alongside three specific factors of AD, AGG, and AP fitted best, compared to a second-order or one-factor model. The model showed good fit for mother, father, teacher, and youth reports and showed invariance across gender, parents and time. Youth, mother, and father reported Dysregulation was uniquely and positively related to adolescent-reported self-harm and suicidal ideation. The DP is best conceptualized as a broad dysregulation syndrome, which exists over and above anxiety/depression, aggression, and attention problems as specific problems. The bifactor model of DP explains the uniqueness and interrelatedness of these behavioral problems and can help explaining shared and non-shared etiology factors. The exclusive link between the general dysregulation factor and adolescents' self-harm and suicidal ideation further established the clinical relevance of the bifactor model.",Psychology; CBCL; Child Behavior Checklist; Emotional dysregulation; Suicidal ideation; Measurement invariance; Aggression; Anxiety; Developmental psychology; Clinical psychology; Child and adolescent psychiatry; Poison control,True,article,True,True,False,doi,,"{'venue': 'crossref', 'volume': 'crossref', 'issue': 'crossref', 'pages': 'crossref', 'publisher': 'crossref', 'url': 'crossref', 'lang': 'crossref'}",{'crossref': 7},"X013.R000 resolved | hits:OA,CR | winner:- | filled:venue:CR; lang:CR | missing:-"
A408,101023a1020867831811,"Reactive Aggression in Boys with Disruptive Behavior Disorders: Behavior, Physiology, and Affect",Daniel A. Waschbusch; William E. Pelham; J. Richard Jennings; Andrew R. Greiner; Ralph E. Tarter; Howard B. Moss,Daniel A. Waschbusch,2002.0,10.1023/a:1020867831811,https://pubmed.ncbi.nlm.nih.gov/12481977,,,Journal of Abnormal Child Psychology,30,6,641-656,Springer Science and Business Media LLC,en,https://doi.org/10.1023/a:1020867831811,0.9,resolved,openalex,2026-08-16T22:33:46Z,X013,"This study examined responses to peer provocation in boys ages 9–13 years who met symptomatic criteria for ADHD-only, ODD/CD-only, comorbid ADHD/ODD/CD, or no diagnosis. Boys participated in a reaction-time game that included standardized verbal and behavioral provocation. Their behavioral, physiological, and affective responses to this task were measured. Results showed that groups did not differ following high levels of provocation because all boys behaved aggressively. However, following low provocation boys with comorbid ADHD/ODD/CD had higher levels of behavioral aggression, had greater heart rate acceleration, and were rated as angrier than all other boys. In addition, boys with comorbid ADHD/ODD/CD held a grudge longer than other children. Results suggest that boys with comorbid ADHD/ODD/CD are especially reactive to provocation from their peers.",Provocation test; Aggression; Psychology; Affect (linguistics); Developmental psychology; Injury prevention; Poison control; Clinical psychology; Human factors and ergonomics; Conduct disorder; Medicine; Medical emergency,False,article,True,True,False,doi,,"{'venue': 'crossref', 'volume': 'crossref', 'issue': 'crossref', 'pages': 'crossref', 'publisher': 'crossref', 'url': 'crossref', 'lang': 'crossref', 'abstract': 'unpaywall'}","{'crossref': 7, 'unpaywall': 1}","X013.R000 resolved | hits:OA,CR | winner:- | filled:venue:CR; lang:CR; abstract:UN | missing:-"
A409,101111jcpp12428,Executive function in children with externalizing and comorbid internalizing behavior problems,Steven Woltering; Victoria Lishak; Nick Hodgson; Isabela Granic; Philip David Zelazo,Steven Woltering,2015.0,10.1111/jcpp.12428,https://pubmed.ncbi.nlm.nih.gov/25981677,,,Journal of Child Psychology and Psychiatry,57,1,30-38,Wiley,en,https://doi.org/10.1111/jcpp.12428,0.9,resolved,openalex,2026-08-16T22:33:48Z,X013,"BACKGROUND: The goal of this study is to investigate differences in executive function (EF) in children with different levels of disruptive behavior problems (DBP). METHODS: Ninety-three children between 7 and 12 years old with DBP were compared to 63 normally developing peers on a battery of EF tasks that varied in the amount of required emotion regulation ('hot' EF). RESULTS: Differences in EF were found between DBP and comparison groups as indexed by hot EF tasks. Self-reported emotion scales, in conjunction with physiological recordings of heart rate, confirmed that emotions were elicited during hot EF. CONCLUSIONS: Results suggest that difficulties in hot EF underlie externalizing problem behaviors in middle childhood.",Psychology; Developmental psychology; Executive functions; Externalization; Clinical psychology; Cognition; Psychiatry; Social psychology,False,article,True,True,False,doi,,"{'venue': 'crossref', 'volume': 'crossref', 'issue': 'crossref', 'pages': 'crossref', 'publisher': 'crossref', 'url': 'crossref', 'lang': 'crossref'}",{'crossref': 7},"X013.R000 resolved | hits:OA,CR | winner:- | filled:venue:CR; lang:CR | missing:-"
A410,105451unibasep9423,Analysis of cardiovascular regulation,Frank H. Wilhelm; Paul Grossman; Walton T. Roth,Frank H. Wilhelm,1999.0,10.5451/unibas-ep9423,https://pubmed.ncbi.nlm.nih.gov/11143335,,,,,,,,en,,0.9,resolved,openalex,2026-08-16T22:33:48Z,X013,"Adequate characterization of hemodynamic and autonomic responses to physical and mental stress can elucidate underlying mechanisms of cardiovascular disease or anxiety disorders. We developed a physiological signal processing system for analysis of continuously recorded ECG, arterial blood pressure (BP), and respiratory signals using the programming language Matlab. Data collection devices are a 16-channel digital, physiological recorder (Vitaport), a finger arterial pressure transducer (Finapres), and a respiratory inductance plethysmograph (Respitrace). Besides the conventional analysis of the physiological channels, power spectral density and transfer functions of respiration, heart rate, and blood pressure variability are used to characterize respiratory sinus arrhythmia (RSA), 0.10-Hz BP oscillatory activity (Mayer-waves), and baroreflex sensitivity. The arterial pressure transducer waveforms permit noninvasive estimation of stroke volume, cardiac output, and systemic vascular resistance. Time trends in spectral composition of indices are assessed using complex demodulation. Transient dynamic changes of cardiovascular parameters at the onset of stress and recovery periods are quantified using a regression breakpoint model that optimizes piecewise linear curve fitting. Approximate entropy (ApEn) is computed to quantify the degree of chaos in heartbeat dynamics. Using our signal processing system we found distinct response patterns in subgroups of patients with coronary artery disease or anxiety disorders, which were related to specific pharmacological and behavioral factors.",Blood pressure; Heart rate; Medicine; Vagal tone; Approximate entropy; Hemodynamics; Heart rate variability; Cardiology; Baroreflex; Internal medicine; Stroke volume; Anesthesia,True,article,True,False,False,doi,,{'lang': 'heuristic'},{'heuristic': 1},X013.R000 resolved | hits:OA | winner:- | filled:lang:HE | missing:-
A411,101016jjaac201504012,The Child Behavior Checklist Dysregulation Profile in Preschool Children: A Broad Dysregulation Syndrome,Sanne B. Geeraerts; Marike H. F. Deutz; Maja Deković; Tessa Bunte; Kim Schoemaker; Kimberly Andrews Espy; Peter Prinzie; Anneloes L. van Baar; Walter Matthys,Sanne B. Geeraerts,2015.0,10.1016/j.jaac.2015.04.012,https://pubmed.ncbi.nlm.nih.gov/26088665,,,Journal of the American Academy of Child &amp; Adolescent Psychiatry,54,7,595-602.e2,Elsevier BV,en,https://doi.org/10.1016/j.jaac.2015.04.012,0.9,resolved,openalex,2026-08-16T22:33:48Z,X013,,CBCL; Child Behavior Checklist; Psychology; Clinical psychology; Developmental psychology; Confirmatory factor analysis; Affect (linguistics); Cognition; Neuropsychology; Conceptualization; Checklist; Structural equation modeling,False,article,True,True,False,doi,,"{'venue': 'crossref', 'volume': 'crossref', 'issue': 'crossref', 'pages': 'crossref', 'publisher': 'crossref', 'url': 'crossref', 'lang': 'crossref'}",{'crossref': 7},"X013.R000 resolved | hits:OA,CR | winner:- | filled:venue:CR; lang:CR | missing:abstract"
A412,101002jcop20276,Biosocial bases of reactive and proactive aggression: the roles of community violence exposure and heart rate,Angela Scarpa; Akiho Tanaka; Sara C. Haden,Angela Scarpa,2008.0,10.1002/jcop.20276,,,,Journal of Community Psychology,36,8,969-988,Wiley,en,https://doi.org/10.1002/jcop.20276,0.9,resolved,openalex,2026-08-16T22:33:49Z,X013,"Abstract In order to more fully understand how individual differences influence adaptation to violence, this study examined the moderating influence of resting heart rate (HR) and HR variability (HRV) between community violence (CV) exposure and child reactive/proactive aggression. Forty 7‐13‐year‐old community children self‐reported CV exposure (i.e., victimization, witnessing, or hearing about violence) and were assessed for resting HR and HRV. Parents rated them on reactive/proactive aggression. CV victimization was positively related to proactive aggression only in conditions of low HR, and witnessed CV was positively related to reactive aggression only in conditions of high HRV. Main effects were not found for CV exposure or psychophysiological functioning, suggesting the importance of their interaction. Findings are discussed in terms of HR under‐arousal, emotion dysregulation, fearlessness, and behavioral disinhibition as components that can increase aggression in response to violent contexts. Findings support a biosocial basis for childhood aggression and have implications for prevention and treatment. © 2008 Wiley Periodicals, Inc.",Aggression; Biosocial theory; Disinhibition; Psychology; Developmental psychology; Clinical psychology; Arousal; Heart rate; RESTING HEART RATE; Social psychology; Medicine; Psychiatry,False,article,True,True,False,doi,,"{'venue': 'crossref', 'volume': 'crossref', 'issue': 'crossref', 'pages': 'crossref', 'publisher': 'crossref', 'url': 'crossref', 'lang': 'crossref'}",{'crossref': 7},"X013.R000 resolved | hits:OA,CR | winner:- | filled:venue:CR; lang:CR | missing:-"
A413,101207s15374424jccp32049,Aggressive and Nonaggressive Boys' Physiological and Cognitive Processes in Response to Peer Provocations,Susan Craven Williams; John E. Lochman; Nancy C. Phillips; Tammy D. Barry,Susan Craven Williams,2003.0,10.1207/s15374424jccp3204_9,https://pubmed.ncbi.nlm.nih.gov/14710465,,,Journal of Clinical Child &amp; Adolescent Psychology,32,4,568-576,Informa UK Limited,en,https://doi.org/10.1207/s15374424jccp3204_9,0.9,resolved,openalex,2026-08-16T22:33:50Z,X013,"This study examined physiological and social-cognitive correlates of aggression in an in vivo laboratory provocation situation. Fifty-one male participants (ages 9 to 13) were selected based on teacher aggression screenings, ranging from normative to high levels. A provocation was induced by the experimenter communicating a threat from an unseen ""peer"" in the laboratory. Bivariate linear regression analyses showed that aggression significantly predicted heart rate at both pre- and postinduction, and aggression significantly predicted attributions of intent following the provocation. Results indicated that aggression was a significant predictor of changes in hostile attribution and heart rate following the threat induction. A positive correlation also was found between heart rate change and attribution change. The findings suggest that both physiological and social-cognitive processes should be addressed in clinical interventions with aggressive children.",Aggression; Attribution; Provocation test; Psychology; Normative; Developmental psychology; Cognition; Clinical psychology; Psychological intervention; Poison control; Human factors and ergonomics; Injury prevention,False,article,True,True,False,doi,,"{'venue': 'crossref', 'volume': 'crossref', 'issue': 'crossref', 'pages': 'crossref', 'publisher': 'crossref', 'url': 'crossref', 'lang': 'crossref'}",{'crossref': 7},"X013.R000 resolved | hits:OA,CR | winner:- | filled:venue:CR; lang:CR | missing:-"
A414,101016jjaac201002003,Dysregulated Children Reconsidered,Robert R. Althoff,Robert R. Althoff,2010.0,10.1016/j.jaac.2010.02.003,https://pubmed.ncbi.nlm.nih.gov/20410722,,,Journal of the American Academy of Child &amp; Adolescent Psychiatry,49,4,302-305,Elsevier BV,en,https://doi.org/10.1016/j.jaac.2010.02.003,0.9,resolved,openalex,2026-08-16T22:33:50Z,X013,,Bipolar disorder; CBCL; Mania; Hypomania; Psychology; Child Behavior Checklist; Mood; Psychiatry; Clinical psychology; Child and adolescent psychiatry,False,article,True,True,False,doi,,"{'venue': 'crossref', 'volume': 'crossref', 'issue': 'crossref', 'pages': 'crossref', 'publisher': 'crossref', 'url': 'crossref', 'lang': 'crossref'}",{'crossref': 7},"X013.R000 resolved | hits:OA,CR | winner:- | filled:venue:CR; lang:CR | missing:abstract"
A415,1011552015873197,Neural Rhythms of Change: Long-Term Improvement after Successful Treatment in Children with Disruptive Behavior Problems,Steven Woltering; Victoria Liao; Zhong‐Xu Liu; Isabela Granic,Steven Woltering,2015.0,10.1155/2015/873197,https://pubmed.ncbi.nlm.nih.gov/26257962,,,Neural Plasticity,2015,,1-11,Wiley,en,https://doi.org/10.1155/2015/873197,0.9,resolved,openalex,2026-08-16T22:33:51Z,X013,"Neural changes were investigated for children with disruptive behavior problems one year after a treatment program ended. Thirty-nine children and their parents visited the research lab before, after, and a year after treatment ended. During those lab visits, electroencephalography (EEG) was recorded during a challenging Go/No-go task. Treatment consisted of intensive 14-week combined cognitive behavioral therapy and parent management training sessions. For the analysis, participants were divided into long-term improvers (IMPs) and long-term nonimprovers (NIMPs) based on changes in their externalizing problem scores. The results showed early no-go theta power (4-8 Hz, 100-250 ms) decreased for long-term IMPs compared to NIMPs. When participants were divided based on changes in their comorbid internalizing symptoms, effects were stronger and reductions in theta power were found for early as well as later phases (250-650 ms). We provided preliminary evidence that theta power is a useful neural measure to trace behavioral change linked to improved self-regulation even up to a year after treatment ended. Results may have implications for the characterization of children with disruptive behavior problems and may lead to the development of novel markers of treatment success.",Electroencephalography; Psychology; Rhythm; Cognition; Term (time); Clinical psychology; Developmental psychology; Audiology; Medicine; Psychiatry; Internal medicine; Physics,True,article,True,True,False,doi,,"{'venue': 'crossref', 'volume': 'crossref', 'pages': 'crossref', 'publisher': 'crossref', 'url': 'crossref', 'lang': 'crossref'}",{'crossref': 6},"X013.R000 resolved | hits:OA,CR | winner:- | filled:venue:CR; lang:CR | missing:-"
A416,101111jcpp12175,A prospective study of heart rate and externalising behaviours in young children,Bram Dierckx; Rianne Kok; J.H.M. Tulen; Vincent W. V. Jaddoe; Albert Hofman; Frank C. Verhulst; Marian J. Bakermans‐Kranenburg; Marinus H. van IJzendoorn; Henning Tiemeier,Bram Dierckx,2013.0,10.1111/jcpp.12175,https://pubmed.ncbi.nlm.nih.gov/24795956,,,Journal of Child Psychology and Psychiatry,55,4,402-410,Wiley,en,https://doi.org/10.1111/jcpp.12175,0.9,resolved,openalex,2026-08-16T22:33:51Z,X013,"BACKGROUND: Low heart rate predicts externalising and delinquent behaviour in adults, adolescents and school-age children. In younger children the evidence is less clear. Moreover, the specificity of the relation between the autonomic nervous system and different forms of externalising behaviour is uncertain. We investigated the longitudinal relation between resting mean heart rate and different externalising behaviours. METHODS: In 412 children of the Generation R Study, we measured resting mean heart rate at 14 months. At 3 years, child problem behaviour was assessed by the mother with the Child Behavior Checklist. In a gift delay task, we observed whether children were compliant and whether they lied about their noncompliance. The association of heart rate with behaviour was contrasted with the effect of harsh parenting. RESULTS: In our main analysis, we examined the association between heart rate and reported and observed child behaviour. For comparison, the association of heart rate with behaviour was contrasted with the effect of harsh parenting. Mean heart rate was positively associated with Anxious/Depressed scale scores (β = .1, 95% CI = 0.01; 0.2, p = .04), but not with Aggressive Behaviour (β = .02; 95% CI = −0.1; 0.1, p = .8) nor Attention Problem scale scores (β = .08, 95% CI = −0.3; 0.5, p = .8). We could not demonstrate an association between mean heart rate and noncompliance during the gift delay task (OR = 1.14, 95% CI = 0.9; 1.1, p = .2), but lower heart rate predicted higher odds of the child lying (OR = 0.56, 95% CI = 0.3; 0.9, p = .03). In contrast, harsh parenting was associated with mother-reported Aggressive Behaviour (β = .7, 95% CI = 0.4; 0.9, p < .001) and Attention Problems (β = .2, 95% CI = 0.1; 0.3, p < .001), but not with observed lying (OR = 1.03, 95% CI = 0.8; 1.4, p = .8). CONCLUSIONS: Lower resting mean heart rate at age 14 months predicts low anxiety symptoms and higher odds of lying at age 3 years. Low resting mean heart rate may be less an indicator of early childhood aggression than of fearless behaviour.",Heart rate; Child Behavior Checklist; Psychology; Association (psychology); Odds ratio; Developmental psychology; Autonomic nervous system; Checklist; Heart rate variability; Odds; Cardiology; Pediatrics,True,article,True,True,False,doi,,"{'venue': 'crossref', 'volume': 'crossref', 'issue': 'crossref', 'pages': 'crossref', 'publisher': 'crossref', 'url': 'crossref', 'lang': 'crossref'}",{'crossref': 7},"X013.R000 resolved | hits:OA,CR | winner:- | filled:venue:CR; lang:CR | missing:-"
A417,thepsychopathologyofcrimecriminalbehaviorasaclinicaldisorder,The Psychopathology of Crime: Criminal Behavior as a Clinical Disorder,Adrian Raine,Adrian Raine,1993.0,https://openalex.org/W1586862565,,,,,,,,,en,,0.9,resolved,openalex,2026-08-16T22:33:51Z,X013,"Crime and the nature of psychopathology crime in the context of evolution genetics neurochemistry neuropsychology brain imaging. psychophysiology. other biological factors head injury pregnancy and birth complications physical appearance, hormones, diet, and lead cognitive deficits familial influences extra-Familial influences is crime a disorder?",Psychopathology; Neuropsychology; Context (archaeology); Neurochemistry; Psychology; Cognition; Criminal behavior; Developmental psychology; Clinical psychology; Psychiatry; Neurology; Criminology,False,other,True,False,False,title,openalex,"{'doi': 'openalex', 'lang': 'heuristic'}","{'openalex': 1, 'heuristic': 1}",X013.R000 resolved | hits:OA | winner:openalex | filled:doi:OP; lang:HE | missing:-
A418,101111jcpp12293,"Editorial: ‘What's up, (R)DoC?’ – can identifying core dimensions of early functioning help us understand, and then reduce, developmental risk for mental disorders?",Edmund Sonuga‐Barke,Edmund Sonuga‐Barke,2014.0,10.1111/jcpp.12293,https://pubmed.ncbi.nlm.nih.gov/25039570,,,Journal of Child Psychology and Psychiatry,55,8,849-851,Wiley,en,https://doi.org/10.1111/jcpp.12293,0.9,resolved,openalex,2026-08-16T22:33:52Z,X013,"In the U.S. the National Institute of Mental Health (NIMH), the main funder of mental health research in the world, has recently changed its funding model to promote a radically new perspective for mental health science. This bold, and for some controversial, initiative, termed the Research Diagnostic Criteria (or RDoC for short), intends to shift the focus of research, and eventually clinical practice, away from existing diagnostic categories, as recently updated in the DSM-5, towards 'new ways of classifying psychopathology based on dimensions of observable behavior and neurobiological measures.' This reorientation from discrete categorical disorder manifestations to underlying cross-cutting dimensions of individual functioning has generated considerable debate across the community of mental health researchers and clinicians (with strong views voiced both pro and con). Given its pivotal role in defining the research agenda globally, there is little doubt that this US science funding initiative will also have ramifications for researchers and clinicians worldwide. In this Editorial we focus specifically on the translational potential of the dimensional RDoC approach, properly extended to developmental models of early risk, in terms of its value as a potential driver of early intervention/prevention models; in the current issue of the JCPP this is exemplified by a number of papers thata address the mapping of underlying dimensions of core functioning to disorder risk, providing evidence for their potential predictive power as early markers of later disorder processes.",Mental health; Psychology; Psychopathology; Intervention (counseling); Perspective (graphical); Translational research; Psychiatry; Medicine; Artificial intelligence; Computer science; Pathology,False,article,True,True,False,doi,,"{'venue': 'crossref', 'volume': 'crossref', 'issue': 'crossref', 'pages': 'crossref', 'publisher': 'crossref', 'url': 'crossref', 'lang': 'crossref'}",{'crossref': 7},"X013.R000 resolved | hits:OA,CR | winner:- | filled:venue:CR; lang:CR | missing:-"
A419,101093biomet883767,Testing the number of components in a normal mixture,Yungtai Lo,Yungtai Lo,2001.0,10.1093/biomet/88.3.767,,,,Biometrika,88,3,767-778,Oxford University Press (OUP),en,https://doi.org/10.1093/biomet/88.3.767,0.9,resolved,openalex,2026-08-16T22:33:52Z,X013,"We demonstrate that, under a theorem proposed by Vuong, the likelihood ratio statistic based on the Kullback–Leibler information criterion of the null hypothesis that a random sample is drawn from a k0‐component normal mixture distribution against the alternative hypothesis that the sample is drawn from a k1‐component normal mixture distribution is asymptotically distributed as a weighted sum of independent chi‐squared random variables with one degree of freedom, under general regularity conditions. We report simulation studies of two cases where we are testing a single normal versus a two‐component normal mixture and a two‐component normal mixture versus a three‐component normal mixture. An empirical adjustment to the likelihood ratio statistic is proposed that appears to improve the rate of convergence to the limiting distribution.",Mathematics; Statistics; Normal distribution; Likelihood-ratio test; Component (thermodynamics); Mixture model; Empirical likelihood; Statistic; Statistical hypothesis testing; Null hypothesis; Empirical distribution function; Null distribution,False,article,True,True,False,doi,,"{'venue': 'crossref', 'volume': 'crossref', 'issue': 'crossref', 'pages': 'crossref', 'publisher': 'crossref', 'url': 'crossref', 'lang': 'crossref'}",{'crossref': 7},"X013.R000 resolved | hits:OA,CR | winner:- | filled:venue:CR; lang:CR | missing:-"
A420,101016jbiopsycho201003010,Autonomic nervous system activity in emotion: A review,Sylvia D. Kreibig,Sylvia D. Kreibig,2010.0,10.1016/j.biopsycho.2010.03.010,https://pubmed.ncbi.nlm.nih.gov/20371374,,,Biological Psychology,84,3,394-421,Elsevier BV,en,https://doi.org/10.1016/j.biopsycho.2010.03.010,0.9,resolved,openalex,2026-08-16T22:33:52Z,X013,,Arousal; Psychology; Autonomic nervous system; Two-factor theory of emotion; Cognitive psychology; Neuroscience; Reactivity (psychology); Emotion classification; Terminology; Developmental psychology; Affective science; Medicine,False,article,True,True,False,doi,,"{'venue': 'crossref', 'volume': 'crossref', 'issue': 'crossref', 'pages': 'crossref', 'publisher': 'crossref', 'url': 'crossref', 'lang': 'crossref'}",{'crossref': 7},"X013.R000 resolved | hits:OA,CR | winner:- | filled:venue:CR; lang:CR | missing:abstract"
A421,101080002731712012715555,The Rediscovery of Bifactor Measurement Models,Steven P. Reise,Steven P. Reise,2012.0,10.1080/00273171.2012.715555,https://pubmed.ncbi.nlm.nih.gov/24049214,,,Multivariate Behavioral Research,47,5,667-696,Informa UK Limited,en,https://doi.org/10.1080/00273171.2012.715555,0.9,resolved,openalex,2026-08-16T22:33:53Z,X013,"multidimensionality in a set of ordered categorical item responses. I begin by describing the Schmid-Leiman bifactor procedure (Schmid & Leiman, 1957), and highlight its relations with correlated-factors and second-order exploratory factor models. After describing limitations of the Schmid-Leiman, two newer methods of exploratory bifactor modeling are considered, namely, analytic bifactor (Jennrich & Bentler, 2011) and target bifactor rotations (Reise, Moore, & Maydeu-Olivares, 2011). In section two, I discuss limited and full-information estimation approaches to confirmatory bifactor models that have emerged from the item response theory and factor analysis traditions, respectively. Comparison of the confirmatory bifactor model to alternative nested confirmatory models and establishing parameter invariance for the general factor also are discussed. In the final section, important applications of bifactor models are reviewed. These applications demonstrate that bifactor modeling potentially provides a solid foundation for conceptualizing psychological constructs, constructing measures, and evaluating a measure's psychometric properties. However, some applications of the bifactor model may be limited due to its restrictive assumptions.",Confirmatory factor analysis; Categorical variable; Psychology; Construct (python library); Set (abstract data type); Factor analysis; Measure (data warehouse); Econometrics; Cognitive psychology; Measurement invariance; Structural equation modeling; Computer science,True,article,True,True,False,doi,,"{'venue': 'crossref', 'volume': 'crossref', 'issue': 'crossref', 'pages': 'crossref', 'publisher': 'crossref', 'url': 'crossref', 'lang': 'crossref'}",{'crossref': 7},"X013.R000 resolved | hits:OA,CR | winner:- | filled:venue:CR; lang:CR | missing:-"
A422,1023071130685,The Physiology and Psychology of Behavioral Inhibition in Children,Jerome Kagan; J. Steven Reznick; Nancy Snidman,Jerome Kagan,1987.0,10.2307/1130685,https://pubmed.ncbi.nlm.nih.gov/3691195,,,Child Development,58,6,1459,Oxford University Press (OUP),en,https://doi.org/10.2307/1130685,0.9,resolved,openalex,2026-08-16T22:33:54Z,X013,"Longitudinal study of 2 cohorts of children selected in the second or third year of life to be extremely cautious and shy (inhibited) or fearless and outgoing (uninhibited) to unfamiliar events revealed preservation of these 2 behavioral qualities through the sixth year of life. Additionally, more of the inhibited children showed signs of activation in 1 or more of the physiological circuits that usually respond to novelty and challenge, namely, the hypothalamic-pituitary-adrenal axis, the reticular activating system, and the sympathetic arm of the autonomic nervous system. It is suggested that the threshold of responsivity in limbic and hypothalamic structures to unfamiliarity and challenge is tonically lower for inhibited than for uninhibited children.",Novelty; Psychology; Neuroscience; Developmental psychology; Behavioral activation; Reticular formation; Autonomic nervous system; Central nervous system; Cognition; Internal medicine; Medicine; Heart rate,False,article,True,True,False,doi,,"{'venue': 'crossref', 'volume': 'crossref', 'issue': 'crossref', 'pages': 'crossref', 'publisher': 'crossref', 'url': 'crossref', 'lang': 'heuristic'}","{'crossref': 6, 'heuristic': 1}","X013.R000 resolved | hits:OA,CR | winner:- | filled:venue:CR; lang:HE | missing:-"
A423,101037003329091304531,"Psychophysiology of Aggression, Psychopathy, and Conduct Problems: A Meta-Analysis",Michael F. Lorber,Michael F. Lorber,2004.0,10.1037/0033-2909.130.4.531,https://pubmed.ncbi.nlm.nih.gov/15250812,,,Psychological Bulletin,130,4,531-552,American Psychological Association (APA),en,https://doi.org/10.1037/0033-2909.130.4.531,0.9,resolved,openalex,2026-08-16T22:33:54Z,X013,"A meta-analysis of 95 studies was conducted to investigate the relations of heart rate (HR) and electrodermal activity (EDA) with aggression, psychopathy, and conduct problems. Analyses revealed a complex constellation of interactive effects, with a failure in some cases of autonomic patterns to generalize across antisocial spectrum behavior constructs. Low resting EDA and low task EDA were associated with psychopathy/sociopathy and conduct problems. However, EDA reactivity was positively associated with aggression and negatively associated with psychopathy/sociopathy. Low resting HR and high HR reactivity were associated with aggression and conduct problems. Physiology--behavior relations varied with age and stimulus valence in several cases. Empirical and clinical implications are discussed.",Psychopathy; Aggression; Psychology; Psychophysiology; Antisocial personality disorder; Conduct disorder; Developmental psychology; Stimulus (psychology); Meta-analysis; Clinical psychology; Reactivity (psychology); Poison control,False,article,True,True,False,doi,,"{'venue': 'crossref', 'volume': 'crossref', 'issue': 'crossref', 'pages': 'crossref', 'publisher': 'crossref', 'url': 'crossref', 'lang': 'crossref'}",{'crossref': 7},"X013.R000 resolved | hits:OA,CR | winner:- | filled:venue:CR; lang:CR | missing:-"
A424,101016jjaac201008006,Adult Outcomes of Childhood Dysregulation: A 14-year Follow-up Study,Robert R. Althoff; Frank C. Verhulst; David C. Rettew; James J. Hudziak; Jan van der Ende,Robert R. Althoff,2010.0,10.1016/j.jaac.2010.08.006,https://pubmed.ncbi.nlm.nih.gov/20970698,,,Journal of the American Academy of Child &amp; Adolescent Psychiatry,49,11,1105-1116.e1,Elsevier BV,en,https://doi.org/10.1016/j.jaac.2010.08.006,0.9,resolved,openalex,2026-08-16T22:33:54Z,X013,,CBCL; Child Behavior Checklist; Anxiety; Psychology; Psychiatry; Depression (economics); Population; Logistic regression; Mood disorders; Clinical psychology; Medicine; Internal medicine,True,article,True,True,False,doi,,"{'venue': 'crossref', 'volume': 'crossref', 'issue': 'crossref', 'pages': 'crossref', 'publisher': 'crossref', 'url': 'crossref', 'lang': 'crossref'}",{'crossref': 7},"X013.R000 resolved | hits:OA,CR | winner:- | filled:venue:CR; lang:CR | missing:abstract"
A425,101016javb201502004,Resting heart rate and antisocial behavior: An updated systematic review and meta-analysis,Jill Portnoy; David P. Farrington,Jill Portnoy,2015.0,10.1016/j.avb.2015.02.004,,,,Aggression and Violent Behavior,22,,33-45,Elsevier BV,en,https://doi.org/10.1016/j.avb.2015.02.004,0.9,resolved,openalex,2026-08-16T22:33:55Z,X013,,RESTING HEART RATE; Aggression; Meta-analysis; Psychopathy; Heart rate; Psychology; Poison control; Antisocial personality disorder; Injury prevention; Clinical psychology; Developmental psychology; Medicine,False,article,True,True,False,doi,,"{'venue': 'crossref', 'volume': 'crossref', 'pages': 'crossref', 'publisher': 'crossref', 'url': 'crossref', 'lang': 'crossref'}",{'crossref': 6},"X013.R000 resolved | hits:OA,CR | winner:- | filled:venue:CR; lang:CR | missing:abstract"
A426,101111j14697610200902089x,Child Behavior Checklist Juvenile Bipolar Disorder (CBCL‐JBD) and CBCL Posttraumatic Stress Problems (CBCL‐PTSP) scales are measures of a single dysregulatory syndrome,Lynsay Ayer; Robert R. Althoff; Masha Y. Ivanova; David C. Rettew; Ellen Waxler; Julie Sulman; James J. Hudziak,Lynsay Ayer,2009.0,10.1111/j.1469-7610.2009.02089.x,https://pubmed.ncbi.nlm.nih.gov/19486226,,,Journal of Child Psychology and Psychiatry,50,10,1291-1300,Wiley,en,https://doi.org/10.1111/j.1469-7610.2009.02089.x,0.9,resolved,openalex,2026-08-16T22:33:56Z,X013,"BACKGROUND: The Child Behavior Checklist Juvenile Bipolar Disorder (CBCL-JBD) profile and Posttraumatic Stress Problems (CBCL-PTSP) scale have been used to assess juvenile bipolar disorder (JBD) and posttraumatic stress disorder (PTSD), respectively. However, their validity is questionable according to previous research. Both measures are associated with severe psychopathology often encompassing multiple DSM-IV diagnoses. Further, children who score highly on one of these scales often have elevated scores on the other, independent of PTSD or JBD diagnoses. We hypothesized that the two scales may be indicators of a single syndrome related to dysregulated mood, attention, and behavior. We aimed to describe and identify the overlap between the CBCL-JBD profile and CBCL-PTSP scales. METHOD: Two thousand and twenty-nine (2029) children from a nationally representative sample (1073 boys, 956 girls; mean age = 11.98; age range = 6-18) were rated on emotional and behavior problems by their parents using the CBCL. Comparative model testing via structural equation modeling was conducted to determine whether the CBCL-JBD profile and CBCL-PTSP scale are best described as measuring separate versus unitary constructs. Associations with suicidality and competency scores were also examined. RESULTS: The CBCL-JBD and CBCL-PTSP demonstrated a high degree of overlap (r = .89) at the latent variable level. The best fitting, most parsimonious model was one in which the CBCL-JBD and CBCL-PTSP items identified a single latent construct, which was associated with higher parental endorsement of child suicidal behavior, and lower functioning. CONCLUSIONS: The CBCL-JBD profile and CBCL-PTSP scale overlap to a remarkable degree, and may be best described as measures of a single syndrome. This syndrome appears to be related to severe psychopathology, but may not conform to traditional DSM-IV classification. These results contribute to the ongoing debate about the utility of the CBCL-JBD and CBCL-PTSP profiles, and offer promising methods of empirically based measurement of disordered self-regulation in youth.",CBCL; Child Behavior Checklist; Psychology; Psychopathology; Child abuse; Poison control; Clinical psychology; Injury prevention; Medicine; Environmental health,False,article,True,True,False,doi,,"{'venue': 'crossref', 'volume': 'crossref', 'issue': 'crossref', 'pages': 'crossref', 'publisher': 'crossref', 'url': 'crossref', 'lang': 'crossref'}",{'crossref': 7},"X013.R000 resolved | hits:OA,CR | winner:- | filled:venue:CR; lang:CR | missing:-"
A427,101002ab21523,Low heart rate as a risk factor for child and adolescent proactive aggressive and impulsive psychopathic behavior,Adrian Raine; Annis Lai Chu Fung; Jill Portnoy; Olivia Choy; Victoria Spring,Adrian Raine,2014.0,10.1002/ab.21523,https://pubmed.ncbi.nlm.nih.gov/24604759,,,Aggressive Behavior,40,4,290-299,Wiley,en,https://doi.org/10.1002/ab.21523,0.9,resolved,openalex,2026-08-16T22:33:57Z,X013,"Although low resting heart rate has been viewed as a well-replicated biological correlate of child and adolescent antisocial behavior, little is known about how it interacts with psychosocial adversity in predisposing to both reactive-proactive aggression and psychopathy, and whether this relationship generalizes to an East Asian population. This study tests the hypothesis that low resting heart rate will be associated with aggression and psychopathic traits, and that heart rate will interact with adversity in predisposing to these antisocial traits. Resting heart rate was assessed in 334 Hong Kong male and female schoolchildren aged 11-17 years. A social adversity index was calculated from a psychosocial interview of the parent, while parents assessed their children on the Reactive-Proactive Aggression Questionnaire and the Antisocial Personality Screening Device. Low resting heart rate was significantly associated with higher proactive aggression, impulsive features of psychopathy, and total child psychopathy. Low resting heart rate interacted with high psychosocial adversity in explaining higher reactive (but not proactive) aggression, as well as impulsive psychopathy. These findings provide support for a biosocial perspective of reactive aggression and impulsive psychopathy, and document low resting heart rate as a robust correlate of both childhood impulsive psychopathic behavior and proactive aggression. To our knowledge, this study is the first to document low resting heart rate as a correlate of child psychopathy and the second to establish low heart rate as a risk factor of antisocial behavior in an East Asian population. The findings provide further evidence for both low resting heart rate as a potential biomarker for childhood psychopathic and aggressive behavior, and also a biosocial perspective on childhood antisocial behavior.",Psychopathy; Aggression; Psychosocial; Psychology; RESTING HEART RATE; Heart rate; Biosocial theory; Population; Antisocial personality disorder; Poison control; Clinical psychology; Developmental psychology,False,article,True,True,False,doi,,"{'venue': 'crossref', 'volume': 'crossref', 'issue': 'crossref', 'pages': 'crossref', 'publisher': 'crossref', 'url': 'crossref', 'lang': 'crossref'}",{'crossref': 7},"X013.R000 resolved | hits:OA,CR | winner:- | filled:venue:CR; lang:CR | missing:-"
A428,101111cdep12102,Comorbidity Among Dimensions of Childhood Psychopathology: Converging Evidence From Behavior Genetics,Soo Hyun Rhee; Benjamin B. Lahey; Irwin D. Waldman,Soo Hyun Rhee,2014.0,10.1111/cdep.12102,https://pubmed.ncbi.nlm.nih.gov/26019716,,,Child Development Perspectives,9,1,26-31,Oxford University Press (OUP),en,https://doi.org/10.1111/cdep.12102,0.9,resolved,openalex,2026-08-16T22:33:57Z,X013,"In this article, we review evidence from recent behavior genetic studies that examined the covariance among common childhood psychopathological conditions and tested specific hypotheses regarding common and broadband-specific underlying features of childhood psychopathology. Specifically, we review the distinction between internalizing and externalizing disorders, the support for the generalist genes and specialist environments model, negative emotionality as a heritable underlying feature common to both internalizing and externalizing disorders, and daring as a heritable broadband-specific underlying feature that distinguishes externalizing disorders from internalizing disorders. We also discuss the implications of research in the search for specific genes that influence childhood psychopathology and suggest avenues for new research.",Psychopathology; Psychology; Developmental psychology; Comorbidity; Developmental psychopathology; Behavioural genetics; Clinical psychology; Child psychopathology; Psychiatry,True,article,True,True,False,doi,,"{'venue': 'crossref', 'volume': 'crossref', 'issue': 'crossref', 'pages': 'crossref', 'publisher': 'crossref', 'url': 'crossref', 'lang': 'crossref'}",{'crossref': 7},"X013.R000 resolved | hits:OA,CR | winner:- | filled:venue:CR; lang:CR | missing:-"
A429,101016jpsyneuen200605005,Hypothalamus pituitary adrenal axis and autonomic activity during stress in delinquent male adolescents and controls,Arne Popma; Lucres M. C. Jansen; Robert Vermeiren; Hans Steiner; Adrian Raine; Stephanie H.M. Van Goozen; Hermán van Engeland; Theo Doreleijers,Arne Popma,2006.0,10.1016/j.psyneuen.2006.05.005,https://pubmed.ncbi.nlm.nih.gov/16831519,,,Psychoneuroendocrinology,31,8,948-957,Elsevier BV,en,https://doi.org/10.1016/j.psyneuen.2006.05.005,0.9,resolved,openalex,2026-08-16T22:33:57Z,X013,,Psychology; Arousal; Reactivity (psychology); Internal medicine; Endocrinology; Juvenile delinquency; Conduct disorder; Heart rate; Developmental psychology; Medicine; Neuroscience; Pathology,False,article,True,True,False,doi,,"{'venue': 'crossref', 'volume': 'crossref', 'issue': 'crossref', 'pages': 'crossref', 'publisher': 'crossref', 'url': 'crossref', 'lang': 'crossref'}",{'crossref': 7},"X013.R000 resolved | hits:OA,CR | winner:- | filled:venue:CR; lang:CR | missing:abstract"
A430,101037a0019699,Assessment of dysregulated children using the Child Behavior Checklist: A receiver operating characteristic curve analysis,Robert R. Althoff; Lynsay Ayer; David C. Rettew; James J. Hudziak,Robert R. Althoff,2010.0,10.1037/a0019699,https://pubmed.ncbi.nlm.nih.gov/20822273,,,Psychological Assessment,22,3,609-617,American Psychological Association (APA),en,https://doi.org/10.1037/a0019699,0.9,resolved,openalex,2026-08-16T22:33:58Z,X013,"Disorders of self-regulatory behavior are common reasons for referral to child and adolescent clinicians. Here, the authors sought to compare 2 methods of empirically based assessment of children with problems in self-regulatory behavior. Using parental reports on 2,028 children (53% boys) from a U.S. national probability sample of the Child Behavior Checklist (CBCL; T. M. Achenbach & L. A. Rescorla, 2001), the receiver operating characteristic curve analysis was applied to compare scores on the Posttraumatic Stress Problems Scale (PTSP) of the CBCL with the CBCL Dysregulation Profile (DP), identified using latent class analysis of the Attention Problems, Aggressive Behavior, and Anxious/Depressed scales of the CBCL. The CBCL-PTSP score demonstrated an area under the curve of between .88 and .91 for predicting membership in the CBCL-DP profile for boys and for girls. These findings suggest that the CBCL-PTSP, which others have shown does not uniquely identify children who have been traumatized, does identify the same profile of behavior as the CBCL-DP. Therefore, the authors recommend renaming the CBCL-PTSP the Dysregulation Short Scale and provide some guidelines for the use of the CBCL-DP scale and the CBCL-PTSP in clinical practice.",CBCL; Child Behavior Checklist; Psychology; Receiver operating characteristic; Clinical psychology; Developmental psychology; Psychometrics; Psychiatry; Medicine; Internal medicine,False,article,True,True,False,doi,,"{'venue': 'crossref', 'volume': 'crossref', 'issue': 'crossref', 'pages': 'crossref', 'publisher': 'crossref', 'url': 'crossref', 'lang': 'crossref'}",{'crossref': 7},"X013.R000 resolved | hits:OA,CR | winner:- | filled:venue:CR; lang:CR | missing:-"
A431,101111j14698986200900851x,Facial EMG and heart rate responses to emotion‐inducing film clips in boys with disruptive behavior disorders,Minet de Wied; A. van Boxtel; Jocelyne A. Posthumus; Paul P. Goudena; Walter Matthys,Minet de Wied,2009.0,10.1111/j.1469-8986.2009.00851.x,https://pubmed.ncbi.nlm.nih.gov/19549069,,,Psychophysiology,46,5,996-1004,Wiley,en,https://doi.org/10.1111/j.1469-8986.2009.00851.x,0.9,resolved,openalex,2026-08-16T22:33:58Z,X013,"We examined aspects of emotional empathy across different physiological response systems in boys with disruptive behavior disorders (DBD) and normal controls. Heart rate (HR) and electromyographic (EMG) reactivity in zygomaticus major and corrugator supercilii muscles were monitored during sadness-, anger-, or happiness-inducing film clips. Relative to controls, DBD boys showed significantly less HR reduction during sadness, and a smaller increase in corrugator EMG activity both during sadness and anger. No significant group differences emerged in HR and zygomaticus EMG responsivity during happiness. We also examined cardiac activity at rest and found higher resting HR and lower respiratory sinus arrhythmia in DBD boys compared to controls. Findings give evidence for a selective impairment in empathy with sadness and anger (not happiness) among DBD boys who exhibit relatively high levels of anxiety and poor emotional control.",Sadness; Psychology; Anger; Vagal tone; Happiness; Facial electromyography; Audiology; Heart rate; Empathy; Anxiety; Developmental psychology; Clinical psychology,False,article,True,True,False,doi,,"{'venue': 'crossref', 'volume': 'crossref', 'issue': 'crossref', 'pages': 'crossref', 'publisher': 'crossref', 'url': 'crossref', 'lang': 'crossref'}",{'crossref': 7},"X013.R000 resolved | hits:OA,CR | winner:- | filled:venue:CR; lang:CR | missing:-"
A432,101007s0078701303799,The child behavior checklist dysregulation profile predicts adolescent DSM-5 pathological personality traits 4 years later,Elien De Caluwé; Mieke Decuyper; Barbara De Clercq,Elien De Caluwé,2013.0,10.1007/s00787-013-0379-9,https://pubmed.ncbi.nlm.nih.gov/23381573,,,European Child &amp; Adolescent Psychiatry,22,7,401-411,Springer Science and Business Media LLC,en,https://doi.org/10.1007/s00787-013-0379-9,0.9,resolved,openalex,2026-08-16T22:33:59Z,X013,"Emotional dysregulation in childhood has been associated with various forms of later psychopathology, although no studies have investigated the personality related adolescent outcomes associated with early emotional dysregulation. The present study uses a typological approach to examine how the child behavior checklist-dysregulation profile (CBCL-DP) predicts DSM-5 pathological personality traits (as measured with the personality inventory for the diagnostic and statistical manual of mental disorders 5 or PID-5 by Krueger et al. (Psychol Med 2012)) across a time span of 4&nbsp;years in a sample of 243 children aged 8–14&nbsp;years (57.2&nbsp;% girls). The results showed that children assigned to the CBCL-DP class are at risk for elevated scores on a wide range of DSM-5 personality pathology features, including higher scores on hostility, risk taking, deceitfulness, callousness, grandiosity, irresponsibility, impulsivity and manipulativeness. These results are discussed in the context of identifying early manifestations of persistent regulation problems, because of their enduring impact on a child’s personality development.",Emotional dysregulation; Psychology; CBCL; Personality pathology; Child Behavior Checklist; Impulsivity; Grandiosity; Child and adolescent psychiatry; Personality; Clinical psychology; Personality disorders; Context (archaeology),False,article,True,True,False,doi,,"{'venue': 'crossref', 'volume': 'crossref', 'issue': 'crossref', 'pages': 'crossref', 'publisher': 'crossref', 'url': 'crossref', 'lang': 'crossref', 'abstract': 'unpaywall'}","{'crossref': 7, 'unpaywall': 1}","X013.R000 resolved | hits:OA,CR | winner:- | filled:venue:CR; lang:CR; abstract:UN | missing:-"
A433,101007s1086201594803,Dyadic Attunement and Physiological Synchrony During Mother-Child Interactions: An Exploratory Study in Children With and Without Externalizing Behavior Problems,Steven Woltering; Victoria Lishak; Brittney Elliott; Leonardo Ferraro; Isabela Granic,Steven Woltering,2015.0,10.1007/s10862-015-9480-3,,,,Journal of Psychopathology and Behavioral Assessment,37,4,624-633,Springer Science and Business Media LLC,en,https://doi.org/10.1007/s10862-015-9480-3,0.9,resolved,openalex,2026-08-16T22:34:01Z,X013,"We investigated whether synchrony at a physiological level (i.e., real-time correspondence of biological indices between two individuals) related to observed levels of dyadic attunement (i.e., levels of connectedness, joint attention, and reciprocity), and whether these measures could distinguish between mother-child dyads with and without clinical levels of externalizing behavioral problems. Eighty-three clinical and 35 nonclinical dyads (7–12&nbsp;years-old) discussed a contentious topic preceded and followed by a positive topic while their heart rates were recorded. Changes in dyadic attunement from the last discussion relative to the first were taken as an index of how well dyads ‘repaired’ their relationship. Results showed that clinical dyads had lower levels of dyadic attunement across all discussions compared to nonclinical dyads. Evidence that physiological synchrony could distinguish clinical from nonclinical dyads, however, was merely suggestive. Physiological synchrony was sensitive to the emotional context of the discussions as more dyads demonstrated physiological synchrony in the last compared to the first discussion. Moreover, dyads who demonstrated physiological synchrony also showed higher levels of repair. The outcomes of this study suggest that physiological synchrony between mothers and their children is sensitive to emotional context during interactions, and particularly during periods of repair when dyads more actively reconnect with each other after a negative interaction.",Attunement; Psychology; Developmental psychology; Context (archaeology); Reciprocity (cultural anthropology); Strange situation; Social psychology; Attachment theory; Biology; Medicine; Alternative medicine; Pathology,False,article,True,True,False,doi,,"{'venue': 'crossref', 'volume': 'crossref', 'issue': 'crossref', 'pages': 'crossref', 'publisher': 'crossref', 'url': 'crossref', 'lang': 'crossref', 'abstract': 'unpaywall'}","{'crossref': 7, 'unpaywall': 1}","X013.R000 resolved | hits:OA,CR | winner:- | filled:venue:CR; lang:CR; abstract:UN | missing:-"
A434,101111j146989861986tb00618x,Cardiovascular Responses of Adolescents During a Naturally Occurring Stressor and Their Behavioral and Psychophysiological Predictors,Karen A. Matthews; Stephen B. Manuck; Patrice G. Saab,Karen A. Matthews,1986.0,10.1111/j.1469-8986.1986.tb00618.x,https://pubmed.ncbi.nlm.nih.gov/3704076,,,Psychophysiology,23,2,198-209,Wiley,en,https://doi.org/10.1111/j.1469-8986.1986.tb00618.x,0.9,resolved,openalex,2026-08-16T22:34:03Z,X013,"ABSTRACT The present investigation examined the behavioral and psychophysiological characteristics of 23 adolescents who differed in levels of blood pressure and heart rate prior to and following a naturally occurring stressor–giving a required five‐minute speech in a high school English class. Measured characteristics were Type A behavior, hostility and anger, trait anxiety, family history of hypertension, and blood pressure and heart rate responses to three standardized laboratory stressors (serial subtraction, star‐tracing, and handgrip tasks). Results showed that anxious adolescents achieved elevated levels of systolic blood pressure and heart rate during public speaking relative to the next English class, whereas angry adolescents achieved elevated levels of diastolic blood pressure. Those adolescents who exhibited exaggerated increases in the cardiovascular measures while performing laboratory tasks also achieved elevated levels of blood pressure and/or heart rate during the naturally occurring stressor, but the strength of the relationships varied across tasks and physiological parameters. These findings should be viewed as tentative because of the uniqueness and size of the sample.",Heart rate; Stressor; Blood pressure; Psychology; Anger; Hostility; Anxiety; Developmental psychology; Clinical psychology; Cardiology; Audiology; Internal medicine,False,article,True,True,False,doi,,"{'venue': 'crossref', 'volume': 'crossref', 'issue': 'crossref', 'pages': 'crossref', 'publisher': 'crossref', 'url': 'crossref', 'lang': 'crossref'}",{'crossref': 7},"X013.R000 resolved | hits:OA,CR | winner:- | filled:venue:CR; lang:CR | missing:-"
A435,101016016517819090074f,"Differences in heart rate and blood pressure in children with conduct disorder, major depression, and separation anxiety",Graham A. Rogeness; Claudio Cepeda; Carlos A. Macedo; Charles J. Fisher; William R. Harris,Graham A. Rogeness,1990.0,10.1016/0165-1781(90)90074-f,https://pubmed.ncbi.nlm.nih.gov/2243897,,,Psychiatry Research,33,2,199-206,Elsevier BV,en,https://doi.org/10.1016/0165-1781(90)90074-f,0.9,resolved,openalex,2026-08-16T22:34:03Z,X013,,Blood pressure; Anxiety; Heart rate; Major depressive disorder; Generalized anxiety disorder; Depression (economics); Anxiety disorder; Separation anxiety disorder; Conduct disorder; Medicine; Cardiology; Psychiatry,False,article,True,True,False,doi,,"{'venue': 'crossref', 'volume': 'crossref', 'issue': 'crossref', 'pages': 'crossref', 'publisher': 'crossref', 'url': 'crossref', 'lang': 'crossref'}",{'crossref': 7},"X013.R000 resolved | hits:OA,CR | winner:- | filled:venue:CR; lang:CR | missing:abstract"
A436,101111j146989861993tb02086x,Autonomic activity in boys with disruptive behavior disorders,Theodore P. Zahn; Markus J.P. Kruesi,Theodore P. Zahn,1993.0,10.1111/j.1469-8986.1993.tb02086.x,https://pubmed.ncbi.nlm.nih.gov/8248452,,,Psychophysiology,30,6,605-614,Wiley,en,https://doi.org/10.1111/j.1469-8986.1993.tb02086.x,0.9,resolved,openalex,2026-08-16T22:34:05Z,X013,"Skin conductance (SC) and heart rate (HR) were measured during rest, a series of tones, and a reaction time task in 34 boys with disruptive behavior disorder to ascertain (a) if this broadly defined group differed from control boys (n = 33) and (b) if there were differences within the spectrum related to component diagnoses or to target behaviors. Disruptive boys had higher resting HR than controls, due largely to those without a subdiagnosis of conduct disorder. Disruptive boys showed a smaller increment in SC response frequency for task instructions. They did not show a general deficit in phasic SC reactivity but habituated to signal stimuli at a faster rate than did controls. However, their SC response latencies were shorter despite slower motor reaction time. Responsivity variables were similar in boys with and without a subdiagnosis of conduct disorder. The data are not compatible with the hypothesis of low autonomic nervous system (ANS) baselines in disruptive boys but partially suggest low ANS reactivity. They generally support the validity of the disruptive behavior disorder spectrum. Correlations with measures of aggression and impulsivity suggest that individual differences within the spectrum might be more fruitfully described by behavior dimensions than by conventional subdiagnosis.",Psychology; Impulsivity; Aggression; Developmental psychology; Skin conductance; Conduct disorder; Reactivity (psychology); Audiology; Autonomic nervous system; Heart rate; Clinical psychology; Internal medicine,False,article,True,True,False,doi,,"{'venue': 'crossref', 'volume': 'crossref', 'issue': 'crossref', 'pages': 'crossref', 'publisher': 'crossref', 'url': 'crossref', 'lang': 'crossref'}",{'crossref': 7},"X013.R000 resolved | hits:OA,CR | winner:- | filled:venue:CR; lang:CR | missing:-"
A437,1010970000458320001000000010,Early Childhood Heart Rate Does Not Predict Externalizing Behavior Problems at Age 7 Years,CAROL A. VAN HULLE; Robin P. Corley; Carolyn Zahn‐Waxler; Jerome Kagan; John K. Hewitt,CAROL A. VAN HULLE,2000.0,10.1097/00004583-200010000-00010,https://pubmed.ncbi.nlm.nih.gov/11026177,,,Journal of the American Academy of Child &amp; Adolescent Psychiatry,39,10,1238-1244,Elsevier BV,en,https://doi.org/10.1097/00004583-200010000-00010,0.9,resolved,openalex,2026-08-16T22:34:05Z,X013,,CBCL; Child Behavior Checklist; Heart rate; Psychology; Developmental psychology; Medicine; Internal medicine; Blood pressure,False,article,True,True,False,doi,,"{'venue': 'crossref', 'volume': 'crossref', 'issue': 'crossref', 'pages': 'crossref', 'publisher': 'crossref', 'url': 'crossref', 'lang': 'crossref'}",{'crossref': 7},"X013.R000 resolved | hits:OA,CR | winner:- | filled:venue:CR; lang:CR | missing:abstract"
A438,101016jjaac201605012,Internalizing/Externalizing Problems: Review and Recommendations for Clinical and Research Applications,Thomas M. Achenbach; Masha Y. Ivanova; Leslie Rescorla; Lori V. Turner; Robert R. Althoff,Thomas M. Achenbach,2016.0,10.1016/j.jaac.2016.05.012,https://pubmed.ncbi.nlm.nih.gov/27453078,,,Journal of the American Academy of Child &amp; Adolescent Psychiatry,55,8,647-656,Elsevier BV,en,https://doi.org/10.1016/j.jaac.2016.05.012,0.9,resolved,openalex,2026-08-16T22:34:06Z,X013,,Psychology; Socioeconomic status; Clinical psychology; Standardization; Ethnic group; Population; Developmental psychology; Applied psychology; Medicine; Environmental health; Anthropology; Political science,False,article,True,True,False,doi,,"{'venue': 'crossref', 'volume': 'crossref', 'issue': 'crossref', 'pages': 'crossref', 'publisher': 'crossref', 'url': 'crossref', 'lang': 'crossref'}",{'crossref': 7},"X013.R000 resolved | hits:OA,CR | winner:- | filled:venue:CR; lang:CR | missing:abstract"
A439,1011770272431692012002002,Development and Validation of an Early Adolescent Temperament Measure,Deborah M. Capaldi; Mary K. Rothbart,Deborah M. Capaldi,1992.0,10.1177/0272431692012002002,,,,The Journal of Early Adolescence,12,2,153-173,SAGE Publications,en,https://doi.org/10.1177/0272431692012002002,0.9,resolved,openalex,2026-08-16T22:34:07Z,X013,"Two studies were employed to develop a self-report temperament measure for the early adolescent period. The measure was based on the work of Rothbart and colleagues with adults and focused on emotionality, reactivity, and self-regulation. In Study 1, 97 middle school students (SO girls and 47 boys), aged 11 to 14 years, completed the Early Adolescent Temperament Questionnaire (EATQ). In addition, 93 parents reported on their adolescent's temperament. Analyses assessing scale reliability, dimensionality, and discriminant validity were conducted. Two of the EATQ's 14 scales were eliminated, and 2 were collapsed to form 1 scale; 92 of the original 168 items were retained after these analyses. The 11 final scales assessed fear, irritability, shyness, sadness, high-intensity pleasure, low-intensity pleasure, sensitivity, autonomic reactivity, motor activation, activity level, and attention. Alphas for the)) scales were high, and average convergence between parent report and adolescent report for the scales was .29. Three factors were identified in an analysis of the remaining 11 scale scores: negative emotion and somatic arousal, positive emotion and sensitivity, and high intensity pleasure or sensation seeking. In Study 2, participants were 64 boys and 64 girls, aged 11 to 14 years. Scale reliability and the factor structure of the modified adolescent scale were replicated in Study 2. In addition, eight scales from other measures were administered to assess convergent validity of the scales, and retests were conducted. Retest stability was high, and correlations with parallel scales averaged .50, indicating scale validity. Results indicate that the EATQ provides reliable and valid assessment of 1) dimensions of temperament for early adolescents.",Psychology; Temperament; Developmental psychology; Discriminant validity; Pleasure; Shyness; Convergent validity; Test validity; Sadness; Scale (ratio); Irritability; Sensation seeking,False,article,True,True,False,doi,,"{'venue': 'crossref', 'volume': 'crossref', 'issue': 'crossref', 'pages': 'crossref', 'publisher': 'crossref', 'url': 'crossref', 'lang': 'crossref'}",{'crossref': 7},"X013.R000 resolved | hits:OA,CR | winner:- | filled:venue:CR; lang:CR | missing:-"
A440,1011111469761000034,"Annotation: The role of prefrontal deficits, low autonomic arousal, and early health factors in the development of antisocial and aggressive behavior in children",Adrian Raine,Adrian Raine,2002.0,10.1111/1469-7610.00034,https://pubmed.ncbi.nlm.nih.gov/12030589,,,Journal of Child Psychology and Psychiatry,43,4,417-434,Wiley,en,https://doi.org/10.1111/1469-7610.00034,0.9,resolved,openalex,2026-08-16T22:34:07Z,X013,"BACKGROUND: This article selectively reviews the biological bases of antisocial and aggressive behavior in children with a focus on low autonomic functioning, prefrontal deficits, and early health factors. RESULTS: Low resting heart rate is thought to be the best-replicated biological correlate of antisocial and aggressive behavior in child and adolescent populations and may reflect reduced noradrenergic functioning and a fearless, stimulation-seeking temperament. Evidence from neuropsychological, neurological, and brain imaging studies converges on the conclusion that prefrontal structural and functional deficits are related to antisocial, aggressive behavior throughout the lifespan. A prefrontal dysfunction theory of antisocial behavior is advanced. This argues that social and executive function demands of late adolescence overload the late developing prefrontal cortex, giving rise to prefrontal dysfunction and a lack of inhibitory control over antisocial, violent behavior that peaks at this age. Birth complications and minor physical anomalies are selectively associated with later violent behavior, especially when combined with adverse psychosocial risk factors for violence. Cigarette smoking during pregnancy may increase the risk for antisocial and violent behavior in later life by disrupting noradrenergic functioning and enhancement of cholinergic receptors that inhibit cardiac functioning. Malnutrition during pregnancy is associated with later antisocial behavior and may be mediated by protein deficiency. CONCLUSIONS: It is argued that early health intervention and prevention studies may provide the most effective way of reversing biological deficits that predispose to antisocial and aggressive behavior in children and adults.",Psychology; Prefrontal cortex; Developmental psychology; Psychosocial; Neuropsychology; Arousal; Antisocial personality disorder; Clinical psychology; Conduct disorder; Poison control; Psychiatry; Injury prevention,False,article,True,True,False,doi,,"{'venue': 'crossref', 'volume': 'crossref', 'issue': 'crossref', 'pages': 'crossref', 'publisher': 'crossref', 'url': 'crossref', 'lang': 'crossref'}",{'crossref': 7},"X013.R000 resolved | hits:OA,CR | winner:- | filled:venue:CR; lang:CR | missing:-"
A441,101017s0954579410000672,The interactive effect of marital conflict and stress reactivity on externalizing and internalizing symptoms: The role of laboratory stressors,Jelena Obradović; Nicole R. Bush; W. Thomas Boyce,Jelena Obradović,2011.0,10.1017/s0954579410000672,https://pubmed.ncbi.nlm.nih.gov/21262042,,,Development and Psychopathology,23,1,101-114,Cambridge University Press (CUP),en,https://doi.org/10.1017/s0954579410000672,0.9,resolved,openalex,2026-08-16T22:34:07Z,X013,"Growing evidence supports the biological sensitivity to context theory, which posits that physiologically reactive children, as indexed by autonomic nervous system (ANS) reactivity to laboratory stressors, are more susceptible to both negative and positive environmental influences than their low reactive peers. High biological sensitivity is a risk factor for behavioral and health problems in the context of high adversity, whereas in contexts of low adversity it has been found to promote positive adaptation. However, several studies have shown the opposite effect, finding that children who exhibited high ANS reactivity in response to interpersonal stressors were buffered from the deleterious effects of marital conflict, whereas children who showed low ANS reactivity were more vulnerable to high levels of marital conflict. Using an ethnically diverse sample of 260 kindergartners (130 girls, 130 boys), the current study investigated whether the interaction effect of marital conflict and the two branches of ANS reactivity on children's externalizing and internalizing symptoms differs with the nature of the laboratory challenge task used to measure children's stress response. As hypothesized, results indicate that the interaction between ANS reactivity and marital conflict significantly predicted children's behavior problems, but the direction of the effect varied with the nature of the challenge task (i.e., interpersonal or cognitive). This study illustrates the importance of considering the effect of laboratory stimuli when assessing whether children's ANS reactivity moderates the effects of adversity exposure on adaptation.",Psychology; Stressor; Reactivity (psychology); Context (archaeology); Developmental psychology; Interpersonal communication; Clinical psychology; Social psychology; Pathology; Alternative medicine; Paleontology; Biology,False,article,True,True,False,doi,,"{'venue': 'crossref', 'volume': 'crossref', 'issue': 'crossref', 'pages': 'crossref', 'publisher': 'crossref', 'url': 'crossref', 'lang': 'crossref'}",{'crossref': 7},"X013.R000 resolved | hits:OA,CR | winner:- | filled:venue:CR; lang:CR | missing:-"
A442,101016jbiopsych200805022,Cortisol Diurnal Rhythm and Stress Reactivity in Male Adolescents with Early-Onset or Adolescence-Onset Conduct Disorder,Graeme Fairchild; Stephanie H.M. van Goozen; Sarah Stollery; Jamie Brown; J. STANLEY GARDINER; J. Herbert; Ian Goodyer,Graeme Fairchild,2008.0,10.1016/j.biopsych.2008.05.022,https://pubmed.ncbi.nlm.nih.gov/18620338,,,Biological Psychiatry,64,7,599-606,Elsevier BV,en,https://doi.org/10.1016/j.biopsych.2008.05.022,0.9,resolved,openalex,2026-08-16T22:34:08Z,X013,"BACKGROUND: Previous studies have reported lower basal cortisol levels and reduced cortisol responses to stress in children and adolescents with conduct disorder (CD). It is not known whether these findings are specific to early-onset CD. This study investigated basal and stress-induced cortisol secretion in male participants with early-onset and adolescence-onset forms of CD. METHODS: Forty-two participants with early-onset CD, 28 with adolescence-onset CD, and 95 control subjects participated in the study. They collected saliva across the day to assess their cortisol awakening response and diurnal rhythm. Subsequently, salivary cortisol was measured before, during, and after a psychosocial stress procedure designed to elicit frustration. Cardiovascular activity and subjective mood states were also assessed during stress exposure. RESULTS: There were no group differences in morning cortisol levels or the size of the cortisol awakening response. Basal cortisol levels in the evening and at 11 am during the laboratory visit were higher in both CD subgroups relative to control subjects. In contrast, cortisol and cardiovascular responses to psychosocial stress were reduced in both CD subgroups compared with control subjects. All groups reported similar increases in negative mood states during stress. CONCLUSIONS: Our findings suggest that group differences in cortisol secretion are most pronounced during stress exposure, when participants with CD show cortisol hyporeactivity compared with control subjects. There was no evidence for reduced basal cortisol secretion in participants with CD, but rather increased secretion at specific time points. The results do not support developmentally sensitive differences in cortisol secretion between CD subtypes.",Evening; Cortisol awakening response; Basal (medicine); Internal medicine; Endocrinology; Psychology; Morning; Trier social stress test; Circadian rhythm; Glucocorticoid; Hydrocortisone; Mood,True,article,True,True,False,doi,,"{'venue': 'crossref', 'volume': 'crossref', 'issue': 'crossref', 'pages': 'crossref', 'publisher': 'crossref', 'url': 'crossref', 'lang': 'crossref'}",{'crossref': 7},"X013.R000 resolved | hits:OA,CR | winner:- | filled:venue:CR; lang:CR | missing:-"
A443,101176appiajp16261100,Response to Emotional Stimuli in Boys With Conduct Disorder,Sabine C. Herpertz; Bodo Mueller; Mutaz Qunaibi; Christiane Lichterfeld; Kerstin Konrad; Beate Herpertz‐Dahlmann,Sabine C. Herpertz,2005.0,10.1176/appi.ajp.162.6.1100,https://pubmed.ncbi.nlm.nih.gov/15930058,,,American Journal of Psychiatry,162,6,1100-1107,American Psychiatric Association Publishing,en,https://doi.org/10.1176/appi.ajp.162.6.1100,0.9,resolved,openalex,2026-08-16T22:34:08Z,X013,"OBJECTIVE: Boys with conduct disorder are at risk of persistently showing antisocial behavior in adult life, particularly if they have an additional diagnosis of attention deficit hyperactivity disorder (ADHD). In the search for biological risk factors that predispose children to the development of antisocial personality disorder, research has provided substantial data suggesting that autonomic hyporesponsiveness indicates a greater likelihood of future antisocial behavior. The purpose of this study was to examine autonomic arousal in boys with conduct disorder, comorbid conduct disorder and ADHD, and ADHD only. METHOD: In addition to self-ratings, electrodermal responses to pleasant, neutral, and unpleasant slides were obtained for 21 boys with conduct disorder and 54 boys with ADHD plus conduct disorder. Forty-three boys with a diagnosis of ADHD only were recruited as a clinical comparison group, and 43 boys with no conduct disorder or ADHD were included as a healthy comparison group. All subjects were ages 8-13 years. RESULTS: Compared to the healthy subjects and the subjects with ADHD only, the boys with conduct disorder and with ADHD plus conduct disorder reported lower levels of emotional response to aversive stimuli and lower autonomic responses to all slides independent of valence. CONCLUSIONS: Although the self-report data supported a deficit in reactivity to explicit fear cues, the psychophysiological data indicated that boys with conduct disorder both with and without a comorbid condition of ADHD are characterized by a generalized deficit in autonomic responsivity in an experimental situation in which children were exposed to complex visual stimuli of unpredictable affective quality. Psychophysiological findings may point to a deficit in associative information processing systems that normally produce adaptive cognitive-emotional reactions.",Conduct disorder; Psychology; Attention deficit hyperactivity disorder; Arousal; Clinical psychology; Borderline personality disorder; Developmental psychology; Antisocial personality disorder; Attention deficit disorder; Psychiatry; Poison control; Injury prevention,False,article,True,True,False,doi,,"{'venue': 'crossref', 'volume': 'crossref', 'issue': 'crossref', 'pages': 'crossref', 'publisher': 'crossref', 'url': 'crossref', 'lang': 'crossref'}",{'crossref': 7},"X013.R000 resolved | hits:OA,CR | winner:- | filled:venue:CR; lang:CR | missing:-"
A444,101016jneubiorev201609022,Understanding heterogeneity in conduct disorder: A review of psychophysiological studies,Kostas A. Fanti,Kostas A. Fanti,2016.0,10.1016/j.neubiorev.2016.09.022,https://pubmed.ncbi.nlm.nih.gov/27693700,,,Neuroscience &amp; Biobehavioral Reviews,91,,4-20,Elsevier BV,en,https://doi.org/10.1016/j.neubiorev.2016.09.022,0.9,resolved,openalex,2026-08-16T22:34:08Z,X013,,Psychology; Arousal; Moro reflex; Vagal tone; Skin conductance; Facial electromyography; Heart rate variability; Clinical psychology; Psychophysiology; Heart rate; Psychopathology; Empathy,False,article,True,True,False,doi,,"{'venue': 'crossref', 'volume': 'crossref', 'pages': 'crossref', 'publisher': 'crossref', 'url': 'crossref', 'lang': 'crossref'}",{'crossref': 6},"X013.R000 resolved | hits:OA,CR | winner:- | filled:venue:CR; lang:CR | missing:abstract"
A445,101017s0954579414001175,"The role of anxiety in the development, maintenance, and treatment of childhood aggression",Isabela Granic,Isabela Granic,2014.0,10.1017/s0954579414001175,https://pubmed.ncbi.nlm.nih.gov/25422976,,,Development and Psychopathology,26,4pt2,1515-1530,Cambridge University Press (CUP),en,https://doi.org/10.1017/s0954579414001175,0.9,resolved,openalex,2026-08-16T22:34:09Z,X013,"The majority of aggressive children exhibit symptoms of anxiety, yet none of our developmental models of aggression incorporate the role of anxiety, and our treatments ignore this comorbidity. This article outlines a novel theoretical model that specifies three hypotheses about comorbid anxious and aggressive children: (a) unpredictable parenting induces anxiety in children that in turn triggers aggressive behavior; (b) prolonged periods of anxiety deplete children's capacity to inhibit impulses and trigger bouts of aggression, and aggression in turn functions to regulate levels of anxiety; and (c) minor daily stressors give rise to anxiety while cognitive perseveration maintains anxious moods, increasingly disposing children to aggress. Little or no research has directly tested these hypotheses. Extant research and theory consistent with these claims are herein reviewed, and future research designs that can test them specifically are suggested. The clinical implications most relevant to the hypotheses are discussed, and to improve the efficacy of treatments for childhood aggression, it is proposed that anxiety may need to be the primary target of treatment.",Aggression; Psychology; Anxiety; Developmental psychology; Cognition; Clinical psychology; Extant taxon; Stressor; Developmental psychopathology; Psychopathology; Psychiatry; Evolutionary biology,False,article,True,True,False,doi,,"{'venue': 'crossref', 'volume': 'crossref', 'issue': 'crossref', 'pages': 'crossref', 'publisher': 'crossref', 'url': 'crossref', 'lang': 'crossref'}",{'crossref': 7},"X013.R000 resolved | hits:OA,CR | winner:- | filled:venue:CR; lang:CR | missing:-"
A446,101001jamapsychiatry20151900,Replacing<i>DSM</i>Categorical Analyses With Dimensional Analyses in Psychiatry Research,Cindy M. Yee; Daniel C. Javitt; Gregory A. Miller,Cindy M. Yee,2015.0,10.1001/jamapsychiatry.2015.1900,https://pubmed.ncbi.nlm.nih.gov/26559005,,,JAMA Psychiatry,72,12,1159,American Medical Association (AMA),en,https://doi.org/10.1001/jamapsychiatry.2015.1900,0.9,resolved,openalex,2026-08-16T22:34:10Z,X013,,Categorical variable; Psychology; Psychiatry; MEDLINE; Clinical psychology; Medicine; Statistics; Mathematics; Law; Political science,False,article,True,True,False,doi,,"{'venue': 'crossref', 'volume': 'crossref', 'issue': 'crossref', 'pages': 'crossref', 'publisher': 'crossref', 'url': 'crossref', 'lang': 'crossref'}",{'crossref': 7},"X013.R000 resolved | hits:OA,CR | winner:- | filled:venue:CR; lang:CR | missing:abstract"
A447,101016jbiopsych201105029,Neural Changes Associated with Treatment Outcome in Children with Externalizing Problems,Steven Woltering; Isabela Granic; Connie Lamm; Marc D. Lewis,Steven Woltering,2011.0,10.1016/j.biopsych.2011.05.029,https://pubmed.ncbi.nlm.nih.gov/21741030,,,Biological Psychiatry,70,9,873-879,Elsevier BV,en,https://doi.org/10.1016/j.biopsych.2011.05.029,0.9,resolved,openalex,2026-08-16T22:34:10Z,X013,"The current thesis directly investigated whether changes in the neural correlates of self-regulation (SR) are associated with the effectiveness of treatment for children’s externalizing problems. In order to test this, seventy-one children 8–12 years of age with clinical levels of externalizing behaviour and their parents completed a 12-week cognitive behavioural therapy program (12 sessions) with a parent management training component that was aimed at improving SR. Electroencephalogram (EEG) correlates of SR were evaluated before and after treatment with a go/no-go task requiring inhibitory control on the children. Results showed that event-related potential (ERP) correlates of SR, such as the frontal N2 and frontal P3 event-related potential magnitudes, differed between the clinical sample and a matched comparison group before treatment: the clinical sample had larger N2 magnitudes and smaller frontal P3 magnitudes. Children who showed improvement (45%) with treatment demonstrated a decrease in the magnitude of the N2 in comparison with children who did not improve. For improvers only, source analysis during the time period of the N2 modeled activation decreases in dorsomedial and ventromedial prefrontal cortex as well as the anterior medial temporal lobe. A decrease in N2 magnitudes and corresponding reductions in source activation, in children who improved with treatment, might reflect improved efficiency in the neural mechanisms of SR. These findings may be important steps toward a better identification of neural markers of SR and a better understanding of the mechanisms of treatment efficacy.",Prefrontal cortex; Frontal lobe; Psychology; Cognition; Temporal lobe; Neural correlates of consciousness; Audiology; Clinical psychology; Medicine; Epilepsy; Neuroscience,True,article,True,True,False,doi,,"{'venue': 'crossref', 'volume': 'crossref', 'issue': 'crossref', 'pages': 'crossref', 'publisher': 'crossref', 'url': 'crossref', 'lang': 'crossref', 'abstract': 'unpaywall'}","{'crossref': 7, 'unpaywall': 1}","X013.R000 resolved | hits:OA,CR | winner:- | filled:venue:CR; lang:CR; abstract:UN | missing:-"
A448,101017s0954579407070228,Neurophysiological mechanisms of emotion regulation for subtypes of externalizing children,Jim Stieben; Marc D. Lewis; Isabela Granic; Philip David Zelazo; Sidney J. Segalowitz; Debra Pepler,Jim Stieben,2007.0,10.1017/s0954579407070228,https://pubmed.ncbi.nlm.nih.gov/17459179,,,Development and Psychopathology,19,02,,Cambridge University Press (CUP),en,https://doi.org/10.1017/s0954579407070228,0.9,resolved,openalex,2026-08-16T22:34:13Z,X013,"Children referred for externalizing behavior problems may not represent a homogeneous population. Our objective was to assess neural mechanisms of emotion regulation that might distinguish subtypes of externalizing children from each other and from their normal age mates. Children with pure externalizing (EXT) problems were compared with children comorbid for externalizing and internalizing (MIXED) problems and with age-matched controls. Only boys were included in the analysis because so few girls were referred for treatment. We used a go/no-go task with a negative emotion induction, and we examined dense-array EEG data together with behavioral measures of performance. We investigated two event-related potential (ERP) components tapping inhibitory control or self-monitoring—the inhibitory N2 and error-related negativity (ERN)—and we constructed source models estimating their cortical generators. The MIXED children's N2s increased in response to the emotion induction, resulting in greater amplitudes than EXT children in the following trial block. ERN amplitudes were greatest for control children and smallest for EXT children with MIXED children in between, but only prior to the emotion induction. These results were paralleled by behavioral differences in response time and performance monitoring. ERP activity was localized to cortical sources suggestive of the dorsal anterior cingulate for control children, posterior cingulate areas for the EXT children, and both posterior cingulate and ventral cingulate/prefrontal regions for the MIXED children. These findings highlight different mechanisms of self-regulation underlying externalizing subtypes and point toward distinct developmental pathways and treatment strategies.We gratefully acknowledge the financial support provided by Grant 1 R21 MH67357-01 from the Developmental Psychopathology and Prevention Research branch of the National Institute of Mental Health (NIMH), as well as support from the Canadian Institutes for Health Research (CIHR). We are also grateful for support provided (to P.D.Z.) by the Canadian Foundation for Innovation.",Psychology; Developmental psychology; Neurophysiology; Cognitive psychology; Clinical psychology; Neuroscience,False,article,True,True,False,doi,,"{'venue': 'crossref', 'volume': 'crossref', 'issue': 'crossref', 'publisher': 'crossref', 'url': 'crossref', 'lang': 'crossref'}",{'crossref': 6},"X013.R000 resolved | hits:OA,CR | winner:- | filled:venue:CR; lang:CR | missing:-"
A449,101001jamapsychiatry20162717,Association of Resting Heart Rate and Blood Pressure in Late Adolescence With Subsequent Mental Disorders,Antti Latvala; Ralf Kuja‐Halkola; Christian Rück; Brian M. D’Onofrio; Tomas Jernberg; Catarina Almqvist; David Mataix‐Cols; Henrik Larsson; Paul Lichtenstein,Antti Latvala,2016.0,10.1001/jamapsychiatry.2016.2717,https://pubmed.ncbi.nlm.nih.gov/27784035,,,JAMA Psychiatry,73,12,1268,American Medical Association (AMA),en,https://doi.org/10.1001/jamapsychiatry.2016.2717,0.9,resolved,openalex,2026-08-16T22:34:13Z,X013,"IMPORTANCE: Differences in cardiovascular autonomic activity between individuals with psychiatric disorders and healthy controls have been observed, but whether cardiovascular autonomic abnormalities are associated with subsequent psychiatric disorders is unknown. OBJECTIVE: To investigate whether differences in cardiac autonomic function as indexed by resting heart rate and blood pressure are associated with psychiatric disorders during the lifetime of men in Sweden. DESIGN, SETTING, AND PARTICIPANTS: We conducted a longitudinal register-based study of Swedish men whose resting heart rate (n = 1 039 443) and blood pressure (n = 1 555 979) were measured at military conscription at a mean (SD) age of 18.3 (0.6) years during the period from 1969 to 2010, with register-based follow-up data available until the end of 2013. Analyses were performed from November 18, 2015, to June 9, 2016. MAIN OUTCOMES AND MEASURES: Dates of inpatient/outpatient diagnoses of anxiety disorders, obsessive-compulsive disorder, posttraumatic stress disorder, depressive disorders, bipolar disorder, schizophrenia, and substance use disorders and convictions for violent crimes, between 1973 and 2013, were obtained from nationwide registers. Adjustments were made for height, weight, body mass index, cardiorespiratory fitness, cognitive ability, and socioeconomic covariates. RESULTS: After adjustment for covariates, Cox regression models with up to 45 years of follow-up data showed that men (mean [SD] age of 18.3 [0.6] years at conscription) with resting heart rates above 82 beats per minute had a 69% (95% CI, 46%-94%) increased risk for obsessive-compulsive disorder, a 21% (95% CI, 11%-33%) increased risk for schizophrenia, and an 18% (95% CI, 13%-22%) increased risk for anxiety disorders compared with men with resting heart rates below 62 beats per minute. Similar associations were observed with systolic/diastolic blood pressure. In contrast, lower resting heart rate and lower systolic blood pressure were associated with substance use disorders and violent criminality. CONCLUSIONS AND RELEVANCE: Our results suggest that for men, differences in heart rate and blood pressure in late adolescence are associated with lifetime major psychiatric disorders, with higher levels associated with obsessive-compulsive disorder, schizophrenia, and anxiety disorders and lower levels associated with substance use disorders and violent behavior. Differences in autonomic nervous system functioning may predate or represent an early marker of psychiatric disorders.",RESTING HEART RATE; Blood pressure; Heart rate; Medicine; Internal medicine; Cardiology; Association (psychology); Psychology; Clinical psychology; Psychiatry; Psychotherapist,True,article,True,True,False,doi,,"{'venue': 'crossref', 'volume': 'crossref', 'issue': 'crossref', 'pages': 'crossref', 'publisher': 'crossref', 'url': 'crossref', 'lang': 'crossref'}",{'crossref': 7},"X013.R000 resolved | hits:OA,CR | winner:- | filled:venue:CR; lang:CR | missing:-"
A450,101016jbiopsych200602028,Longitudinal Stability of the CBCL-Juvenile Bipolar Disorder Phenotype: A Study in Dutch Twins,Dorret I. Boomsma; Irene Rebollo; Eske M. Derks; Toos C.E.M. van Beijsterveldt; Robert R. Althoff; David C. Rettew; James J. Hudziak,Dorret I. Boomsma,2006.0,10.1016/j.biopsych.2006.02.028,https://pubmed.ncbi.nlm.nih.gov/16735031,,,Biological Psychiatry,60,9,912-920,Elsevier BV,en,https://doi.org/10.1016/j.biopsych.2006.02.028,0.9,resolved,openalex,2026-08-16T22:34:13Z,X013,,CBCL; Child Behavior Checklist; Heritability; Phenotype; Population; Psychology; Biology; Genetics; Developmental psychology; Medicine; Environmental health; Gene,True,article,True,True,False,doi,,"{'venue': 'crossref', 'volume': 'crossref', 'issue': 'crossref', 'pages': 'crossref', 'publisher': 'crossref', 'url': 'crossref', 'lang': 'crossref'}",{'crossref': 7},"X013.R000 resolved | hits:OA,CR | winner:- | filled:venue:CR; lang:CR | missing:abstract"
A451,101016jbiopsycho200907003,Heart rate and skin conductance in four-year-old children with aggressive behavior,Jocelyne A. Posthumus; K.B.E. Böcker; Maartje Raaijmakers; Hermán van Engeland; Walter Matthys,Jocelyne A. Posthumus,2009.0,10.1016/j.biopsycho.2009.07.003,https://pubmed.ncbi.nlm.nih.gov/19596046,,,Biological Psychology,82,2,164-168,Elsevier BV,en,https://doi.org/10.1016/j.biopsycho.2009.07.003,0.9,resolved,openalex,2026-08-16T22:34:16Z,X013,,Skin conductance; Heart rate; Psychology; Developmental psychology; Medicine; Clinical psychology; Pediatrics; Cardiology; Internal medicine; Blood pressure; Biomedical engineering,False,article,True,True,False,doi,,"{'venue': 'crossref', 'volume': 'crossref', 'issue': 'crossref', 'pages': 'crossref', 'publisher': 'crossref', 'url': 'crossref', 'lang': 'crossref'}",{'crossref': 7},"X013.R000 resolved | hits:OA,CR | winner:- | filled:venue:CR; lang:CR | missing:abstract"
A452,101007s0078701507905,Variability in emotional/behavioral problems in boys with oppositional defiant disorder or conduct disorder: the role of arousal,Jantiene Schoorl; Sophie van Rijn; Minet de Wied; Stephanie H.M. van Goozen; Hanna Swaab,Jantiene Schoorl,2015.0,10.1007/s00787-015-0790-5,https://pubmed.ncbi.nlm.nih.gov/26608403,,,European Child &amp; Adolescent Psychiatry,25,8,821-830,Springer Science and Business Media LLC,en,https://doi.org/10.1007/s00787-015-0790-5,0.9,resolved,openalex,2026-08-16T22:34:17Z,X013,"It is often reported that children with oppositional defiant disorder (ODD) or conduct disorder (CD) are under-aroused. However, the evidence is mixed, with some children with ODD/CD displaying high arousal. This has led to the hypothesis that different profiles of arousal dysfunction may exist within children with ODD/CD. This knowledge could explain variability within children with ODD/CD, both in terms of specific types of aggression as well as comorbid symptoms (e.g., other emotional/behavioral problems). We measured heart rate variability (HRV), heart rate (HR) and skin conductance level (SCL) during rest and stress, and obtained parent and teacher reports of aggression, anxiety, attention problems and autism traits in a sample of 66 ODD/CD and 36 non-clinical boys (aged 8-12 years). The ODD/CD group scored significantly higher on aggression, anxiety, attention problems and autism traits than the controls; boys with ODD/CD also had higher resting HRs than controls, but HR stress, HRV and SCL did not differ. Hierarchical regressions showed different physiological profiles in subgroups of boys with ODD/CD based on their type of aggression; a pattern of high baseline HR and SCL, but low stress HRV was related to reactive aggression, whereas the opposite physiological pattern (low HR, low stress SCL, high stress HRV) was related to proactive aggression. Furthermore, high stress SCL was related to anxiety symptoms, whereas low stress SCL was related to attention problems. These findings are important because they indicate heterogeneity within boys with ODD/CD and highlight the importance of using physiology to differentiate boys with different ODD/CD subtypes.",Aggression; Psychology; Arousal; Anxiety; Conduct disorder; Heart rate variability; Autism; Clinical psychology; Developmental psychology; Heart rate; Psychiatry; Internal medicine,True,article,True,True,False,doi,,"{'venue': 'crossref', 'volume': 'crossref', 'issue': 'crossref', 'pages': 'crossref', 'publisher': 'crossref', 'url': 'crossref', 'lang': 'crossref'}",{'crossref': 7},"X013.R000 resolved | hits:OA,CR | winner:- | filled:venue:CR; lang:CR | missing:-"
A453,101017s0954579413000114,Effects of family cohesion and heart rate reactivity on aggressive/rule-breaking behavior and prosocial behavior in adolescence: The Tracking Adolescents' Individual Lives Survey study,Jelle J. Sijtsema; Esther Nederhof; René Veenstra; Johan Ormel; Albertine J. Oldehinkel; Bruce J. Ellis,Jelle J. Sijtsema,2013.0,10.1017/s0954579413000114,https://pubmed.ncbi.nlm.nih.gov/23880386,,,Development and Psychopathology,25,3,699-712,Cambridge University Press (CUP),en,https://doi.org/10.1017/s0954579413000114,0.9,resolved,openalex,2026-08-16T22:34:17Z,X013,"The biological sensitivity to context hypothesis posits that high physiological reactivity (i.e., increases in arousal from baseline) constitutes heightened sensitivity to environmental influences, for better or worse. To test this hypothesis, we examined the interactive effects of family cohesion and heart rate reactivity to a public speaking task on aggressive/rule-breaking and prosocial behavior in a large sample of adolescents (N = 679; M age = 16.14). Multivariate analyses revealed small- to medium-sized main effects of lower family cohesion and lower heart rate reactivity on higher levels of aggressive/rule-breaking and lower levels of prosocial behavior. Although there was some evidence of three-way interactions among family cohesion, heart rate reactivity, and sex in predicting these outcome variables, these interactions were not in the direction predicted by the biological sensitivity to context hypothesis. Instead, heightened reactivity appeared to operate as a protective factor against family adversity, rather than as a susceptibility factor. The results of the present study raise the possibility that stress reactivity may no longer operate as a mechanism of differential susceptibility in adolescence.",Prosocial behavior; Psychology; Reactivity (psychology); Arousal; Developmental psychology; Context (archaeology); Poison control; Heart rate; Social psychology; Internal medicine; Blood pressure; Environmental health,True,article,True,True,False,doi,,"{'venue': 'crossref', 'volume': 'crossref', 'issue': 'crossref', 'pages': 'crossref', 'publisher': 'crossref', 'url': 'crossref', 'lang': 'crossref'}",{'crossref': 7},"X013.R000 resolved | hits:OA,CR | winner:- | filled:venue:CR; lang:CR | missing:-"
A454,1011772167702616659389,"All Models Are Wrong, but the p Factor Model Is Useful",Hannah R. Snyder; Benjamin L. Hankin,Hannah R. Snyder,2016.0,10.1177/2167702616659389,https://pubmed.ncbi.nlm.nih.gov/28286706,,,Clinical Psychological Science,5,1,187-189,SAGE Publications,en,https://doi.org/10.1177/2167702616659389,0.9,resolved,openalex,2026-08-16T22:34:18Z,X013,,Psychology; Factor (programming language); Computer science; Programming language,True,article,True,True,False,doi,,"{'venue': 'crossref', 'volume': 'crossref', 'issue': 'crossref', 'pages': 'crossref', 'publisher': 'crossref', 'url': 'crossref', 'lang': 'crossref'}",{'crossref': 7},"X013.R000 resolved | hits:OA,CR | winner:- | filled:venue:CR; lang:CR | missing:abstract"
A455,101111j15327795200800557x,Problem Behavior and Heart Rate Reactivity in Adopted Adolescents: Longitudinal and Concurrent Relations,Nicole Bimmel; Marinus H. van IJzendoorn; Marian J. Bakermans‐Kranenburg; Femmie Juffer; Eco J. C. de Geus,Nicole Bimmel,2008.0,10.1111/j.1532-7795.2008.00557.x,,,,Journal of Research on Adolescence,18,2,201-214,Wiley,en,https://doi.org/10.1111/j.1532-7795.2008.00557.x,0.9,resolved,openalex,2026-08-16T22:34:19Z,X013,"The present longitudinal study examined resting heart rate and heart rate variability and reactivity to a stressful gambling task in adopted adolescents with aggressive, delinquent, or internalizing behavior problems and adopted adolescents without behavior problems (total N =151). Early‐onset delinquent adolescents showed heart rate hypo reactivity to the stress‐eliciting gambling task compared to late‐onset delinquent adolescents and adolescents without behavior problems. Heart rate, heart rate variability, and reactivity to stress were not related to environmental factors such as early‐childhood parental sensitivity, parental socioeconomic status, or adoptee's health status at arrival. We conclude that the distinction between delinquency and aggression and between childhood‐onset and adolescence‐onset delinquency is important for the study of stress reactivity in adolescents.",Reactivity (psychology); Juvenile delinquency; Psychology; Socioeconomic status; Aggression; Longitudinal study; Developmental psychology; Heart rate; Injury prevention; Poison control; Clinical psychology; Demography,True,article,True,True,False,doi,,"{'venue': 'crossref', 'volume': 'crossref', 'issue': 'crossref', 'pages': 'crossref', 'publisher': 'crossref', 'url': 'crossref', 'lang': 'crossref'}",{'crossref': 7},"X013.R000 resolved | hits:OA,CR | winner:- | filled:venue:CR; lang:CR | missing:-"
A456,101093acrefore9780199975839013104,Diagnostic and Statistical Manual of Mental Disorders,Janet B. W. Williams; Michael B. First,Janet B. W. Williams,2013.0,10.1093/acrefore/9780199975839.013.104,,,,Encyclopedia of Social Work,,,,"Oxford University PressNew York, NY",en,https://doi.org/10.1093/acrefore/9780199975839.013.104,0.9,resolved,openalex,2026-08-16T22:34:19Z,X013,"Abstract The fifth edition of the Diagnostic and Statistical Manual of Mental Disorders of the American Psychiatric Association is referred to as DSM-5™. DSM-5’s early predecessor, DSM-III, differed considerably from the first two editions. Its innovative incorporation of specified diagnostic criteria had a major impact on the field of mental health. In DSM-5, these criteria have been further updated to reflect the important gains in our understanding of mental disorders.",Mental health; Psychiatry; Classification of mental disorders; Psychology; Diagnostic Classification of Mental Health and Developmental Disorders of Infancy and Early Childhood; Prevalence of mental disorders,False,other,True,True,False,doi,,"{'venue': 'crossref', 'publisher': 'crossref', 'url': 'crossref', 'lang': 'crossref'}",{'crossref': 4},"X013.R000 resolved | hits:OA,CR | winner:- | filled:venue:CR; lang:CR | missing:-"
A457,1010160191886980900446,Sensation seeking. Beyond the optimal level of arousal,H.J. Eysenck,H.J. Eysenck,1980.0,10.1016/0191-8869(80)90044-6,,,,Personality and Individual Differences,1,2,191,Elsevier BV,en,https://doi.org/10.1016/0191-8869(80)90044-6,0.9,resolved,openalex,2026-08-16T22:34:20Z,X013,,Psychology; Sensation seeking; Arousal; Sensation; Low arousal theory; Social psychology; Cognitive psychology; Personality,False,article,True,True,False,doi,,"{'venue': 'crossref', 'volume': 'crossref', 'issue': 'crossref', 'pages': 'crossref', 'publisher': 'crossref', 'url': 'crossref', 'lang': 'crossref'}",{'crossref': 7},"X013.R000 resolved | hits:OA,CR | winner:- | filled:venue:CR; lang:CR | missing:abstract"
A458,101017s0954579417000955,Normative development of the Child Behavior Checklist Dysregulation Profile from early childhood to adolescence: Associations with personality pathology,Marike H. F. Deutz; Helen G. M. Vossen; Amaranta D. de Haan; Maja Deković; Anneloes L. van Baar; Peter Prinzie,Marike H. F. Deutz,2017.0,10.1017/s0954579417000955,https://pubmed.ncbi.nlm.nih.gov/28633688,,,Development and Psychopathology,30,2,437-447,Cambridge University Press (CUP),en,https://doi.org/10.1017/s0954579417000955,0.9,resolved,openalex,2026-08-16T22:34:21Z,X013,"The Dysregulation Profile (DP) is a broad indicator of concurrent affective, behavioral, and cognitive dysregulation, often measured with the anxious/depressed, aggressive behavior, and attention problems syndrome scales of the Child Behavior Checklist. Despite an expanding body of research on the DP, knowledge of the normative developmental course of the DP from early childhood to adolescence is lacking. Furthermore, although we know that the DP longitudinally predicts personality pathology, no research yet has examined whether next to the DP in early childhood, the rate of change of the DP across development predicts personality pathology. Therefore, using cohort-sequential latent growth modeling in a population-based sample (N = 668), we examined the normative developmental course of mother-reported DP from ages 4 to 17 years and its associations with a wide range of adolescent-reported personality pathology dimensions 3 years later. The results showed that the DP follows a nonlinear developmental course with a peak in early adolescence. The initial level of the DP at age 4 and, to a lesser extent, the rate of change in the DP predicted a range of personality pathology dimensions in late adolescence. The findings suggest that the DP is a broad developmental precursor of personality pathology in late adolescence.",Personality pathology; Psychology; Child Behavior Checklist; Personality; Normative; Developmental psychology; Emotional dysregulation; Population; Early childhood; Clinical psychology; Cohort; Personality disorders,True,article,True,True,False,doi,,"{'venue': 'crossref', 'volume': 'crossref', 'issue': 'crossref', 'pages': 'crossref', 'publisher': 'crossref', 'url': 'crossref', 'lang': 'crossref'}",{'crossref': 7},"X013.R000 resolved | hits:OA,CR | winner:- | filled:venue:CR; lang:CR | missing:-"
A459,101007s0078701710013,Autonomic arousal in anxious and typically developing youth during a stressor involving error feedback,Michelle Rozenman; Alexandra Sturm; James T. McCracken; John Piacentini,Michelle Rozenman,2017.0,10.1007/s00787-017-1001-3,https://pubmed.ncbi.nlm.nih.gov/28527019,,,European Child &amp; Adolescent Psychiatry,26,12,1423-1432,Springer Science and Business Media LLC,en,https://doi.org/10.1007/s00787-017-1001-3,0.9,resolved,openalex,2026-08-16T22:34:21Z,X013,"Anxiety has been proposed to influence psychophysiological reactivity in children and adolescents. However, the extant empirical literature has not always found physiological reactivity to be associated with anxiety in youth. Further, most investigations have not examined psychophysiological reactivity in real time over the course of acute stress. To test the impact of anxiety disorder status on autonomic arousal in youth, we compared youth with primary anxiety disorders (N&nbsp;=&nbsp;24) to typically developing (TD) youth (N&nbsp;=&nbsp;22) on heart rate (HR), heart rate variability (HRV), and respiratory sinus arrhythmia (RSA) during an acute stressor in which youth received error-related feedback. We also conducted exploratory analyses on youth performance during the task. Youth ages 9–17 participated in the arithmetic portion of the Trier Social Stress Test for Children (Buske-Kirschbaum et al., Psychosom 59:419–426, 1997), during which time they received consecutive, standardized feedback that they made calculation errors. Results indicated that, compared to their TD counterparts, the anxious group demonstrated elevated HR and suppressed HRV during initial provision of error feedback and during the recovery period. No group differences were found for RSA. Additionally, overall TD youth made a greater proportion of errors than anxious youth. Clinically, these findings may provide preliminary support for anxious youth exhibiting physiological reactivity in response to receipt of error-related feedback, and may have implications for understanding biological processes during stress. This work underscores the need for further study of when and how anxiety may influence autonomic reactivity over the course of stress.",Arousal; Child and adolescent psychiatry; Stressor; Psychology; Anxiety; Developmental psychology; Clinical psychology; Psychiatry; Neuroscience,True,article,True,True,False,doi,,"{'venue': 'crossref', 'volume': 'crossref', 'issue': 'crossref', 'pages': 'crossref', 'publisher': 'crossref', 'url': 'crossref', 'lang': 'crossref', 'abstract': 'unpaywall'}","{'crossref': 7, 'unpaywall': 1}","X013.R000 resolved | hits:OA,CR | winner:- | filled:venue:CR; lang:CR; abstract:UN | missing:-"
A460,1031020034654316673722,On the Neuroscience of Self-Regulation in Children With Disruptive Behavior Problems,Steven Woltering; Qinxin Shi,Steven Woltering,2016.0,10.3102/0034654316673722,,,,Review of Educational Research,86,4,1085-1110,American Educational Research Association (AERA),en,https://doi.org/10.3102/0034654316673722,0.9,resolved,openalex,2026-08-16T22:34:23Z,X013,"Self-regulation is increasingly recognized as a key predictor of academic and social competence. A multidisciplinary understanding of this ability is timely and can strengthen theory and practice. The present review aims to inform educators on what cognitive neuroscience can teach us about self-regulation. To do so, we will focus on a decade-long research program examining children with disruptive behavior problems and their peers, and ask whether neural measures of self-regulation can (a) covary with individual differences in behavioral measures of self-regulation, (b) trace developmental patterns, and (c) predict or trace behavioral change with successful treatment of disruptive behavior problems. We show that several studies begin to converge on a set of neural measures derived from the prefrontal cortex that can be consistently linked to processes of self-regulation. Next, we will discuss what these measures mean from a cognitive neuroscience perspective and how this knowledge could influence and/or support psychological models relevant to education.",Psychology; Perspective (graphical); Cognition; Competence (human resources); Social neuroscience; Cognitive psychology; Multidisciplinary approach; Set (abstract data type); Cognitive neuroscience; Prefrontal cortex; TRACE (psycholinguistics); Developmental cognitive neuroscience,False,article,True,True,False,doi,,"{'venue': 'crossref', 'volume': 'crossref', 'issue': 'crossref', 'pages': 'crossref', 'publisher': 'crossref', 'url': 'crossref', 'lang': 'crossref'}",{'crossref': 7},"X013.R000 resolved | hits:OA,CR | winner:- | filled:venue:CR; lang:CR | missing:-"
A461,1010970000458320100400000004,Dysregulated Children Reconsidered,Robert R. Althoff,Robert R. Althoff,2010.0,10.1097/00004583-201004000-00004,,,,Journal of the American Academy of Child &amp; Adolescent Psychiatry,49,4,302-305,Elsevier BV,en,https://doi.org/10.1097/00004583-201004000-00004,0.9,resolved,openalex,2026-08-16T22:34:23Z,X013,,Psychology; Developmental psychology,False,article,True,True,False,doi,,"{'venue': 'crossref', 'volume': 'crossref', 'issue': 'crossref', 'pages': 'crossref', 'publisher': 'crossref', 'url': 'crossref', 'lang': 'crossref'}",{'crossref': 7},"X013.R000 resolved | hits:OA,CR | winner:- | filled:venue:CR; lang:CR | missing:abstract"
A462,1010029781118901731,The International Encyclopedia of Communication Research Methods,Jörg Matthes; Christine Davis; Robert Potter; Sandra Schamroth Abrams,Jörg Matthes,2017.0,10.1002/9781118901731,,,,,,,,Wiley,en,https://doi.org/10.1002/9781118901731,0.9,resolved,openalex,2026-08-16T22:34:25Z,X013,International audience,Encyclopedia; Computer science; Library science,False,other,True,True,False,doi,,"{'publisher': 'crossref', 'url': 'crossref', 'lang': 'crossref'}",{'crossref': 3},"X013.R000 resolved | hits:OA,CR | winner:- | filled:lang:CR | missing:-"
A463,1010029781118901731iecrm0085,<scp>E</scp> ‐Prime (Software),Paul J. Taylor; John E. Marsh,Paul J. Taylor,2017.0,10.1002/9781118901731.iecrm0085,,,,The International Encyclopedia of Communication Research Methods,,,1-3,Wiley,en,https://doi.org/10.1002/9781118901731.iecrm0085,0.9,resolved,openalex,2026-08-16T22:34:25Z,X013,"The basics components of E‐Prime are described. E‐Prime is a suite of computer programs developed by Psychology Software Tools, Inc. to allow the design and implementation of computer‐based experiments.",Prime (order theory); Software; Computer science; Programming language; Operating system; Mathematics; Combinatorics,False,other,True,True,False,doi,,"{'venue': 'crossref', 'pages': 'crossref', 'publisher': 'crossref', 'url': 'crossref', 'lang': 'crossref'}",{'crossref': 5},"X013.R000 resolved | hits:OA,CR | winner:- | filled:venue:CR; lang:CR | missing:-"
