local_id,source_key,title,authors,first_author,year,doi,pmid,pmcid,arxiv,venue,volume,issue,pages,publisher,lang,url,confidence,status,provenance,last_checked,parents,abstract,keywords,open_access,doc_type,hit_openalex,hit_crossref,hit_semanticscholar,match_strategy,winner_source,field_sources,filled_by_source_counts,resolver_notes,el_outcome,el_failed_ids,el_missing_ids,el_met_ids,el_uncertain_ids,el_evidence_json,el_reason_summary
A015,101186s129380150063z,Analysis of short-term heart rate and diastolic period variability using a refined fuzzy entropy method,Lizhen Ji; Peng Li; Ke Li; Xinpei Wang; Changchun Liu,Lizhen Ji,2015.0,10.1186/s12938-015-0063-z,https://pubmed.ncbi.nlm.nih.gov/26126807,,,BioMedical Engineering OnLine,14,1,,Springer Science and Business Media LLC,en,https://doi.org/10.1186/s12938-015-0063-z,0.9,resolved,openalex,2026-08-16T22:28:36Z,X001,"BACKGROUND: Heart rate variability (HRV) has been widely used in the non-invasive evaluation of cardiovascular function. Recent studies have also attached great importance to the cardiac diastolic period variability (DPV) examination. Short-term variability measurement (e.g., 5 min) has drawn increasing attention in clinical practice, since it is able to provide almost immediate measurement results and enables the real-time monitoring of cardiovascular function. However, it is still a contemporary challenge to robustly estimate the HRV and DPV parameters based on short-term recordings. METHODS: In this study, a refined fuzzy entropy (rFuzzyEn) was developed by substituting a piecewise fuzzy membership function for the Gaussian function in conventional fuzzy entropy (FuzzyEn) measure. Its stability and robustness against additive noise compared with sample entropy (SampEn) and FuzzyEn, were examined by two well-accepted simulation models-the [Formula: see text] noise and the Logistic attractor. The rFuzzyEn was further applied to evaluate clinical short-term (5 min) HRV and DPV of the patients with coronary artery stenosis and healthy volunteers. RESULTS: Simulation results showed smaller fluctuations in the rFuzzyEn than in SampEn and FuzzyEn values when the data length was decreasing. Besides, rFuzzyEn could distinguish the simulation models with different amount of additive noise even when the percentage of additive noise reached 60%, but neither SampEn nor FuzzyEn showed comparable performance. Clinical HRV analysis did not indicate any significant differences between the patients with coronary artery disease and the healthy volunteers in all the three mentioned entropy measures (all p > 0.20). But clinical DPV analysis showed that the patient group had a significantly higher rFuzzyEn (p < 0.01) than the healthy group. However, no or less significant difference was observed between the two groups in either SampEn (p = 0.14) or FuzzyEn (p = 0.05). CONCLUSIONS: Our proposed rFuzzyEn outperformed conventional SampEn and FuzzyEn in terms of both stability and robustness against additive noise, particularly when the data set was relatively short. Analysis of DPV using rFuzzyEn may provide more valuable information to assess the cardiovascular states than the other entropy measures and has a potential for clinical application.",Sample entropy; Heart rate variability; Approximate entropy; Mathematics; Medicine; Statistics; Piecewise; Coronary artery disease; Cardiology; Fuzzy logic; Entropy (arrow of time); Internal medicine,True,article,True,True,False,doi,,"{'venue': 'crossref', 'volume': 'crossref', 'issue': 'crossref', 'publisher': 'crossref', 'url': 'crossref', 'lang': 'crossref'}",{'crossref': 6},"X001.R000 resolved | hits:OA,CR | winner:- | filled:venue:CR; lang:CR | missing:-",PASS_CLEAN,,,EC-38,,"{""EC-38"": {""status"": ""MET"", ""decision"": ""not_meet"", ""confidence"": 0.8, ""threshold"": 0.6, ""field"": ""title"", ""quote"": """", ""quote_valid"": false, ""span"": null, ""used"": true}}",PASS_CLEAN: all EL criteria MET.
A018,101002gps4273,Clinical significance of worry and physical symptoms in late-life generalized anxiety disorder,Beyon Miloyan; Nancy A. Pachana,Beyon Miloyan,2015.0,10.1002/gps.4273,https://pubmed.ncbi.nlm.nih.gov/25703435,,,International Journal of Geriatric Psychiatry,30,12,1186-1194,Wiley,en,https://doi.org/10.1002/gps.4273,0.9,resolved,openalex,2026-08-16T22:28:37Z,X001,"OBJECTIVE: Worry is a hallmark feature of generalized anxiety disorder (GAD). However, age-related changes in symptom presentation raise questions about the clinical significance of these symptom clusters in later life. The aim of this study was to explore the relative contribution of worry and physical symptom frequency to clinical significance associated with late-life GAD. METHODS: A sample of 637 self-reported worriers (aged 65 years and older) was extracted from Wave 1 of the National Epidemiological Survey of Alcohol and Related Conditions. RESULTS: Consistent with previous findings, we observed reductions in worry frequency and increases in physical symptom frequency with increasing age of participants. Physical symptoms, but not worry symptoms, distinguished older adults with clinical and sub-threshold GAD. Whereas physical symptom count was associated with distress, occupational, and functional disability, worry count was only associated with distress. CONCLUSIONS: Among self-reported worriers, worry frequency provides limited clinical utility over and above physical symptom frequency. These findings suggest that physical symptom frequency may become an increasingly important feature of GAD in later life.",Worry; Generalized anxiety disorder; Anxiety; Distress; Psychology; Psychiatry; Clinical significance; Clinical psychology; Medicine; Internal medicine,False,article,True,True,False,doi,,"{'venue': 'crossref', 'volume': 'crossref', 'issue': 'crossref', 'pages': 'crossref', 'publisher': 'crossref', 'url': 'crossref', 'lang': 'crossref'}",{'crossref': 7},"X001.R000 resolved | hits:OA,CR | winner:- | filled:venue:CR; lang:CR | missing:-",PASS_CLEAN,,,EC-38,,"{""EC-38"": {""status"": ""MET"", ""decision"": ""not_meet"", ""confidence"": 0.8, ""threshold"": 0.6, ""field"": ""title"", ""quote"": """", ""quote_valid"": false, ""span"": null, ""used"": true}}",PASS_CLEAN: all EL criteria MET.
A060,101007s1028601603510,Correlation between indexes of autonomic maneuvers and heart rate variability in hemodialysis patients,Carlos Felipe Delmondes Vieira; Márcia Maria Oliveira Lima; Henrique Silveira Costa; Karen Marina Alves Diniz; João Paulo Lemos Guião; Frederico Lopes Alves; Emílio Henrique Barroso Maciel; Vanessa Gomes Brandão; Pedro Henrique Scheidt Figueiredo,Carlos Felipe Delmondes Vieira,2016.0,10.1007/s10286-016-0351-0,https://pubmed.ncbi.nlm.nih.gov/26979171,,,Clinical Autonomic Research,26,3,181-188,Springer Science and Business Media LLC,en,https://doi.org/10.1007/s10286-016-0351-0,0.9,resolved,openalex,2026-08-16T22:29:15Z,X001,"The autonomic maneuvers are simple methods to evaluate autonomic balance, but the association between autonomic maneuvers and heart rate variability (HRV) in hemodialysis patients remains unknown. This study aimed to evaluate the correlation between HRV and respiratory sinus arrhythmia (RSA) and Valsalva maneuver (VM) indexes in hemodialysis patients and to compare two methods for RSA indexes acquisitions. Forty-eight volunteers on hemodialysis (66.7&nbsp;% men) were evaluated by VM, RSA, and 24&nbsp;h Holter monitoring. At the VM, the Valsalva index (VI) was the variable considered. In the RSA, the ratio and difference between the RR intervals of inspiratory and expiratory phase (E:I and E–I, respectively) were considered by traditional form (average of respiratory cycles) and independent respiratory cycles (E:Iindep and E–Iindep). The HRV indexes evaluated were standard deviation of all normal RR intervals (SDNN), standard deviation of sequential 5-min RR interval means (SDANN), root mean square of the successive differences (rMSSD) and percentage of adjacent RR intervals with difference of duration greater than 50&nbsp;ms (pNN50). The SDNN, SDANN showed significant correlation with all classic indexes of RSA (E:I: r&nbsp;=&nbsp;0.62, 0.55, respectively, E–I: r&nbsp;=&nbsp;0.64, 0.57, respectively), E:Iindep (r&nbsp;=&nbsp;0.59, 0.54, respectively), E–Iindep (r&nbsp;=&nbsp;0.47, 0.43, respectively) and VI (r&nbsp;=&nbsp;0.42, 0.34, respectively). Significant correlation of rMSSD with E:I (r&nbsp;=&nbsp;0.37), E–I (r&nbsp;=&nbsp;0.41) and E:Iindep (r&nbsp;=&nbsp;0.34) was also observed. There was no association of any variable with pNN50. Have been show high values for all variables of independent cycles method (p&nbsp;&lt;&nbsp;0.05). The autonomic maneuvers, especially RSA, are useful methods to evaluate cardiac autonomic function in hemodialysis patients. The acquisition of the RSA index by independent cycles should not be used in this population.",Medicine; Heart rate variability; Correlation; Cardiology; Internal medicine; Hemodialysis; RR interval; Vagal tone; Respiratory system; Heart rate; Anesthesia; Mathematics,False,article,True,True,True,doi,,"{'venue': 'crossref', 'volume': 'crossref', 'issue': 'crossref', 'pages': 'crossref', 'publisher': 'crossref', 'url': 'crossref', 'lang': 'crossref', 'abstract': 'unpaywall'}","{'crossref': 7, 'unpaywall': 1}","X001.R000 resolved | hits:OA,CR,S2 | winner:- | filled:venue:CR; lang:CR; abstract:UN | missing:-",PASS_CLEAN,,,EC-38,,"{""EC-38"": {""status"": ""MET"", ""decision"": ""not_meet"", ""confidence"": 0.8, ""threshold"": 0.6, ""field"": ""title"", ""quote"": """", ""quote_valid"": false, ""span"": null, ""used"": true}}",PASS_CLEAN: all EL criteria MET.
A061,101176appibooks9780890425787,Diagnostic and Statistical Manual of Mental Disorders,American Psychiatric Association,American Psychiatric Association,2022.0,10.1176/appi.books.9780890425787,,,,,,,,American Psychiatric Association Publishing,en,https://doi.org/10.1176/appi.books.9780890425787,0.9,resolved,openalex,2026-08-16T22:29:20Z,X001,,Classification of mental disorders; Psychology; Diagnostic Classification of Mental Health and Developmental Disorders of Infancy and Early Childhood; Psychiatry; Prevalence of mental disorders; Mental health,False,book,True,True,False,doi,,"{'publisher': 'crossref', 'url': 'crossref', 'lang': 'crossref', 'authors': 'crossref', 'first_author': 'crossref'}",{'crossref': 5},"X001.R000 resolved | hits:OA,CR | winner:- | filled:lang:CR | missing:abstract",PASS_CLEAN,,,EC-38,,"{""EC-38"": {""status"": ""MET"", ""decision"": ""not_meet"", ""confidence"": 0.8, ""threshold"": 0.6, ""field"": ""title"", ""quote"": """", ""quote_valid"": false, ""span"": null, ""used"": true}}",PASS_CLEAN: all EL criteria MET.
A072,101002sdr1571,Learning through System Dynamics as Preparation for the 21st Century,Jay W. Forrester,Jay W. Forrester,2016.0,10.1002/sdr.1571,,,,System Dynamics Review,32,3-4,187-203,Wiley,en,https://doi.org/10.1002/sdr.1571,0.9,resolved,openalex,2026-08-16T22:29:45Z,X002,,Citation; Computer science; Dynamics (music); System dynamics; Operations research; Library science; Artificial intelligence; World Wide Web; Sociology; Engineering; Pedagogy,False,article,True,True,False,doi,,"{'venue': 'crossref', 'volume': 'crossref', 'issue': 'crossref', 'pages': 'crossref', 'publisher': 'crossref', 'url': 'crossref', 'lang': 'crossref'}",{'crossref': 7},"X002.R000 resolved | hits:OA,CR | winner:- | filled:venue:CR; lang:CR | missing:abstract",PASS_CLEAN,,,EC-38,,"{""EC-38"": {""status"": ""MET"", ""decision"": ""not_meet"", ""confidence"": 0.8, ""threshold"": 0.6, ""field"": ""title"", ""quote"": """", ""quote_valid"": false, ""span"": null, ""used"": true}}",PASS_CLEAN: all EL criteria MET.
A083,systemsengineeringhandbookaguideforsystemlifecycleprocessesandactivities,Systems engineering handbook : a guide for system life cycle processes and activities,David D. Walden,David D. Walden,2015.0,https://openalex.org/W1427890894,,,,,,,,,en,,0.9,resolved,openalex,2026-08-16T22:29:51Z,X002,,Systems engineering; Engineering; Computer science; Engineering management,False,other,True,False,False,title,openalex,"{'doi': 'openalex', 'lang': 'heuristic'}","{'openalex': 1, 'heuristic': 1}",X002.R000 resolved | hits:OA | winner:openalex | filled:doi:OP; lang:HE | missing:abstract,PASS_CLEAN,,,EC-38,,"{""EC-38"": {""status"": ""MET"", ""decision"": ""not_meet"", ""confidence"": 0.8, ""threshold"": 0.6, ""field"": ""title"", ""quote"": """", ""quote_valid"": false, ""span"": null, ""used"": true}}",PASS_CLEAN: all EL criteria MET.
A087,1010800953531420191695584,"Hire fast, fire slow: the employment benefits of energy transitions",Yann Füllemann; Vincent Moreau; Marc Vielle; François Vuille,Yann Füllemann,2019.0,10.1080/09535314.2019.1695584,,,,Economic Systems Research,32,2,202-220,Informa UK Limited,en,https://doi.org/10.1080/09535314.2019.1695584,0.9,resolved,openalex,2026-08-16T22:29:55Z,X002,"The transition towards decarbonized and efficient energy systems has broad socio-economic implications. We estimate the potential impacts on employment from efforts in energy efficiency in industry, transport and buildings as well as substituting local renewable energy sources for fossil fuels. Both energy supply and demand are accounted for. We use a hybrid approach that combines national energy transition scenarios with input–output tables, adjusted for new energy and non-energy activities. We conclude that the transition has a net positive impact on employment as illustrated by the case of Switzerland. The local and decentralized nature of energy efficiency and renewables retains a greater share of value-added domestically than does a supply chain of fossil fuels. Moreover, we find that more jobs are created in demand-side activities, such as building renovation, than in renewable energy generation. Positive impacts on jobs from spillover effects in all non-energy activities are also found.",Renewable energy; Energy transition; Spillover effect; Fossil fuel; Natural resource economics; Energy supply; Efficient energy use; Energy engineering; Economics; Energy (signal processing); Energy policy; Environmental economics,True,article,True,True,False,doi,,"{'venue': 'crossref', 'volume': 'crossref', 'issue': 'crossref', 'pages': 'crossref', 'publisher': 'crossref', 'url': 'crossref', 'lang': 'crossref'}",{'crossref': 7},"X002.R000 resolved | hits:OA,CR | winner:- | filled:venue:CR; lang:CR | missing:-",PASS_CLEAN,,,EC-38,,"{""EC-38"": {""status"": ""MET"", ""decision"": ""not_meet"", ""confidence"": 0.8, ""threshold"": 0.6, ""field"": ""title"", ""quote"": """", ""quote_valid"": false, ""span"": null, ""used"": true}}",PASS_CLEAN: all EL criteria MET.
A088,101111gcbb12456,On the global limits of bioenergy and land use for climate change mitigation,Alexandre Strapasson; Jeremy Woods; Helena L. Chum; Nicole Kalas; Nilay Shah; Frank Rosillo‐Calle,Alexandre Strapasson,2017.0,10.1111/gcbb.12456,,,,GCB Bioenergy,9,12,1721-1735,Wiley,en,https://doi.org/10.1111/gcbb.12456,0.9,resolved,openalex,2026-08-16T22:29:55Z,X002,"Abstract Across energy, agricultural and forestry landscapes, the production of biomass for energy has emerged as a controversial driver of land‐use change. We present a novel, simple methodology, to probe the potential global sustainability limits of bioenergy over time for energy provision and climate change mitigation using a complex‐systems approach for assessing land‐use dynamics. Primary biomass that could provide between 70 EJ year −1 and 360 EJ year −1 , globally, by 2050 was simulated in the context of different land‐use futures, food diet patterns and climate change mitigation efforts. Our simulations also show ranges of potential greenhouse gas emissions for agriculture, forestry and other land uses by 2050, including not only above‐ground biomass‐related emissions, but also from changes in soil carbon, from as high as 24 GtCO 2 eq year −1 to as low as minus 21 GtCO 2 eq year −1 , which would represent a significant source of negative emissions. Based on the modelling simulations, the discussions offer novel insights about bioenergy as part of a broader integrated system. Whilst there are sustainability limits to the scale of bioenergy provision, they are dynamic over time, being responsive to land management options deployed worldwide.","Bioenergy; Greenhouse gas; Environmental science; Climate change mitigation; Sustainability; Land use, land-use change and forestry; Biomass (ecology); Climate change; Land use; Agriculture; Context (archaeology); Agroforestry",True,article,True,True,False,doi,,"{'venue': 'crossref', 'volume': 'crossref', 'issue': 'crossref', 'pages': 'crossref', 'publisher': 'crossref', 'url': 'crossref', 'lang': 'crossref'}",{'crossref': 7},"X002.R000 resolved | hits:OA,CR | winner:- | filled:venue:CR; lang:CR | missing:-",PASS_CLEAN,,,EC-38,,"{""EC-38"": {""status"": ""MET"", ""decision"": ""not_meet"", ""confidence"": 0.8, ""threshold"": 0.6, ""field"": ""title"", ""quote"": """", ""quote_valid"": false, ""span"": null, ""used"": true}}",PASS_CLEAN: all EL criteria MET.
A089,101016jfutures201708003,Mexico’s low carbon futures: An integrated assessment for energy planning and climate change mitigation by 2050,Alejandra Elizondo; Vanessa Pérez-Cirera; Alexandre Strapasson; José Carlos Fernández; Diego Cruz-Cano,Alejandra Elizondo,2017.0,10.1016/j.futures.2017.08.003,,,,Futures,93,,14-26,Elsevier BV,en,https://doi.org/10.1016/j.futures.2017.08.003,0.9,resolved,openalex,2026-08-16T22:29:56Z,X002,"This paper shows an integrated assessment for energy planning and climate change mitigation in Mexico, as an international case study. The Mexico 2050 Calculator was used to run a number of low carbon future scenarios by 2050. The calculator consists of a whole-systems model, which combines the main sectors of the Mexican economy into a single visual tool. By integrating energy and carbon dynamics across all sectors and carrying out a sensitivity analysis of the entire model, we compare four low carbon energy scenarios to assess current energy policy strategies in the country. The methodology proposed in this paper can also be applied to any other nation, particularly to those with similar models already available. Our findings show the relative impact of each sector and their various interactions for achieving Mexico’s ratified climate commitments. The paper also includes policy recommendations and highlights the need for scaling-up energy efficiency policy efforts in industry and transport, for having a higher focus on agricultural and land use policies, and for promoting integrated renewable energy policies.",Futures contract; Renewable energy; Climate change; Scenario analysis; Climate change mitigation; Energy planning; Calculator; Energy sector; Greenhouse gas; Energy policy; Efficient energy use; Agriculture,True,article,True,True,False,doi,,"{'venue': 'crossref', 'volume': 'crossref', 'pages': 'crossref', 'publisher': 'crossref', 'url': 'crossref', 'lang': 'crossref'}",{'crossref': 6},"X002.R000 resolved | hits:OA,CR | winner:- | filled:venue:CR; lang:CR | missing:-",PASS_CLEAN,,,EC-38,,"{""EC-38"": {""status"": ""MET"", ""decision"": ""not_meet"", ""confidence"": 0.8, ""threshold"": 0.6, ""field"": ""title"", ""quote"": """", ""quote_valid"": false, ""span"": null, ""used"": true}}",PASS_CLEAN: all EL criteria MET.
A090,101016jesr2020100545,"EU land use futures: modelling food, bioenergy and carbon dynamics",Alexandre Strapasson; Jeremy Woods; Jérôme Meessen; Onesmus Mwabonje; Gino Baudry; Kofi Mbuk,Alexandre Strapasson,2020.0,10.1016/j.esr.2020.100545,,,,Energy Strategy Reviews,31,,100545,Elsevier BV,en,https://doi.org/10.1016/j.esr.2020.100545,0.9,resolved,openalex,2026-08-16T22:29:56Z,X002,"This paper presents an original system dynamics model, which aims to assess how changes in diet, agricultural practices, bioenergy and forestry could help reduce greenhouse gas emissions. We demonstrate that changes in types and quantities of food consumed and reductions in food wastes along with sustainable bioenergy and forestry dynamics would materially assist the EU in meeting its 2050 climate mitigation obligations. We find that overall rates of EU-28 greenhouse gas emissions are highly sensitive to the food trade balance, both within and outside the EU. Land use itself is often under-represented as a major option for carbon mitigation in policy strategies, but our results show that it must become a central component aligned with energy system decarbonization if material levels of warming mitigation are to be achieved.",Greenhouse gas; Bioenergy; Futures contract; Agriculture; Natural resource economics; Environmental science; Climate change mitigation; Climate change; Land use; Biofuel; Food systems; Agricultural land,True,article,True,True,False,doi,,"{'venue': 'crossref', 'volume': 'crossref', 'pages': 'crossref', 'publisher': 'crossref', 'url': 'crossref', 'lang': 'crossref'}",{'crossref': 6},"X002.R000 resolved | hits:OA,CR | winner:- | filled:venue:CR; lang:CR | missing:-",PASS_CLEAN,,,EC-38,,"{""EC-38"": {""status"": ""MET"", ""decision"": ""not_meet"", ""confidence"": 0.8, ""threshold"": 0.6, ""field"": ""title"", ""quote"": """", ""quote_valid"": false, ""span"": null, ""used"": true}}",PASS_CLEAN: all EL criteria MET.
A091,103390su12030811,The Role of Electricity Balancing and Storage: Developing Input Parameters for the European Calculator for Concept Modeling,Miklós Gyalai‐Korpos; László Zentkó; Csaba Hegyfalvi; Gergely Detzky; P. Tildy; Nóra Hegedűsné Baranyai; Gábor Pintér; Henrik Zsiborács,Miklós Gyalai‐Korpos,2020.0,10.3390/su12030811,,,,Sustainability,12,3,811,MDPI AG,en,https://doi.org/10.3390/su12030811,0.9,resolved,openalex,2026-08-16T22:29:56Z,X002,"Despite the apparent stability of the electricity system from a consumer’s point of view, there is indeed significant effort exerted by network operators to guarantee the constancy of the electricity supply in order to meet demands any time. In the energy sector models provide an important conceptual framework to generate a range of insight, examine the impacts of different scenarios and analyze the supply and demand of energy. This paper presents a user-oriented and transparent modeling concept of the European calculator, a tool for delineating emission and sustainable transformation pathways at European and member state levels. The model consists of several modules of different sectors, where the energy supply module includes sub-modules for electricity generation, hydrogen production and oil refinery. The energy storage requirement module investigates how new technologies can help the stability of the European electricity system with increasing renewables penetration, demand-side measures and decarbonization paths. The objective of this study is to introduce the concept of this module with the main logical steps, especially the input parameters, assumptions, the basic data of electricity trade and maximum energy storage potential levels. The article also introduces and explains the feasibility of the theoretical maximum gross electricity generation potential from variable renewable energy for the European Union including Switzerland, compared to the demand in 2040. According to the results the electricity systems in the future will need to show ever increasing flexibility in order to cope with variable renewable energy production on the supply side, and shifting patterns of electricity consumption on the demand side.",Renewable energy; Electricity; Environmental economics; Mains electricity; Variable renewable energy; Electricity generation; Electricity retailing; Flexibility (engineering); Stand-alone power system; Energy supply; Energy storage; Computer science,True,article,True,True,False,doi,,"{'venue': 'crossref', 'volume': 'crossref', 'issue': 'crossref', 'pages': 'crossref', 'publisher': 'crossref', 'url': 'crossref', 'lang': 'crossref'}",{'crossref': 7},"X002.R000 resolved | hits:OA,CR | winner:- | filled:venue:CR; lang:CR | missing:-",PASS_CLEAN,,,EC-38,,"{""EC-38"": {""status"": ""MET"", ""decision"": ""not_meet"", ""confidence"": 0.8, ""threshold"": 0.6, ""field"": ""title"", ""quote"": """", ""quote_valid"": false, ""span"": null, ""used"": true}}",PASS_CLEAN: all EL criteria MET.
A092,101016jesr2019100384,Japan 2050 Low Carbon Navigator: Possible application for assessing climate policy impacts,Mustafa Moinuddin; Akihisa Kuriyama,Mustafa Moinuddin,2019.0,10.1016/j.esr.2019.100384,,,,Energy Strategy Reviews,26,,100384,Elsevier BV,en,https://doi.org/10.1016/j.esr.2019.100384,0.9,resolved,openalex,2026-08-16T22:29:56Z,X002,"This paper explores Japan's energy and emissions-related choices up to 2050 using the Japan 2050 Low Carbon Navigator (Low Carbon Navigator), an energy and emissions scenario simulation tool based on the 2050 Pathways Calculator model. Using illustrative examples and scenarios, the paper demonstrates some unique features of the Low Carbon Navigator that enables assessment of the policy impacts relating to Japan's 3E + S (economic efficiency, energy security, environmental protection and safety) objectives. Five representative energy scenarios are developed to simulate the pathways to attain the emissions reduction targets. Simulation results from these five energy scenarios show that climate and energy policy measures on the energy supply side, such as the decision on whether or not to revive Japan's nuclear power plants, or on building new coal-fired plants, will significantly affect the country's emissions-related targets and energy security. The results show the trade-off between economic efficiency and environmental protection as well as energy security and safety. Furthermore, this paper highlights that the choice of future society scenarios that influence the size of the country's GDP, economic structure and resource dependence is also a crucial factor that affects future GHG emissions levels. Although the Low Carbon Navigator is not able to reflect all the users' assumptions, it can serve as an important tool to generate awareness among researchers, policymakers and the general public, and provides a platform for engaging debate on Japan's energy and emissions choices.",Greenhouse gas; Energy security; Environmental economics; Efficient energy use; Resource (disambiguation); Energy policy; Climate change; Energy supply; Climate change mitigation; Natural resource economics; Business; Environmental resource management,True,article,True,True,False,doi,,"{'venue': 'crossref', 'volume': 'crossref', 'pages': 'crossref', 'publisher': 'crossref', 'url': 'crossref', 'lang': 'crossref'}",{'crossref': 6},"X002.R000 resolved | hits:OA,CR | winner:- | filled:venue:CR; lang:CR | missing:-",PASS_CLEAN,,,EC-38,,"{""EC-38"": {""status"": ""MET"", ""decision"": ""not_meet"", ""confidence"": 0.7, ""threshold"": 0.6, ""field"": ""title"", ""quote"": """", ""quote_valid"": false, ""span"": null, ""used"": true}}",PASS_CLEAN: all EL criteria MET.
A093,103390su12166529,Beyond Carbon Footprint Calculators. New Approaches for Linking Consumer Behaviour and Climate Action,Mario Burgui Burgui; Emilio Chuvieco,Mario Burgui Burgui,2020.0,10.3390/su12166529,,,,Sustainability,12,16,6529,MDPI AG,en,https://doi.org/10.3390/su12166529,0.9,resolved,openalex,2026-08-16T22:29:57Z,X002,"This paper presents a carbon footprint (CF) observatory recently developed within our research group. It aims to introduce a new concept of CF accountability, which focused not just on measuring CF, but also on making users reflect about and eventually change their lifestyles to reduce their personal emissions. With this conception, the CO2web observatory includes not only a CF calculator, but also the CF of different alternative consumption scenarios. Therefore, the user may be more aware of the impact of different personal decisions, such as emissions linked to different food, cars, home appliances or pets. In addition, the CF calculator provides quantitative comparisons of the emissions linked to current habits of users with those of similar cohorts, along with specific advices for those consumption sectors where emissions are significantly higher than their cohort’s average.",Carbon footprint; Calculator; Greenhouse gas; Consumption (sociology); Environmental economics; Observatory; Action (physics); Climate change; Accountability; Business; Natural resource economics; Computer science,True,article,True,True,False,doi,,"{'venue': 'crossref', 'volume': 'crossref', 'issue': 'crossref', 'pages': 'crossref', 'publisher': 'crossref', 'url': 'crossref', 'lang': 'crossref'}",{'crossref': 7},"X002.R000 resolved | hits:OA,CR | winner:- | filled:venue:CR; lang:CR | missing:-",PASS_CLEAN,,,EC-38,,"{""EC-38"": {""status"": ""MET"", ""decision"": ""not_meet"", ""confidence"": 0.6, ""threshold"": 0.6, ""field"": ""title"", ""quote"": """", ""quote_valid"": false, ""span"": null, ""used"": true}}",PASS_CLEAN: all EL criteria MET.
A096,101016jesr2020100494,Modelling carbon mitigation pathways by 2050: Insights from the Global Calculator,Alexandre Strapasson; Jeremy Woods; Vanessa Pérez-Cirera; Alejandra Elizondo; Diego Cruz-Cano; Julien Pestiaux; M. Cornet; Rajiv Kumar Chaturvedi,Alexandre Strapasson,2020.0,10.1016/j.esr.2020.100494,,,,Energy Strategy Reviews,29,,100494,Elsevier BV,en,https://doi.org/10.1016/j.esr.2020.100494,0.9,resolved,openalex,2026-08-16T22:29:58Z,X002,"The Global Calculator (GC) can be used to assess a wide range of climate change mitigation pathways. The GC is an accessible integrated model which calculates the cumulative emissions of a basket of the main greenhouse gases that result from a set of technological and lifestyle choices made at the global level and as defined by the user within a single system dynamics tool. Using the GC, we simulated ambitious scenarios against business as usual trends in order to stay below 2 °C and 1.5 °C of maximum temperature change by the end of this century and carried out a sensitivity analysis of the entire GC model option space. We show that the calculator is useful for making broad simulations for energy, carbon and land use dynamics, and demonstrate how combined and sustained mitigation efforts across different sectors are urgently needed to meet climate targets.",Calculator; Greenhouse gas; Climate change; Climate change mitigation; Range (aeronautics); Sensitivity (control systems); Set (abstract data type); Computer science; Scenario analysis; Business as usual; Environmental science; Order (exchange),True,article,True,True,False,doi,,"{'venue': 'crossref', 'volume': 'crossref', 'pages': 'crossref', 'publisher': 'crossref', 'url': 'crossref', 'lang': 'crossref'}",{'crossref': 6},"X002.R000 resolved | hits:OA,CR | winner:- | filled:venue:CR; lang:CR | missing:-",PASS_CLEAN,,,EC-38,,"{""EC-38"": {""status"": ""MET"", ""decision"": ""not_meet"", ""confidence"": 0.9, ""threshold"": 0.6, ""field"": ""title"", ""quote"": """", ""quote_valid"": false, ""span"": null, ""used"": true}}",PASS_CLEAN: all EL criteria MET.
A097,101016jesr2020100463,Case-study - The transition of Belgium towards a low carbon society: A macroeconomic analysis fed by a participative approach,Loïc Berger; Th Bréchet; Julien Pestiaux; Vincent van Steenberghe,Loïc Berger,2020.0,10.1016/j.esr.2020.100463,,,,Energy Strategy Reviews,29,,100463,Elsevier BV,en,https://doi.org/10.1016/j.esr.2020.100463,0.9,resolved,openalex,2026-08-16T22:29:58Z,X002,"We describe a new approach for analyzing the socio-economic impacts of a low carbon transition. It consists in feeding a traditional macroeconomic model of a national economy, namely Belgium, with the results of a participative modelling exercise based on a prospective energy accounting model, the so-called Calculator. While contributing to overcoming important economic modelling barriers, this approach fosters stakeholders engagement and allows for extending the scope of the energy transition impact analysis.",Scope (computer science); Calculator; Transition (genetics); Economics; Energy transition; Environmental economics; Energy (signal processing); Economic system; Public economics; Business; Computer science; Panacea (medicine),True,article,True,True,False,doi,,"{'venue': 'crossref', 'volume': 'crossref', 'pages': 'crossref', 'publisher': 'crossref', 'url': 'crossref', 'lang': 'crossref'}",{'crossref': 6},"X002.R000 resolved | hits:OA,CR | winner:- | filled:venue:CR; lang:CR | missing:-",PASS_CLEAN,,,EC-38,,"{""EC-38"": {""status"": ""MET"", ""decision"": ""not_meet"", ""confidence"": 0.9, ""threshold"": 0.6, ""field"": ""title"", ""quote"": """", ""quote_valid"": false, ""span"": null, ""used"": true}}",PASS_CLEAN: all EL criteria MET.
A099,101016jegypro201612047,Energy Flow Analysis of China 2050 Pathways Energy Calculator with Special Emphasis on Transportation,Steve-Wonder Amakpah; Gengyuan Liu; Yan Hao; Linyu Xu,Steve-Wonder Amakpah,2016.0,10.1016/j.egypro.2016.12.047,,,,Energy Procedia,104,,275-280,Elsevier BV,en,https://doi.org/10.1016/j.egypro.2016.12.047,0.9,resolved,openalex,2026-08-16T22:29:59Z,X002,"Energy optimisation and CO 2 emission reduction cannot be achieved without a holistic analysis of transportation. This research performs a critical analysis of the China 2050 Pathways Calculator with emphasis on its ability to assess long-term energy optimisation and sustainability of the energy-dependent transport sector. It focuses on the structure, methods, assumptions and the energy mix, with emphasis on its application to the transportation system in China. Employing a hybrid energy flow- and meta-analysis, the paper holistically aims to find the relative quantitative importance of mitigation options in each set indicators available for energy optimisation in transport pathways. It compares the combined energy flows (input/output) data and assumptions by applying the formula Pw = k TI to identify the number of pathways (including energy-mix) available in the transport stream of the Calculator – holding all other sectors and their trajectories at default where k =1. Initial results indicate that there are 262,144 ways for selecting transport pathways alone. The framework of analysis and implicit normative assumption determine the focus of mitigating options, in terms of both descriptive emphasis and qualitative evaluation. The usefulness of predicting future energy-mix transformation for all energy-dependent sectors of an economy cannot be overemphasised. However, the huge data set needed and time required to gather such data, if available, to build the model creates too much room for assumptions that could mar the credibility of the outcomes. This research considers the cost involved to build such an integrated model to be a “turn-off” for most policy makers to start such an endeavour. Stemming from the lapses identified in the China 2050 Pathways Calculator, this paper suggests that considerable refinement should be made to the various assumptions in the trajectories to reflect achievable energy/climate change targets by 2050. Also, policymakers should develop an affinity for patience and be committed financially in the search for improved scientific solutions toward energy optimisation and GHG emission reduction.",Calculator; Credibility; Energy (signal processing); Computer science; Sustainability; Energy mix; Set (abstract data type); Emphasis (telecommunications); Risk analysis (engineering); Environmental economics; Scenario analysis; Operations research,True,article,True,True,False,doi,,"{'venue': 'crossref', 'volume': 'crossref', 'pages': 'crossref', 'publisher': 'crossref', 'url': 'crossref', 'lang': 'crossref'}",{'crossref': 6},"X002.R000 resolved | hits:OA,CR | winner:- | filled:venue:CR; lang:CR | missing:-",PASS_CLEAN,,,EC-38,,"{""EC-38"": {""status"": ""MET"", ""decision"": ""not_meet"", ""confidence"": 0.8, ""threshold"": 0.6, ""field"": ""title"", ""quote"": """", ""quote_valid"": false, ""span"": null, ""used"": true}}",PASS_CLEAN: all EL criteria MET.
A100,101051ocl2019034,Land Use Change and the European Biofuels Policy: The expansion of oilseed feedstocks on lands with high carbon stocks,Alexandre Strapasson; Juliana Pfrimer Falcão; Timo Rossberg; Grahame Buss; Jeremy Woods; Steven O. Peterson,Alexandre Strapasson,2019.0,10.1051/ocl/2019034,,,,OCL,26,,39,EDP Sciences,en,https://doi.org/10.1051/ocl/2019034,0.9,resolved,openalex,2026-08-16T22:29:59Z,X002,"The focus of this article is on the potential land use change impacts associated with the oilseed-based biodiesel consumption. The three main crops used for biodiesel production to date are oilseed rape (OSR), soybeans and oil palm. Therefore, the objective of this paper is to provide a technical assessment of potential land use change arising from the growth of these three major crops at global level, obtained through a broad country-level analysis for their respective major producing countries. The article presents an historical data analysis, evaluating the interaction between the expansion and contraction of these three crops over the last three decades (with a closer look from 2008) together with the carbon stock changes to the land. We categorise the land use by its carbon stock and resulting carbon stock changes from land use change. Crops aimed at the production of ethanol, such as maize (corn), sugarcane, wheat, cassava and sugar beet, although extremely relevant for biofuel policies, are not the subject of this present study. While we did not know at the time of writing this report how the term “significant” would be defined in the EU delegated act we concluded from the analysis of the historical data and using the high ILUC-risk definition as it stands, that the emissions associated with palm and soy are significant. For oil palm, we take Indonesia and Malaysia as proxy for the global position. We calculate an average expansion of 29% on high carbon stock land. For soy, we calculate a global average of 19% expansion. We calculate the global average greenhouse gas emissions intensities based on the ILUC-risks as 56 gCO 2 eq/MJ for soy oil and 108 gCO 2 eq/MJ for palm oil. Future projections (OECD-FAO, 2017) suggest these numbers could drop significantly. We do not find evidence for high ILUC-risk expansion of oilseed rape.","Biofuel; Land use, land-use change and forestry; Stock (firearms); Biodiesel; Land use; Agricultural economics; Carbon stock; Environmental science; Palm oil; Agroforestry; Climate change; Business",True,article,True,True,False,doi,,"{'venue': 'crossref', 'volume': 'crossref', 'pages': 'crossref', 'publisher': 'crossref', 'url': 'crossref', 'lang': 'heuristic'}","{'crossref': 5, 'heuristic': 1}","X002.R000 resolved | hits:OA,CR | winner:- | filled:venue:CR; lang:HE | missing:-",PASS_CLEAN,,,EC-38,,"{""EC-38"": {""status"": ""MET"", ""decision"": ""not_meet"", ""confidence"": 0.8, ""threshold"": 0.6, ""field"": ""title"", ""quote"": """", ""quote_valid"": false, ""span"": null, ""used"": true}}",PASS_CLEAN: all EL criteria MET.
A101,101016jesr2019100429,David Mackey and the clever climate calculator,Kiso Jan,Kiso Jan,2020.0,10.1016/j.esr.2019.100429,,,,Energy Strategy Reviews,27,,100429,Elsevier BV,en,https://doi.org/10.1016/j.esr.2019.100429,0.9,resolved,openalex,2026-08-16T22:29:59Z,X002,,Calculator; Environmental ethics; Computer science; Philosophy; Operating system,True,article,True,True,False,doi,,"{'venue': 'crossref', 'volume': 'crossref', 'pages': 'crossref', 'publisher': 'crossref', 'url': 'crossref', 'lang': 'crossref'}",{'crossref': 6},"X002.R000 resolved | hits:OA,CR | winner:- | filled:venue:CR; lang:CR | missing:abstract",PASS_CLEAN,,,EC-38,,"{""EC-38"": {""status"": ""MET"", ""decision"": ""not_meet"", ""confidence"": 0.8, ""threshold"": 0.6, ""field"": ""title"", ""quote"": """", ""quote_valid"": false, ""span"": null, ""used"": true}}",PASS_CLEAN: all EL criteria MET.
A104,101002sres2427,Modelling the Limits of Bioenergy,Alexandre Strapasson,Alexandre Strapasson,2016.0,10.1002/sres.2427,,,,Systems Research and Behavioral Science,33,5,686-690,Wiley,en,https://doi.org/10.1002/sres.2427,0.9,resolved,openalex,2026-08-16T22:30:02Z,X002,"This note offers a glimpse of the author's PhD thesis on the Limits of Bioenergy, which was defended at Imperial College London in 2014. The thesis was also presented as a conference paper in the 59th Annual Meeting of the International Society for the Systems Sciences in Berlin, 2015, receiving the Sir Geoffrey Vickers Memorial Award. This research note gives a brief overview on the proposed complex systems approach to land use dynamics and constraints, as a contribution to the climate change debate. A full scientific article with the whole methodology and original results is already under publication process by the author and his colleagues. Copyright © 2016 John Wiley &amp; Sons, Ltd.",Process (computing); Bioenergy; Sociology; Operations research; Engineering; Computer science; Renewable energy; Operating system; Electrical engineering,False,article,True,True,False,doi,,"{'venue': 'crossref', 'volume': 'crossref', 'issue': 'crossref', 'pages': 'crossref', 'publisher': 'crossref', 'url': 'crossref', 'lang': 'crossref'}",{'crossref': 7},"X002.R000 resolved | hits:OA,CR | winner:- | filled:venue:CR; lang:CR | missing:-",PASS_CLEAN,,,EC-38,,"{""EC-38"": {""status"": ""MET"", ""decision"": ""not_meet"", ""confidence"": 0.8, ""threshold"": 0.6, ""field"": ""title"", ""quote"": """", ""quote_valid"": false, ""span"": null, ""used"": true}}",PASS_CLEAN: all EL criteria MET.
A105,mediandoaaprendizagemdecircuitoseltricosemfsicapropostadesequnciadidticautilizandoomodeloflippedclassroom,Mediando a aprendizagem de circuitos elétricos em Física: proposta de sequência didática utilizando o modelo flipped classroom,Marco Paulo do Nascimento; Marcello; Alexandre Betinardi; Olavo Leopoldino,Marco Paulo do Nascimento,2019.0,https://openalex.org/W2990518069,,,,,,,,,en,,0.9,resolved,openalex,2026-08-16T22:30:02Z,X002,"Mediating the learning of electrical circuits in the field of Physics teaching is challenging, requiring high abstraction skills from the student and innovative didactics from the teacher. The objective of this paper is to propose a reflexive teaching unit on electrical circuits for high school students, adequate to Brazil’s current national curriculum standards. The proposal is based on the use of the flipped classroom model in the light of Lev Vygotsky’s cognitive development theory, both in the social perspective of students in classroom and in their activities outside the school premises. Different methodological teaching strategies were used in order to foster situations in which students are the protagonists of their own learning, while consciously and consistently exploring their potential. As a result, at the end of the proposed teaching unit, the students are expected to be able to recognize and associate the concepts studied with practical situations of their daily lives. In addition, it is expected that the students would have acquired autonomy in their learning processes and developed social and cognitive skills, as well as would be able to create graphic and mental models on the operation and application of electrical circuits.",Curriculum; Flipped classroom; Abstraction; Autonomy; Perspective (graphical); Mathematics education; Unit (ring theory); Reflexivity; Cognition; Psychology; Pedagogy; Computer science,False,article,True,False,False,title,openalex,"{'doi': 'openalex', 'lang': 'heuristic'}","{'openalex': 1, 'heuristic': 1}",X002.R000 resolved | hits:OA | winner:openalex | filled:doi:OP; lang:HE | missing:-,PASS_CLEAN,,,EC-38,,"{""EC-38"": {""status"": ""MET"", ""decision"": ""not_meet"", ""confidence"": 0.8, ""threshold"": 0.6, ""field"": ""title"", ""quote"": """", ""quote_valid"": false, ""span"": null, ""used"": true}}",PASS_CLEAN: all EL criteria MET.
A106,101002ecy3336,"A practical guide to selecting models for exploration, inference, and prediction in ecology",Andrew T. Tredennick; Giles Hooker; Stephen P. Ellner; Peter B. Adler,Andrew T. Tredennick,2021.0,10.1002/ecy.3336,https://pubmed.ncbi.nlm.nih.gov/33710619,,,Ecology,102,6,,Wiley,en,https://doi.org/10.1002/ecy.3336,0.9,resolved,openalex,2026-08-16T22:30:03Z,X002,"Selecting among competing statistical models is a core challenge in science. However, the many possible approaches and techniques for model selection, and the conflicting recommendations for their use, can be confusing. We contend that much confusion surrounding statistical model selection results from failing to first clearly specify the purpose of the analysis. We argue that there are three distinct goals for statistical modeling in ecology: data exploration, inference, and prediction. Once the modeling goal is clearly articulated, an appropriate model selection procedure is easier to identify. We review model selection approaches and highlight their strengths and weaknesses relative to each of the three modeling goals. We then present examples of modeling for exploration, inference, and prediction using a time series of butterfly population counts. These show how a model selection approach flows naturally from the modeling goal, leading to different models selected for different purposes, even with exactly the same data set. This review illustrates best practices for ecologists and should serve as a reminder that statistical recipes cannot substitute for critical thinking or for the use of independent data to test hypotheses and validate predictions.",Inference; Model selection; Selection (genetic algorithm); Computer science; Set (abstract data type); Statistical inference; Statistical model; Machine learning; Ecology; Artificial intelligence; Data science; Management science,True,article,True,True,False,doi,,"{'venue': 'crossref', 'volume': 'crossref', 'issue': 'crossref', 'publisher': 'crossref', 'url': 'crossref', 'lang': 'crossref'}",{'crossref': 6},"X002.R000 resolved | hits:OA,CR | winner:- | filled:venue:CR; lang:CR | missing:-",PASS_CLEAN,,,EC-38,,"{""EC-38"": {""status"": ""MET"", ""decision"": ""not_meet"", ""confidence"": 0.8, ""threshold"": 0.6, ""field"": ""title"", ""quote"": """", ""quote_valid"": false, ""span"": null, ""used"": true}}",PASS_CLEAN: all EL criteria MET.
A108,10108817489326abe890,The decarbonisation of Europe powered by lifestyle changes,Luís Costa; Vincent Moreau; Boris Thurm; Wusheng Yu; Francesco Clora; Gino Baudry; Hannes Warmuth; Bernd Hezel; Tobias Seydewitz; Ana Ranković; Garret Kelly; Jürgen P. Kropp,Luís Costa,2021.0,10.1088/1748-9326/abe890,,,,Environmental Research Letters,16,4,044057,IOP Publishing,en,https://doi.org/10.1088/1748-9326/abe890,0.9,resolved,openalex,2026-08-16T22:30:04Z,X002,"Abstract Decision makers increasingly recognise the importance of lifestyle changes in reaching low emission targets. How the mitigation potential of changes in mobility, dietary, housing or consumption behaviour compare to those of ambitious technological changes in terms of decarbonisation remains a key question. To evaluate the interplay of behaviour and technological changes, we make use of the European Calculator model and show that changes in behaviour may contribute more than 20% of the overall greenhouse gas (GHG) emission reductions required for net-zero by 2050. Behaviour and technology-oriented scenarios are tested individually and in combination for the EU plus the UK and Switzerland. The impacts of behavioural change vary across sectors, with significant GHG emission reduction potential and broader benefits. Changes in travel behaviour limit the rising demand for electricity, natural resources and infrastructure costs from the electrification of passenger transport. Adopting a healthy diet reduces emissions substantially compared to intensifying agricultural practices, while at the same time making cropland available for conservation or bioenergy crops. The trade-offs between energy and food may be substantially alleviated when deploying technological and behavioural changes simultaneously. The results suggest that without behavioural change, the dependency of Europe on carbon removal technologies for its net-zero ambitions increases. Structural changes will be necessary to achieve full decarbonisation by 2050, yet changes in lifestyles are crucial, contributing to achieving climate targets sooner.",Environmental science,True,article,True,True,False,doi,,"{'venue': 'crossref', 'volume': 'crossref', 'issue': 'crossref', 'pages': 'crossref', 'publisher': 'crossref', 'url': 'crossref', 'lang': 'heuristic'}","{'crossref': 6, 'heuristic': 1}","X002.R000 resolved | hits:OA,CR | winner:- | filled:venue:CR; lang:HE | missing:-",PASS_CLEAN,,,EC-38,,"{""EC-38"": {""status"": ""MET"", ""decision"": ""not_meet"", ""confidence"": 0.7, ""threshold"": 0.6, ""field"": ""title"", ""quote"": """", ""quote_valid"": false, ""span"": null, ""used"": true}}",PASS_CLEAN: all EL criteria MET.
A110,103390educsci11020086,Cyber-Archaeometry: Novel Research and Learning Subject Overview,Ioannis Liritzis; Pantelis Volonakis,Ioannis Liritzis,2021.0,10.3390/educsci11020086,,,,Education Sciences,11,2,86,MDPI AG,en,https://doi.org/10.3390/educsci11020086,0.9,resolved,openalex,2026-08-16T22:30:05Z,X002,"The cyber archaeometry concerns a new virtual ontology in the environment of cultural heritage and archaeology. The present study concerns a first pivot endeavor of a virtual polarized light microscopy (VPLM) for archaeometric learning, made from digital tools, tackling the theory of mineral identification in archaeological materials, an important aspect in characterization, provenance, and ancient technology. This endeavor introduces the range of IT computational methods and instrumentation techniques available to the study of cultural heritage and archaeology of apprentices, educators, and specialists. Use is made of virtual and immersive reality, 3D, virtual environment, massively multiplayer online processes, and gamification. The VPLM simulation is made with the use of Avatar in the time-space frame of the laboratory with navigation, exploration, control the learning outcomes in connection to the archaeometric multisystem work. The students evidently learned to operate the VPLM following operations made via visual and home-made scripting, gaining experience in synergy, teamwork, and understanding. The resulting meaningful effects of the cyber-archaeometry with virtual operations and virtual hands, texts, and video equip students especially for e-learning with the required basic knowledge of mineralogical examination, which help to understand and evaluate mineral identification from material culture and provides readiness and capacity, which may be refined in a real polarized light microscopy (PLM) environment.",Cultural heritage; Computer science; Archaeological science; Avatar; Instructional simulation; Identification (biology); Scripting language; Learning environment; Virtual reality; Multimedia; Archaeology; Human–computer interaction,True,article,True,True,False,doi,,"{'venue': 'crossref', 'volume': 'crossref', 'issue': 'crossref', 'pages': 'crossref', 'publisher': 'crossref', 'url': 'crossref', 'lang': 'crossref'}",{'crossref': 7},"X002.R000 resolved | hits:OA,CR | winner:- | filled:venue:CR; lang:CR | missing:-",PASS_CLEAN,,,EC-38,,"{""EC-38"": {""status"": ""MET"", ""decision"": ""not_meet"", ""confidence"": 0.9, ""threshold"": 0.6, ""field"": ""title"", ""quote"": """", ""quote_valid"": false, ""span"": null, ""used"": true}}",PASS_CLEAN: all EL criteria MET.
A112,halvingglobalco2emissionsby2050technologiesandcosts,Halving global CO2 emissions by 2050: Technologies and costs,Lola Vallejo; Christoph Mazur; Alexandre Strapasson; Tim Cockerill; Ajay Gambhir; Tom Hills; Mark Jennings; R.M. Jones; Nicole Kalas; James Keirstead; Cheng Seong Khor; Tamaryn Napp; Danlu Tong; Jeremy Woods; Nilay Shah,Lola Vallejo,2021.0,https://openalex.org/W3155848130,,,,,,,,,en,,0.9,resolved,openalex,2026-08-16T22:30:06Z,X002,"This study provides a whole-systems simulation on how to halve global CO2 emissions by 2050, compared to 2010, with an emphasis on technologies and costs, in order to avoid a dangerous increase in the global mean surface temperature by end the of this century. There still remains uncertainty as to how much a low-carbon energy system costs compared to a high-carbon system. Integrated assessment models (IAMs) show a large range of costs of mitigation towards the 2°C target, with up to an order of magnitude difference between the highest and lowest cost, depending on a number of factors including model structure, technology availability and costs, and the degree of feedback with the wider macro-economy. A simpler analysis potentially serves to highlight where costs fall and to what degree. Here we show that the additional cost of a low-carbon energy system is less than 1% of global GDP more than a system resulting from low mitigation effort. The proposed approach aligns with some previous IAMs and other projections discussed in the paper, whilst also providing a clearer and more detailed view of the world. Achieving this system by 2050, with CO2 emissions of about 15GtCO2, depends heavily on decarbonisation of the electricity sector to around 100gCO2/kWh, as well as on maximising energy efficiency potential across all sectors. This scenario would require a major mitigation effort in all the assessed world regions. However, in order to keep the global mean surface temperature increase below 1.5°C, it would be necessary to achieve net-zero emission by 2050, requiring a much further mitigation effort.",Electricity; Order (exchange); Environmental science; Environmental economics; Greenhouse gas; Electricity system; Global temperature; Natural resource economics; Range (aeronautics); Global warming; Electricity generation; Business,True,article,True,False,False,title,openalex,"{'doi': 'openalex', 'lang': 'heuristic'}","{'openalex': 1, 'heuristic': 1}",X002.R000 resolved | hits:OA | winner:openalex | filled:doi:OP; lang:HE | missing:-,PASS_CLEAN,,,EC-38,,"{""EC-38"": {""status"": ""MET"", ""decision"": ""not_meet"", ""confidence"": 0.7, ""threshold"": 0.6, ""field"": ""title"", ""quote"": """", ""quote_valid"": false, ""span"": null, ""used"": true}}",PASS_CLEAN: all EL criteria MET.
A184,1041359781483365817n533,Emotion-Focused Therapy,Rhonda Goldman; Shannon Iverson,Rhonda Goldman,2017.0,10.4135/9781483365817.n533,,,,The SAGE Encyclopedia of Abnormal and Clinical Psychology,,,,"SAGE Publications, Inc.",en,https://doi.org/10.4135/9781483365817.n533,0.9,resolved,openalex,2026-08-16T22:30:43Z,X005,"Emotion-focused therapy (EFT), also known as process-experiential therapy, integrates active therapeutic methods from gestalt and other humanistic therapies within the frame of a person-centred relationship (Elliott, Watson, Goldman & Greenberg, 2004). EFT updates person-centred and gestalt therapies by incorporating contemporary emotion theory and affective neuroscience, dialectical constructivism, and contemporary attachment theory. In this chapter, I review the current status of EFT, summarising its history, theory, practice, and outcome evidence.",Psychology; Psychotherapist; Clinical psychology; Cognitive psychology,False,other,True,True,False,doi,,"{'venue': 'crossref', 'publisher': 'crossref', 'url': 'crossref', 'lang': 'heuristic'}","{'crossref': 3, 'heuristic': 1}","X005.R000 resolved | hits:OA,CR | winner:- | filled:venue:CR; lang:HE | missing:-",PASS_CLEAN,,,EC-38,,"{""EC-38"": {""status"": ""MET"", ""decision"": ""not_meet"", ""confidence"": 0.6, ""threshold"": 0.6, ""field"": ""title"", ""quote"": """", ""quote_valid"": false, ""span"": null, ""used"": true}}",PASS_CLEAN: all EL criteria MET.
A239,101001jama20158370,Psychotherapy for Military-Related PTSD,Maria M. Steenkamp; Brett T. Litz; Charles W. Hoge; Charles R. Marmar,Maria M. Steenkamp,2015.0,10.1001/jama.2015.8370,https://pubmed.ncbi.nlm.nih.gov/26241600,,,JAMA,314,5,489,American Medical Association (AMA),en,https://doi.org/10.1001/jama.2015.8370,0.9,resolved,openalex,2026-08-16T22:31:40Z,X008,"IMPORTANCE: Posttraumatic stress disorder (PTSD) is a disabling psychiatric disorder common among military personnel and veterans. First-line psychotherapies most often recommended for PTSD consist mainly of ""trauma-focused"" psychotherapies that involve focusing on details of the trauma or associated cognitive and emotional effects. OBJECTIVE: To examine the effectiveness of psychotherapies for PTSD in military and veteran populations. EVIDENCE REVIEW: PubMed, PsycINFO, and PILOTS were searched for randomized clinical trials (RCTs) of individual and group psychotherapies for PTSD in military personnel and veterans, published from January 1980 to March 1, 2015. We also searched reference lists of articles, selected reviews, and meta-analyses. Of 891 publications initially identified, 36 were included. FINDINGS: Two trauma-focused therapies, cognitive processing therapy (CPT) and prolonged exposure, have been the most frequently studied psychotherapies for military-related PTSD. Five RCTs of CPT (that included 481 patients) and 4 RCTs of prolonged exposure (that included 402 patients) met inclusion criteria. Focusing on intent-to-treat outcomes, within-group posttreatment effect sizes for CPT and prolonged exposure were large (Cohen d range, 0.78-1.10). CPT and prolonged exposure also outperformed waitlist and treatment-as-usual control conditions. Forty-nine percent to 70% of participants receiving CPT and prolonged exposure attained clinically meaningful symptom improvement (defined as a 10- to 12-point decrease in interviewer-assessed or self-reported symptoms). However, mean posttreatment scores for CPT and prolonged exposure remained at or above clinical criteria for PTSD, and approximately two-thirds of patients receiving CPT or prolonged exposure retained their PTSD diagnosis after treatment (range, 60%-72%). CPT and prolonged exposure were marginally superior compared with non-trauma-focused psychotherapy comparison conditions. CONCLUSIONS AND RELEVANCE: In military and veteran populations, trials of the first-line trauma-focused interventions CPT and prolonged exposure have shown clinically meaningful improvements for many patients with PTSD. However, nonresponse rates have been high, many patients continue to have symptoms, and trauma-focused interventions show marginally superior results compared with active control conditions. There is a need for improvement in existing PTSD treatments and for development and testing of novel evidence-based treatments, both trauma-focused and non-trauma-focused.",Medicine; Cognitive processing therapy; PsycINFO; Exposure therapy; Randomized controlled trial; Psychiatry; MEDLINE; Clinical psychology; Posttraumatic stress; Cognitive behavioral therapy; Cognition; Internal medicine,False,article,True,True,False,doi,,"{'venue': 'crossref', 'volume': 'crossref', 'issue': 'crossref', 'pages': 'crossref', 'publisher': 'crossref', 'url': 'crossref', 'lang': 'crossref'}",{'crossref': 7},"X008.R000 resolved | hits:OA,CR | winner:- | filled:venue:CR; lang:CR | missing:-",PASS_CLEAN,,,EC-38,,"{""EC-38"": {""status"": ""MET"", ""decision"": ""not_meet"", ""confidence"": 0.8, ""threshold"": 0.6, ""field"": ""title"", ""quote"": """", ""quote_valid"": false, ""span"": null, ""used"": true}}",PASS_CLEAN: all EL criteria MET.
A240,101016jijpsycho201508004,Heart rate variability as a transdiagnostic biomarker of psychopathology,Theodore P. Beauchaine; Julian F. Thayer,Theodore P. Beauchaine,2015.0,10.1016/j.ijpsycho.2015.08.004,https://pubmed.ncbi.nlm.nih.gov/26272488,,,International Journal of Psychophysiology,98,2,338-350,Elsevier BV,en,https://doi.org/10.1016/j.ijpsycho.2015.08.004,0.9,resolved,openalex,2026-08-16T22:31:41Z,X008,,Research Domain Criteria; Psychopathology; Psychophysiology; Psychology; Biomarker; Cognition; Cognitive psychology; Trait; Clinical psychology; Nosology; Heart rate variability; Neuroscience,False,article,True,True,True,doi,,"{'venue': 'crossref', 'volume': 'crossref', 'issue': 'crossref', 'pages': 'crossref', 'publisher': 'crossref', 'url': 'crossref', 'lang': 'crossref'}",{'crossref': 7},"X008.R000 resolved | hits:OA,CR,S2 | winner:- | filled:venue:CR; lang:CR | missing:abstract",PASS_CLEAN,,,EC-38,,"{""EC-38"": {""status"": ""MET"", ""decision"": ""not_meet"", ""confidence"": 0.8, ""threshold"": 0.6, ""field"": ""title"", ""quote"": """", ""quote_valid"": false, ""span"": null, ""used"": true}}",PASS_CLEAN: all EL criteria MET.
A243,101016jcopsyc201502010,"Examining emotion regulation as an outcome, mechanism, or target of psychological treatments",Kim L. Gratz; Nicole H. Weiss; Matthew T. Tull,Kim L. Gratz,2015.0,10.1016/j.copsyc.2015.02.010,https://pubmed.ncbi.nlm.nih.gov/25859561,,,Current Opinion in Psychology,3,,85-90,Elsevier BV,en,https://doi.org/10.1016/j.copsyc.2015.02.010,0.9,resolved,openalex,2026-08-16T22:31:42Z,X008,"This paper reviews the extant literature on emotion regulation (ER) in psychological interventions. First, we review current conceptualizations of ER, highlighting a model with established clinical utility (particularly with regard to the development of new interventions and modification of existing interventions). Next, we review the literature on the effects of psychological interventions on ER, from traditional cognitive-behavioral and acceptance-based behavioral interventions that do not target ER directly to treatments that directly target ER as one component of a larger or more comprehensive treatment, as well as the preliminary research examining ER as a mechanism of change in these treatments. Finally, extant data on three treatments developed specifically to address ER are reviewed, with an emphasis on the ER-specific treatment with the most empirical support to date (emotion regulation group therapy).",Extant taxon; Psychological intervention; Psychology; Mechanism (biology); Psychotherapist; Acceptance and commitment therapy; Outcome (game theory); Cognition; Cognitive behavioral therapy; Clinical psychology; Intervention (counseling); Neuroscience,False,article,True,True,True,doi,,"{'venue': 'crossref', 'volume': 'crossref', 'pages': 'crossref', 'publisher': 'crossref', 'url': 'crossref', 'lang': 'crossref', 'abstract': 'semanticscholar'}","{'crossref': 6, 'semanticscholar': 1}","X008.R000 resolved | hits:OA,CR,S2 | winner:- | filled:venue:CR; lang:CR; abstract:SE | missing:-",PASS_CLEAN,,,EC-38,,"{""EC-38"": {""status"": ""MET"", ""decision"": ""not_meet"", ""confidence"": 0.8, ""threshold"": 0.6, ""field"": ""title"", ""quote"": """", ""quote_valid"": false, ""span"": null, ""used"": true}}",PASS_CLEAN: all EL criteria MET.
A249,101038nrn3916c1,Neural mechanisms of mindfulness meditation: bridging clinical and neuroscience investigations,Anne Maj van der Velden; Andreas Roepstorff,Anne Maj van der Velden,2015.0,10.1038/nrn3916-c1,https://pubmed.ncbi.nlm.nih.gov/26081785,,,Nature Reviews Neuroscience,16,7,439-439,Springer Science and Business Media LLC,en,https://doi.org/10.1038/nrn3916-c1,0.9,resolved,openalex,2026-08-16T22:31:47Z,X008,"Thank you for visiting nature.com. You are using a browser version with limited support for CSS. To obtain             the best experience, we recommend you use a more up to date browser (or turn off compatibility mode in             Internet Explorer). In the meantime, to ensure continued support, we are displaying the site without styles             and JavaScript.",Meditation; Bridging (networking); Clinical neuroscience; Mindfulness; Mindfulness meditation; Neuroscience; Psychology; Psychotherapist; Cognitive science; Computer science; Neurology; Philosophy,True,article,True,True,True,doi,,"{'venue': 'crossref', 'volume': 'crossref', 'issue': 'crossref', 'pages': 'crossref', 'publisher': 'crossref', 'url': 'crossref', 'lang': 'crossref', 'abstract': 'unpaywall'}","{'crossref': 7, 'unpaywall': 1}","X008.R000 resolved | hits:OA,CR,S2 | winner:- | filled:venue:CR; lang:CR; abstract:UN | missing:-",PASS_CLEAN,,,EC-38,,"{""EC-38"": {""status"": ""MET"", ""decision"": ""not_meet"", ""confidence"": 0.8, ""threshold"": 0.6, ""field"": ""title"", ""quote"": """", ""quote_valid"": false, ""span"": null, ""used"": true}}",PASS_CLEAN: all EL criteria MET.
A265,103389fpsyg201500261,Resting heart rate variability predicts self-reported difficulties in emotion regulation: a focus on different facets of emotion regulation,DeWayne P. Williams; Claudia S. E. Cash; Cameron Rankin; A. Bernardi; Julian Koenig; Julian F. Thayer,DeWayne P. Williams,2015.0,10.3389/fpsyg.2015.00261,https://pubmed.ncbi.nlm.nih.gov/25806017,,,Frontiers in Psychology,6,,,Frontiers Media SA,en,https://doi.org/10.3389/fpsyg.2015.00261,0.9,resolved,openalex,2026-08-16T22:32:01Z,X008,"The Model of Neurovisceral Integration suggests that vagally mediated heart rate variability (vmHRV) represents a psychophysiological index of inhibitory control and thus, is associated with emotion regulation capacity. Over the past decade, growing empirical evidence supports this notion, showing that those with higher resting vmHRV can regulate negative emotions more adequately. However, to our knowledge, no study has previously examined how resting vmHRV may relate to everyday perceived difficulties in emotion regulation. The present study attempts to examine such relationship in 183 undergraduate students (98 female, 60 minority, mean Age = 19.34). Resting vmHRV was collected during a 5-min resting baseline period, and everyday difficulties in emotion regulation were assessed using the Difficulties in Emotion Regulation Scale (DERS). Controlling for potential covariates (including both trait anxiety and rumination), results revealed a negative relationship between resting vmHRV and DERS such that lower resting vmHRV was associated with greater difficulties in emotional regulation, especially a lack of emotional clarity and impulse control, as indicated by the respective subscales of the DERS. These findings provide further evidence for the Neurovisceral Integration Model, suggesting that emotion regulation and autonomic regulation share neural networks within the brain. Moreover, the present study extends prior research by highlighting two distinct facets of emotion regulation (impulse control and emotional clarity) that should be of particular interest when investigating the link between emotion regulation, resting vmHRV, and related health outcomes including morbidity and mortality.",Psychology; Cognitive reappraisal; Autoregulation; CLARITY; Rumination; Expressive Suppression; RESTING HEART RATE; Developmental psychology; Anxiety; Emotional regulation; Heart rate variability; Clinical psychology,True,article,True,True,False,doi,,"{'venue': 'crossref', 'volume': 'crossref', 'publisher': 'crossref', 'url': 'crossref', 'lang': 'heuristic'}","{'crossref': 4, 'heuristic': 1}","X008.R000 resolved | hits:OA,CR | winner:- | filled:venue:CR; lang:HE | missing:-",PASS_CLEAN,,,EC-38,,"{""EC-38"": {""status"": ""MET"", ""decision"": ""not_meet"", ""confidence"": 0.8, ""threshold"": 0.6, ""field"": ""title"", ""quote"": """", ""quote_valid"": false, ""span"": null, ""used"": true}}",PASS_CLEAN: all EL criteria MET.
A266,101016jbiopsycho201511013,Heart rate variability and cognitive processing: The autonomic response to task demands,Antonio Luque‐Casado; José C. Perales; David Cárdenas Vélez; Daniel Sanabria,Antonio Luque‐Casado,2015.0,10.1016/j.biopsycho.2015.11.013,https://pubmed.ncbi.nlm.nih.gov/26638762,,,Biological Psychology,113,,83-90,Elsevier BV,en,https://doi.org/10.1016/j.biopsycho.2015.11.013,0.9,resolved,openalex,2026-08-16T22:32:01Z,X008,,Heart rate variability; Cognition; Workload; Working memory; Psychology; Audiology; Psychomotor vigilance task; Vigilance (psychology); Stimulus (psychology); Cognitive psychology; Oddball paradigm; Dissociation (chemistry),False,article,True,True,True,doi,,"{'venue': 'crossref', 'volume': 'crossref', 'pages': 'crossref', 'publisher': 'crossref', 'url': 'crossref', 'lang': 'crossref'}",{'crossref': 6},"X008.R000 resolved | hits:OA,CR,S2 | winner:- | filled:venue:CR; lang:CR | missing:abstract",PASS_CLEAN,,,EC-38,,"{""EC-38"": {""status"": ""MET"", ""decision"": ""not_meet"", ""confidence"": 0.9, ""threshold"": 0.6, ""field"": ""title"", ""quote"": """", ""quote_valid"": false, ""span"": null, ""used"": true}}",PASS_CLEAN: all EL criteria MET.
A267,101037h0100353,Yoga and emotion regulation: A review of primary psychological outcomes and their physiological correlates,Carolina Baptista Menezes; Natalia R. Dalpiaz; Luiz Gustavo Kiesow; William Sperb; Juliana Corrêa Hertzberg; Alcyr Alves de Oliveira,Carolina Baptista Menezes,2015.0,10.1037/h0100353,,,,Psychology &amp; Neuroscience,8,1,82-101,American Psychological Association (APA),en,https://doi.org/10.1037/h0100353,0.9,resolved,openalex,2026-08-16T22:32:02Z,X008,,Psychology; Clinical psychology; Psychotherapist; Developmental psychology,False,article,True,True,False,doi,,"{'venue': 'crossref', 'volume': 'crossref', 'issue': 'crossref', 'pages': 'crossref', 'publisher': 'crossref', 'url': 'crossref', 'lang': 'crossref'}",{'crossref': 7},"X008.R000 resolved | hits:OA,CR | winner:- | filled:venue:CR; lang:CR | missing:abstract",PASS_CLEAN,,,EC-38,,"{""EC-38"": {""status"": ""MET"", ""decision"": ""not_meet"", ""confidence"": 0.9, ""threshold"": 0.6, ""field"": ""title"", ""quote"": """", ""quote_valid"": false, ""span"": null, ""used"": true}}",PASS_CLEAN: all EL criteria MET.
A270,103389fpubh201700258,An Overview of Heart Rate Variability Metrics and Norms,Fred Shaffer; J. P. Ginsberg,Fred Shaffer,2017.0,10.3389/fpubh.2017.00258,https://pubmed.ncbi.nlm.nih.gov/29034226,,,Frontiers in Public Health,5,,,Frontiers Media SA,en,https://doi.org/10.3389/fpubh.2017.00258,0.9,resolved,openalex,2026-08-16T22:32:04Z,X008,"Healthy biological systems exhibit complex patterns of variability that can be described by mathematical chaos. Heart rate variability (HRV) consists of changes in the time intervals between consecutive heartbeats called interbeat intervals (IBIs). A healthy heart is not a metronome. The oscillations of a healthy heart are complex and constantly changing, which allow the cardiovascular system to rapidly adjust to sudden physical and psychological challenges to homeostasis. This article briefly reviews current perspectives on the mechanisms that generate 24 h, short-term (~5 min), and ultra-short-term (<5 min) HRV, the importance of HRV, and its implications for health and performance. The authors provide an overview of widely-used HRV time-domain, frequency-domain, and non-linear metrics. Time-domain indices quantify the amount of HRV observed during monitoring periods that may range from ~2 min to 24 h. Frequency-domain values calculate the absolute or relative amount of signal energy within component bands. Non-linear measurements quantify the unpredictability and complexity of a series of IBIs. The authors survey published normative values for clinical, healthy, and optimal performance populations. They stress the importance of measurement context, including recording period length, subject age, and sex, on baseline HRV values. They caution that 24 h, short-term, and ultra-short-term normative values are not interchangeable. They encourage professionals to supplement published norms with findings from their own specialized populations. Finally, the authors provide an overview of HRV assessment strategies for clinical and optimal performance interventions.",Heart rate variability; Context (archaeology); Normative; Computer science; Metronome; Medicine; Psychology; Heart rate; Internal medicine; Biology; Rhythm; Epistemology,True,article,True,True,False,doi,,"{'venue': 'crossref', 'volume': 'crossref', 'publisher': 'crossref', 'url': 'crossref', 'lang': 'heuristic'}","{'crossref': 4, 'heuristic': 1}","X008.R000 resolved | hits:OA,CR | winner:- | filled:venue:CR; lang:HE | missing:-",PASS_CLEAN,,,EC-38,,"{""EC-38"": {""status"": ""MET"", ""decision"": ""not_meet"", ""confidence"": 0.9, ""threshold"": 0.6, ""field"": ""title"", ""quote"": """", ""quote_valid"": false, ""span"": null, ""used"": true}}",PASS_CLEAN: all EL criteria MET.
A271,102147jmdhs104807,"Information bias in health research: definition, pitfalls, and adjustment methods",Alaa Althubaiti,Alaa Althubaiti,2016.0,10.2147/jmdh.s104807,https://pubmed.ncbi.nlm.nih.gov/27217764,,,Journal of Multidisciplinary Healthcare,,,211,Informa UK Limited,en,https://doi.org/10.2147/jmdh.s104807,0.9,resolved,openalex,2026-08-16T22:32:05Z,X008,"As with other fields, medical sciences are subject to different sources of bias. While understanding sources of bias is a key element for drawing valid conclusions, bias in health research continues to be a very sensitive issue that can affect the focus and outcome of investigations. Information bias, otherwise known as misclassification, is one of the most common sources of bias that affects the validity of health research. It originates from the approach that is utilized to obtain or confirm study measurements. This paper seeks to raise awareness of information bias in observational and experimental research study designs as well as to enrich discussions concerning bias problems. Specifying the types of bias can be essential to limit its effects and, the use of adjustment methods might serve to improve clinical evaluation and health care practice.",Observational study; Information bias; Data science; Publication bias; Computer science; Health care; Focus (optics); Element (criminal law); Confirmation bias; Management science; Psychology; Selection bias,True,article,True,True,False,doi,,"{'venue': 'crossref', 'pages': 'crossref', 'publisher': 'crossref', 'url': 'crossref', 'lang': 'crossref'}",{'crossref': 5},"X008.R000 resolved | hits:OA,CR | winner:- | filled:venue:CR; lang:CR | missing:-",PASS_CLEAN,,,EC-38,,"{""EC-38"": {""status"": ""MET"", ""decision"": ""not_meet"", ""confidence"": 0.9, ""threshold"": 0.6, ""field"": ""title"", ""quote"": """", ""quote_valid"": false, ""span"": null, ""used"": true}}",PASS_CLEAN: all EL criteria MET.
A272,101016jcpr201709002,"Emotion regulation as a transdiagnostic treatment construct across anxiety, depression, substance, eating and borderline personality disorders: A systematic review",Elise Sloan; Kate Hall; Richard Moulding; Shayden Bryce; Helen Mildred; Petra K. Staiger,Elise Sloan,2017.0,10.1016/j.cpr.2017.09.002,https://pubmed.ncbi.nlm.nih.gov/28941927,,,Clinical Psychology Review,57,,141-163,Elsevier BV,en,https://doi.org/10.1016/j.cpr.2017.09.002,0.9,resolved,openalex,2026-08-16T22:32:05Z,X008,"A large body of research has implicated difficulties in emotion regulation as central to the development and maintenance of psychopathology. Emotion regulation has therefore been proposed as a transdiagnostic construct or an underlying mechanism in psychopathology. The transdiagnostic role of emotion regulation has yet to be systematically examined within the psychological treatment outcome literature. It can be proposed that if emotion regulation is indeed a transdiagnostic construct central to the maintenance of psychopathology, then changes in emotion regulation difficulties will occur after effective treatment and this will occur for different disorders. We conducted a systematic review, identifying 67 studies that measured changes in both emotion regulation and symptoms of psychopathology following a psychological intervention for anxiety, depression, substance use, eating pathology or borderline personality disorder. Results demonstrated that regardless of the intervention or disorder, both maladaptive emotion regulation strategy use and overall emotion dysregulation were found to significantly decrease following treatment in all but two studies. Parallel decreases were also found in symptoms of anxiety, depression, substance use, eating pathology and borderline personality disorder. These results contribute to the growing body of evidence supporting the conceptualization of emotion regulation as a transdiagnostic construct. The present study discusses the important implications of these findings for the development of unified treatments that target emotion regulation for individuals who present with multiple disorders.",Psychopathology; Psychology; Borderline personality disorder; Anxiety; Construct (python library); Conceptualization; Clinical psychology; Eating disorders; Intervention (counseling); Depression (economics); Psychotherapist; Personality pathology,True,article,True,True,True,doi,,"{'venue': 'crossref', 'volume': 'crossref', 'pages': 'crossref', 'publisher': 'crossref', 'url': 'crossref', 'lang': 'crossref', 'abstract': 'semanticscholar'}","{'crossref': 6, 'semanticscholar': 1}","X008.R000 resolved | hits:OA,CR,S2 | winner:- | filled:venue:CR; lang:CR; abstract:SE | missing:-",PASS_CLEAN,,,EC-38,,"{""EC-38"": {""status"": ""MET"", ""decision"": ""not_meet"", ""confidence"": 0.9, ""threshold"": 0.6, ""field"": ""title"", ""quote"": """", ""quote_valid"": false, ""span"": null, ""used"": true}}",PASS_CLEAN: all EL criteria MET.
A273,103389fnhum201800353,How Breath-Control Can Change Your Life: A Systematic Review on Psycho-Physiological Correlates of Slow Breathing,Andrea Zaccaro; Andrea Piarulli; Marco Laurino; Erika Garbella; Danilo Menicucci; Bruno Neri; Angelo Gemignani,Andrea Zaccaro,2018.0,10.3389/fnhum.2018.00353,https://pubmed.ncbi.nlm.nih.gov/30245619,,,Frontiers in Human Neuroscience,12,,,Frontiers Media SA,en,https://doi.org/10.3389/fnhum.2018.00353,0.9,resolved,openalex,2026-08-16T22:32:05Z,X008,"Background. The psycho-physiological changes in brain-body interaction observed in most of meditative and relaxing practices rely on voluntary slowing down of breath frequency. However, the identification of mechanisms linking breath control to its psychophysiological effects is still under debate. This systematic review is aimed at unveiling psychophysiological mechanisms underlying slow breathing techniques (<10 breaths/minute) and their effects on healthy subjects. Methods. A systematic search of MEDLINE and SCOPUS databases, using keywords related to both breathing techniques and to their psychophysiological outcomes, focusing on cardio-respiratory and central nervous system, has been conducted. From a pool of 2461 abstracts only 15 articles met eligibility criteria and were included in the review. The present systematic review follows the Preferred Reporting Items for Systematic Reviews and Meta-Analyses (PRISMA) guidelines. Results. The main effects of slow breathing techniques cover autonomic and central nervous systems activities as well as the psychological status. Slow breathing techniques promote autonomic changes increasing Heart Rate Variability and Respiratory Sinus Arrhythmia paralleled by Central Nervous System (CNS) activity modifications. EEG studies show an increase in alpha and a decrease in theta power. Anatomically, the only available fMRI study highlights increased activity in cortical (e.g. prefrontal, motor, and parietal cortices) and subcortical (e.g. pons, thalamus, sub-parabrachial nucleus, periaqueductal grey, and hypothalamus) structures. Psychological/behavioral outputs related to the abovementioned changes are increased comfort, relaxation, pleasantness, vigor and alertness, and reduced symptoms of arousal, anxiety, depression, anger and confusion. Conclusions. Slow breathing techniques act enhancing autonomic, cerebral and psychological flexibility in a scenario of mutual interactions: we found evidence of links between parasympathetic activity (increased HRV and LF power), CNS activities (increased EEG alpha power and decreased EEG theta power) related to emotional control and psychological well-being in healthy subjects. Our hypothesis considers two different mechanisms for explaining psychophysiological changes induced by voluntary control of slow breathing: one is related to a voluntary regulation of internal bodily states (enteroception), the other is associated to the role of mechanoceptors within the nasal vault in translating slow breathing in a modulation of olfactory bulb activity, which in turn tunes the activity of the entire cortical mantle.",Breathing; Arousal; Neuroscience; Anxiety; Psychology; Alertness; Heart rate variability; Vagal tone; Autonomic nervous system; Periaqueductal gray; Thalamus; Medicine,True,article,True,True,False,doi,,"{'venue': 'crossref', 'volume': 'crossref', 'publisher': 'crossref', 'url': 'crossref', 'lang': 'heuristic'}","{'crossref': 4, 'heuristic': 1}","X008.R000 resolved | hits:OA,CR | winner:- | filled:venue:CR; lang:HE | missing:-",PASS_CLEAN,,,EC-38,,"{""EC-38"": {""status"": ""MET"", ""decision"": ""not_meet"", ""confidence"": 0.8, ""threshold"": 0.6, ""field"": ""title"", ""quote"": """", ""quote_valid"": false, ""span"": null, ""used"": true}}",PASS_CLEAN: all EL criteria MET.
A274,103389fpsyg201700220,"Mindfulness and Emotion Regulation: Insights from Neurobiological, Psychological, and Clinical Studies",Simón Guendelman; Sebastián Medeiros; Hagen Rampes,Simón Guendelman,2017.0,10.3389/fpsyg.2017.00220,https://pubmed.ncbi.nlm.nih.gov/28321194,,,Frontiers in Psychology,8,,,Frontiers Media SA,en,https://doi.org/10.3389/fpsyg.2017.00220,0.9,resolved,openalex,2026-08-16T22:32:06Z,X008,"There is increasing interest in the beneficial clinical effects of mindfulness-based interventions (MBIs). Research has demonstrated their efficacy in a wide range of psychological conditions characterized by emotion dysregulation. Neuroimaging studies have evidenced functional and structural changes in a myriad of brain regions mainly involved in attention systems, emotion regulation and self-referential processing. In this article we review studies on psychological and neurobiological correlates across different empirically derived models of research, including dispositional mindfulness, mindfulness induction, MBIs and expert meditators in relation to emotion regulation. From the perspective of recent findings in the neuroscience of emotion regulation, we discuss the interplay of top-down and bottom-up emotion regulation mechanisms associated with different mindfulness models. From a phenomenological and cognitive perspective, authors have argued that mindfulness elicits a “mindful emotion regulation” strategy; however, from a clinical perspective, this construct has not been properly differentiated from other strategies and interventions within MBIs. In this context we propose the distinction between top-down and bottom-up mindfulness based emotion regulation strategies. Furthermore, we propose an embodied emotion regulation framework as a multilevel approach for understanding psychobiological changes due to mindfulness meditation regarding its effect on emotion regulation. Finally, based on clinical neuroscientific evidence on mindfulness, we open perspectives and dialogues regarding commonalities and differences between MBIs and other psychotherapeutic strategies for emotion regulation.",Psychology; Mindfulness; Cognitive psychology; Emotional regulation; Psychotherapist; Developmental psychology,True,article,True,True,False,doi,,"{'venue': 'crossref', 'volume': 'crossref', 'publisher': 'crossref', 'url': 'crossref', 'lang': 'heuristic'}","{'crossref': 4, 'heuristic': 1}","X008.R000 resolved | hits:OA,CR | winner:- | filled:venue:CR; lang:HE | missing:-",PASS_CLEAN,,,EC-38,,"{""EC-38"": {""status"": ""MET"", ""decision"": ""not_meet"", ""confidence"": 0.8, ""threshold"": 0.6, ""field"": ""title"", ""quote"": """", ""quote_valid"": false, ""span"": null, ""used"": true}}",PASS_CLEAN: all EL criteria MET.
A275,101016jcobeha201712017,How heart rate variability affects emotion regulation brain networks,Mara Mather; Julian F. Thayer,Mara Mather,2018.0,10.1016/j.cobeha.2017.12.017,https://pubmed.ncbi.nlm.nih.gov/29333483,,,Current Opinion in Behavioral Sciences,19,,98-104,Elsevier BV,en,https://doi.org/10.1016/j.cobeha.2017.12.017,0.9,resolved,openalex,2026-08-16T22:32:06Z,X008,"Individuals with high heart rate variability tend to have better emotional well-being than those with low heart rate variability, but the mechanisms of this association are not yet clear. In this paper, we propose the novel hypothesis that by inducing oscillatory activity in the brain, high amplitude oscillations in heart rate enhance functional connectivity in brain networks associated with emotion regulation. Recent studies using daily biofeedback sessions to increase the amplitude of heart rate oscillations suggest that high amplitude physiological oscillations have a causal impact on emotional well-being. Because blood flow timing helps determine brain network structure and function, slow oscillations in heart rate have the potential to strengthen brain network dynamics, especially in medial prefrontal regulatory regions that are particularly sensitive to physiological oscillations.",Heart rate; Heart rate variability; Biofeedback; Brain function; Neuroscience; Psychology; Brain activity and meditation; Functional connectivity; Electroencephalography; Medicine; Internal medicine; Blood pressure,False,article,True,True,True,doi,,"{'venue': 'crossref', 'volume': 'crossref', 'pages': 'crossref', 'publisher': 'crossref', 'url': 'crossref', 'lang': 'crossref', 'abstract': 'semanticscholar'}","{'crossref': 6, 'semanticscholar': 1}","X008.R000 resolved | hits:OA,CR,S2 | winner:- | filled:venue:CR; lang:CR; abstract:SE | missing:-",PASS_CLEAN,,,EC-38,,"{""EC-38"": {""status"": ""MET"", ""decision"": ""not_meet"", ""confidence"": 0.8, ""threshold"": 0.6, ""field"": ""title"", ""quote"": """", ""quote_valid"": false, ""span"": null, ""used"": true}}",PASS_CLEAN: all EL criteria MET.
A276,101016jneubiorev201612032,Heart rate variability indices as bio-markers of top-down self-regulatory mechanisms: A meta-analytic review,Jacob B. Holzman; David J. Bridgett,Jacob B. Holzman,2017.0,10.1016/j.neubiorev.2016.12.032,https://pubmed.ncbi.nlm.nih.gov/28057463,,,Neuroscience &amp; Biobehavioral Reviews,74,,233-255,Elsevier BV,en,https://doi.org/10.1016/j.neubiorev.2016.12.032,0.9,resolved,openalex,2026-08-16T22:32:06Z,X008,,Heart rate variability; Psychology; Context (archaeology); Meta-analysis; Cognition; Self-control; Executive functions; Emotional regulation; Cognitive psychology; Developmental psychology; Heart rate; Neuroscience,False,article,True,True,True,doi,,"{'venue': 'crossref', 'volume': 'crossref', 'pages': 'crossref', 'publisher': 'crossref', 'url': 'crossref', 'lang': 'crossref'}",{'crossref': 6},"X008.R000 resolved | hits:OA,CR,S2 | winner:- | filled:venue:CR; lang:CR | missing:abstract",PASS_CLEAN,,,EC-38,,"{""EC-38"": {""status"": ""MET"", ""decision"": ""not_meet"", ""confidence"": 0.8, ""threshold"": 0.6, ""field"": ""title"", ""quote"": """", ""quote_valid"": false, ""span"": null, ""used"": true}}",PASS_CLEAN: all EL criteria MET.
A277,101002da22511,PSYCHOTHERAPY VERSUS PHARMACOTHERAPY FOR POSTTRAUMATIC STRESS DISORDER: SYSTEMIC REVIEW AND META-ANALYSES TO DETERMINE FIRST-LINE TREATMENTS,Daniel J. Lee; Carla W. Schnitzlein; Jonathan Wolf; Meena Vythilingam; Ann M. Rasmusson; Charles W. Hoge,Daniel J. Lee,2016.0,10.1002/da.22511,https://pubmed.ncbi.nlm.nih.gov/27126398,,,Depression and Anxiety,33,9,792-806,Hindawi Limited,en,https://doi.org/10.1002/da.22511,0.9,resolved,openalex,2026-08-16T22:32:07Z,X008,"BACKGROUND: Current clinical practice guidelines (CPGs) for posttraumatic stress disorder (PTSD) offer contradictory recommendations regarding use of medications or psychotherapy as first-line treatment. Direct head-to-head comparisons are lacking. METHODS: Systemic review of Medline, EMBASE, PILOTS, Cochrane Central Register of Controlled Trials, PsycINFO, and Global Health Library was conducted without language restrictions. Randomized clinical trials ≥8 weeks in duration using structured clinical interview-based outcome measures, active-control conditions (e.g. supportive psychotherapy), and intent-to-treat analysis were selected for analyses. Independent review, data abstraction, and bias assessment were performed using standardized processes. Study outcomes were grouped around conventional follow-up time periods (3, 6, and 9 months). Combined effect sizes were computed using meta-analyses for medication versus control, medication pre-/posttreatment, psychotherapy versus control, and psychotherapy pre-/posttreatment. RESULTS: Effect sizes for trauma-focused psychotherapies (TFPs) versus active control conditions were greater than medications versus placebo and other psychotherapies versus active controls. TFPs resulted in greater sustained benefit over time than medications. Sertraline, venlafaxine, and nefazodone outperformed other medications, although potential for methodological biases were high. Improvement following paroxetine and fluoxetine treatment was small. Venlafaxine and stress inoculation training (SIT) demonstrated large initial effects that decreased over time. Bupropion, citalopram, divalproex, mirtazapine, tiagabine, and topiramate failed to differentiate from placebo. Aripiprazole, divalproex, guanfacine, and olanzapine failed to differentiate from placebo when combined with an antidepressant. CONCLUSIONS: Study findings support use of TFPs over nontrauma-focused psychotherapy or medication as first-line interventions. Second-line interventions include SIT, and potentially sertraline or venlafaxine, rather than entire classes of medication, such as SSRIs. Future revisions of CPGs should prioritize studies that utilize active controls over waitlist or treatment-as-usual conditions. Direct head-to-head trials of TFPs versus sertraline or venlafaxine are needed.",Venlafaxine; Sertraline; Olanzapine; Nefazodone; Psychology; Bupropion; PsycINFO; Divalproex; Citalopram; Placebo; Fluoxetine; Psychiatry,False,article,True,True,False,doi,,"{'venue': 'crossref', 'volume': 'crossref', 'issue': 'crossref', 'pages': 'crossref', 'publisher': 'crossref', 'url': 'crossref', 'lang': 'crossref'}",{'crossref': 7},"X008.R000 resolved | hits:OA,CR | winner:- | filled:venue:CR; lang:CR | missing:-",PASS_CLEAN,,,EC-38,,"{""EC-38"": {""status"": ""MET"", ""decision"": ""not_meet"", ""confidence"": 0.8, ""threshold"": 0.6, ""field"": ""title"", ""quote"": """", ""quote_valid"": false, ""span"": null, ""used"": true}}",PASS_CLEAN: all EL criteria MET.
A278,101016jneuroimage201606009,Neuroimaging cognitive reappraisal in clinical populations to define neural targets for enhancing emotion regulation. A systematic review,Anna Zilverstand; Muhammad A. Parvaz; Rita Z. Goldstein,Anna Zilverstand,2016.0,10.1016/j.neuroimage.2016.06.009,https://pubmed.ncbi.nlm.nih.gov/27288319,,,NeuroImage,151,,105-116,Elsevier BV,en,https://doi.org/10.1016/j.neuroimage.2016.06.009,0.9,resolved,openalex,2026-08-16T22:32:08Z,X008,"&NA; Reduced capacity to cognitively regulate emotional responses is a common impairment across major neuropsychiatric disorders. Brain systems supporting one such strategy, cognitive reappraisal of emotion, have been investigated extensively in the healthy population, a research focus that has led to influential meta‐analyses and literature reviews. However, the emerging literature on neural substrates underlying cognitive reappraisal in clinical populations is yet to be systematically reviewed. Therefore, the goal of the current review was to summarize the literature on cognitive reappraisal and highlight common and distinct neural correlates of impaired emotion regulation in clinical populations. We performed a two‐stage systematic literature search, selecting 32 studies on cognitive reappraisal in individuals with mood disorders (n = 12), anxiety disorders (n = 14), addiction (n = 2), schizophrenia (n = 2), and personality disorders (n = 5). Comparing findings across these disorders allowed us to determine underlying mechanisms that were either disorder‐specific or common across disorders. Results showed that across clinical populations, individuals consistently demonstrated reduced recruitment of the ventrolateral prefrontal cortex (vlPFC) and dorsolateral prefrontal cortex (dlPFC) during downregulation of negative emotion, indicating that there may be a core deficit in selection, manipulation and inhibition during reappraisal. Further, in individuals with mood disorders, amygdala responses were enhanced during downregulation of emotion, suggesting hyperactive bottom‐up responses or reduced modulatory capacity. In individuals with anxiety disorders, however, emotion regulation revealed reduced activity in the dorsal anterior cingulate cortex (dACC) and inferior/superior parietal cortex, possibly indicating a deficit in allocation of attention. The reviewed studies thus provide evidence for both disorder‐specific and common deficits across clinical populations. These findings highlight the role of distinct neural substrates as targets for developing/assessing novel therapeutic approaches that are geared towards cognitive regulation of emotion, as well as the importance of transdiagnostic research to identify both disorder specific and core mechanisms. HighlightsA systematic review of 32 neuroimaging studies on cognitive reappraisal in patientsLower vlPFC/dlPFC activation is a core deficit in downregulation across patients.Amygdala hyperactivity is a specific deficit in downregulation in mood disorders.dACC/parietal hypoactivity specific deficit in downregulation in anxiety disordersImplications: neural targets for therapeutic interventions need to be tailored",Cognitive reappraisal; Psychology; Anterior cingulate cortex; Dorsolateral prefrontal cortex; Prefrontal cortex; Neuroimaging; Ventrolateral prefrontal cortex; Cognition; Mood disorders; Population; Anxiety; Neuroscience,False,article,True,True,True,doi,,"{'venue': 'crossref', 'volume': 'crossref', 'pages': 'crossref', 'publisher': 'crossref', 'url': 'crossref', 'lang': 'crossref', 'abstract': 'semanticscholar'}","{'crossref': 6, 'semanticscholar': 1}","X008.R000 resolved | hits:OA,CR,S2 | winner:- | filled:venue:CR; lang:CR; abstract:SE | missing:-",PASS_CLEAN,,,EC-38,,"{""EC-38"": {""status"": ""MET"", ""decision"": ""not_meet"", ""confidence"": 0.8, ""threshold"": 0.6, ""field"": ""title"", ""quote"": """", ""quote_valid"": false, ""span"": null, ""used"": true}}",PASS_CLEAN: all EL criteria MET.
A279,1010800309190220191640306,A robust algorithm for heart rate variability time series artefact correction using novel beat classification,Jukka A. Lipponen; Mika P. Tarvainen,Jukka A. Lipponen,2019.0,10.1080/03091902.2019.1640306,https://pubmed.ncbi.nlm.nih.gov/31314618,,,Journal of Medical Engineering &amp; Technology,43,3,173-181,Informa UK Limited,en,https://doi.org/10.1080/03091902.2019.1640306,0.9,resolved,openalex,2026-08-16T22:32:08Z,X008,"Purpose: Heart rate variability is a commonly used measurement to evaluate functioning of autonomic nervous system, psychophysiological stress, and exercise intensity and recovery. HRV measurements contain artefacts such as extra, missed or misaligned beat detections, which can produce significant distortion on HRV parameters. In this paper, a robust automatic method for artefact detection from HRV time series is proposed.Methods: The proposed detection method is based on time-varying thresholds estimated from distribution of successive RR-interval differences combined with a novel beat classification scheme. The method is validated using simulated extra, missed and misaligned beat detections as well as real artefacts such as atrial and ventricular ectopic beats.Results: The sensitivity of the algorithm to detect simulated missed/extra beats was 100%. The sensitivity to detect real atrial and ventricular ectopic beats was 96.96%, the corresponding specificity being 99.94%. The mean error in HRV parameters after correction was <2% for missed and extra beats as well as for misaligned beats generated with large displacement factors. Misaligned beats with smallest displacement factor were the most difficult to detect and resulted in largest HRV parameter errors after correction, largest errors being <8%.Conclusions: The HRV artefact correction algorithm presented in this study provided comparable specificity and better sensitivity to detect ectopic beats as compared to state-of-the-art algorithms. The proposed algorithm detects abnormal beats with high accuracy, is relatively easy to implement, and secures reliable HRV analysis by reducing the effect of possible artefacts to tolerable level.",Beat (acoustics); Heart beat; Series (stratigraphy); Computer science; Algorithm; Heart rate variability; Pattern recognition (psychology); Heart rate; Speech recognition; Artificial intelligence; Medicine; Internal medicine,False,article,True,True,False,doi,,"{'venue': 'crossref', 'volume': 'crossref', 'issue': 'crossref', 'pages': 'crossref', 'publisher': 'crossref', 'url': 'crossref', 'lang': 'crossref'}",{'crossref': 7},"X008.R000 resolved | hits:OA,CR | winner:- | filled:venue:CR; lang:CR | missing:-",PASS_CLEAN,,,EC-38,,"{""EC-38"": {""status"": ""MET"", ""decision"": ""not_meet"", ""confidence"": 0.9, ""threshold"": 0.6, ""field"": ""title"", ""quote"": """", ""quote_valid"": false, ""span"": null, ""used"": true}}",PASS_CLEAN: all EL criteria MET.
A280,101001jamapsychiatry20162729,Effect of Group vs Individual Cognitive Processing Therapy in Active-Duty Military Seeking Treatment for Posttraumatic Stress Disorder,Patricia A. Resick; Jennifer Schuster Wachen; Katherine A. Dondanville; Kristi E. Pruiksma; Jeffrey S. Yarvis; Alan L. Peterson; Jim Mintz; Elisa V. Borah; Antoinette Brundige; Elizabeth A. Hembree; Brett T. Litz; John D. Roache; Stacey Young‐McCaughan,Patricia A. Resick,2016.0,10.1001/jamapsychiatry.2016.2729,https://pubmed.ncbi.nlm.nih.gov/27893032,,,JAMA Psychiatry,74,1,28,American Medical Association (AMA),en,https://doi.org/10.1001/jamapsychiatry.2016.2729,0.9,resolved,openalex,2026-08-16T22:32:09Z,X008,"IMPORTANCE: Cognitive processing therapy (CPT), an evidence-based treatment for posttraumatic stress disorder (PTSD), has not been tested as an individual treatment among active-duty military. Group CPT may be an efficient way to deliver treatment. OBJECTIVE: To determine the effects of CPT on PTSD and co-occurring symptoms and whether they differ when administered in an individual or a group format. DESIGN, SETTING, AND PARTICIPANTS: In this randomized clinical trial, 268 active-duty servicemembers consented to assessment at an army medical center from March 8, 2012, to September 23, 2014, and were randomized to group or individual CPT. Inclusion criteria were PTSD after military deployment and stable medication therapy. Exclusion criteria consisted of suicidal or homicidal intent or psychosis. Data collection was completed on June 15, 2015. Analysis was based on intention to treat. INTERVENTIONS: Participants received CPT (the version excluding written accounts) in 90-minute group sessions of 8 to 10 participants (15 cohorts total; 133 participants) or 60-minute individual sessions (135 participants) twice weekly for 6 weeks. The 12 group and individual sessions were conducted concurrently. MAIN OUTCOMES AND MEASURES: Primary measures were scores on the Posttraumatic Symptom Scale-Interview Version (PSS-I) and the stressor-specific Posttraumatic Stress Disorder Checklist (PCL-S); secondary measures were scores on the Beck Depression Inventory-II (BDI-II) and the Beck Scale for Suicidal Ideation (BSSI). Assessments were completed by independent evaluators masked to treatment condition at baseline and 2 weeks and 6 months after treatment. RESULTS: Among the 268 participants (244 men [91.0%]; 24 women [9.0%]; mean [SD] age, 33.2 [7.4] years), improvement in PTSD severity at posttreatment was greater when CPT was administered individually compared with the group format (mean [SE] difference on the PSS-I, -3.7 [1.4]; Cohen d = 0.6; P = .006). Significant improvements were maintained with the individual (mean [SE] PSS-I, -7.8 [1.0]; Cohen d = 1.3; mean [SE] PCL-S, -12.6 [1.4]; Cohen d = 1.2) and group (mean [SE] PSS-I, -4.0 [0.97]; Cohen d = 0.7; mean [SE] PCL-S, -6.3 [1.4]; Cohen d = 0.6) formats, with no differences in remission or severity of PTSD at the 6-month follow-up. Symptoms of depression and suicidal ideation did not differ significantly between formats. CONCLUSIONS AND RELEVANCE: Individual treatment resulted in greater improvement in PTSD severity than group treatment. Depression and suicidal ideation improved equally with both formats. However, even among those receiving individual CPT, approximately 50% still had PTSD and clinically significant symptoms. In the military population, improving existing treatments such as CPT or developing new treatments is needed. TRIAL REGISTRATION: clinicaltrials.gov identifier: NCT02173561.",Cognitive processing therapy; Posttraumatic stress; Active duty; Psychology; Cognition; Clinical psychology; Group psychotherapy; Cognitive therapy; Cognitive behavioral therapy; Psychiatry; Psychotherapist; Medicine,False,article,True,True,False,doi,,"{'venue': 'crossref', 'volume': 'crossref', 'issue': 'crossref', 'pages': 'crossref', 'publisher': 'crossref', 'url': 'crossref', 'lang': 'crossref'}",{'crossref': 7},"X008.R000 resolved | hits:OA,CR | winner:- | filled:venue:CR; lang:CR | missing:-",PASS_CLEAN,,,EC-38,,"{""EC-38"": {""status"": ""MET"", ""decision"": ""not_meet"", ""confidence"": 0.9, ""threshold"": 0.6, ""field"": ""title"", ""quote"": """", ""quote_valid"": false, ""span"": null, ""used"": true}}",PASS_CLEAN: all EL criteria MET.
A281,101016jbiopsycho201710008,Cardiac vagal control as a marker of emotion regulation in healthy adults: A review,Stefania Balzarotti; Federica Biassoni; Barbara Colombo; Maria Rita Ciceri,Stefania Balzarotti,2017.0,10.1016/j.biopsycho.2017.10.008,https://pubmed.ncbi.nlm.nih.gov/29079304,,,Biological Psychology,130,,54-66,Elsevier BV,en,https://doi.org/10.1016/j.biopsycho.2017.10.008,0.9,resolved,openalex,2026-08-16T22:32:09Z,X008,,Vagal tone; Psychology; Vagus nerve; Emotional regulation; Affect (linguistics); Reactivity (psychology); Cognition; Autoregulation; Neuroscience; Heart rate variability; Developmental psychology; Medicine,False,article,True,True,True,doi,,"{'venue': 'crossref', 'volume': 'crossref', 'pages': 'crossref', 'publisher': 'crossref', 'url': 'crossref', 'lang': 'crossref'}",{'crossref': 6},"X008.R000 resolved | hits:OA,CR,S2 | winner:- | filled:venue:CR; lang:CR | missing:abstract",PASS_CLEAN,,,EC-38,,"{""EC-38"": {""status"": ""MET"", ""decision"": ""not_meet"", ""confidence"": 0.8, ""threshold"": 0.6, ""field"": ""title"", ""quote"": """", ""quote_valid"": false, ""span"": null, ""used"": true}}",PASS_CLEAN: all EL criteria MET.
A282,101016jjaim201707008,Effects of yogic breath regulation: A narrative review of scientific evidence,Apar Avinash Saoji; B.R. Raghavendra; N. K. Manjunath,Apar Avinash Saoji,2018.0,10.1016/j.jaim.2017.07.008,https://pubmed.ncbi.nlm.nih.gov/29395894,,,Journal of Ayurveda and Integrative Medicine,10,1,50-58,Elsevier BV,en,https://doi.org/10.1016/j.jaim.2017.07.008,0.9,resolved,openalex,2026-08-16T22:32:10Z,X008,"Pranayama or breath regulation is considered as an essential component of Yoga, which is said to influence the physiological systems. We present a comprehensive overview of scientific literature in the field of yogic breathing. We searched PubMed, PubMed Central and IndMed for citations for keywords ""Pranayama"" and ""Yogic Breathing"". The search yielded a total of 1400 references. Experimental papers, case studies and case series in English, revealing the effects of yogic breathing were included in the review. The preponderance of literature points to beneficial effects of yogic breathing techniques in both physiological and clinical setups. Advantageous effects of yogic breathing on the neurocognitive, psychophysiological, respiratory, biochemical and metabolic functions in healthy individuals were elicited. They were also found useful in management of various clinical conditions. Overall, yogic breathing could be considered safe, when practiced under guidance of a trained teacher. Considering the positive effects of yogic breathing, further large scale studies with rigorous designs to understand the mechanisms involved with yogic breathing are warranted.",Breathing; Medicine; Breathing exercises; Neurocognitive; Narrative review; Physical therapy; Clinical Practice; Physical medicine and rehabilitation; Intensive care medicine; Anesthesia; Cognition; Psychiatry,True,article,True,True,False,doi,,"{'venue': 'crossref', 'volume': 'crossref', 'issue': 'crossref', 'pages': 'crossref', 'publisher': 'crossref', 'url': 'crossref', 'lang': 'crossref'}",{'crossref': 7},"X008.R000 resolved | hits:OA,CR | winner:- | filled:venue:CR; lang:CR | missing:-",PASS_CLEAN,,,EC-38,,"{""EC-38"": {""status"": ""MET"", ""decision"": ""not_meet"", ""confidence"": 0.8, ""threshold"": 0.6, ""field"": ""title"", ""quote"": """", ""quote_valid"": false, ""span"": null, ""used"": true}}",PASS_CLEAN: all EL criteria MET.
A283,101111cpsp12278,"What is an emotional disorder? A transdiagnostic mechanistic definition with implications for assessment, treatment, and prevention",Jacqueline R. Bullis; Hannah T. Boettcher; Shannon Sauer‐Zavala; Todd J. Farchione; David H. Barlow,Jacqueline R. Bullis,2019.0,10.1111/cpsp.12278,,,,Clinical Psychology: Science and Practice,26,2,e12278,American Psychological Association (APA),en,https://doi.org/10.1111/cpsp.12278,0.9,resolved,openalex,2026-08-16T22:32:10Z,X008,"We present a transdiagnostic definition of the commonly used, but poorly defined, term emotional disorder. This definition transcends and possibly complements traditional descriptive diagnostic categories, and candidate dimensional models of psychopathology by focusing on putative mechanisms that contribute to the onset and maintenance of disorders characterized primarily by dysfunction in the interpretation and regulation of emotion. We review three intermediate transdiagnostic mechanisms that characterize emotional disorders, such as, but not limited to, anxiety and depressive disorders, and then illustrate how this proposed definition applies to additional diagnoses beyond anxiety and depression. Implications of this new conceptualization of disorders of emotion are then discussed in the context of assessment, treatment, and prevention.",Conceptualization; Psychopathology; Anxiety; Psychology; Context (archaeology); Psychotherapist; Clinical psychology; Depression (economics); Psychiatry; Computer science; Artificial intelligence; Paleontology,False,article,True,True,False,doi,,"{'venue': 'crossref', 'volume': 'crossref', 'issue': 'crossref', 'pages': 'crossref', 'publisher': 'crossref', 'url': 'crossref', 'lang': 'crossref'}",{'crossref': 7},"X008.R000 resolved | hits:OA,CR | winner:- | filled:venue:CR; lang:CR | missing:-",PASS_CLEAN,,,EC-38,,"{""EC-38"": {""status"": ""MET"", ""decision"": ""not_meet"", ""confidence"": 0.8, ""threshold"": 0.6, ""field"": ""title"", ""quote"": """", ""quote_valid"": false, ""span"": null, ""used"": true}}",PASS_CLEAN: all EL criteria MET.
A284,101016jbiopsycho201902005,Resting respiratory sinus arrhythmia and posttraumatic stress disorder: A meta-analysis,Allison A. Campbell; Blair E. Wisco; Paul J. Silvia; Natalie G. Gay,Allison A. Campbell,2019.0,10.1016/j.biopsycho.2019.02.005,https://pubmed.ncbi.nlm.nih.gov/30779926,,,Biological Psychology,144,,125-135,Elsevier BV,en,https://doi.org/10.1016/j.biopsycho.2019.02.005,0.9,resolved,openalex,2026-08-16T22:32:11Z,X008,"Respiratory sinus arrhythmia (RSA) has been examined as a psychophysiological marker of stress vulnerability. Research indicates that low resting RSA is associated with physical and mental health problems, including posttraumatic stress disorder (PTSD). Some research suggests that people diagnosed with PTSD have lower RSA than people without PTSD, but findings have been mixed and the overall magnitude of this effect is unknown, indicating the need for a comprehensive meta-analysis. This meta-analysis examined the association between PTSD and baseline RSA in 55 studies, including 12 unpublished studies, with a total sample size of 6689. Studies were included if they used a PTSD measure, a baseline measure of RSA, and involved humans. Studies were excluded if they were not available in English, did not present quantitative data, presented duplicate data, were a case series, or did not provide results required for computing an effect size. The meta-analysis indicated there is a small but significant association between PTSD and RSA (g = -0.26; 95% CI = -0.35, -0.16) with moderate heterogeneity. Moderator analyses suggested that effects are larger for adults than for children and for DSM-5 PTSD measures than for non-DSM referenced measures. We found some evidence for publication bias among the meta-analysis findings. Overall, there is a small but reliable association between PTSD and lower resting RSA, providing support for further research examining the complex relationship between parasympathetic activity and PTSD.",Vagal tone; Moderation; Meta-analysis; Psychology; Posttraumatic stress; Clinical psychology; Comorbidity; Publication bias; Association (psychology); Psychiatry; Heart rate variability; Internal medicine,False,article,True,True,True,doi,,"{'venue': 'crossref', 'volume': 'crossref', 'pages': 'crossref', 'publisher': 'crossref', 'url': 'crossref', 'lang': 'crossref', 'abstract': 'semanticscholar'}","{'crossref': 6, 'semanticscholar': 1}","X008.R000 resolved | hits:OA,CR,S2 | winner:- | filled:venue:CR; lang:CR; abstract:SE | missing:-",PASS_CLEAN,,,EC-38,,"{""EC-38"": {""status"": ""MET"", ""decision"": ""not_meet"", ""confidence"": 0.8, ""threshold"": 0.6, ""field"": ""title"", ""quote"": """", ""quote_valid"": false, ""span"": null, ""used"": true}}",PASS_CLEAN: all EL criteria MET.
A285,1030773pi20190112,Posttraumatic Stress Disorder and Alterations in Resting Heart Rate Variability: A Systematic Review and Meta-Analysis,Fenfen Ge; Minlan Yuan; Ying Li; Wei Zhang,Fenfen Ge,2020.0,10.30773/pi.2019.0112,https://pubmed.ncbi.nlm.nih.gov/31995968,,,Psychiatry Investigation,17,1,9-20,Korean Neuropsychiatric Association,en,https://doi.org/10.30773/pi.2019.0112,0.9,resolved,openalex,2026-08-16T22:32:11Z,X008,"OBJECTIVE: The functions of both the central and peripheral autonomic nervous system, indexed by heart rate variability (HRV), are affected by psychology and physiology. This review summarizes the results of studies comparing the evaluation of HRV parameters between individuals with posttraumatic stress disorder (PTSD) and healthy controls. METHODS: Eligible studies (n=499) were identified through literature searches of the EMBASE, Medline, PubMed and Web of Science databases. Nineteen studies met our inclusion criteria. A random effects model was used, and standardized mean differences for highfrequency HRV(HF-HRV), low-frequency HRV(LF-HRV) and the root mean square of successive R-R interval differences (RMSSD) were calculated. RESULTS: Significant effects were found for HF-HRV [p<0.0001, Z=4.18; Hedges'g=-1.58, 95% confidence interval (CI) (-2.32, -0.84); k=14] and RMSSD [p<0.00001, Z=4.80; Hedges'g=-1.96, 95% CI (-2.76, -1.16); k=9] relative to healthy controls. Considerable heterogeneity was revealed, but the main effects for HF-HRV and RMSSD were robust in subsequent meta-regression and subgroup analyses. CONCLUSION: Given the relationships among low vagal state, inflammation, and alterations in brain structure and function, including executive function and emotion regulation, reduced HRV may be regarded as an endophenotype in PTSD research.",Heart rate variability; Meta-analysis; Confidence interval; Endophenotype; Medicine; Autonomic function; Internal medicine; Autonomic nervous system; Strictly standardized mean difference; Cardiology; Web of science; Clinical psychology,True,article,True,True,False,doi,,"{'venue': 'crossref', 'volume': 'crossref', 'issue': 'crossref', 'pages': 'crossref', 'publisher': 'crossref', 'url': 'crossref', 'lang': 'crossref'}",{'crossref': 7},"X008.R000 resolved | hits:OA,CR | winner:- | filled:venue:CR; lang:CR | missing:-",PASS_CLEAN,,,EC-38,,"{""EC-38"": {""status"": ""MET"", ""decision"": ""not_meet"", ""confidence"": 0.8, ""threshold"": 0.6, ""field"": ""title"", ""quote"": """", ""quote_valid"": false, ""span"": null, ""used"": true}}",PASS_CLEAN: all EL criteria MET.
A286,101186s1290601612711,Heart rate variability in chronic low back pain patients randomized to yoga or standard care,Shirley Telles; Sachin Kumar Sharma; Ram Kumar Gupta; Abhishek Kumar Bhardwaj; Acharya Balkrishna,Shirley Telles,2016.0,10.1186/s12906-016-1271-1,https://pubmed.ncbi.nlm.nih.gov/27514611,,,BMC Complementary and Alternative Medicine,16,1,,Springer Science and Business Media LLC,en,https://doi.org/10.1186/s12906-016-1271-1,0.9,resolved,openalex,2026-08-16T22:32:11Z,X008,"BACKGROUND: Chronic pain can alter the autonomic balance with increased sympathetic activity reflected in altered heart rate variability (HRV). It has been proposed that yoga can be useful to correct the autonomic imbalance in patients with chronic pain who have reduced HRV. METHODS AND DESIGNS: In the present randomized controlled trial 62 patients with chronic low back pain associated with altered alignment of intervertebral discs (aged between 20 and 45 years, 32 males) were randomized to 2 groups. One group received yoga for 3 months while the other group carried out standard medical care based on the physician's advice. The duration was the same, i.e., 3 months. The heart rate variability and rate of respiration were assessed at baseline and at the end of 3 months. RESULTS: There was a significant difference in the baseline (pre) values between groups (p = 0.008) for respiration rate which was higher in the yoga group. The changes reported below are pre-post comparisons within each group. The yoga group showed a significant (p < 0.05; repeated measures ANOVA, post-hoc analyses) decrease in the LF power of HRV, rate of respiration and a significant increase in the HF power of HRV and in the pNN50. CONCLUSION: The results suggest that yoga practice can shift the autonomic balance towards vagal dominance in patients with chronic low back pain associated with altered alignment of intervertebral discs. TRIAL REGISTRATION: The study is registered with the Clinical Trials Registry of India ( CTRI/2012/11/003094 ) and can be accessed at.",Medicine; Heart rate variability; Randomized controlled trial; Heart rate; Balance (ability); Physical therapy; Chronic pain; Respiration; Internal medicine; Blood pressure; Anatomy,True,article,True,True,False,doi,,"{'venue': 'crossref', 'volume': 'crossref', 'issue': 'crossref', 'publisher': 'crossref', 'url': 'crossref', 'lang': 'crossref'}",{'crossref': 6},"X008.R000 resolved | hits:OA,CR | winner:- | filled:venue:CR; lang:CR | missing:-",PASS_CLEAN,,,EC-38,,"{""EC-38"": {""status"": ""MET"", ""decision"": ""not_meet"", ""confidence"": 0.8, ""threshold"": 0.6, ""field"": ""title"", ""quote"": """", ""quote_valid"": false, ""span"": null, ""used"": true}}",PASS_CLEAN: all EL criteria MET.
A287,101016jijcard201808005,Heart rate variability as a marker of healthy ageing,Jason Por How Tan; Jessica E. Beilharz; Uté Vollmer‐Conna; Erin Cvejic,Jason Por How Tan,2018.0,10.1016/j.ijcard.2018.08.005,https://pubmed.ncbi.nlm.nih.gov/30104034,,,International Journal of Cardiology,275,,101-103,Elsevier BV,en,https://doi.org/10.1016/j.ijcard.2018.08.005,0.9,resolved,openalex,2026-08-16T22:32:12Z,X008,"BACKGROUND With population ageing a significant concern, modifiable factors contributing to healthy ageing must be identified. Autonomic responding reflected by heart rate variability (HRV) has well-established links to general health and wellbeing in younger populations; but has yet to be explored in older individuals.   METHODS Forty-five healthy participants (49-82 years old) completed questionnaires about sleep and physical and psychological health. Autonomic activity was measured during rest and whilst completing a computerised battery of cognitive tasks. Participants then wore an ambulatory heart rate monitor overnight, and recorded their sleep and physical activity for one week. HRV parameters reflecting cardiac vagal tone were derived from electrocardiograph recordings.   RESULTS Age and resting HRV were not related; however a positive association was identified between higher HRV in the 2 h prior to sleep and older age. Higher resting HRV, older age, and better sleep quality significantly predicted psychological wellbeing; and fewer somatic and physical health symptoms and older age predicted better average sleep quality ratings. Older age and poorer general health were significant predictors of cognitive performance deficits.   CONCLUSION These findings suggest that an age-related decline in HRV is not inevitable. Longitudinal designs exploring within-individual changes in cardiac vagal tone are required to better understand the factors contributing to healthy ageing.",Medicine; Ageing; Cardiology; Heart rate variability; Internal medicine; Healthy ageing; Heart rate; Blood pressure,False,article,True,True,True,doi,,"{'venue': 'crossref', 'volume': 'crossref', 'pages': 'crossref', 'publisher': 'crossref', 'url': 'crossref', 'lang': 'crossref', 'abstract': 'semanticscholar'}","{'crossref': 6, 'semanticscholar': 1}","X008.R000 resolved | hits:OA,CR,S2 | winner:- | filled:venue:CR; lang:CR; abstract:SE | missing:-",PASS_CLEAN,,,EC-38,,"{""EC-38"": {""status"": ""MET"", ""decision"": ""not_meet"", ""confidence"": 0.8, ""threshold"": 0.6, ""field"": ""title"", ""quote"": """", ""quote_valid"": false, ""span"": null, ""used"": true}}",PASS_CLEAN: all EL criteria MET.
A288,101136bmjopen2018027150,Study protocol for a non-inferiority randomised controlled trial of SKY breathing meditation versus cognitive processing therapy for PTSD among veterans,Danielle C. Mathersul; Julia Tang; R. Jay Schulz‐Heik; Timothy J. Avery; Emma Seppälä; Peter J. Bayley,Danielle C. Mathersul,2019.0,10.1136/bmjopen-2018-027150,https://pubmed.ncbi.nlm.nih.gov/30948610,,,BMJ Open,9,4,e027150,BMJ,en,https://doi.org/10.1136/bmjopen-2018-027150,0.9,resolved,openalex,2026-08-16T22:32:12Z,X008,"INTRODUCTION: Post-traumatic stress disorder (PTSD) is a debilitating, highly prevalent condition. Current clinical practice guidelines recommend trauma-focused psychotherapy (eg, cognitive processing therapy; CPT) as the first-line treatment for PTSD. However, while these treatments show clinically meaningful symptom improvement, the majority of those who begin treatment retain a diagnosis of PTSD post-treatment. Perhaps for this reason, many individuals with PTSD have sought more holistic, mind-body, complementary and integrative health (CIH) interventions. However, there remains a paucity of high-quality, active controlled efficacy studies of CIH interventions for PTSD, which precludes their formal recommendation. METHODS AND ANALYSES: We present the protocol for an ongoing non-inferiority parallel group randomised controlled trial (RCT) comparing the efficacy of a breathing meditation intervention (Sudarshan Kriya Yoga [SKY]) to a recommended evidence-based psychotherapy (CPT) for PTSD among veterans. Assessors are blinded to treatment group. The primary outcome measure is the PTSD Checklist-Civilian Version and a combination of clinical, self-report, experimental and physiological outcome measures assess treatment-related changes across each of the four PTSD symptom clusters (re-experiencing, avoidance, negative cognitions or mood and hyperarousal/reactivity). Once the RCT is completed, analyses will use both an intent-to-treat (using the 'last observation carried forward' for missing data) and a per-protocol or 'treatment completers' procedure, which is the most rigorous approach to non-inferiority designs. ETHICS AND DISSEMINATION: To the best of our knowledge, this is this first non-inferiority RCT of SKY versus CPT for PTSD among veterans. The protocol is approved by the Stanford University Institutional Review Board. All participants provided written informed consent prior to participation. Results from this RCT will inform future studies including larger multi-site efficacy RCTs of SKY for PTSD and other mental health conditions, as well as exploration of cost-effectiveness and evaluation of implementation issues. Results will also inform evidence-based formal recommendations regarding CIH interventions for PTSD. TRIAL REGISTRATION NUMBER: NCT02366403; Pre-results.",Medicine; Meditation; Protocol (science); Randomized controlled trial; Cognition; Alternative medicine; Breathing; Public health; Physical therapy; Clinical psychology; Psychiatry; Internal medicine,True,article,True,True,False,doi,,"{'venue': 'crossref', 'volume': 'crossref', 'issue': 'crossref', 'pages': 'crossref', 'publisher': 'crossref', 'url': 'crossref', 'lang': 'crossref'}",{'crossref': 7},"X008.R000 resolved | hits:OA,CR | winner:- | filled:venue:CR; lang:CR | missing:-",PASS_CLEAN,,,EC-38,,"{""EC-38"": {""status"": ""MET"", ""decision"": ""not_meet"", ""confidence"": 0.8, ""threshold"": 0.6, ""field"": ""title"", ""quote"": """", ""quote_valid"": false, ""span"": null, ""used"": true}}",PASS_CLEAN: all EL criteria MET.
A290,101017s003329172000207x,Autonomic dysfunction in posttraumatic stress disorder indexed by heart rate variability: a meta-analysis,Martha Schneider; Andreas Schwerdtfeger,Martha Schneider,2020.0,10.1017/s003329172000207x,https://pubmed.ncbi.nlm.nih.gov/32854795,,,Psychological Medicine,50,12,1937-1948,Cambridge University Press (CUP),en,https://doi.org/10.1017/s003329172000207x,0.9,resolved,openalex,2026-08-16T22:32:13Z,X008,"BACKGROUND: Changes in autonomic nervous system (ANS) function have been observed in a variety of psychological disorders, including posttraumatic stress disorder (PTSD). Analysis of heart rate variability (HRV) provides insight into the functioning of the ANS. Previous research on PTSD found lower HRV in PTSD patients compared to controls, indicating altered sympathetic and parasympathetic activity, but findings are inconsistent. The purpose of this meta-analysis was to examine differences in HRV indices between individuals with PTSD and healthy controls at baseline and during stress. METHODS: The included primary studies present an aggregate of studies analyzing different HRV indices. Examined HRV indices were standard deviation of the normalized NN-intervals (SDNN), root mean square of successive differences (RMSSD), low-frequency (LF) and high-frequency (HF) spectral components, LF/HF ratio, and heart rate (HR). Moderating effects of study design, HRV and PTSD assessment, and sample characteristics were examined via subgroup-analyses and meta-regressions. RESULTS: Random-effects meta-analyses for HRV parameters at rest revealed significant group differences for RMSSD and HF-HRV, suggesting lower parasympathetic activity in PTSD. The aggregated effect size for SDNN was medium, suggesting diminished total variability in PTSD. A small effect was found for LF-HRV. A higher LF/HF ratio was found in the PTSD sample as compared to controls. Individuals with PTSD showed significantly higher HR. During stress, individuals with PTSD showed higher HR and lower HF-HRV, both indicated by small effect sizes. CONCLUSIONS: Findings suggest that PTSD is associated with ANS dysfunction.",Posttraumatic stress; Meta-analysis; Heart rate variability; Psychology; Clinical psychology; Heart rate; Medicine; Psychiatry; Internal medicine; Blood pressure,True,article,True,True,False,doi,,"{'venue': 'crossref', 'volume': 'crossref', 'issue': 'crossref', 'pages': 'crossref', 'publisher': 'crossref', 'url': 'crossref', 'lang': 'crossref'}",{'crossref': 7},"X008.R000 resolved | hits:OA,CR | winner:- | filled:venue:CR; lang:CR | missing:-",PASS_CLEAN,,,EC-38,,"{""EC-38"": {""status"": ""MET"", ""decision"": ""not_meet"", ""confidence"": 0.9, ""threshold"": 0.6, ""field"": ""title"", ""quote"": """", ""quote_valid"": false, ""span"": null, ""used"": true}}",PASS_CLEAN: all EL criteria MET.
A291,10219616654,Toward a Taxonomy for Analyzing the Heart Rate as a Physiological Indicator of Posttraumatic Stress Disorder: Systematic Review and Development of a Framework,Mahnoosh Sadeghi; Farzan Sasangohar; Anthony D. McDonald,Mahnoosh Sadeghi,2020.0,10.2196/16654,https://pubmed.ncbi.nlm.nih.gov/32706710,,,JMIR Mental Health,7,7,e16654,JMIR Publications Inc.,en,https://doi.org/10.2196/16654,0.9,resolved,openalex,2026-08-16T22:32:13Z,X008,"BACKGROUND: Posttraumatic stress disorder (PTSD) is a prevalent psychiatric condition that is associated with symptoms such as hyperarousal and overreactions. Treatments for PTSD are limited to medications and in-session therapies. Assessing the way the heart responds to PTSD has shown promise in detecting and understanding the onset of symptoms. OBJECTIVE: This study aimed to extract statistical and mathematical approaches that researchers can use to analyze heart rate (HR) data to understand PTSD. METHODS: A scoping literature review was conducted to extract HR models. A total of 5 databases including Medical Literature Analysis and Retrieval System Online (Medline) OVID, Medline EBSCO, Cumulative Index to Nursing and Allied Health Literature (CINAHL) EBSCO, Excerpta Medica Database (Embase) Ovid, and Google Scholar were searched. Non-English language studies, as well as studies that did not analyze human data, were excluded. A total of 54 studies that met the inclusion criteria were included in this review. RESULTS: We identified 4 categories of models: descriptive time-independent output, descriptive and time-dependent output, predictive and time-independent output, and predictive and time-dependent output. Descriptive and time-independent output models include analysis of variance and first-order exponential; the descriptive time-dependent output model includes a classical time series analysis and mixed regression. Predictive time-independent output models include machine learning methods and analysis of the HR-based fluctuation-dissipation method. Finally, predictive time-dependent output models include the time-variant method and nonlinear dynamic modeling. CONCLUSIONS: All of the identified modeling categories have relevance in PTSD, although the modeling selection is dependent on the specific goals of the study. Descriptive models are well-founded for the inference of PTSD. However, there is a need for additional studies in this area that explore a broader set of predictive models and other factors (eg, activity level) that have not been analyzed with descriptive models.",CINAHL; Descriptive statistics; MEDLINE; Traumatic stress; Computer science; Psychology; Clinical psychology; Medicine; Psychiatry; Psychological intervention; Statistics; Mathematics,True,article,True,True,False,doi,,"{'venue': 'crossref', 'volume': 'crossref', 'issue': 'crossref', 'pages': 'crossref', 'publisher': 'crossref', 'url': 'crossref', 'lang': 'crossref'}",{'crossref': 7},"X008.R000 resolved | hits:OA,CR | winner:- | filled:venue:CR; lang:CR | missing:-",PASS_CLEAN,,,EC-38,,"{""EC-38"": {""status"": ""MET"", ""decision"": ""not_meet"", ""confidence"": 0.7, ""threshold"": 0.6, ""field"": ""title"", ""quote"": """", ""quote_valid"": false, ""span"": null, ""used"": true}}",PASS_CLEAN: all EL criteria MET.
A292,101016jjbct202101004,Utility of Psychophysiological Metrics in Guiding Treatment of Trauma Symptoms: A Systematic Review,Michelle Yang; Noor Mady; Outi Linnaranta,Michelle Yang,2021.0,10.1016/j.jbct.2021.01.004,,,,Journal of Behavioral and Cognitive Therapy,31,3,249-266,Elsevier BV,en,https://doi.org/10.1016/j.jbct.2021.01.004,0.9,resolved,openalex,2026-08-16T22:32:13Z,X008,"Abstract The reliability of gold standard symptom assessments of post-traumatic stress disorder (PTSD) can be compromised by memory, emotional or cultural bias. The use of psychophysiological measures may complement psychometrics in tracking changes during treatment in physiological response and emotion regulation. In this systematic review, we integrate knowledge about the correlation between psychometric and psychophysiological measures in 22 prospective studies with trauma-focused cognitive, exposure, pharmacological and other interventions. Our objective was to determine how physiological resting states and reactivity pre- vs. post-intervention correspond to the effect of intervention on PTSD symptoms. Trends towards normalizing physiological resting states and arousal, as measured before and after treatment, were seen to correlate with a psychometric recovery. In patients with significant changes in trauma symptoms, pre- vs. post-treatment resting heart rate, heart rate reactivity to trauma cues and skin conductance decreased, and heart rate variability increased. Electromyography could measure adaptive decreases in startle responses to exposure content. Both blood pressure raw values and reactivity decreased post-treatment following cognitive therapy. Additional longitudinal studies are needed to explore standard testing paradigms that can be used for psychophysiological measures, and the corresponding cut-off levels that can indicate healthy and abnormal treatment response levels. The current findings stress a need for the development of a psychophysiological methodology that is feasible and reliable during experimental and clinical procedures to elucidate the effects of trauma intervention on emotional processing. Systematic review PROSPERO registration ID:CRD42021227774.",Arousal; Heart rate; Heart rate variability; Psychophysiology; Clinical psychology; Cognition; Psychology; Gold standard (test); Psychological intervention; Startle response; Traumatic stress; Intervention (counseling),False,article,True,True,True,doi,,"{'venue': 'crossref', 'volume': 'crossref', 'issue': 'crossref', 'pages': 'crossref', 'publisher': 'crossref', 'url': 'crossref', 'lang': 'crossref', 'abstract': 'semanticscholar'}","{'crossref': 7, 'semanticscholar': 1}","X008.R000 resolved | hits:OA,CR,S2 | winner:- | filled:venue:CR; lang:CR; abstract:SE | missing:-",PASS_CLEAN,,,EC-38,,"{""EC-38"": {""status"": ""MET"", ""decision"": ""not_meet"", ""confidence"": 0.7, ""threshold"": 0.6, ""field"": ""title"", ""quote"": """", ""quote_valid"": false, ""span"": null, ""used"": true}}",PASS_CLEAN: all EL criteria MET.
A293,cognitiveprocessingtherapyforptsdacomprehensivemanual,Cognitive processing therapy for PTSD a comprehensive manual,Patricia A. Resick; Candice M. Monson; Kathleen M. Chard,Patricia A. Resick,,https://openalex.org/W3011233335,,,,,,,,,en,,0.9,resolved,openalex,2026-08-16T22:32:14Z,X008,,Cognitive processing therapy; Psychology; Cognition; Cognitive therapy; Psychotherapist; Clinical psychology; Psychiatry,False,article,True,False,False,title,openalex,"{'doi': 'openalex', 'lang': 'heuristic'}","{'openalex': 1, 'heuristic': 1}",X008.R000 resolved | hits:OA | winner:openalex | filled:doi:OP; lang:HE | missing:abstract,PASS_CLEAN,,,EC-38,,"{""EC-38"": {""status"": ""MET"", ""decision"": ""not_meet"", ""confidence"": 0.9, ""threshold"": 0.6, ""field"": ""title"", ""quote"": """", ""quote_valid"": false, ""span"": null, ""used"": true}}",PASS_CLEAN: all EL criteria MET.
A302,103389fphys201500039,Dissection of the radical reactions linked to fetal hemoglobin reveals enhanced pseudoperoxidase activity,Khuanpiroon Ratanasopa; Michael Brad Strader; Abdu I. Alayash; Leif Bülow,Khuanpiroon Ratanasopa,2015.0,10.3389/fphys.2015.00039,https://pubmed.ncbi.nlm.nih.gov/25750627,,,Frontiers in Physiology,6,,,Frontiers Media SA,en,https://doi.org/10.3389/fphys.2015.00039,0.9,resolved,openalex,2026-08-16T22:32:23Z,X012,"In the presence of excess hydrogen peroxide (H2O2), ferrous (Fe(+2)) human hemoglobin (Hb) (α2β2) undergoes a rapid conversion to a higher oxidation ferryl state (Fe(+4)) which rapidly autoreduces back to the ferric form (Fe(+3)) as H2O2 is consumed in the reaction. In the presence of additional H2O2 the ferric state can form both ferryl Hb and an associated protein radical in a pseudoperoxidative cycle that results in the loss of radicals and heme degradation. We examined whether adult HbA (β2α2) exhibits a different pseudoenzymatic activity than fetal Hb (γ2α2) due to the switch of γ to β subunits. Rapid mixing of the ferric forms of both proteins with excess H2O2 resulted in biphasic kinetic time courses that can be assigned to γ/β and α, respectively. Although there was a 1.5 fold increase in the fast reacting γ /β subunits the slower reacting phases (attributed to α subunits of both proteins) were essentially the same. However, the rate constant for the auto-reduction of ferryl back to ferric for both proteins was found to be 76% higher for HbF than HbA and in the presence of the mild reducing agent, ascorbate there was a 3-fold higher reduction rate in ferryl HbF as opposed to ferryl HbA. Using quantitative mass spectrometry in the presence of H2O2 we found oxidized γ/β Cys93, to be more abundantly present in HbA than HbF, whereas higher levels of nitrated β Tyr35 containing peptides were found in HbA samples treated with nitrite. The extraordinary stability of HbF reported here may explain the evolutionary advantage this protein may confer onto co-inherited hemoglobinopathies and can also be utilized in the engineering of oxidatively stable Hb-based oxygen carriers.",Chemistry; Ferric; Hemoglobin; Hydrogen peroxide; Ferrous; Fetal hemoglobin; Methemoglobin; Radical; Nitrite; Hemeprotein; Heme; Peroxide,True,article,True,True,False,doi,,"{'venue': 'crossref', 'volume': 'crossref', 'publisher': 'crossref', 'url': 'crossref', 'lang': 'heuristic'}","{'crossref': 4, 'heuristic': 1}","X012.R000 resolved | hits:OA,CR | winner:- | filled:venue:CR; lang:HE | missing:-",EXCLUSION_SUPPRESSED,,,,,"{""EC-38"": {""status"": ""SUPPRESSED"", ""decision"": ""meet"", ""confidence"": 0.9, ""threshold"": 0.6, ""field"": ""title"", ""quote"": ""Dissection of the radical reactions linked to fetal hemoglobin reveals enhanced pseudoperoxidase activity"", ""quote_valid"": true, ""span"": [0, 65], ""used"": true}}","EXCLUSION_SUPPRESSED: the model returned an excluding verdict on EC-38 which passed the evidence gate. Flag-only is in force for this provider, so the record was NOT excluded and needs human review."
A308,101016jultsonch201505010,The effect of high viscosity on the collapse-like chaotic and regular periodic oscillations of a harmonically excited gas bubble,Ferenc Hegedűs; Kálmán Klapcsik,Ferenc Hegedűs,2015.0,10.1016/j.ultsonch.2015.05.010,https://pubmed.ncbi.nlm.nih.gov/26186832,,,Ultrasonics Sonochemistry,27,,153-164,Elsevier BV,en,https://doi.org/10.1016/j.ultsonch.2015.05.010,0.9,resolved,openalex,2026-08-16T22:32:28Z,X012,,Mechanics; Bubble; Viscosity; Chaotic; Sonochemistry; Physics; Cavitation; Shock wave; Excited state; Shock (circulatory); Bifurcation theory; Predictability,False,article,True,True,True,doi,,"{'venue': 'crossref', 'volume': 'crossref', 'pages': 'crossref', 'publisher': 'crossref', 'url': 'crossref', 'lang': 'crossref'}",{'crossref': 6},"X012.R000 resolved | hits:OA,CR,S2 | winner:- | filled:venue:CR; lang:CR | missing:abstract",PASS_CLEAN,,,EC-38,,"{""EC-38"": {""status"": ""MET"", ""decision"": ""not_meet"", ""confidence"": 0.8, ""threshold"": 0.6, ""field"": ""title"", ""quote"": """", ""quote_valid"": false, ""span"": null, ""used"": true}}",PASS_CLEAN: all EL criteria MET.
A311,101016jicheatmasstransfer201505026,Influences of pressure amplitudes and frequencies of dual-frequency acoustic excitation on the mass transfer across interfaces of gas bubbles,Yuning Zhang; D.R. Billson; Shengcai Li,Yuning Zhang,2015.0,10.1016/j.icheatmasstransfer.2015.05.026,,,,International Communications in Heat and Mass Transfer,66,,167-171,Elsevier BV,en,https://doi.org/10.1016/j.icheatmasstransfer.2015.05.026,0.9,resolved,openalex,2026-08-16T22:32:30Z,X012,,Acoustics; Amplitude; Bubble; Excitation; Acoustic wave; Sound pressure; Physics; Computational physics; Mechanics; Materials science; Optics; Quantum mechanics,False,article,True,True,True,doi,,"{'venue': 'crossref', 'volume': 'crossref', 'pages': 'crossref', 'publisher': 'crossref', 'url': 'crossref', 'lang': 'crossref'}",{'crossref': 6},"X012.R000 resolved | hits:OA,CR,S2 | winner:- | filled:venue:CR; lang:CR | missing:abstract",PASS_CLEAN,,,EC-38,,"{""EC-38"": {""status"": ""MET"", ""decision"": ""not_meet"", ""confidence"": 0.8, ""threshold"": 0.6, ""field"": ""title"", ""quote"": """", ""quote_valid"": false, ""span"": null, ""used"": true}}",PASS_CLEAN: all EL criteria MET.
A312,1010800022250x20151022280,Temporary Bluffing Can Be Rewarding in Social Systems: The Case of Romantic Relationships,Sergio Rinaldi; Pietro Landi; Fabio Della Rossa,Sergio Rinaldi,2015.0,10.1080/0022250x.2015.1022280,,,,The Journal of Mathematical Sociology,39,3,203-220,Informa UK Limited,en,https://doi.org/10.1080/0022250x.2015.1022280,0.9,resolved,openalex,2026-08-16T22:32:31Z,X012,"We show in this article that temporary bluffing has the power of promoting the transition from a bad to a good state in social systems. The analysis is carried out with reference to the simplest unit of interest in sociology—the couple—but it can be certainly extended to larger social groups. More precisely, an already available mathematical model shows that couples composed of so-called secure individuals with neither too high nor too low appeals have two alternative romantic regimes—one satisfactory and one not. Thus, if one of these couples is trapped in its unsatisfactory regime the problem is how to escape from that trap and switch to the satisfactory regime. Temporary bluffing, namely, giving to the partner for a sufficiently long time a biased impression of the involvement or of the appeal, is a very effective, though not unique, way for performing the switch. This, in a sense, attenuates the negative moral value usually given to bluffing in social behavior.",Power (physics); Romance; Social psychology; Appeal; Sociology; Value (mathematics); Computer security; Psychology; Positive economics; Economics; Computer science; Law,True,article,True,True,False,doi,,"{'venue': 'crossref', 'volume': 'crossref', 'issue': 'crossref', 'pages': 'crossref', 'publisher': 'crossref', 'url': 'crossref', 'lang': 'crossref'}",{'crossref': 7},"X012.R000 resolved | hits:OA,CR | winner:- | filled:venue:CR; lang:CR | missing:-",PASS_CLEAN,,,EC-38,,"{""EC-38"": {""status"": ""MET"", ""decision"": ""not_meet"", ""confidence"": 0.8, ""threshold"": 0.6, ""field"": ""title"", ""quote"": """", ""quote_valid"": false, ""span"": null, ""used"": true}}",PASS_CLEAN: all EL criteria MET.
A320,101016jjlp201504011,Dynamic behaviour of direct spring loaded pressure relief valves in gas service: II reduced order modelling,Csaba Hős; Alan Champneys; K. Paul; M. McNeely,Csaba Hős,2015.0,10.1016/j.jlp.2015.04.011,,,,Journal of Loss Prevention in the Process Industries,36,,1-12,Elsevier BV,en,https://doi.org/10.1016/j.jlp.2015.04.011,0.9,resolved,openalex,2026-08-16T22:32:38Z,X012,,Mechanics; Relief valve; Instability; Dimensionless quantity; Plug flow; Cylinder; Flow (mathematics); Inlet; Mass flow rate; Engineering; Physics; Thermodynamics,False,article,True,True,False,doi,,"{'venue': 'crossref', 'volume': 'crossref', 'pages': 'crossref', 'publisher': 'crossref', 'url': 'crossref', 'lang': 'crossref'}",{'crossref': 6},"X012.R000 resolved | hits:OA,CR | winner:- | filled:venue:CR; lang:CR | missing:abstract",PASS_CLEAN,,,EC-38,,"{""EC-38"": {""status"": ""MET"", ""decision"": ""not_meet"", ""confidence"": 0.8, ""threshold"": 0.6, ""field"": ""title"", ""quote"": """", ""quote_valid"": false, ""span"": null, ""used"": true}}",PASS_CLEAN: all EL criteria MET.
A355,105334jors151,DifferentialEquations.jl – A Performant and Feature-Rich Ecosystem for Solving Differential Equations in Julia,Christopher Rackauckas; Qing Nie,Christopher Rackauckas,2017.0,10.5334/jors.151,,,,Journal of Open Research Software,5,1,15,"Ubiquity Press, Ltd.",en,https://doi.org/10.5334/jors.151,0.9,resolved,openalex,2026-08-16T22:32:57Z,X012,"DifferentialEquations.jl is a package for solving differential equations in Julia. It covers discrete equations (function maps, discrete stochastic (Gillespie/Markov) simulations), ordinary differential equations, stochastic differential equations, algebraic differential equations, delay differential equations, hybrid differential equations, jump diffusions, and (stochastic) partial differential equations. Through extensive use of multiple dispatch, metaprogramming, plot recipes, foreign function interfaces (FFI), and call-overloading, DifferentialEquations.jl offers a unified user interface to solve and analyze various forms of differential equations while not sacrificing features or performance. Many modern features are integrated into the solvers, such as allowing arbitrary user-defined number systems for high-precision and arithmetic with physical units, built-in multithreading and parallelism, and symbolic calculation of Jacobians. Integrated into the package is an algorithm testing and benchmarking suite to both ensure accuracy and serve as an easy way for researchers to develop and distribute their own methods. Together, these features build a highly extendable suite which is feature-rich and highly performant.Funding statement: This work was partially supported by NIH grants P50GM76516 and R01GM107264 and NSF grants DMS1562176 and DMS1161621. This material is based upon work supported by the National Science Foundation Graduate Research Fellowship under Grant No. DGE-1321846, the National Academies of Science, Engineering, and Medicine via the Ford Foundation, and the National Institutes of Health Award T32 EB009418. Its contents are solely the responsibility of the authors and do not necessarily represent the official views of the NIH.",Computer science; Differential algebraic equation; Differential equation; Stochastic differential equation; Applied mathematics; Theoretical computer science; Ordinary differential equation; Algebra over a field; Mathematics; Pure mathematics; Mathematical analysis,True,article,True,True,False,doi,,"{'venue': 'crossref', 'volume': 'crossref', 'issue': 'crossref', 'pages': 'crossref', 'publisher': 'crossref', 'url': 'crossref', 'lang': 'heuristic'}","{'crossref': 6, 'heuristic': 1}","X012.R000 resolved | hits:OA,CR | winner:- | filled:venue:CR; lang:HE | missing:-",PASS_CLEAN,,,EC-38,,"{""EC-38"": {""status"": ""MET"", ""decision"": ""not_meet"", ""confidence"": 0.8, ""threshold"": 0.6, ""field"": ""title"", ""quote"": """", ""quote_valid"": false, ""span"": null, ""used"": true}}",PASS_CLEAN: all EL criteria MET.
A356,101103physreve94052205,Excitation and suppression of chimera states by multiplexing,Vladimir Maksimenko; В. В. Макаров; Bidesh K. Bera; Dibakar Ghosh; Syamal K. Dana; Mikhail V. Goremyko; Nikita Frolov; А. А. Короновский; Alexander E. Hramov,Vladimir Maksimenko,2016.0,10.1103/physreve.94.052205,https://pubmed.ncbi.nlm.nih.gov/27967153,,,Physical Review E,94,5,,American Physical Society (APS),en,https://doi.org/10.1103/physreve.94.052205,0.9,resolved,openalex,2026-08-16T22:32:57Z,X012,"We study excitation and suppression of chimera states in an ensemble of nonlocally coupled oscillators arranged in a framework of multiplex network. We consider the homogeneous network (all identical oscillators) with different parametric cases and interlayer heterogeneity by introducing parameter mismatch between the layers. We show the feasibility to suppress chimera states in the multiplex network via moderate interlayer interaction between a layer exhibiting chimera state and other layers which are in a coherent or incoherent state. On the contrary, for larger interlayer coupling, we observe the emergence of identical chimera states in both layers which we call an interlayer chimera state. We map the spatiotemporal behavior in a wide range of parameters, varying interlayer coupling strength and phase lag in two and three multiplexing layers. We also prove the emergence of interlayer chimera states in a multiplex network via evaluation of a continuous model. Furthermore, we consider the two-layered network of Hindmarsh-Rose neurons and reveal that in such a system multiplex interaction between layers is capable of exciting not only the synchronous interlayer chimera state but also nonidentical chimera patterns.",Chimera (genetics); Multiplexing; Multiplex; Homogeneous; Coupling strength; Excitation; Physics; Parametric statistics; Materials science; Statistical physics; Computer science; Condensed matter physics,False,article,True,True,False,doi,,"{'venue': 'crossref', 'volume': 'crossref', 'issue': 'crossref', 'publisher': 'crossref', 'url': 'crossref', 'lang': 'crossref'}",{'crossref': 6},"X012.R000 resolved | hits:OA,CR | winner:- | filled:venue:CR; lang:CR | missing:-",PASS_CLEAN,,,EC-38,,"{""EC-38"": {""status"": ""MET"", ""decision"": ""not_meet"", ""confidence"": 0.8, ""threshold"": 0.6, ""field"": ""title"", ""quote"": """", ""quote_valid"": false, ""span"": null, ""used"": true}}",PASS_CLEAN: all EL criteria MET.
A357,101016jultsonch201508022,The secondary Bjerknes force between two gas bubbles under dual-frequency acoustic excitation,Yuning Zhang; Yuning Zhang; Shengcai Li,Yuning Zhang,2015.0,10.1016/j.ultsonch.2015.08.022,https://pubmed.ncbi.nlm.nih.gov/26584991,,,Ultrasonics Sonochemistry,29,,129-145,Elsevier BV,en,https://doi.org/10.1016/j.ultsonch.2015.08.022,0.9,resolved,openalex,2026-08-16T22:32:57Z,X012,"The secondary Bjerknes force is one of the essential mechanisms of mutual interactions between bubbles oscillating in a sound field. The dual-frequency acoustic excitation has been applied in several fields such as sonochemistry, biomedicine and material engineering. In this paper, the secondary Bjerknes force under dual-frequency excitation is investigated both analytically and numerically within a large parameter zone. The unique characteristics (i.e., the complicated patterns of the parameter zone for sign change and the combination resonances) of the secondary Bjerknes force under dual-frequency excitation are revealed. Moreover, the influence of several parameters (e.g., the pressure amplitude, the bubble distance and the phase difference between sound waves) on the secondary Bjerknes force is also investigated numerically.",Excitation; Bubble; Physics; Sound pressure; Mechanics; Amplitude; Acoustics; Sonochemistry; Classical mechanics; Optics; Quantum mechanics,True,article,True,True,False,doi,,"{'venue': 'crossref', 'volume': 'crossref', 'pages': 'crossref', 'publisher': 'crossref', 'url': 'crossref', 'lang': 'crossref'}",{'crossref': 6},"X012.R000 resolved | hits:OA,CR | winner:- | filled:venue:CR; lang:CR | missing:-",PASS_CLEAN,,,EC-38,,"{""EC-38"": {""status"": ""MET"", ""decision"": ""not_meet"", ""confidence"": 0.8, ""threshold"": 0.6, ""field"": ""title"", ""quote"": """", ""quote_valid"": false, ""span"": null, ""used"": true}}",PASS_CLEAN: all EL criteria MET.
A358,101016jultsonch201610022,Combination and simultaneous resonances of gas bubbles oscillating in liquids under dual-frequency acoustic excitation,Yuning Zhang; Yuning Zhang; Shengcai Li,Yuning Zhang,2016.0,10.1016/j.ultsonch.2016.10.022,https://pubmed.ncbi.nlm.nih.gov/27818004,,,Ultrasonics Sonochemistry,35,,431-439,Elsevier BV,en,https://doi.org/10.1016/j.ultsonch.2016.10.022,0.9,resolved,openalex,2026-08-16T22:32:58Z,X012,,Harmonics; Bubble; Excitation; Resonance (particle physics); Amplitude; Sonochemistry; Acoustics; Nonlinear Oscillations; Nonlinear system; Acoustic resonance; Atomic physics; Physics,False,article,True,True,False,doi,,"{'venue': 'crossref', 'volume': 'crossref', 'pages': 'crossref', 'publisher': 'crossref', 'url': 'crossref', 'lang': 'crossref'}",{'crossref': 6},"X012.R000 resolved | hits:OA,CR | winner:- | filled:venue:CR; lang:CR | missing:abstract",PASS_CLEAN,,,EC-38,,"{""EC-38"": {""status"": ""MET"", ""decision"": ""not_meet"", ""confidence"": 0.8, ""threshold"": 0.6, ""field"": ""title"", ""quote"": """", ""quote_valid"": false, ""span"": null, ""used"": true}}",PASS_CLEAN: all EL criteria MET.
A359,101016jcombustflame201609018,On the merits of extrapolation-based stiff ODE solvers for combustion CFD,Abdurrahman İmren; Daniel C. Haworth,Abdurrahman İmren,2016.0,10.1016/j.combustflame.2016.09.018,,,,Combustion and Flame,174,,1-15,Elsevier BV,en,https://doi.org/10.1016/j.combustflame.2016.09.018,0.9,resolved,openalex,2026-08-16T22:32:59Z,X012,"In applications including compression-ignition engines, there is a need to accommodate more realistic chemistry in computational fluid dynamics (CFD) simulations. Here, we consider approaches where a chemical mechanism is implemented in an application CFD code, an operator-splitting strategy is used to isolate the chemical source terms, and a stiff ordinary differential equation (ODE) solver is used to compute the changes in composition due to chemical reactions for each computational element. Chemical source terms often dominate the computational effort, and reducing the high computational cost associated with realistic chemistry has been the subject of extensive research. This includes work on improved stiff ODE solvers, which in most cases has centered on backward differentiation formula (BDF) methods. Here a different class of solvers is considered, based on extrapolation methods. Key elements of stiff ODE solvers are reviewed briefly, focusing on differences between BDF methods and extrapolation methods. Issues related to using a stiff ODE solver with operator splitting in a CFD code (where the solver is repeatedly stopped and restarted) are emphasized. Homogeneous-reactor results are presented first. There the relationship between user-specified error tolerances and solution accuracy is explored, tradeoffs between accuracy and CPU time are shown, and close-to-linear increase in CPU time with increasing chemical mechanism size is demonstrated. Engine results are presented next, including both homogeneous-charge compression-ignition engines, and direct-injection (nonhomogeneous) compression-ignition engines. There some results are presented where the stiff ODE solver is combined with a dynamic adaptive chemistry scheme. In all cases, it is found that the extrapolation solver offers significant advantages in accuracy and computational efficiency compared to the BDF solver. While the results presented are for one BDF solver (CVODE) and one extrapolation solver (SEULEX), it is anticipated that the insight into how stiff ODE solvers behave in combustion CFD will be broadly applicable to other solvers in these general classes.",Ode; Solver; Extrapolation; Computational fluid dynamics; Stiff equation; Computer science; Applied mathematics; Ordinary differential equation; Computational science; Differential equation; Mathematics; Mechanics,True,article,True,True,False,doi,,"{'venue': 'crossref', 'volume': 'crossref', 'pages': 'crossref', 'publisher': 'crossref', 'url': 'crossref', 'lang': 'crossref'}",{'crossref': 6},"X012.R000 resolved | hits:OA,CR | winner:- | filled:venue:CR; lang:CR | missing:-",EXCLUSION_SUPPRESSED,,,,,"{""EC-38"": {""status"": ""SUPPRESSED"", ""decision"": ""meet"", ""confidence"": 0.9, ""threshold"": 0.6, ""field"": ""abstract"", ""quote"": ""In applications including compression-ignition engines, there is a need to accommodate more realistic chemistry in computational fluid dynamics (CFD) simulations."", ""quote_valid"": true, ""span"": [11, 52], ""used"": true}}","EXCLUSION_SUPPRESSED: the model returned an excluding verdict on EC-38 which passed the evidence gate. Flag-only is in force for this provider, so the record was NOT excluded and needs human review."
A360,101016jultsonch201703058,Chaotic oscillations of gas bubbles under dual-frequency acoustic excitation,Yuning Zhang; Yuning Zhang,Yuning Zhang,2017.0,10.1016/j.ultsonch.2017.03.058,https://pubmed.ncbi.nlm.nih.gov/28412092,,,Ultrasonics Sonochemistry,40,,151-157,Elsevier BV,en,https://doi.org/10.1016/j.ultsonch.2017.03.058,0.9,resolved,openalex,2026-08-16T22:32:59Z,X012,"Chaotic oscillation of bubbles in liquids reduces the efficiency of the sonochemical system and should be suppressed in the practical applications. In the present paper, a chaos control method based on the dual-frequency approach is numerically investigated and is proved to be an effective method even for cases with intensive energy input. It was found that the chaos could be successfully suppressed by the application of dual-frequency approach in a wide range of parameter zone (even with high acoustic pressure amplitude). Furthermore, influences of power allocation between two waves on the chaos control are quantitatively discussed with clear descriptions of the routes from stable oscillations to chaos.",Chaotic; Oscillation (cell signaling); CHAOS (operating system); Dual (grammatical number); Range (aeronautics); Amplitude; Excitation; Control theory (sociology); Power (physics); Mechanics; Physics; Acoustics,True,article,True,True,False,doi,,"{'venue': 'crossref', 'volume': 'crossref', 'pages': 'crossref', 'publisher': 'crossref', 'url': 'crossref', 'lang': 'crossref'}",{'crossref': 6},"X012.R000 resolved | hits:OA,CR | winner:- | filled:venue:CR; lang:CR | missing:-",PASS_CLEAN,,,EC-38,,"{""EC-38"": {""status"": ""MET"", ""decision"": ""not_meet"", ""confidence"": 0.8, ""threshold"": 0.6, ""field"": ""title"", ""quote"": """", ""quote_valid"": false, ""span"": null, ""used"": true}}",PASS_CLEAN: all EL criteria MET.
A361,101016jphysleta201602049,The role of extreme orbits in the global organization of periodic regions in parameter space for one dimensional maps,Diogo Ricardo da Costa; Matheus Hansen; Gustavo Guarise; Rene O. Medrano-T; Edson D. Leonel,Diogo Ricardo da Costa,2016.0,10.1016/j.physleta.2016.02.049,,,,Physics Letters A,380,18-19,1610-1614,Elsevier BV,en,https://doi.org/10.1016/j.physleta.2016.02.049,0.9,resolved,openalex,2026-08-16T22:32:59Z,X012,,Physics; Dissipative system; Parameter space; Nonlinear system; Statistical physics; Formalism (music); Logistic map; Space (punctuation); Periodic orbits; Distribution (mathematics); Classical mechanics; Mathematical analysis,True,article,True,True,False,doi,,"{'venue': 'crossref', 'volume': 'crossref', 'issue': 'crossref', 'pages': 'crossref', 'publisher': 'crossref', 'url': 'crossref', 'lang': 'crossref'}",{'crossref': 7},"X012.R000 resolved | hits:OA,CR | winner:- | filled:venue:CR; lang:CR | missing:abstract",PASS_CLEAN,,,EC-38,,"{""EC-38"": {""status"": ""MET"", ""decision"": ""not_meet"", ""confidence"": 0.9, ""threshold"": 0.6, ""field"": ""title"", ""quote"": """", ""quote_valid"": false, ""span"": null, ""used"": true}}",PASS_CLEAN: all EL criteria MET.
A362,101016jcombustflame201702005,An investigation of GPU-based stiff chemical kinetics integration methods,Nicholas Curtis; Kyle E. Niemeyer; Chih‐Jen Sung,Nicholas Curtis,2017.0,10.1016/j.combustflame.2017.02.005,,,,Combustion and Flame,179,,312-324,Elsevier BV,en,https://doi.org/10.1016/j.combustflame.2017.02.005,0.9,resolved,openalex,2026-08-16T22:33:12Z,X012,"A fifth-order implicit Runge-Kutta method and two fourth-order exponential integration methods equipped with Krylov subspace approximations were implemented for the GPU and paired with the analytical chemical kinetic Jacobian software pyJac. The performance of each algorithm was evaluated by integrating thermochemical state data sampled from stochastic partially stirred reactor simulations and compared with the commonly used CPU-based implicit integrator CVODE. We estimated that the implicit Runge-Kutta method running on a single GPU is equivalent to CVODE running on 12-38 CPU cores for integration of a single global integration time step of 1e-6 s with hydrogen and methane models. In the stiffest case studied---the methane model with a global integration time step of 1e-4 s---thread divergence and higher memory traffic significantly decreased GPU performance to the equivalent of CVODE running on approximately three CPU cores. The exponential integration algorithms performed more slowly than the implicit integrators on both the CPU and GPU. Thread divergence and memory traffic were identified as the main limiters of GPU integrator performance, and techniques to mitigate these issues were discussed. Use of a finite-difference Jacobian on the GPU---in place of the analytical Jacobian provided by pyJac---greatly decreased integrator performance due to thread divergence, resulting in maximum slowdowns of 7.11-240.96 times; in comparison, the corresponding slowdowns on the CPU were just 1.39-2.61 times, underscoring the importance of use of an analytical Jacobian for efficient GPU integration. Finally, future research directions for working towards enabling realistic chemistry in reactive-flow simulations via GPU\slash SIMD accelerated stiff chemical kinetic integration were identified.",Kinetics; Computational science; Chemical kinetics; Computer science; Chemistry; Parallel computing; Thermodynamics; Physics; Classical mechanics,True,article,True,True,False,doi,,"{'venue': 'crossref', 'volume': 'crossref', 'pages': 'crossref', 'publisher': 'crossref', 'url': 'crossref', 'lang': 'crossref', 'abstract': 'unpaywall'}","{'crossref': 6, 'unpaywall': 1}","X012.R000 resolved | hits:OA,CR | winner:- | filled:venue:CR; lang:CR; abstract:UN | missing:-",PASS_CLEAN,,,EC-38,,"{""EC-38"": {""status"": ""MET"", ""decision"": ""not_meet"", ""confidence"": 0.9, ""threshold"": 0.6, ""field"": ""title"", ""quote"": """", ""quote_valid"": false, ""span"": null, ""used"": true}}",PASS_CLEAN: all EL criteria MET.
A363,101016jcnsns201512021,Numerical characterization of nonlinear dynamical systems using parallel computing: The role of GPUs approach,Filipe Ieda Fazanaro; Diogo C. Soriano; Ricardo Suyama; Marconi Kolm Madrid; José Raimundo de Oliveira; Ignacio Bravo Muñoz; Romis Attux,Filipe Ieda Fazanaro,2016.0,10.1016/j.cnsns.2015.12.021,,,,Communications in Nonlinear Science and Numerical Simulation,37,,143-162,Elsevier BV,en,https://doi.org/10.1016/j.cnsns.2015.12.021,0.9,resolved,openalex,2026-08-16T22:33:13Z,X012,,Lyapunov exponent; CUDA; Computer science; Dynamical systems theory; Context (archaeology); Attractor; Discretization; Graphics; Speedup; Nonlinear system; Computational science; Theoretical computer science,False,article,True,True,False,doi,,"{'venue': 'crossref', 'volume': 'crossref', 'pages': 'crossref', 'publisher': 'crossref', 'url': 'crossref', 'lang': 'crossref'}",{'crossref': 6},"X012.R000 resolved | hits:OA,CR | winner:- | filled:venue:CR; lang:CR | missing:abstract",PASS_CLEAN,,,EC-38,,"{""EC-38"": {""status"": ""MET"", ""decision"": ""not_meet"", ""confidence"": 0.9, ""threshold"": 0.6, ""field"": ""title"", ""quote"": """", ""quote_valid"": false, ""span"": null, ""used"": true}}",PASS_CLEAN: all EL criteria MET.
A364,101016jcpc201801015,"Accelerating finite-rate chemical kinetics with coprocessors: Comparing vectorization methods on GPUs, MICs, and CPUs",Christopher P. Stone; Andrew T. Alferman; Kyle E. Niemeyer,Christopher P. Stone,2018.0,10.1016/j.cpc.2018.01.015,,,,Computer Physics Communications,226,,18-29,Elsevier BV,en,https://doi.org/10.1016/j.cpc.2018.01.015,0.9,resolved,openalex,2026-08-16T22:33:14Z,X012,"Efficient ordinary differential equation solvers for chemical kinetics must take into account the available thread and instruction-level parallelism of the underlying hardware, especially on many-core coprocessors, as well as the numerical efficiency. A stiff Rosenbrock and nonstiff Runge-Kutta solver are implemented using the single instruction, multiple thread (SIMT) and single instruction, multiple data (SIMD) paradigms with OpenCL. The performances of these parallel implementations were measured with three chemical kinetic models across several multicore and many-core platforms. Two runtime benchmarks were conducted to clearly determine any performance advantage offered by either method: evaluating the right-hand-side source terms in parallel, and integrating a series of constant-pressure homogeneous reactors using the Rosenbrock and Runge-Kutta solvers. The right-hand-side evaluations with SIMD parallelism on the host multicore Xeon CPU and many-core Xeon Phi co-processor performed approximately three times faster than the baseline multithreaded code. The SIMT model on the host and Phi was 13-35% slower than the baseline while the SIMT model on the GPU provided approximately the same performance as the SIMD model on the Phi. The runtimes for both ODE solvers decreased 2.5-2.7x with the SIMD implementations on the host CPU and 4.7-4.9x with the Xeon Phi coprocessor compared to the baseline parallel code. The SIMT implementations on the GPU ran 1.4-1.6 times faster than the baseline multithreaded CPU code; however, this was significantly slower than the SIMD versions on the host CPU or the Xeon Phi. The performance difference between the three platforms was attributed to thread divergence caused by the adaptive step-sizes within the ODE integrators. Analysis showed that the wider vector width of the GPU incurs a higher level of divergence than the narrower Sandy Bridge or Xeon Phi.",Coprocessor; Kinetics; Vectorization (mathematics); Parallel computing; Computer science; Chemical kinetics; Computational science; Physics; Quantum mechanics,True,article,True,True,False,doi,,"{'venue': 'crossref', 'volume': 'crossref', 'pages': 'crossref', 'publisher': 'crossref', 'url': 'crossref', 'lang': 'crossref', 'abstract': 'unpaywall'}","{'crossref': 6, 'unpaywall': 1}","X012.R000 resolved | hits:OA,CR | winner:- | filled:venue:CR; lang:CR; abstract:UN | missing:-",PASS_CLEAN,,,EC-38,,"{""EC-38"": {""status"": ""MET"", ""decision"": ""not_meet"", ""confidence"": 0.9, ""threshold"": 0.6, ""field"": ""title"", ""quote"": """", ""quote_valid"": false, ""span"": null, ""used"": true}}",PASS_CLEAN: all EL criteria MET.
A366,101140epjbe2017705296,The effect of temperature on generic stable periodic structures in the parameter space of dissipative relativistic standard map,Ana C. C. Horstmann; Holokx A. Albuquerque; Cesar Manchein,Ana C. C. Horstmann,2017.0,10.1140/epjb/e2017-70529-6,,,,The European Physical Journal B,90,5,,Springer Science and Business Media LLC,en,https://doi.org/10.1140/epjb/e2017-70529-6,0.9,resolved,openalex,2026-08-16T22:33:17Z,X012,"In this work, we have characterized changes in the dynamics of a two-dimensional relativistic standard map in the presence of dissipation and specially when it is submitted to thermal effects modeled by a Gaussian noise reservoir. By the addition of thermal noise in the dissipative relativistic standard map (DRSM) it is possible to suppress typical stable periodic structures (SPSs) embedded in the chaotic domains of parameter space for large enough temperature strengths. Smaller SPSs are first affected by thermal effects, starting from their borders, as a function of temperature. To estimate the necessary temperature strength capable to destroy those SPSs we use the largest Lyapunov exponent to obtain the critical temperature ($T_C$) diagrams. For critical temperatures the chaotic behavior takes place with the suppression of periodic motion, although, the temperature strengths considered in this work are not so large to convert the deterministic features of the underlying system into a stochastic ones.",Dissipative system; Lyapunov exponent; Chaotic; Physics; Noise (video); Dissipation; Work (physics); Standard map; Statistical physics; Parameter space; Space (punctuation); Thermal,True,article,True,True,False,doi,,"{'venue': 'crossref', 'volume': 'crossref', 'issue': 'crossref', 'publisher': 'crossref', 'url': 'crossref', 'lang': 'crossref', 'abstract': 'unpaywall'}","{'crossref': 6, 'unpaywall': 1}","X012.R000 resolved | hits:OA,CR | winner:- | filled:venue:CR; lang:CR; abstract:UN | missing:-",EXCLUSION_SUPPRESSED,,,,,"{""EC-38"": {""status"": ""SUPPRESSED"", ""decision"": ""meet"", ""confidence"": 0.85, ""threshold"": 0.6, ""field"": ""abstract"", ""quote"": ""By the addition of thermal noise in the dissipative relativistic standard map (DRSM) it is possible to suppress typical stable periodic structures (SPSs) embedded in the chaotic domains of parameter space for large enough temperature strengths."", ""quote_valid"": true, ""span"": [105, 131], ""used"": true}}","EXCLUSION_SUPPRESSED: the model returned an excluding verdict on EC-38 which passed the evidence gate. Flag-only is in force for this provider, so the record was NOT excluded and needs human review."
A367,1010800022250x20161200039,The social diversification of fashion,Pietro Landi; Fabio Dercole,Pietro Landi,2016.0,10.1080/0022250x.2016.1200039,,,,The Journal of Mathematical Sociology,40,3,185-205,Informa UK Limited,en,https://doi.org/10.1080/0022250x.2016.1200039,0.9,resolved,openalex,2026-08-16T22:33:19Z,X012,"Pietro Landiab* & Fabio Dercoleca Department of Mathematical Sciences, Stellenbosch University, Stellenbosch, South Africab Evolution and Ecology Program, International Institute for Applied Systems Analysis, Laxenburg, Austriac Department of Electronics, Information, and Bioengineering, Politecnico di Milano, Milan, ItalyCONTACT Pietro Landi landi@sun.ac.za Department of Mathematical Sciences, Stellenbosch University, Private Bag X1, 7602, Matieland, Stellenbosch, South Africa.ABSTRACTWe propose a model to investigate the dynamics of fashion traits purely driven by social interactions. We assume that people adapt their style to maximize social success, and we describe the interaction as a repeated group game in which the payoffs reflect the social norms dictated by fashion. On one hand, the tendency to imitate the trendy stereotypes opposed to the tendency to diverge from them to proclaim identity; on the other hand, the exploitation of sex appeal for dating success opposed to the moral principles of the society. These opposing forces promote diversity in fashion traits, as predicted by the modeling framework of adaptive dynamics. Our results link the so-called horizontal dynamics—the primary driver of fashion evolution, compared with the vertical dynamics accounting for interclass and economic drivers—to style variety.",Diversification (marketing strategy); Library science; Regional science; Engineering; Geography; Ecology; Political science; Operations research; Computer science; Biology; Business; Marketing,True,article,True,True,False,doi,,"{'venue': 'crossref', 'volume': 'crossref', 'issue': 'crossref', 'pages': 'crossref', 'publisher': 'crossref', 'url': 'crossref', 'lang': 'crossref'}",{'crossref': 7},"X012.R000 resolved | hits:OA,CR | winner:- | filled:venue:CR; lang:CR | missing:-",PASS_CLEAN,,,EC-38,,"{""EC-38"": {""status"": ""MET"", ""decision"": ""not_meet"", ""confidence"": 0.65, ""threshold"": 0.6, ""field"": ""title"", ""quote"": """", ""quote_valid"": false, ""span"": null, ""used"": true}}",PASS_CLEAN: all EL criteria MET.
A368,101103physreve92022907,Comparison of winding-number sequences for symmetric and asymmetric oscillatory systems,V. Englisch; Ulrich Parlitz; Werner Lauterborn,V. Englisch,2015.0,10.1103/physreve.92.022907,https://pubmed.ncbi.nlm.nih.gov/26382476,,,Physical Review E,92,2,,American Physical Society (APS),en,https://doi.org/10.1103/physreve.92.022907,0.9,resolved,openalex,2026-08-16T22:33:19Z,X012,"The bifurcation sets of symmetric and asymmetric periodically driven oscillators are investigated and classified by means of winding numbers. It is shown that periodic windows within chaotic regions are forming winding-number sequences on different levels. These sequences can be described by a simple formula that makes it possible to predict winding numbers at bifurcation points. Symmetric and asymmetric systems follow similar rules for the development of winding numbers within different sequences and these sequences can be combined into a single general rule. The role of the two distinct period-doubling cascades is investigated in the light of the winding-number sequences discovered. Examples are taken from the double-well Duffing oscillator, a special two-parameter Duffing oscillator, and a bubble oscillator.",Winding number; Mathematics; Bifurcation; Duffing equation; Period-doubling bifurcation; Chaotic; Sequence (biology); Pitchfork bifurcation; Mathematical analysis; Saddle-node bifurcation; Physics; Nonlinear system,False,article,True,True,False,doi,,"{'venue': 'crossref', 'volume': 'crossref', 'issue': 'crossref', 'publisher': 'crossref', 'url': 'crossref', 'lang': 'crossref'}",{'crossref': 6},"X012.R000 resolved | hits:OA,CR | winner:- | filled:venue:CR; lang:CR | missing:-",PASS_CLEAN,,,EC-38,,"{""EC-38"": {""status"": ""MET"", ""decision"": ""not_meet"", ""confidence"": 0.65, ""threshold"": 0.6, ""field"": ""title"", ""quote"": """", ""quote_valid"": false, ""span"": null, ""used"": true}}",PASS_CLEAN: all EL criteria MET.
A369,101016jphysa201603015,Weak dissipative effects on trajectories from the edge of basins of attraction,Carlos Alberto Coelho Jousseph; Taline Suellen Krüger; Cesar Manchein; S. R. Lopes; Marcus W. Beims,Carlos Alberto Coelho Jousseph,2016.0,10.1016/j.physa.2016.03.015,,,,Physica A: Statistical Mechanics and its Applications,456,,68-74,Elsevier BV,en,https://doi.org/10.1016/j.physa.2016.03.015,0.9,resolved,openalex,2026-08-16T22:33:19Z,X012,,Attraction; Dissipative system; Enhanced Data Rates for GSM Evolution; Physics; Classical mechanics; Statistical physics; Mathematics; Mathematical economics; Computer science; Quantum mechanics; Artificial intelligence; Philosophy,True,article,True,True,False,doi,,"{'venue': 'crossref', 'volume': 'crossref', 'pages': 'crossref', 'publisher': 'crossref', 'url': 'crossref', 'lang': 'crossref'}",{'crossref': 6},"X012.R000 resolved | hits:OA,CR | winner:- | filled:venue:CR; lang:CR | missing:abstract",PASS_CLEAN,,,EC-38,,"{""EC-38"": {""status"": ""MET"", ""decision"": ""not_meet"", ""confidence"": 0.65, ""threshold"": 0.6, ""field"": ""title"", ""quote"": """", ""quote_valid"": false, ""span"": null, ""used"": true}}",PASS_CLEAN: all EL criteria MET.
A373,10106315022276,Observing spatio-temporal dynamics of excitable media using reservoir computing,R. Zimmermann; Ulrich Parlitz,R. Zimmermann,2018.0,10.1063/1.5022276,https://pubmed.ncbi.nlm.nih.gov/31906670,,,Chaos: An Interdisciplinary Journal of Nonlinear Science,28,4,,AIP Publishing,en,https://doi.org/10.1063/1.5022276,0.9,resolved,openalex,2026-08-16T22:33:23Z,X012,"We present a dynamical observer for two dimensional partial differential equation models describing excitable media, where the required cross prediction from observed time series to not measured state variables is provided by Echo State Networks receiving input from local regions in space, only. The efficacy of this approach is demonstrated for (noisy) data from a (cubic) Barkley model and the Bueno-Orovio-Cherry-Fenton model describing chaotic electrical wave propagation in cardiac tissue.",Chaotic; Observer (physics); Dynamics (music); Partial differential equation; State space; Computer science; Reservoir computing; Statistical physics; Applied mathematics; Biological system; Mathematics; Physics,False,article,True,True,False,doi,,"{'venue': 'crossref', 'volume': 'crossref', 'issue': 'crossref', 'publisher': 'crossref', 'url': 'crossref', 'lang': 'crossref'}",{'crossref': 6},"X012.R000 resolved | hits:OA,CR | winner:- | filled:venue:CR; lang:CR | missing:-",PASS_CLEAN,,,EC-38,,"{""EC-38"": {""status"": ""MET"", ""decision"": ""not_meet"", ""confidence"": 0.65, ""threshold"": 0.6, ""field"": ""title"", ""quote"": """", ""quote_valid"": false, ""span"": null, ""used"": true}}",PASS_CLEAN: all EL criteria MET.
A374,101007s110710184358z,Non-feedback technique to directly control multistability in nonlinear oscillators by dual-frequency driving,Ferenc Hegedűs; Werner Lauterborn; Ulrich Parlitz; Robert Mettin,Ferenc Hegedűs,2018.0,10.1007/s11071-018-4358-z,,,,Nonlinear Dynamics,94,1,273-293,Springer Science and Business Media LLC,en,https://doi.org/10.1007/s11071-018-4358-z,0.9,resolved,openalex,2026-08-16T22:33:23Z,X012,"A novel method to control multistability of nonlinear oscillators by applying dual-frequency driving is presented. The test model is the Keller–Miksis equation describing the oscillation of a bubble in a liquid. It is solved by an in-house initial-value problem solver capable to exploit the high computational resources of professional graphics cards. During the simulations, the control parameters are the two amplitudes of the acoustic driving at fixed, commensurate frequency pairs. The high-resolution bi-parametric scans in the control parameter plane show that a period-2 attractor can be continuously transformed into a period-3 one (and vice versa) by proper selection of the frequency combination and by proper tuning of the driving amplitudes. This phenomenon has opened a new way to drive the system to a desired, pre-selected attractor directly via a non-feedback control technique without the need of the annihilation of other attractors. Moreover, the residence in transient chaotic regimes can also be avoided. The results are supplemented with simulations obtained by the boundary-value problem solver AUTO, which is capable to compute periodic orbits directly regardless of their stability, and trace them as a function of a control parameter with the pseudo-arclength continuation technique.",Multistability; Attractor; Control theory (sociology); Nonlinear system; Solver; Sawtooth wave; Trajectory; Parametric statistics; Amplitude; Computer science; Physics; Mathematics,True,article,True,True,False,doi,,"{'venue': 'crossref', 'volume': 'crossref', 'issue': 'crossref', 'pages': 'crossref', 'publisher': 'crossref', 'url': 'crossref', 'lang': 'crossref'}",{'crossref': 7},"X012.R000 resolved | hits:OA,CR | winner:- | filled:venue:CR; lang:CR | missing:-",PASS_CLEAN,,,EC-38,,"{""EC-38"": {""status"": ""MET"", ""decision"": ""not_meet"", ""confidence"": 0.9, ""threshold"": 0.6, ""field"": ""title"", ""quote"": """", ""quote_valid"": false, ""span"": null, ""used"": true}}",PASS_CLEAN: all EL criteria MET.
A375,101016jultsonch201901031,Study of non-spherical bubble oscillations under acoustic irradiation in viscous liquid,Kálmán Klapcsik; Ferenc Hegedűs,Kálmán Klapcsik,2019.0,10.1016/j.ultsonch.2019.01.031,https://pubmed.ncbi.nlm.nih.gov/30718178,,,Ultrasonics Sonochemistry,54,,256-273,Elsevier BV,en,https://doi.org/10.1016/j.ultsonch.2019.01.031,0.9,resolved,openalex,2026-08-16T22:33:24Z,X012,"The effect of dissipation on the shape stability of a harmonically excited bubble is investigated. The employed liquid is the highly viscous glycerine. The rate of the dissipation is controlled through the alteration of viscosity of the liquid by varying its temperature. The mean radius of the bubble during its radial oscillation is described by the Keller-Miksis equation. Two approaches are used to describe the surface oscillations. The first model solves the surface dynamics equations of each mode together with the transport equation of the vorticity in the liquid domain. The second model approximates the transport equation, which is a partial differential equation, with a boundary layer approximation reducing the required computational resources significantly. The comparison of the surface models shows qualitative agreement at low dissipation rate; however, at high viscosity the application of the full transport equation is mandatory. The results show that an increasing rate of dissipation can significantly extend the shape stable domains in the excitation frequency-pressure amplitude parameter plane. Nevertheless, the collapse strength is decreasing due to the highly damped oscillations. It has been found that an optimal range of dissipation rate in terms of temperature can be defined expressing a good compromise between the collapse strength and surface stability. The computations are carried out by an in-house GPU accelerated initial value problem solver.",Dissipation; Mechanics; Viscosity; Physics; Oscillation (cell signaling); Bubble; Boundary value problem; RADIUS; Amplitude; Classical mechanics; Thermodynamics; Chemistry,True,article,True,True,False,doi,,"{'venue': 'crossref', 'volume': 'crossref', 'pages': 'crossref', 'publisher': 'crossref', 'url': 'crossref', 'lang': 'crossref'}",{'crossref': 6},"X012.R000 resolved | hits:OA,CR | winner:- | filled:venue:CR; lang:CR | missing:-",PASS_CLEAN,,,EC-38,,"{""EC-38"": {""status"": ""MET"", ""decision"": ""not_meet"", ""confidence"": 0.9, ""threshold"": 0.6, ""field"": ""title"", ""quote"": """", ""quote_valid"": false, ""span"": null, ""used"": true}}",PASS_CLEAN: all EL criteria MET.
A376,101016jultsonch201902010,A simple method to analyze the super-harmonic and ultra-harmonic behavior of the acoustically excited bubble oscillator,Amin Jafari Sojahrood; Dana Wegierak; Hossein Haghi; R. Karshfian; Michael C. Kolios,Amin Jafari Sojahrood,2019.0,10.1016/j.ultsonch.2019.02.010,https://pubmed.ncbi.nlm.nih.gov/30827907,,,Ultrasonics Sonochemistry,54,,99-109,Elsevier BV,en,https://doi.org/10.1016/j.ultsonch.2019.02.010,0.9,resolved,openalex,2026-08-16T22:33:24Z,X012,,Bubble; Bifurcation; Bifurcation diagram; Harmonic; Maxima; Oscillation (cell signaling); Nonlinear system; Physics; Control theory (sociology); Chaotic; Mechanics; Statistical physics,False,article,True,True,False,doi,,"{'venue': 'crossref', 'volume': 'crossref', 'pages': 'crossref', 'publisher': 'crossref', 'url': 'crossref', 'lang': 'crossref'}",{'crossref': 6},"X012.R000 resolved | hits:OA,CR | winner:- | filled:venue:CR; lang:CR | missing:abstract",PASS_CLEAN,,,EC-38,,"{""EC-38"": {""status"": ""MET"", ""decision"": ""not_meet"", ""confidence"": 0.9, ""threshold"": 0.6, ""field"": ""title"", ""quote"": """", ""quote_valid"": false, ""span"": null, ""used"": true}}",PASS_CLEAN: all EL criteria MET.
A377,1012019781315368290,GPU Parallel Program Development Using CUDA,Tolga Soyata,Tolga Soyata,2018.0,10.1201/9781315368290,,,,,,,,Chapman and Hall/CRC,en,https://doi.org/10.1201/9781315368290,0.9,resolved,openalex,2026-08-16T22:33:25Z,X012,,CUDA; Parallel computing; Computer science; General-purpose computing on graphics processing units; Computational science; Computer graphics (images); Graphics,False,book,True,True,False,doi,,"{'publisher': 'crossref', 'url': 'crossref', 'lang': 'crossref'}",{'crossref': 3},"X012.R000 resolved | hits:OA,CR | winner:- | filled:lang:CR | missing:abstract",PASS_CLEAN,,,EC-38,,"{""EC-38"": {""status"": ""MET"", ""decision"": ""not_meet"", ""confidence"": 0.9, ""threshold"": 0.6, ""field"": ""title"", ""quote"": """", ""quote_valid"": false, ""span"": null, ""used"": true}}",PASS_CLEAN: all EL criteria MET.
A378,101140epjbe201990749x,Tracking multistability in the parameter space of a Chua’s circuit model,Nathan S. Nicolau; Tulio M. Oliveira; Anderson Hoff; Holokx A. Albuquerque; Cesar Manchein,Nathan S. Nicolau,2019.0,10.1140/epjb/e2019-90749-x,,,,The European Physical Journal B,92,5,,Springer Science and Business Media LLC,en,https://doi.org/10.1140/epjb/e2019-90749-x,0.9,resolved,openalex,2026-08-16T22:33:26Z,X012,"Abstract The effect of applying an asymmetric periodic continuous-feedback signal F(x), which is a function of voltage x, across one of the capacitors in the classical Chua’s circuit model is examined. We have performed a numerical investigation on the dynamics of the Chua’s circuit model to discuss a procedure of distorting, suppressing and moving attractors and stable periodic structures (SPSs) in phase and parameter spaces, respectively, by accordingly choosing the control parameters in the function F(x). Increasing the asymmetry strength in F(x), we are able to track and to move overlapped SPSs related to multistability phenomenon in phase space, and to suppress SPSs related to one single attractor. Our results indicate that the methodology used here will have a wide spectrum of applications in generic nonlinear complex dynamical systems presenting multistability, related to both theoretical and experimental issues. Graphical abstract",Multistability; Attractor; Chua's circuit; Parameter space; Control theory (sociology); Phase space; Nonlinear system; Asymmetry; Function (biology); Mathematics; SIGNAL (programming language); Capacitor,True,article,True,True,False,doi,,"{'venue': 'crossref', 'volume': 'crossref', 'issue': 'crossref', 'publisher': 'crossref', 'url': 'crossref', 'lang': 'crossref', 'abstract': 'unpaywall'}","{'crossref': 6, 'unpaywall': 1}","X012.R000 resolved | hits:OA,CR | winner:- | filled:venue:CR; lang:CR; abstract:UN | missing:-",PASS_CLEAN,,,EC-38,,"{""EC-38"": {""status"": ""MET"", ""decision"": ""not_meet"", ""confidence"": 0.9, ""threshold"": 0.6, ""field"": ""title"", ""quote"": """", ""quote_valid"": false, ""span"": null, ""used"": true}}",PASS_CLEAN: all EL criteria MET.
A379,10106314999604,Emergent dynamics of spatio-temporal chaos in a heterogeneous excitable medium,Philip Bittihn; Sebastian Berg; Ulrich Parlitz; Stefan Luther,Philip Bittihn,2017.0,10.1063/1.4999604,https://pubmed.ncbi.nlm.nih.gov/28964139,,,Chaos: An Interdisciplinary Journal of Nonlinear Science,27,9,,AIP Publishing,en,https://doi.org/10.1063/1.4999604,0.9,resolved,openalex,2026-08-16T22:33:28Z,X012,"Self-organized activation patterns in excitable media such as spiral waves and spatio-temporal chaos underlie dangerous cardiac arrhythmias. While the interaction of single spiral waves with different types of heterogeneity has been studied extensively, the effect of heterogeneity on fully developed spatio-temporal chaos remains poorly understood. We investigate how the complexity and stability properties of spatio-temporal chaos in the Bär-Eiswirth model of excitable media depend on the heterogeneity of the underlying medium. We employ different measures characterizing the chaoticity of the system and find that the spatial arrangement of multiple discrete lower excitability regions has a strong impact on the complexity of the dynamics. Varying the number, shape, and spatial arrangement of the heterogeneities, we observe strong emergent effects ranging from increases in chaoticity to the complete cessation of chaos, contrasting the expectation from the homogeneous behavior. The implications of our findings for the development and treatment of arrhythmias in the heterogeneous cardiac muscle are discussed.",CHAOS (operating system); Dynamics (music); Statistical physics; Computer science; Physics; Acoustics; Computer security,False,article,True,True,False,doi,,"{'venue': 'crossref', 'volume': 'crossref', 'issue': 'crossref', 'publisher': 'crossref', 'url': 'crossref', 'lang': 'crossref'}",{'crossref': 6},"X012.R000 resolved | hits:OA,CR | winner:- | filled:venue:CR; lang:CR | missing:-",PASS_CLEAN,,,EC-38,,"{""EC-38"": {""status"": ""MET"", ""decision"": ""not_meet"", ""confidence"": 0.8, ""threshold"": 0.6, ""field"": ""title"", ""quote"": """", ""quote_valid"": false, ""span"": null, ""used"": true}}",PASS_CLEAN: all EL criteria MET.
A380,101007s11071019048898,On the global dynamics of connected vehicle systems,Adam K. Kiss; Sergei S. Avedisov; Dániel Bachrathy; Gábor Orosz,Adam K. Kiss,2019.0,10.1007/s11071-019-04889-8,,,,Nonlinear Dynamics,96,3,1865-1877,Springer Science and Business Media LLC,en,https://doi.org/10.1007/s11071-019-04889-8,0.9,resolved,openalex,2026-08-16T22:33:28Z,X012,"In this contribution, heterogeneous connected vehicle systems, that include human-driven as well as connected automated vehicles, are investigated. The reaction time delay of human drivers as well as the communication and actuation delays of connected automated vehicles is incorporated in the model. Saturations due to the speed limit and limited acceleration capabilities of the vehicles are also taken into account. The arising nonlinear delayed system is studied using analytical and numerical bifurcation analysis. Stability analysis is used to identify regions in parameter space where oscillations arise due to loss of linear stability of the equilibrium. Moreover, with the help of numerical continuation, bistability between the equilibrium and oscillations is shown to exist due to the presence of an isola. It is demonstrated that utilizing long-range wireless vehicle-to-vehicle communication the connected automated vehicle is able to eliminate the oscillations and keep the traffic flow smooth.",Control theory (sociology); Bifurcation; Numerical continuation; Nonlinear system; Bistability; Acceleration; Stability (learning theory); Range (aeronautics); Computer science; Vehicle dynamics; Limit (mathematics); Parameter space,True,article,True,True,False,doi,,"{'venue': 'crossref', 'volume': 'crossref', 'issue': 'crossref', 'pages': 'crossref', 'publisher': 'crossref', 'url': 'crossref', 'lang': 'crossref'}",{'crossref': 7},"X012.R000 resolved | hits:OA,CR | winner:- | filled:venue:CR; lang:CR | missing:-",PASS_CLEAN,,,EC-38,,"{""EC-38"": {""status"": ""MET"", ""decision"": ""not_meet"", ""confidence"": 0.9, ""threshold"": 0.6, ""field"": ""title"", ""quote"": """", ""quote_valid"": false, ""span"": null, ""used"": true}}",PASS_CLEAN: all EL criteria MET.
A381,101142s0218127417501759,Extensive Numerical Study and Circuitry Implementation of the Watt Governor Model,David William Cordeiro Marcôndes; G. F. Comassetto; Bruna Gabriela Pedro; João Carlos Vieira; Anderson Hoff; Flavio Prebianca; Cesar Manchein; Holokx A. Albuquerque,David William Cordeiro Marcôndes,2017.0,10.1142/s0218127417501759,,,,International Journal of Bifurcation and Chaos,27,11,1750175,World Scientific Pub Co Pte Lt,en,https://doi.org/10.1142/s0218127417501759,0.9,resolved,openalex,2026-08-16T22:33:29Z,X012,"In this work we carry out extensive numerical study of a Watt centrifugal governor system model, and we also implement an electronic circuit by analog computation to experimentally solve the model. Our numerical results show the existence of self-organized stable periodic structures (SPSs) on parameter-space of the largest Lyapunov exponent and isospikes of time series of the Watt governor system model. A peculiar hierarchical organization and period-adding bifurcation cascade of the SPSs are observed, and this self-organized cascade accumulates on a periodic boundary. It is also shown that the periods of these structures organize themselves obeying the solutions of Diophantine equations. In addition, an experimental setup is implemented by a circuitry analogy of mechanical systems using analog computing technique to characterize the robustness of our numerical results. After applying an active control of chaos in the experiment, the effect of intrinsic experimental noise was minimized such that, the experimental results are astonishingly well in agreement with our numerical findings. We can also mention as another remarkable result, the application of analog computing technique to perform an experimental circuitry analysis in real mechanical problems.",Cascade; Analog computer; Governor; Computer science; Lyapunov exponent; Robustness (evolution); Computation; Analogue electronics; Bifurcation; Control theory (sociology); Numerical analysis; Electronic circuit,True,article,True,True,False,doi,,"{'venue': 'crossref', 'volume': 'crossref', 'issue': 'crossref', 'pages': 'crossref', 'publisher': 'crossref', 'url': 'crossref', 'lang': 'crossref'}",{'crossref': 7},"X012.R000 resolved | hits:OA,CR | winner:- | filled:venue:CR; lang:CR | missing:-",PASS_CLEAN,,,EC-38,,"{""EC-38"": {""status"": ""MET"", ""decision"": ""not_meet"", ""confidence"": 0.7, ""threshold"": 0.6, ""field"": ""title"", ""quote"": """", ""quote_valid"": false, ""span"": null, ""used"": true}}",PASS_CLEAN: all EL criteria MET.
A382,103389fphy201800039,Spatiotemporal Permutation Entropy as a Measure for Complexity of Cardiac Arrhythmia,Alexander Schlemmer; Sebastian Berg; Thomas Lilienkamp; Stefan Luther; Ulrich Parlitz,Alexander Schlemmer,2018.0,10.3389/fphy.2018.00039,,,,Frontiers in Physics,6,,,Frontiers Media SA,en,https://doi.org/10.3389/fphy.2018.00039,0.9,resolved,openalex,2026-08-16T22:33:29Z,X012,"Permutation entropy (PE) is a robust quantity for measuring the complexity of time series. In the cardiac community it is predominantly used in the context of electrocardiogram (ECG) signal analysis for diagnoses and predictions with a major application found in heart rate variability parameters. In this article we are combining spatial and temporal PE to form a spatiotemporal PE that captures both, complexity of spatial structures and temporal complexity at the same time. We demonstrate that the spatiotemporal PE (STPE) quantifies complexity using two datasets from simulated cardiac arrhythmia and compare it to phase singularity analysis and spatial PE (SPE). These datasets simulate ventricular fibrillation (VF) on a two-dimensional and a three-dimensional medium using the Fenton-Karma model. We show that SPE and STPE are robust against noise and demonstrate its usefulness for extracting complexity features at different spatial scales.",Cardiac arrhythmia; Entropy (arrow of time); Computer science; Context (archaeology); Pattern recognition (psychology); Artificial intelligence; Heart rate variability; Medical diagnosis; Algorithm; Mathematics; Atrial fibrillation; Cardiology,True,article,True,True,False,doi,,"{'venue': 'crossref', 'volume': 'crossref', 'publisher': 'crossref', 'url': 'crossref', 'lang': 'heuristic'}","{'crossref': 4, 'heuristic': 1}","X012.R000 resolved | hits:OA,CR | winner:- | filled:venue:CR; lang:HE | missing:-",PASS_CLEAN,,,EC-38,,"{""EC-38"": {""status"": ""MET"", ""decision"": ""not_meet"", ""confidence"": 0.6, ""threshold"": 0.6, ""field"": ""title"", ""quote"": """", ""quote_valid"": false, ""span"": null, ""used"": true}}",PASS_CLEAN: all EL criteria MET.
A383,101002nme5795,Bifurcation analysis of nonlinear time‐periodic time‐delay systems via semidiscretization,Tamás G. Molnár; Zoltán Dombóvári; Tamás Insperger; Gábor Stépàn,Tamás G. Molnár,2018.0,10.1002/nme.5795,,,,International Journal for Numerical Methods in Engineering,115,1,57-74,Wiley,en,https://doi.org/10.1002/nme.5795,0.9,resolved,openalex,2026-08-16T22:33:29Z,X012,"Summary Bifurcations of the periodic stationary solutions of nonlinear time‐periodic time‐delay dynamical systems are analyzed. The solution operator of the governing nonlinear delay‐differential equation is approximated by a sequence of nonlinear maps via semidiscretization. The subsequent nonlinear maps are combined to a single resultant nonlinear map that describes the evolution over the time period. Fold, flip, and Neimark‐Sacker bifurcations related to the fixed point of this map are analyzed via center manifold reduction and normal form theorems. The analysis unfolds the approximate stability properties and bifurcations of the stationary solution of the delay‐differential equation and, at the same time, allows the approximate computation of the arising period‐1, period‐2, and quasi‐periodic solution branches. The method is demonstrated for the delayed Mathieu‐Duffing equation, and the results are verified by numerical continuation.",Mathematics; Nonlinear system; Mathematical analysis; Center manifold; Bifurcation; Duffing equation; Periodic point; Differential equation; Computation; Delay differential equation; Continuation; Applied mathematics,False,article,True,True,False,doi,,"{'venue': 'crossref', 'volume': 'crossref', 'issue': 'crossref', 'pages': 'crossref', 'publisher': 'crossref', 'url': 'crossref', 'lang': 'crossref'}",{'crossref': 7},"X012.R000 resolved | hits:OA,CR | winner:- | filled:venue:CR; lang:CR | missing:-",PASS_CLEAN,,,EC-38,,"{""EC-38"": {""status"": ""MET"", ""decision"": ""not_meet"", ""confidence"": 0.8, ""threshold"": 0.6, ""field"": ""title"", ""quote"": """", ""quote_valid"": false, ""span"": null, ""used"": true}}",PASS_CLEAN: all EL criteria MET.
A384,101186s1285901821083,Heterogeneous computing for epidemiological model fitting and simulation,Thomas Kovac; Tom Haber; Frank Van Reeth; Niel Hens,Thomas Kovac,2018.0,10.1186/s12859-018-2108-3,https://pubmed.ncbi.nlm.nih.gov/29548279,,,BMC Bioinformatics,19,1,,Springer Science and Business Media LLC,en,https://doi.org/10.1186/s12859-018-2108-3,0.9,resolved,openalex,2026-08-16T22:33:30Z,X012,"BACKGROUND: Over the last years, substantial effort has been put into enhancing our arsenal in fighting epidemics from both technological and theoretical perspectives with scientists from different fields teaming up for rapid assessment of potentially urgent situations. This paper focusses on the computational aspects of infectious disease models and applies commonly available graphics processing units (GPUs) for the simulation of these models. However, fully utilizing the resources of both CPUs and GPUs requires a carefully balanced heterogeneous approach. RESULTS: The contribution of this paper is twofold. First, an efficient GPU implementation for evaluating a small-scale ODE model; here, the basic S(usceptible)-I(nfected)-R(ecovered) model, is discussed. Second, an asynchronous particle swarm optimization (PSO) implementation is proposed where batches of particles are sent asynchronously from the host (CPU) to the GPU for evaluation. The ultimate goal is to infer model parameters that enable the model to correctly describe observed data. The particles of the PSO algorithm are candidate parameters of the model; finding the right one is a matter of optimizing the likelihood function which quantifies how well the model describes the observed data. By employing a heterogeneous approach, in which both CPU and GPU are kept busy with useful work, speedups of 10 to 12 times can be achieved on a moderate machine with a high-end consumer GPU as compared to a high-end system with 32 CPU cores. CONCLUSIONS: Utilizing GPUs for parameter inference can bring considerable increases in performance using average host systems with high-end consumer GPUs. Future studies should evaluate the benefit of using newer CPU and GPU architectures as well as applying this method to more complex epidemiological scenarios.",Computer science; Inference; Asynchronous communication; Particle swarm optimization; Symmetric multiprocessor system; Graphics; Host (biology); Central processing unit; Distributed computing; Algorithm; Artificial intelligence; Operating system,True,article,True,True,False,doi,,"{'venue': 'crossref', 'volume': 'crossref', 'issue': 'crossref', 'publisher': 'crossref', 'url': 'crossref', 'lang': 'crossref'}",{'crossref': 6},"X012.R000 resolved | hits:OA,CR | winner:- | filled:venue:CR; lang:CR | missing:-",PASS_CLEAN,,,EC-38,,"{""EC-38"": {""status"": ""MET"", ""decision"": ""not_meet"", ""confidence"": 0.8, ""threshold"": 0.6, ""field"": ""title"", ""quote"": """", ""quote_valid"": false, ""span"": null, ""used"": true}}",PASS_CLEAN: all EL criteria MET.
A385,101007s1122701825495,ginSODA: massive parallel integration of stiff ODE systems on GPUs,Marco S. Nobile; Paolo Cazzaniga; Daniela Besozzi; Giancarlo Mauri,Marco S. Nobile,2018.0,10.1007/s11227-018-2549-5,,,,The Journal of Supercomputing,75,12,7844-7856,Springer Science and Business Media LLC,en,https://doi.org/10.1007/s11227-018-2549-5,0.9,resolved,openalex,2026-08-16T22:33:30Z,X012,"Ordinary differential equations (ODEs) are a widespread formalism for the mathematical modeling of natural and engineering systems, whose analysis is generally performed by means of numerical integration methods. However, real-world models are often characterized by stiffness, a circumstance that can lead to prohibitive execution times. In such cases, the practical viability of many computational tools—e.g., sensitivity analysis—is hampered by the necessity to carry out a large number of simulations. In this work, we present ginSODA, a general-purpose black-box numerical integrator that distributes the calculations on graphics processing units, and allows to run massive numbers of numerical integrations of ODE systems characterized by stiffness. By leveraging symbolic differentiation, meta-programming techniques, and source code hashing, ginSODA automatically builds highly optimized binaries for the CUDA architecture, preventing code re-compilation and allowing to speed up the computation with respect to the sequential execution. ginSODA also provides a simplified Python interface, which allows to define a system of ODEs and the test to be performed in a few lines of code. According to our results, ginSODA provides up to a $$25 \times $$ 25 × speedup with respect to the sequential execution.",Computer science; Speedup; Ode; Ordinary differential equation; CUDA; Parallel computing; Computational science; Stiff equation; Python (programming language); Numerical integration; Differential equation; Theoretical computer science,False,article,True,True,False,doi,,"{'venue': 'crossref', 'volume': 'crossref', 'issue': 'crossref', 'pages': 'crossref', 'publisher': 'crossref', 'url': 'crossref', 'lang': 'crossref', 'abstract': 'unpaywall'}","{'crossref': 7, 'unpaywall': 1}","X012.R000 resolved | hits:OA,CR | winner:- | filled:venue:CR; lang:CR; abstract:UN | missing:-",PASS_CLEAN,,,EC-38,,"{""EC-38"": {""status"": ""MET"", ""decision"": ""not_meet"", ""confidence"": 0.8, ""threshold"": 0.6, ""field"": ""title"", ""quote"": """", ""quote_valid"": false, ""span"": null, ""used"": true}}",PASS_CLEAN: all EL criteria MET.
A386,10108817518121aaaabd,Hierarchical collapse of regular islands via dissipation,Carlos Alberto Coelho Jousseph; S. A. Abdulack; Cesar Manchein; Marcus W. Beims,Carlos Alberto Coelho Jousseph,2018.0,10.1088/1751-8121/aaaabd,,,,Journal of Physics A: Mathematical and Theoretical,51,10,105101,IOP Publishing,en,https://doi.org/10.1088/1751-8121/aaaabd,0.9,resolved,openalex,2026-08-16T22:33:32Z,X012,"Abstract In this work we investigate how regular islands localized in a mixed phase-space of generic area-preserving Hamiltonian systems are affected by a small amount of dissipation. Mainly we search for a universality (hierarchy) in the convergence of higher-order resonances and their periods when dissipation increases. One very simple scenario is already known: when subjected to small dissipation, stable periodic points become sinks attracting almost all the surrounding orbits, destroying all invariant curves which divide the phase-space in chaotic and regular domains. However, performing numerical experiments with the paradigmatic Chirikov–Taylor standard mapping we show that this presumably simple scenario can be rather complicated. The first, not trivial, scenario is what happens to chaotic trajectories, since they can be attracted by the sinks or by chaotic attractors, in cases when they exist. We show that this depends very much on how basins of attraction are formed as dissipation increases. In addition, we demonstrate that higher-order resonances are usually first affected by small dissipation when compared to lower-order resonances from the conservative case. Nevertheless, this is not a generic behaviour. We show that a local hierarchical collapse of resonances, as dissipation increases, is related to the area of the islands from the conservative case surrounding the periodic orbits. All observed resonance destructions occur via the bifurcation phenomena and are quantified here by determining the largest finite-time Lyapunov exponent.",Dissipation; Materials science; Mechanics; Physics; Thermodynamics,True,article,True,True,False,doi,,"{'venue': 'crossref', 'volume': 'crossref', 'issue': 'crossref', 'pages': 'crossref', 'publisher': 'crossref', 'url': 'crossref', 'lang': 'heuristic'}","{'crossref': 6, 'heuristic': 1}","X012.R000 resolved | hits:OA,CR | winner:- | filled:venue:CR; lang:HE | missing:-",PASS_CLEAN,,,EC-38,,"{""EC-38"": {""status"": ""MET"", ""decision"": ""not_meet"", ""confidence"": 0.8, ""threshold"": 0.6, ""field"": ""title"", ""quote"": """", ""quote_valid"": false, ""span"": null, ""used"": true}}",PASS_CLEAN: all EL criteria MET.
A387,101007s1122701824093,Correction to: Simultaneous multiprocessing in a software-defined heterogeneous FPGA,Jose Nunez‐Yanez; Sam Amiri; Mohammad Hosseinabady; Andrés Rodríguez; Rafael Asenjo; Ángeles Navarro; Darío Suárez Gracia; Rubén Gran Tejero,Jose Nunez‐Yanez,2018.0,10.1007/s11227-018-2409-3,,,,The Journal of Supercomputing,75,8,4096-4097,Springer Science and Business Media LLC,en,https://doi.org/10.1007/s11227-018-2409-3,0.9,resolved,openalex,2026-08-16T22:33:33Z,X012,The presentation of Table&nbsp;2 was incorrect in the original article. The correct Table&nbsp;2 is given below. The original article has been corr,Computer science; Table (database); Multiprocessing; Parallel computing; Presentation (obstetrics); Software; Field-programmable gate array; Programming language; Operating system; Database; Medicine; Radiology,True,article,True,True,False,doi,,"{'venue': 'crossref', 'volume': 'crossref', 'issue': 'crossref', 'pages': 'crossref', 'publisher': 'crossref', 'url': 'crossref', 'lang': 'crossref'}",{'crossref': 7},"X012.R000 resolved | hits:OA,CR | winner:- | filled:venue:CR; lang:CR | missing:-",PASS_CLEAN,,,EC-38,,"{""EC-38"": {""status"": ""MET"", ""decision"": ""not_meet"", ""confidence"": 0.8, ""threshold"": 0.6, ""field"": ""title"", ""quote"": """", ""quote_valid"": false, ""span"": null, ""used"": true}}",PASS_CLEAN: all EL criteria MET.
A388,1015200winn15345998975,"A Comparison Between Differential Equation Solver Suites In MATLAB, R, Julia, Python, C, Mathematica, Maple, and Fortran",Christopher Rackauckas,Christopher Rackauckas,2018.0,10.15200/winn.153459.98975,,,,,,,,Wiley,en,https://doi.org/10.15200/winn.153459.98975,0.9,resolved,openalex,2026-08-16T22:33:33Z,X012,"Many times a scientist is choosing a programming language or a software for a specific purpose. For the field of scientific computing, the methods for solving differential equations are one of the important areas. What I would like to do is take the time to compare and contrast between the most popular offerings. This is a good way to reflect upon what's available and find out where there is room for improvement. I hope that by giving you the details for how each suite was put together (and the ""why"", as gathered from software publications) you can come to your own conclusion as to which suites are right for you.",Python (programming language); Computer science; Fortran; MATLAB; Solver; Software; Suite; Programming language; Mathematical software; Differential equation; Software suite; Computational science,True,preprint,True,True,False,doi,,"{'publisher': 'crossref', 'url': 'crossref', 'lang': 'heuristic'}","{'crossref': 2, 'heuristic': 1}","X012.R000 resolved | hits:OA,CR | winner:- | filled:lang:HE | missing:-",PASS_CLEAN,,,EC-38,,"{""EC-38"": {""status"": ""MET"", ""decision"": ""not_meet"", ""confidence"": 0.8, ""threshold"": 0.6, ""field"": ""title"", ""quote"": """", ""quote_valid"": false, ""span"": null, ""used"": true}}",PASS_CLEAN: all EL criteria MET.
A389,10112115068280,Experimental and numerical investigation of backscattered signal strength from different concentrations of nanobubble and microbubble clusters,Hossein Haghi; Amin Jafari Sojahrood; Al de Leon; Agata A. Exner; Michael C. Kolios,Hossein Haghi,2018.0,10.1121/1.5068280,,,,The Journal of the Acoustical Society of America,144,3_Supplement,1888-1888,Acoustical Society of America (ASA),en,https://doi.org/10.1121/1.5068280,0.9,resolved,openalex,2026-08-16T22:33:33Z,X012,"Optimizing the clinical performance of Nanobubbles and Microbubbles (MBs and NBs) requires not only a good understanding of their individual bubble dynamics, but how bubble interactions change these dynamics. Here we report our experimental and simulation results showing the changes in backscattered signal strength from different concentrations of NBs or MBs. NBs and MBs are sorted by size to isolate two populations with mean diameters of 200 nm and 1 micron, respectively. Our results show that increasing number density of NBs or MBs is accompanied with an increase in the strength of their backscattered signals up to a certain concentration, above which the strength of the signal decreases. This decrease is not associated with the medium attenuation which was not accounted for. Our numerical simulations that include inter-bubble interactions are in general agreement with our experimental results. Moreover, acquired data show the that concentration at which there is signal saturation for NBs is orders of magnitude higher than that of MBs (1e9 vs 1e6 bubbles per mL), suggesting a potential explanation behind the very strong backscatter observed in NB clusters compared to MBs. Numerical simulations show that increasing the number density of bubbles decreases the individual signal strength of each individual bubbles.",Bubble; Attenuation; Signal strength; SIGNAL (programming language); Materials science; Microbubbles; Saturation (graph theory); Backscatter (email); Computational physics; Target strength; Scattering; Mechanics,False,article,True,True,False,doi,,"{'venue': 'crossref', 'volume': 'crossref', 'issue': 'crossref', 'pages': 'crossref', 'publisher': 'crossref', 'url': 'crossref', 'lang': 'crossref'}",{'crossref': 7},"X012.R000 resolved | hits:OA,CR | winner:- | filled:venue:CR; lang:CR | missing:-",EXCLUSION_SUPPRESSED,,,,,"{""EC-38"": {""status"": ""SUPPRESSED"", ""decision"": ""meet"", ""confidence"": 0.85, ""threshold"": 0.6, ""field"": ""title"", ""quote"": ""Experimental and numerical investigation of backscattered signal strength from different concentrations of nanobubble and microbubble clusters"", ""quote_valid"": true, ""span"": null, ""used"": true}}","EXCLUSION_SUPPRESSED: the model returned an excluding verdict on EC-38 which passed the evidence gate. Flag-only is in force for this provider, so the record was NOT excluded and needs human review."
A390,10112114987295,Numerical investigation of the subharmonic response of a cloud of interacting microbubbles,Hossein Haghi; Amin Jafari Sojahrood; Raffi Karshafian; Michael C. Kolios,Hossein Haghi,2017.0,10.1121/1.4987295,,,,The Journal of the Acoustical Society of America,141,5_Supplement,3493-3493,Acoustical Society of America (ASA),en,https://doi.org/10.1121/1.4987295,0.9,resolved,openalex,2026-08-16T22:33:33Z,X012,"Microbubbles (MBs) usually exist in polydisperse populations and often strongly interact with each other. Accurate investigation of the dynamics of the MBs requires considering the interaction between Microbubbles. We have developed an efficient method for numerically simulating N interacting MBs. The subharmonic (SH) responses of a polydispersions of 3-52 microbubbles with sizes between 2-5 microns, excited with ultrasound with a frequency and pressure of 1.8-8 MHz and 1-500 kPa were investigated. We show that if the frequency is set to the SH resonance of the larger MBs, the smaller MBs oscillations are controlled by the larger MB and the SH amplitude of the population of MBs increases. For small enough distances between MBs, one large MB may control the oscillations of the rest. If the excitation frequency is equal to the SH resonance of the smaller MBs, there exists two pressure regions. For lower pressures, the oscillations of the larger MB are out of phase with the smaller MBs and the resulting SH amplitude is smaller than the case without the bigger MB. As the pressure increases the oscillations of the larger MB becomes in phase with the smaller MBs and the SH response of the system is enhanced.",Microbubbles; Subharmonic; Amplitude; Phase (matter); Resonance (particle physics); Population; Excitation; Excited state; Acoustics; Materials science; Physics; Mechanics,False,article,True,True,False,doi,,"{'venue': 'crossref', 'volume': 'crossref', 'issue': 'crossref', 'pages': 'crossref', 'publisher': 'crossref', 'url': 'crossref', 'lang': 'crossref'}",{'crossref': 7},"X012.R000 resolved | hits:OA,CR | winner:- | filled:venue:CR; lang:CR | missing:-",PASS_CLEAN,,,EC-38,,"{""EC-38"": {""status"": ""MET"", ""decision"": ""not_meet"", ""confidence"": 0.9, ""threshold"": 0.6, ""field"": ""title"", ""quote"": """", ""quote_valid"": false, ""span"": null, ""used"": true}}",PASS_CLEAN: all EL criteria MET.
A391,10112114987297,Towards the accurate characterization of the shell parameters of microbubbles based on attenuation and sound speed measurements,Amin Jafari Sojahrood; Qian Li; Hossein Haghi; Raffi Karshafian; Tyrone M. Porter; Michael C. Kolios,Amin Jafari Sojahrood,2017.0,10.1121/1.4987297,,,,The Journal of the Acoustical Society of America,141,5_Supplement,3493-3493,Acoustical Society of America (ASA),en,https://doi.org/10.1121/1.4987297,0.9,resolved,openalex,2026-08-16T22:33:34Z,X012,"Measurements of microbubble (MB) shell parameters is a challenging task because of the nonlinear dynamics of MBs. Shell parameter estimations that are typically based on solving linear models will generate inaccurate results, especially at higher pressure excitations. These approaches also often ignore the analysis of sound speed which provides useful information about the bulk modulus of the medium. In addition, the effect of MB-MB interaction is neglected. In this work, the attenuation and sound speed of monodisperse MB populations with mean diameters of 4 to 6 micron and peak concentrations of 1000 to 15000 bubbles/ml are measured for a pressure range of 10 to 100 kPa. The subharmonic pressure threshold of the solution was measured by narrowband excitations spanning from 1 to 4 MHz. The subharmonic generation pressure threshold was used to estimate an initial guess for shell viscosity and surface tension. The experimental results were fitted using numerical simulations of the Marmottant model and our recently developed nonlinear model for attenuation and sound speed. The effect of MB-MB interaction was also implemented using simulations of a lattice of interacting MBs (fitted to the measured sizes of MBs) to take into account the effect of concentration.",Attenuation; Acoustics; Speed of sound; Nonlinear system; Subharmonic; Sound pressure; Materials science; Shell (structure); Mechanics; Nonlinear acoustics; Range (aeronautics); Computational physics,False,article,True,True,False,doi,,"{'venue': 'crossref', 'volume': 'crossref', 'issue': 'crossref', 'pages': 'crossref', 'publisher': 'crossref', 'url': 'crossref', 'lang': 'crossref'}",{'crossref': 7},"X012.R000 resolved | hits:OA,CR | winner:- | filled:venue:CR; lang:CR | missing:-",PASS_CLEAN,,,EC-38,,"{""EC-38"": {""status"": ""MET"", ""decision"": ""not_meet"", ""confidence"": 0.9, ""threshold"": 0.6, ""field"": ""title"", ""quote"": """", ""quote_valid"": false, ""span"": null, ""used"": true}}",PASS_CLEAN: all EL criteria MET.
A392,10112115036108,On amplification of radial oscillations of microbubbles due to bubble-bubble interaction in polydisperse microbubble clusters under ultrasound excitation,Hossein Haghi; Amin Jafari Sojahrood; Michael C. Kolios,Hossein Haghi,2018.0,10.1121/1.5036108,,,,The Journal of the Acoustical Society of America,143,3_Supplement,1862-1862,Acoustical Society of America (ASA),en,https://doi.org/10.1121/1.5036108,0.9,resolved,openalex,2026-08-16T22:33:34Z,X012,"Optimizing the performance of microbubbles (MBs) in applications not only requires a good understanding of the dynamics of individual MBs, but also knowledge of their interactions with each other within polydisperse clusters. However, the behavior of acoustically driven MB clusters is not well understood. Most studies have been limited to cases of a few interacting MBs for a limited range of acoustical parameters. We use a numerical method to simulate the dynamics of clusters of (20–50 MBs) randomly distributed MBs. MBs with the size distribution of 2–8 micron were sonicated with pressures between 1 and 250 kPa, frequencies between 0.5 and 10 MHz and concentrations between 2e3 and 2.5e6 MBs/mL. Bifurcation structures of radial oscillations of each MB within a cluster were studied. Results show that in a polydisperse MB cluster, larger MBs (even in small numbers) can amplify the radial oscillations of smaller MBs. Amplification occurs if the resonance peaks of larger MBs coincide with the resonance peaks of smaller MBs. Additionally, there is an optimum number density at which amplification is maximized. Results suggest that the presence of bigger MBs may enhance the superharmonic oscillations of the smaller MBs which can be applied in superhamonic ultrasound imaging using MBs.",Bubble; Microbubbles; Cluster (spacecraft); Excitation; Resonance (particle physics); Materials science; Acoustics; Range (aeronautics); Ultrasound; Molecular physics; Cavitation; Physics,False,article,True,True,False,doi,,"{'venue': 'crossref', 'volume': 'crossref', 'issue': 'crossref', 'pages': 'crossref', 'publisher': 'crossref', 'url': 'crossref', 'lang': 'crossref'}",{'crossref': 7},"X012.R000 resolved | hits:OA,CR | winner:- | filled:venue:CR; lang:CR | missing:-",PASS_CLEAN,,,EC-38,,"{""EC-38"": {""status"": ""MET"", ""decision"": ""not_meet"", ""confidence"": 0.9, ""threshold"": 0.6, ""field"": ""title"", ""quote"": """", ""quote_valid"": false, ""span"": null, ""used"": true}}",PASS_CLEAN: all EL criteria MET.
A393,101016c20150024315,Programming Massively Parallel Processors,David B. Kirk; Wen‐mei Hwu,David B. Kirk,2017.0,10.1016/c2015-0-02431-5,,,,,,,,Elsevier,en,https://doi.org/10.1016/c2015-0-02431-5,0.9,resolved,openalex,2026-08-16T22:33:34Z,X012,,Massively parallel; Parallel computing; Computer science,False,other,True,True,False,doi,,"{'publisher': 'crossref', 'url': 'crossref', 'lang': 'crossref', 'authors': 'openalex', 'first_author': 'openalex'}","{'crossref': 3, 'openalex': 2}","X012.R000 resolved | hits:OA,CR | winner:- | filled:lang:CR | missing:abstract",PASS_CLEAN,,,EC-38,,"{""EC-38"": {""status"": ""MET"", ""decision"": ""not_meet"", ""confidence"": 0.9, ""threshold"": 0.6, ""field"": ""title"", ""quote"": """", ""quote_valid"": false, ""span"": null, ""used"": true}}",PASS_CLEAN: all EL criteria MET.
A394,101103physreve100022224,Chimera state in complex networks of bistable Hodgkin-Huxley neurons,Andrey Andreev; Nikita Frolov; Alexander N. Pisarchik; Alexander E. Hramov,Andrey Andreev,2019.0,10.1103/physreve.100.022224,https://pubmed.ncbi.nlm.nih.gov/31574636,,,Physical Review E,100,2,,American Physical Society (APS),en,https://doi.org/10.1103/physreve.100.022224,0.9,resolved,openalex,2026-08-16T22:33:35Z,X012,"In this paper we study a chimera state in complex networks of bistable Hodgkin-Huxley neurons with excitatory coupling, which manifests as a termination of spiking activity of a part of interacting neurons. We provide a detailed investigation of this phenomenon in scale-free, small-world, and random networks and show that the chimera state is robust to the network topology. Nevertheless, network topological properties determine the stability of spatiotemporal states and therefore affect the excitability of the chimera state in the whole network. In particular, the scale-free network whose higher degree nodes are more stable to small perturbations is least exposed to chimera formation and exhibits an abrupt transition from a spiking to a silent regime. On the other hand, small-world and random networks are more likely to provide transitions to the chimera state.",Bistability; Chimera (genetics); Hodgkin–Huxley model; Topology (electrical circuits); Physics; Coupling strength; Scale-free network; Complex network; Statistical physics; Network topology; Computer science; Neuroscience,False,article,True,True,False,doi,,"{'venue': 'crossref', 'volume': 'crossref', 'issue': 'crossref', 'publisher': 'crossref', 'url': 'crossref', 'lang': 'crossref'}",{'crossref': 6},"X012.R000 resolved | hits:OA,CR | winner:- | filled:venue:CR; lang:CR | missing:-",PASS_CLEAN,,,EC-38,,"{""EC-38"": {""status"": ""MET"", ""decision"": ""not_meet"", ""confidence"": 0.8, ""threshold"": 0.6, ""field"": ""title"", ""quote"": """", ""quote_valid"": false, ""span"": null, ""used"": true}}",PASS_CLEAN: all EL criteria MET.
A395,101016jultsonch2020105067,GPU accelerated study of a dual-frequency driven single bubble in a 6-dimensional parameter space: The active cavitation threshold,Ferenc Hegedűs; Kálmán Klapcsik; Werner Lauterborn; Ulrich Parlitz; Robert Mettin,Ferenc Hegedűs,2020.0,10.1016/j.ultsonch.2020.105067,https://pubmed.ncbi.nlm.nih.gov/32380373,,,Ultrasonics Sonochemistry,67,,105067,Elsevier BV,en,https://doi.org/10.1016/j.ultsonch.2020.105067,0.9,resolved,openalex,2026-08-16T22:33:35Z,X012,,Bubble; RADIUS; Physics; Cavitation; Oscillation (cell signaling); Parameter space; Mechanics; Amplitude; Ordinary differential equation; Atomic physics; Computational physics; Differential equation,False,article,True,True,False,doi,,"{'venue': 'crossref', 'volume': 'crossref', 'pages': 'crossref', 'publisher': 'crossref', 'url': 'crossref', 'lang': 'crossref'}",{'crossref': 6},"X012.R000 resolved | hits:OA,CR | winner:- | filled:venue:CR; lang:CR | missing:abstract",PASS_CLEAN,,,EC-38,,"{""EC-38"": {""status"": ""MET"", ""decision"": ""not_meet"", ""confidence"": 0.8, ""threshold"": 0.6, ""field"": ""title"", ""quote"": """", ""quote_valid"": false, ""span"": null, ""used"": true}}",PASS_CLEAN: all EL criteria MET.
A396,10106315048513,An investigation of the parameter space for a family of dissipative mappings,Juliano A. de Oliveira; Leonardo T. Montero; Diogo Ricardo da Costa; J. A. Méndez‐Bermúdez; Rene O. Medrano-T; Edson D. Leonel,Juliano A. de Oliveira,2019.0,10.1063/1.5048513,https://pubmed.ncbi.nlm.nih.gov/31154780,,,Chaos: An Interdisciplinary Journal of Nonlinear Science,29,5,,AIP Publishing,en,https://doi.org/10.1063/1.5048513,0.9,resolved,openalex,2026-08-16T22:33:36Z,X012,"The parameter plane investigation for a family of two-dimensional, nonlinear, and area contracting map is made. Several dynamical features in the system such as tangent, period-doubling, pitchfork, and cusp bifurcations were found and discussed together with cascades of period-adding, period-doubling, and the Feigeinbaum scenario. The presence of spring and saddle-area structures allow us to conclude that cubic homoclinic tangencies are present in the system. A set of complex sets such as streets with the same periodicity and the period-adding of spring-areas are observed in the parameter space of the mapping.",Homoclinic orbit; Parameter space; Tangent; Period-doubling bifurcation; Saddle; Cusp (singularity); Dissipative system; Period (music); Plane (geometry); Mathematics; Nonlinear system; Space (punctuation),True,article,True,True,False,doi,,"{'venue': 'crossref', 'volume': 'crossref', 'issue': 'crossref', 'publisher': 'crossref', 'url': 'crossref', 'lang': 'crossref'}",{'crossref': 6},"X012.R000 resolved | hits:OA,CR | winner:- | filled:venue:CR; lang:CR | missing:-",PASS_CLEAN,,,EC-38,,"{""EC-38"": {""status"": ""MET"", ""decision"": ""not_meet"", ""confidence"": 0.8, ""threshold"": 0.6, ""field"": ""title"", ""quote"": """", ""quote_valid"": false, ""span"": null, ""used"": true}}",PASS_CLEAN: all EL criteria MET.
A398,1048550arxiv201101740,"Solving large number of non-stiff, low-dimensional ordinary differential equation systems on GPUs and CPUs: performance comparisons of MPGOS, ODEINT and DifferentialEquations.jl",Dániel Nagy; Lambert Plavecz; Ferenc Hegedűs,Dániel Nagy,2020.0,10.48550/arxiv.2011.01740,,,,,,,,,en,,0.9,resolved,openalex,2026-08-16T22:33:37Z,X012,"In this paper, the performance characteristics of different solution techniques and program packages to solve a large number of independent ordinary differential equation systems is examined. The employed hardware are an Intel Core i7-4820K CPU with 30.4 GFLOPS peak double-precision performance per cores and an Nvidia GeForce Titan Black GPU that has a total of 1707 GFLOPS peak double-precision performance. The tested systems (Lorenz equation, Keller--Miksis equation and a pressure relief valve model) are non-stiff and have low dimension. Thus, the performance of the codes are not limited by memory bandwidth, and Runge--Kutta type solvers are efficient and suitable choices. The tested program packages are MPGOS written in C++ and specialised only for GPUs; ODEINT implemented in C++, which supports execution on both CPUs and GPUs; finally, DifferentialEquations.jl written in Julia that also supports execution on both CPUs and GPUs. Using GPUs, the program package MPGOS is superior. For CPU computations, the ODEINT program package has the best performance.",FLOPS; Parallel computing; Computer science; Double-precision floating-point format; Ordinary differential equation; Computation; Single-precision floating-point format; CUDA; Memory bandwidth; Computational science; Supercomputer; Differential equation,True,preprint,True,False,False,doi,,{'lang': 'heuristic'},{'heuristic': 1},X012.R000 resolved | hits:OA | winner:- | filled:lang:HE | missing:-,PASS_CLEAN,,,EC-38,,"{""EC-38"": {""status"": ""MET"", ""decision"": ""not_meet"", ""confidence"": 0.8, ""threshold"": 0.6, ""field"": ""title"", ""quote"": """", ""quote_valid"": false, ""span"": null, ""used"": true}}",PASS_CLEAN: all EL criteria MET.
A407,101007s007870150745x,"The Dysregulation Profile in middle childhood and adolescence across reporters: factor structure, measurement invariance, and links with self-harm and suicidal ideation",Marike H. F. Deutz; Sanne B. Geeraerts; Anneloes L. van Baar; Maja Deković; Peter Prinzie,Marike H. F. Deutz,2015.0,10.1007/s00787-015-0745-x,https://pubmed.ncbi.nlm.nih.gov/26226917,,,European Child &amp; Adolescent Psychiatry,25,4,431-442,Springer Science and Business Media LLC,en,https://doi.org/10.1007/s00787-015-0745-x,0.9,resolved,openalex,2026-08-16T22:33:45Z,X013,"Recently, a phenotype of severe dysregulation, the Dysregulation Profile (DP), has been identified. DP consists of elevated scores on the Anxious/Depressed (AD), Aggressive Behavior (AGG) and Attention Problems (AP) scales of the Child Behavior Checklist (CBCL), Teacher Report Form (TRF), or Youth Self Report (YSR). A drawback in current research is that DP has been conceptualized and operationalized in different manners and research on the factor structure of DP is lacking. Therefore, we examined the factor structure of DP across multiple reporters, measurement invariance across gender, parents, and time, as well as links between DP and self-harm and suicidal ideation. Data from a large community sample were used (N = 697), covering middle childhood (Mage = 7.90, (SD = 1.16) and adolescence (Mage = 13.93, SD = 1.14). Mothers, fathers, teachers, and youth themselves reported on children's emotional and behavioral problems using the CBCL, TRF, and YSR. Results indicated that in middle childhood and in adolescence, a bifactor model with a general factor of Dysregulation alongside three specific factors of AD, AGG, and AP fitted best, compared to a second-order or one-factor model. The model showed good fit for mother, father, teacher, and youth reports and showed invariance across gender, parents and time. Youth, mother, and father reported Dysregulation was uniquely and positively related to adolescent-reported self-harm and suicidal ideation. The DP is best conceptualized as a broad dysregulation syndrome, which exists over and above anxiety/depression, aggression, and attention problems as specific problems. The bifactor model of DP explains the uniqueness and interrelatedness of these behavioral problems and can help explaining shared and non-shared etiology factors. The exclusive link between the general dysregulation factor and adolescents' self-harm and suicidal ideation further established the clinical relevance of the bifactor model.",Psychology; CBCL; Child Behavior Checklist; Emotional dysregulation; Suicidal ideation; Measurement invariance; Aggression; Anxiety; Developmental psychology; Clinical psychology; Child and adolescent psychiatry; Poison control,True,article,True,True,False,doi,,"{'venue': 'crossref', 'volume': 'crossref', 'issue': 'crossref', 'pages': 'crossref', 'publisher': 'crossref', 'url': 'crossref', 'lang': 'crossref'}",{'crossref': 7},"X013.R000 resolved | hits:OA,CR | winner:- | filled:venue:CR; lang:CR | missing:-",PASS_CLEAN,,,EC-38,,"{""EC-38"": {""status"": ""MET"", ""decision"": ""not_meet"", ""confidence"": 0.8, ""threshold"": 0.6, ""field"": ""title"", ""quote"": """", ""quote_valid"": false, ""span"": null, ""used"": true}}",PASS_CLEAN: all EL criteria MET.
A409,101111jcpp12428,Executive function in children with externalizing and comorbid internalizing behavior problems,Steven Woltering; Victoria Lishak; Nick Hodgson; Isabela Granic; Philip David Zelazo,Steven Woltering,2015.0,10.1111/jcpp.12428,https://pubmed.ncbi.nlm.nih.gov/25981677,,,Journal of Child Psychology and Psychiatry,57,1,30-38,Wiley,en,https://doi.org/10.1111/jcpp.12428,0.9,resolved,openalex,2026-08-16T22:33:48Z,X013,"BACKGROUND: The goal of this study is to investigate differences in executive function (EF) in children with different levels of disruptive behavior problems (DBP). METHODS: Ninety-three children between 7 and 12 years old with DBP were compared to 63 normally developing peers on a battery of EF tasks that varied in the amount of required emotion regulation ('hot' EF). RESULTS: Differences in EF were found between DBP and comparison groups as indexed by hot EF tasks. Self-reported emotion scales, in conjunction with physiological recordings of heart rate, confirmed that emotions were elicited during hot EF. CONCLUSIONS: Results suggest that difficulties in hot EF underlie externalizing problem behaviors in middle childhood.",Psychology; Developmental psychology; Executive functions; Externalization; Clinical psychology; Cognition; Psychiatry; Social psychology,False,article,True,True,False,doi,,"{'venue': 'crossref', 'volume': 'crossref', 'issue': 'crossref', 'pages': 'crossref', 'publisher': 'crossref', 'url': 'crossref', 'lang': 'crossref'}",{'crossref': 7},"X013.R000 resolved | hits:OA,CR | winner:- | filled:venue:CR; lang:CR | missing:-",PASS_CLEAN,,,EC-38,,"{""EC-38"": {""status"": ""MET"", ""decision"": ""not_meet"", ""confidence"": 0.8, ""threshold"": 0.6, ""field"": ""title"", ""quote"": """", ""quote_valid"": false, ""span"": null, ""used"": true}}",PASS_CLEAN: all EL criteria MET.
A411,101016jjaac201504012,The Child Behavior Checklist Dysregulation Profile in Preschool Children: A Broad Dysregulation Syndrome,Sanne B. Geeraerts; Marike H. F. Deutz; Maja Deković; Tessa Bunte; Kim Schoemaker; Kimberly Andrews Espy; Peter Prinzie; Anneloes L. van Baar; Walter Matthys,Sanne B. Geeraerts,2015.0,10.1016/j.jaac.2015.04.012,https://pubmed.ncbi.nlm.nih.gov/26088665,,,Journal of the American Academy of Child &amp; Adolescent Psychiatry,54,7,595-602.e2,Elsevier BV,en,https://doi.org/10.1016/j.jaac.2015.04.012,0.9,resolved,openalex,2026-08-16T22:33:48Z,X013,,CBCL; Child Behavior Checklist; Psychology; Clinical psychology; Developmental psychology; Confirmatory factor analysis; Affect (linguistics); Cognition; Neuropsychology; Conceptualization; Checklist; Structural equation modeling,False,article,True,True,False,doi,,"{'venue': 'crossref', 'volume': 'crossref', 'issue': 'crossref', 'pages': 'crossref', 'publisher': 'crossref', 'url': 'crossref', 'lang': 'crossref'}",{'crossref': 7},"X013.R000 resolved | hits:OA,CR | winner:- | filled:venue:CR; lang:CR | missing:abstract",PASS_CLEAN,,,EC-38,,"{""EC-38"": {""status"": ""MET"", ""decision"": ""not_meet"", ""confidence"": 0.8, ""threshold"": 0.6, ""field"": ""title"", ""quote"": """", ""quote_valid"": false, ""span"": null, ""used"": true}}",PASS_CLEAN: all EL criteria MET.
A415,1011552015873197,Neural Rhythms of Change: Long-Term Improvement after Successful Treatment in Children with Disruptive Behavior Problems,Steven Woltering; Victoria Liao; Zhong‐Xu Liu; Isabela Granic,Steven Woltering,2015.0,10.1155/2015/873197,https://pubmed.ncbi.nlm.nih.gov/26257962,,,Neural Plasticity,2015,,1-11,Wiley,en,https://doi.org/10.1155/2015/873197,0.9,resolved,openalex,2026-08-16T22:33:51Z,X013,"Neural changes were investigated for children with disruptive behavior problems one year after a treatment program ended. Thirty-nine children and their parents visited the research lab before, after, and a year after treatment ended. During those lab visits, electroencephalography (EEG) was recorded during a challenging Go/No-go task. Treatment consisted of intensive 14-week combined cognitive behavioral therapy and parent management training sessions. For the analysis, participants were divided into long-term improvers (IMPs) and long-term nonimprovers (NIMPs) based on changes in their externalizing problem scores. The results showed early no-go theta power (4-8 Hz, 100-250 ms) decreased for long-term IMPs compared to NIMPs. When participants were divided based on changes in their comorbid internalizing symptoms, effects were stronger and reductions in theta power were found for early as well as later phases (250-650 ms). We provided preliminary evidence that theta power is a useful neural measure to trace behavioral change linked to improved self-regulation even up to a year after treatment ended. Results may have implications for the characterization of children with disruptive behavior problems and may lead to the development of novel markers of treatment success.",Electroencephalography; Psychology; Rhythm; Cognition; Term (time); Clinical psychology; Developmental psychology; Audiology; Medicine; Psychiatry; Internal medicine; Physics,True,article,True,True,False,doi,,"{'venue': 'crossref', 'volume': 'crossref', 'pages': 'crossref', 'publisher': 'crossref', 'url': 'crossref', 'lang': 'crossref'}",{'crossref': 6},"X013.R000 resolved | hits:OA,CR | winner:- | filled:venue:CR; lang:CR | missing:-",PASS_CLEAN,,,EC-38,,"{""EC-38"": {""status"": ""MET"", ""decision"": ""not_meet"", ""confidence"": 0.8, ""threshold"": 0.6, ""field"": ""title"", ""quote"": """", ""quote_valid"": false, ""span"": null, ""used"": true}}",PASS_CLEAN: all EL criteria MET.
A425,101016javb201502004,Resting heart rate and antisocial behavior: An updated systematic review and meta-analysis,Jill Portnoy; David P. Farrington,Jill Portnoy,2015.0,10.1016/j.avb.2015.02.004,,,,Aggression and Violent Behavior,22,,33-45,Elsevier BV,en,https://doi.org/10.1016/j.avb.2015.02.004,0.9,resolved,openalex,2026-08-16T22:33:55Z,X013,,RESTING HEART RATE; Aggression; Meta-analysis; Psychopathy; Heart rate; Psychology; Poison control; Antisocial personality disorder; Injury prevention; Clinical psychology; Developmental psychology; Medicine,False,article,True,True,False,doi,,"{'venue': 'crossref', 'volume': 'crossref', 'pages': 'crossref', 'publisher': 'crossref', 'url': 'crossref', 'lang': 'crossref'}",{'crossref': 6},"X013.R000 resolved | hits:OA,CR | winner:- | filled:venue:CR; lang:CR | missing:abstract",PASS_CLEAN,,,EC-38,,"{""EC-38"": {""status"": ""MET"", ""decision"": ""not_meet"", ""confidence"": 0.8, ""threshold"": 0.6, ""field"": ""title"", ""quote"": """", ""quote_valid"": false, ""span"": null, ""used"": true}}",PASS_CLEAN: all EL criteria MET.
A433,101007s1086201594803,Dyadic Attunement and Physiological Synchrony During Mother-Child Interactions: An Exploratory Study in Children With and Without Externalizing Behavior Problems,Steven Woltering; Victoria Lishak; Brittney Elliott; Leonardo Ferraro; Isabela Granic,Steven Woltering,2015.0,10.1007/s10862-015-9480-3,,,,Journal of Psychopathology and Behavioral Assessment,37,4,624-633,Springer Science and Business Media LLC,en,https://doi.org/10.1007/s10862-015-9480-3,0.9,resolved,openalex,2026-08-16T22:34:01Z,X013,"We investigated whether synchrony at a physiological level (i.e., real-time correspondence of biological indices between two individuals) related to observed levels of dyadic attunement (i.e., levels of connectedness, joint attention, and reciprocity), and whether these measures could distinguish between mother-child dyads with and without clinical levels of externalizing behavioral problems. Eighty-three clinical and 35 nonclinical dyads (7–12&nbsp;years-old) discussed a contentious topic preceded and followed by a positive topic while their heart rates were recorded. Changes in dyadic attunement from the last discussion relative to the first were taken as an index of how well dyads ‘repaired’ their relationship. Results showed that clinical dyads had lower levels of dyadic attunement across all discussions compared to nonclinical dyads. Evidence that physiological synchrony could distinguish clinical from nonclinical dyads, however, was merely suggestive. Physiological synchrony was sensitive to the emotional context of the discussions as more dyads demonstrated physiological synchrony in the last compared to the first discussion. Moreover, dyads who demonstrated physiological synchrony also showed higher levels of repair. The outcomes of this study suggest that physiological synchrony between mothers and their children is sensitive to emotional context during interactions, and particularly during periods of repair when dyads more actively reconnect with each other after a negative interaction.",Attunement; Psychology; Developmental psychology; Context (archaeology); Reciprocity (cultural anthropology); Strange situation; Social psychology; Attachment theory; Biology; Medicine; Alternative medicine; Pathology,False,article,True,True,False,doi,,"{'venue': 'crossref', 'volume': 'crossref', 'issue': 'crossref', 'pages': 'crossref', 'publisher': 'crossref', 'url': 'crossref', 'lang': 'crossref', 'abstract': 'unpaywall'}","{'crossref': 7, 'unpaywall': 1}","X013.R000 resolved | hits:OA,CR | winner:- | filled:venue:CR; lang:CR; abstract:UN | missing:-",PASS_CLEAN,,,EC-38,,"{""EC-38"": {""status"": ""MET"", ""decision"": ""not_meet"", ""confidence"": 0.8, ""threshold"": 0.6, ""field"": ""title"", ""quote"": """", ""quote_valid"": false, ""span"": null, ""used"": true}}",PASS_CLEAN: all EL criteria MET.
A438,101016jjaac201605012,Internalizing/Externalizing Problems: Review and Recommendations for Clinical and Research Applications,Thomas M. Achenbach; Masha Y. Ivanova; Leslie Rescorla; Lori V. Turner; Robert R. Althoff,Thomas M. Achenbach,2016.0,10.1016/j.jaac.2016.05.012,https://pubmed.ncbi.nlm.nih.gov/27453078,,,Journal of the American Academy of Child &amp; Adolescent Psychiatry,55,8,647-656,Elsevier BV,en,https://doi.org/10.1016/j.jaac.2016.05.012,0.9,resolved,openalex,2026-08-16T22:34:06Z,X013,,Psychology; Socioeconomic status; Clinical psychology; Standardization; Ethnic group; Population; Developmental psychology; Applied psychology; Medicine; Environmental health; Anthropology; Political science,False,article,True,True,False,doi,,"{'venue': 'crossref', 'volume': 'crossref', 'issue': 'crossref', 'pages': 'crossref', 'publisher': 'crossref', 'url': 'crossref', 'lang': 'crossref'}",{'crossref': 7},"X013.R000 resolved | hits:OA,CR | winner:- | filled:venue:CR; lang:CR | missing:abstract",EXCLUSION_SUPPRESSED,,,,,"{""EC-38"": {""status"": ""SUPPRESSED"", ""decision"": ""meet"", ""confidence"": 0.85, ""threshold"": 0.6, ""field"": ""title"", ""quote"": ""Internalizing/Externalizing Problems: Review and Recommendations for Clinical and Research Applications"", ""quote_valid"": true, ""span"": [0, 45], ""used"": true}}","EXCLUSION_SUPPRESSED: the model returned an excluding verdict on EC-38 which passed the evidence gate. Flag-only is in force for this provider, so the record was NOT excluded and needs human review."
A444,101016jneubiorev201609022,Understanding heterogeneity in conduct disorder: A review of psychophysiological studies,Kostas A. Fanti,Kostas A. Fanti,2016.0,10.1016/j.neubiorev.2016.09.022,https://pubmed.ncbi.nlm.nih.gov/27693700,,,Neuroscience &amp; Biobehavioral Reviews,91,,4-20,Elsevier BV,en,https://doi.org/10.1016/j.neubiorev.2016.09.022,0.9,resolved,openalex,2026-08-16T22:34:08Z,X013,,Psychology; Arousal; Moro reflex; Vagal tone; Skin conductance; Facial electromyography; Heart rate variability; Clinical psychology; Psychophysiology; Heart rate; Psychopathology; Empathy,False,article,True,True,False,doi,,"{'venue': 'crossref', 'volume': 'crossref', 'pages': 'crossref', 'publisher': 'crossref', 'url': 'crossref', 'lang': 'crossref'}",{'crossref': 6},"X013.R000 resolved | hits:OA,CR | winner:- | filled:venue:CR; lang:CR | missing:abstract",PASS_CLEAN,,,EC-38,,"{""EC-38"": {""status"": ""MET"", ""decision"": ""not_meet"", ""confidence"": 0.95, ""threshold"": 0.6, ""field"": ""title"", ""quote"": """", ""quote_valid"": false, ""span"": null, ""used"": true}}",PASS_CLEAN: all EL criteria MET.
A446,101001jamapsychiatry20151900,Replacing<i>DSM</i>Categorical Analyses With Dimensional Analyses in Psychiatry Research,Cindy M. Yee; Daniel C. Javitt; Gregory A. Miller,Cindy M. Yee,2015.0,10.1001/jamapsychiatry.2015.1900,https://pubmed.ncbi.nlm.nih.gov/26559005,,,JAMA Psychiatry,72,12,1159,American Medical Association (AMA),en,https://doi.org/10.1001/jamapsychiatry.2015.1900,0.9,resolved,openalex,2026-08-16T22:34:10Z,X013,,Categorical variable; Psychology; Psychiatry; MEDLINE; Clinical psychology; Medicine; Statistics; Mathematics; Law; Political science,False,article,True,True,False,doi,,"{'venue': 'crossref', 'volume': 'crossref', 'issue': 'crossref', 'pages': 'crossref', 'publisher': 'crossref', 'url': 'crossref', 'lang': 'crossref'}",{'crossref': 7},"X013.R000 resolved | hits:OA,CR | winner:- | filled:venue:CR; lang:CR | missing:abstract",PASS_CLEAN,,,EC-38,,"{""EC-38"": {""status"": ""MET"", ""decision"": ""not_meet"", ""confidence"": 0.95, ""threshold"": 0.6, ""field"": ""title"", ""quote"": """", ""quote_valid"": false, ""span"": null, ""used"": true}}",PASS_CLEAN: all EL criteria MET.
A449,101001jamapsychiatry20162717,Association of Resting Heart Rate and Blood Pressure in Late Adolescence With Subsequent Mental Disorders,Antti Latvala; Ralf Kuja‐Halkola; Christian Rück; Brian M. D’Onofrio; Tomas Jernberg; Catarina Almqvist; David Mataix‐Cols; Henrik Larsson; Paul Lichtenstein,Antti Latvala,2016.0,10.1001/jamapsychiatry.2016.2717,https://pubmed.ncbi.nlm.nih.gov/27784035,,,JAMA Psychiatry,73,12,1268,American Medical Association (AMA),en,https://doi.org/10.1001/jamapsychiatry.2016.2717,0.9,resolved,openalex,2026-08-16T22:34:13Z,X013,"IMPORTANCE: Differences in cardiovascular autonomic activity between individuals with psychiatric disorders and healthy controls have been observed, but whether cardiovascular autonomic abnormalities are associated with subsequent psychiatric disorders is unknown. OBJECTIVE: To investigate whether differences in cardiac autonomic function as indexed by resting heart rate and blood pressure are associated with psychiatric disorders during the lifetime of men in Sweden. DESIGN, SETTING, AND PARTICIPANTS: We conducted a longitudinal register-based study of Swedish men whose resting heart rate (n = 1 039 443) and blood pressure (n = 1 555 979) were measured at military conscription at a mean (SD) age of 18.3 (0.6) years during the period from 1969 to 2010, with register-based follow-up data available until the end of 2013. Analyses were performed from November 18, 2015, to June 9, 2016. MAIN OUTCOMES AND MEASURES: Dates of inpatient/outpatient diagnoses of anxiety disorders, obsessive-compulsive disorder, posttraumatic stress disorder, depressive disorders, bipolar disorder, schizophrenia, and substance use disorders and convictions for violent crimes, between 1973 and 2013, were obtained from nationwide registers. Adjustments were made for height, weight, body mass index, cardiorespiratory fitness, cognitive ability, and socioeconomic covariates. RESULTS: After adjustment for covariates, Cox regression models with up to 45 years of follow-up data showed that men (mean [SD] age of 18.3 [0.6] years at conscription) with resting heart rates above 82 beats per minute had a 69% (95% CI, 46%-94%) increased risk for obsessive-compulsive disorder, a 21% (95% CI, 11%-33%) increased risk for schizophrenia, and an 18% (95% CI, 13%-22%) increased risk for anxiety disorders compared with men with resting heart rates below 62 beats per minute. Similar associations were observed with systolic/diastolic blood pressure. In contrast, lower resting heart rate and lower systolic blood pressure were associated with substance use disorders and violent criminality. CONCLUSIONS AND RELEVANCE: Our results suggest that for men, differences in heart rate and blood pressure in late adolescence are associated with lifetime major psychiatric disorders, with higher levels associated with obsessive-compulsive disorder, schizophrenia, and anxiety disorders and lower levels associated with substance use disorders and violent behavior. Differences in autonomic nervous system functioning may predate or represent an early marker of psychiatric disorders.",RESTING HEART RATE; Blood pressure; Heart rate; Medicine; Internal medicine; Cardiology; Association (psychology); Psychology; Clinical psychology; Psychiatry; Psychotherapist,True,article,True,True,False,doi,,"{'venue': 'crossref', 'volume': 'crossref', 'issue': 'crossref', 'pages': 'crossref', 'publisher': 'crossref', 'url': 'crossref', 'lang': 'crossref'}",{'crossref': 7},"X013.R000 resolved | hits:OA,CR | winner:- | filled:venue:CR; lang:CR | missing:-",PASS_CLEAN,,,EC-38,,"{""EC-38"": {""status"": ""MET"", ""decision"": ""not_meet"", ""confidence"": 0.95, ""threshold"": 0.6, ""field"": ""title"", ""quote"": """", ""quote_valid"": false, ""span"": null, ""used"": true}}",PASS_CLEAN: all EL criteria MET.
A452,101007s0078701507905,Variability in emotional/behavioral problems in boys with oppositional defiant disorder or conduct disorder: the role of arousal,Jantiene Schoorl; Sophie van Rijn; Minet de Wied; Stephanie H.M. van Goozen; Hanna Swaab,Jantiene Schoorl,2015.0,10.1007/s00787-015-0790-5,https://pubmed.ncbi.nlm.nih.gov/26608403,,,European Child &amp; Adolescent Psychiatry,25,8,821-830,Springer Science and Business Media LLC,en,https://doi.org/10.1007/s00787-015-0790-5,0.9,resolved,openalex,2026-08-16T22:34:17Z,X013,"It is often reported that children with oppositional defiant disorder (ODD) or conduct disorder (CD) are under-aroused. However, the evidence is mixed, with some children with ODD/CD displaying high arousal. This has led to the hypothesis that different profiles of arousal dysfunction may exist within children with ODD/CD. This knowledge could explain variability within children with ODD/CD, both in terms of specific types of aggression as well as comorbid symptoms (e.g., other emotional/behavioral problems). We measured heart rate variability (HRV), heart rate (HR) and skin conductance level (SCL) during rest and stress, and obtained parent and teacher reports of aggression, anxiety, attention problems and autism traits in a sample of 66 ODD/CD and 36 non-clinical boys (aged 8-12 years). The ODD/CD group scored significantly higher on aggression, anxiety, attention problems and autism traits than the controls; boys with ODD/CD also had higher resting HRs than controls, but HR stress, HRV and SCL did not differ. Hierarchical regressions showed different physiological profiles in subgroups of boys with ODD/CD based on their type of aggression; a pattern of high baseline HR and SCL, but low stress HRV was related to reactive aggression, whereas the opposite physiological pattern (low HR, low stress SCL, high stress HRV) was related to proactive aggression. Furthermore, high stress SCL was related to anxiety symptoms, whereas low stress SCL was related to attention problems. These findings are important because they indicate heterogeneity within boys with ODD/CD and highlight the importance of using physiology to differentiate boys with different ODD/CD subtypes.",Aggression; Psychology; Arousal; Anxiety; Conduct disorder; Heart rate variability; Autism; Clinical psychology; Developmental psychology; Heart rate; Psychiatry; Internal medicine,True,article,True,True,False,doi,,"{'venue': 'crossref', 'volume': 'crossref', 'issue': 'crossref', 'pages': 'crossref', 'publisher': 'crossref', 'url': 'crossref', 'lang': 'crossref'}",{'crossref': 7},"X013.R000 resolved | hits:OA,CR | winner:- | filled:venue:CR; lang:CR | missing:-",PASS_CLEAN,,,EC-38,,"{""EC-38"": {""status"": ""MET"", ""decision"": ""not_meet"", ""confidence"": 0.95, ""threshold"": 0.6, ""field"": ""title"", ""quote"": """", ""quote_valid"": false, ""span"": null, ""used"": true}}",PASS_CLEAN: all EL criteria MET.
A454,1011772167702616659389,"All Models Are Wrong, but the p Factor Model Is Useful",Hannah R. Snyder; Benjamin L. Hankin,Hannah R. Snyder,2016.0,10.1177/2167702616659389,https://pubmed.ncbi.nlm.nih.gov/28286706,,,Clinical Psychological Science,5,1,187-189,SAGE Publications,en,https://doi.org/10.1177/2167702616659389,0.9,resolved,openalex,2026-08-16T22:34:18Z,X013,,Psychology; Factor (programming language); Computer science; Programming language,True,article,True,True,False,doi,,"{'venue': 'crossref', 'volume': 'crossref', 'issue': 'crossref', 'pages': 'crossref', 'publisher': 'crossref', 'url': 'crossref', 'lang': 'crossref'}",{'crossref': 7},"X013.R000 resolved | hits:OA,CR | winner:- | filled:venue:CR; lang:CR | missing:abstract",PASS_CLEAN,,,EC-38,,"{""EC-38"": {""status"": ""MET"", ""decision"": ""not_meet"", ""confidence"": 0.8, ""threshold"": 0.6, ""field"": ""title"", ""quote"": """", ""quote_valid"": false, ""span"": null, ""used"": true}}",PASS_CLEAN: all EL criteria MET.
A458,101017s0954579417000955,Normative development of the Child Behavior Checklist Dysregulation Profile from early childhood to adolescence: Associations with personality pathology,Marike H. F. Deutz; Helen G. M. Vossen; Amaranta D. de Haan; Maja Deković; Anneloes L. van Baar; Peter Prinzie,Marike H. F. Deutz,2017.0,10.1017/s0954579417000955,https://pubmed.ncbi.nlm.nih.gov/28633688,,,Development and Psychopathology,30,2,437-447,Cambridge University Press (CUP),en,https://doi.org/10.1017/s0954579417000955,0.9,resolved,openalex,2026-08-16T22:34:21Z,X013,"The Dysregulation Profile (DP) is a broad indicator of concurrent affective, behavioral, and cognitive dysregulation, often measured with the anxious/depressed, aggressive behavior, and attention problems syndrome scales of the Child Behavior Checklist. Despite an expanding body of research on the DP, knowledge of the normative developmental course of the DP from early childhood to adolescence is lacking. Furthermore, although we know that the DP longitudinally predicts personality pathology, no research yet has examined whether next to the DP in early childhood, the rate of change of the DP across development predicts personality pathology. Therefore, using cohort-sequential latent growth modeling in a population-based sample (N = 668), we examined the normative developmental course of mother-reported DP from ages 4 to 17 years and its associations with a wide range of adolescent-reported personality pathology dimensions 3 years later. The results showed that the DP follows a nonlinear developmental course with a peak in early adolescence. The initial level of the DP at age 4 and, to a lesser extent, the rate of change in the DP predicted a range of personality pathology dimensions in late adolescence. The findings suggest that the DP is a broad developmental precursor of personality pathology in late adolescence.",Personality pathology; Psychology; Child Behavior Checklist; Personality; Normative; Developmental psychology; Emotional dysregulation; Population; Early childhood; Clinical psychology; Cohort; Personality disorders,True,article,True,True,False,doi,,"{'venue': 'crossref', 'volume': 'crossref', 'issue': 'crossref', 'pages': 'crossref', 'publisher': 'crossref', 'url': 'crossref', 'lang': 'crossref'}",{'crossref': 7},"X013.R000 resolved | hits:OA,CR | winner:- | filled:venue:CR; lang:CR | missing:-",PASS_CLEAN,,,EC-38,,"{""EC-38"": {""status"": ""MET"", ""decision"": ""not_meet"", ""confidence"": 0.9, ""threshold"": 0.6, ""field"": ""title"", ""quote"": """", ""quote_valid"": false, ""span"": null, ""used"": true}}",PASS_CLEAN: all EL criteria MET.
A459,101007s0078701710013,Autonomic arousal in anxious and typically developing youth during a stressor involving error feedback,Michelle Rozenman; Alexandra Sturm; James T. McCracken; John Piacentini,Michelle Rozenman,2017.0,10.1007/s00787-017-1001-3,https://pubmed.ncbi.nlm.nih.gov/28527019,,,European Child &amp; Adolescent Psychiatry,26,12,1423-1432,Springer Science and Business Media LLC,en,https://doi.org/10.1007/s00787-017-1001-3,0.9,resolved,openalex,2026-08-16T22:34:21Z,X013,"Anxiety has been proposed to influence psychophysiological reactivity in children and adolescents. However, the extant empirical literature has not always found physiological reactivity to be associated with anxiety in youth. Further, most investigations have not examined psychophysiological reactivity in real time over the course of acute stress. To test the impact of anxiety disorder status on autonomic arousal in youth, we compared youth with primary anxiety disorders (N&nbsp;=&nbsp;24) to typically developing (TD) youth (N&nbsp;=&nbsp;22) on heart rate (HR), heart rate variability (HRV), and respiratory sinus arrhythmia (RSA) during an acute stressor in which youth received error-related feedback. We also conducted exploratory analyses on youth performance during the task. Youth ages 9–17 participated in the arithmetic portion of the Trier Social Stress Test for Children (Buske-Kirschbaum et al., Psychosom 59:419–426, 1997), during which time they received consecutive, standardized feedback that they made calculation errors. Results indicated that, compared to their TD counterparts, the anxious group demonstrated elevated HR and suppressed HRV during initial provision of error feedback and during the recovery period. No group differences were found for RSA. Additionally, overall TD youth made a greater proportion of errors than anxious youth. Clinically, these findings may provide preliminary support for anxious youth exhibiting physiological reactivity in response to receipt of error-related feedback, and may have implications for understanding biological processes during stress. This work underscores the need for further study of when and how anxiety may influence autonomic reactivity over the course of stress.",Arousal; Child and adolescent psychiatry; Stressor; Psychology; Anxiety; Developmental psychology; Clinical psychology; Psychiatry; Neuroscience,True,article,True,True,False,doi,,"{'venue': 'crossref', 'volume': 'crossref', 'issue': 'crossref', 'pages': 'crossref', 'publisher': 'crossref', 'url': 'crossref', 'lang': 'crossref', 'abstract': 'unpaywall'}","{'crossref': 7, 'unpaywall': 1}","X013.R000 resolved | hits:OA,CR | winner:- | filled:venue:CR; lang:CR; abstract:UN | missing:-",PASS_CLEAN,,,EC-38,,"{""EC-38"": {""status"": ""MET"", ""decision"": ""not_meet"", ""confidence"": 0.9, ""threshold"": 0.6, ""field"": ""title"", ""quote"": """", ""quote_valid"": false, ""span"": null, ""used"": true}}",PASS_CLEAN: all EL criteria MET.
A460,1031020034654316673722,On the Neuroscience of Self-Regulation in Children With Disruptive Behavior Problems,Steven Woltering; Qinxin Shi,Steven Woltering,2016.0,10.3102/0034654316673722,,,,Review of Educational Research,86,4,1085-1110,American Educational Research Association (AERA),en,https://doi.org/10.3102/0034654316673722,0.9,resolved,openalex,2026-08-16T22:34:23Z,X013,"Self-regulation is increasingly recognized as a key predictor of academic and social competence. A multidisciplinary understanding of this ability is timely and can strengthen theory and practice. The present review aims to inform educators on what cognitive neuroscience can teach us about self-regulation. To do so, we will focus on a decade-long research program examining children with disruptive behavior problems and their peers, and ask whether neural measures of self-regulation can (a) covary with individual differences in behavioral measures of self-regulation, (b) trace developmental patterns, and (c) predict or trace behavioral change with successful treatment of disruptive behavior problems. We show that several studies begin to converge on a set of neural measures derived from the prefrontal cortex that can be consistently linked to processes of self-regulation. Next, we will discuss what these measures mean from a cognitive neuroscience perspective and how this knowledge could influence and/or support psychological models relevant to education.",Psychology; Perspective (graphical); Cognition; Competence (human resources); Social neuroscience; Cognitive psychology; Multidisciplinary approach; Set (abstract data type); Cognitive neuroscience; Prefrontal cortex; TRACE (psycholinguistics); Developmental cognitive neuroscience,False,article,True,True,False,doi,,"{'venue': 'crossref', 'volume': 'crossref', 'issue': 'crossref', 'pages': 'crossref', 'publisher': 'crossref', 'url': 'crossref', 'lang': 'crossref'}",{'crossref': 7},"X013.R000 resolved | hits:OA,CR | winner:- | filled:venue:CR; lang:CR | missing:-",PASS_CLEAN,,,EC-38,,"{""EC-38"": {""status"": ""MET"", ""decision"": ""not_meet"", ""confidence"": 0.9, ""threshold"": 0.6, ""field"": ""title"", ""quote"": """", ""quote_valid"": false, ""span"": null, ""used"": true}}",PASS_CLEAN: all EL criteria MET.
A462,1010029781118901731,The International Encyclopedia of Communication Research Methods,Jörg Matthes; Christine Davis; Robert Potter; Sandra Schamroth Abrams,Jörg Matthes,2017.0,10.1002/9781118901731,,,,,,,,Wiley,en,https://doi.org/10.1002/9781118901731,0.9,resolved,openalex,2026-08-16T22:34:25Z,X013,International audience,Encyclopedia; Computer science; Library science,False,other,True,True,False,doi,,"{'publisher': 'crossref', 'url': 'crossref', 'lang': 'crossref'}",{'crossref': 3},"X013.R000 resolved | hits:OA,CR | winner:- | filled:lang:CR | missing:-",PASS_CLEAN,,,EC-38,,"{""EC-38"": {""status"": ""MET"", ""decision"": ""not_meet"", ""confidence"": 0.9, ""threshold"": 0.6, ""field"": ""title"", ""quote"": """", ""quote_valid"": false, ""span"": null, ""used"": true}}",PASS_CLEAN: all EL criteria MET.
A463,1010029781118901731iecrm0085,<scp>E</scp> ‐Prime (Software),Paul J. Taylor; John E. Marsh,Paul J. Taylor,2017.0,10.1002/9781118901731.iecrm0085,,,,The International Encyclopedia of Communication Research Methods,,,1-3,Wiley,en,https://doi.org/10.1002/9781118901731.iecrm0085,0.9,resolved,openalex,2026-08-16T22:34:25Z,X013,"The basics components of E‐Prime are described. E‐Prime is a suite of computer programs developed by Psychology Software Tools, Inc. to allow the design and implementation of computer‐based experiments.",Prime (order theory); Software; Computer science; Programming language; Operating system; Mathematics; Combinatorics,False,other,True,True,False,doi,,"{'venue': 'crossref', 'pages': 'crossref', 'publisher': 'crossref', 'url': 'crossref', 'lang': 'crossref'}",{'crossref': 5},"X013.R000 resolved | hits:OA,CR | winner:- | filled:venue:CR; lang:CR | missing:-",PASS_CLEAN,,,EC-38,,"{""EC-38"": {""status"": ""MET"", ""decision"": ""not_meet"", ""confidence"": 0.9, ""threshold"": 0.6, ""field"": ""title"", ""quote"": """", ""quote_valid"": false, ""span"": null, ""used"": true}}",PASS_CLEAN: all EL criteria MET.
