local_id,source_key,title,authors,first_author,year,doi,pmid,pmcid,arxiv,venue,volume,issue,pages,publisher,lang,url,confidence,status,provenance,last_checked,parents,abstract,keywords,open_access,doc_type,hit_openalex,hit_crossref,hit_semanticscholar,match_strategy,winner_source,field_sources,filled_by_source_counts,resolver_notes,el_outcome,el_failed_ids,el_missing_ids,el_met_ids,el_uncertain_ids,el_evidence_json,el_reason_summary
A074,101080107490392012755205,Locating Social and Emotional Learning in Schooled Environments: A Vygotskian Perspective on Learning as Unified,Jennifer A. Vadeboncoeur; Rebecca J. Collie,Jennifer A. Vadeboncoeur,2012.0,10.1080/10749039.2012.755205,,,,"Mind, Culture, and Activity",20,3,201-225,Informa UK Limited,en,https://doi.org/10.1080/10749039.2012.755205,0.9,resolved,openalex,2026-08-16T22:29:46Z,X002,"This article contributes to the emerging literature on social and emotional learning (SEL) from a Vygotskian perspective. A critical perspective on SEL in the context of schooling in the United States situates current interest in SEL programs. Vygotsky's foundational work from the 1920s and 1930s is used to clarify learning as unified, and the concept of feeling is elaborated with literature relevant to learning in school environments and across the life course. Potential next steps for research are noted, in particular given the unity of speech, thinking, and feeling and the literature on the role of social speech and dialogue in learning and development.",Psychology; Feeling; Perspective (graphical); Intellect; Context (archaeology); Privilege (computing); Cognition; Cognitive science; Epistemology; Social psychology; Biology; Computer security,False,article,True,True,False,doi,,"{'venue': 'crossref', 'volume': 'crossref', 'issue': 'crossref', 'pages': 'crossref', 'publisher': 'crossref', 'url': 'crossref', 'lang': 'crossref'}",{'crossref': 7},"X002.R000 resolved | hits:OA,CR | winner:- | filled:venue:CR; lang:CR | missing:-",PASS_CLEAN,,,"H4-5,H4-6",,"{""H4-5"": {""status"": ""MET"", ""decision"": ""not_meet"", ""confidence"": 0.8, ""threshold"": 0.6, ""field"": ""title"", ""quote"": """", ""quote_valid"": false, ""span"": null, ""used"": true}, ""H4-6"": {""status"": ""MET"", ""decision"": ""not_meet"", ""confidence"": 0.8, ""threshold"": 0.6, ""field"": ""abstract"", ""quote"": """", ""quote_valid"": false, ""span"": null, ""used"": true}}",PASS_CLEAN: all EL criteria MET.
A184,1041359781483365817n533,Emotion-Focused Therapy,Rhonda Goldman; Shannon Iverson,Rhonda Goldman,2017.0,10.4135/9781483365817.n533,,,,The SAGE Encyclopedia of Abnormal and Clinical Psychology,,,,"SAGE Publications, Inc.",en,https://doi.org/10.4135/9781483365817.n533,0.9,resolved,openalex,2026-08-16T22:30:43Z,X005,"Emotion-focused therapy (EFT), also known as process-experiential therapy, integrates active therapeutic methods from gestalt and other humanistic therapies within the frame of a person-centred relationship (Elliott, Watson, Goldman & Greenberg, 2004). EFT updates person-centred and gestalt therapies by incorporating contemporary emotion theory and affective neuroscience, dialectical constructivism, and contemporary attachment theory. In this chapter, I review the current status of EFT, summarising its history, theory, practice, and outcome evidence.",Psychology; Psychotherapist; Clinical psychology; Cognitive psychology,False,other,True,True,False,doi,,"{'venue': 'crossref', 'publisher': 'crossref', 'url': 'crossref', 'lang': 'heuristic'}","{'crossref': 3, 'heuristic': 1}","X005.R000 resolved | hits:OA,CR | winner:- | filled:venue:CR; lang:HE | missing:-",PASS_CLEAN,,,"H4-5,H4-6",,"{""H4-5"": {""status"": ""MET"", ""decision"": ""not_meet"", ""confidence"": 0.8, ""threshold"": 0.6, ""field"": ""title"", ""quote"": """", ""quote_valid"": false, ""span"": null, ""used"": true}, ""H4-6"": {""status"": ""MET"", ""decision"": ""not_meet"", ""confidence"": 0.8, ""threshold"": 0.6, ""field"": ""abstract"", ""quote"": """", ""quote_valid"": false, ""span"": null, ""used"": true}}",PASS_CLEAN: all EL criteria MET.
A185,101037e602962010001,Emotion-Focused Therapy,Leslie S. Greenberg,Leslie S. Greenberg,2010.0,10.1037/e602962010-001,,,,PsycEXTRA Dataset,,,,American Psychological Association (APA),en,https://doi.org/10.1037/e602962010-001,0.9,resolved,openalex,2026-08-16T22:30:43Z,X005,,Computer science; Psychology; Psychotherapist,False,other,True,True,False,doi,,"{'venue': 'crossref', 'publisher': 'crossref', 'url': 'crossref', 'lang': 'heuristic'}","{'crossref': 3, 'heuristic': 1}","X005.R000 resolved | hits:OA,CR | winner:- | filled:venue:CR; lang:HE | missing:abstract",PASS_CLEAN,,,"H4-5,H4-6",,"{""H4-5"": {""status"": ""MET"", ""decision"": ""not_meet"", ""confidence"": 0.8, ""threshold"": 0.6, ""field"": ""title"", ""quote"": """", ""quote_valid"": false, ""span"": null, ""used"": true}, ""H4-6"": {""status"": ""MET"", ""decision"": ""not_meet"", ""confidence"": 0.8, ""threshold"": 0.6, ""field"": ""abstract"", ""quote"": """", ""quote_valid"": false, ""span"": null, ""used"": true}}",PASS_CLEAN: all EL criteria MET.
A187,10103710892680103229,Heart Rate Variability as an Index of Regulated Emotional Responding,Bradley M. Appelhans; Linda J. Luecken,Bradley M. Appelhans,2006.0,10.1037/1089-2680.10.3.229,,,,Review of General Psychology,10,3,229-240,SAGE Publications,en,https://doi.org/10.1037/1089-2680.10.3.229,0.9,resolved,openalex,2026-08-16T22:30:46Z,"X006,X008,X013","The study of individual differences in emotional responding can provide considerable insight into interpersonal dynamics and the etiology of psychopathology. Heart rate variability (HRV) analysis is emerging as an objective measure of regulated emotional responding (generating emotional responses of appropriate timing and magnitude). This review provides a theoretical and empirical rationale for the use of HRV as an index of individual differences in regulated emotional responding. Two major theoretical frameworks that articulate the role of HRV in emotional responding are presented, and relevant empirical literature is reviewed. The case is made that HRV is an accessible research tool that can increase the understanding of emotion in social and psychopathological processes.",Psychology; Heart rate variability; Psychopathology; Interpersonal communication; Emotional regulation; Psychophysiology; Empirical research; Index (typography); Cognitive psychology; Developmental psychology; Heart rate; Social psychology,False,article,True,True,False,doi,,"{'venue': 'crossref', 'volume': 'crossref', 'issue': 'crossref', 'pages': 'crossref', 'publisher': 'crossref', 'url': 'crossref', 'lang': 'crossref'}",{'crossref': 7},"X006.R000 resolved | hits:OA,CR | winner:- | filled:venue:CR; lang:CR | missing:-",EXCLUSION_SUPPRESSED,,,H4-5,,"{""H4-5"": {""status"": ""MET"", ""decision"": ""not_meet"", ""confidence"": 0.8, ""threshold"": 0.6, ""field"": ""title"", ""quote"": """", ""quote_valid"": false, ""span"": null, ""used"": true}, ""H4-6"": {""status"": ""SUPPRESSED"", ""decision"": ""meet"", ""confidence"": 0.9, ""threshold"": 0.6, ""field"": ""abstract"", ""quote"": ""Heart rate variability (HRV) analysis is emerging as an objective measure of regulated emotional responding (generating emotional responses of appropriate timing and magnitude)."", ""quote_valid"": true, ""span"": [111, 143], ""used"": true}}","EXCLUSION_SUPPRESSED: the model returned an excluding verdict on H4-6 which passed the evidence gate. Flag-only is in force for this provider, so the record was NOT excluded and needs human review."
A199,101016jjpain201301010,Conditioned Pain Modulation in Children and Adolescents: Effects of Sex and Age,Jennie C.I. Tsao; Laura C. Seidman; Subhadra Evans; Kirsten Lung; Lonnie K. Zeltzer; Bruce D. Naliboff,Jennie C.I. Tsao,2013.0,10.1016/j.jpain.2013.01.010,https://pubmed.ncbi.nlm.nih.gov/23541066,,,The Journal of Pain,14,6,558-567,Elsevier BV,en,https://doi.org/10.1016/j.jpain.2013.01.010,0.9,resolved,openalex,2026-08-16T22:31:03Z,X006,"Conditioned pain modulation (CPM) refers to the diminution of perceived pain intensity for a test stimulus following application of a conditioning stimulus to a remote area of the body, and is thought to reflect the descending inhibition of nociceptive signals. Studying CPM in children may inform interventions to enhance central pain inhibition within a developmental framework. We assessed CPM in 133 healthy children (mean age = 13 years; 52.6% girls) and tested the effects of sex and age. Participants were exposed to four trials of a pressure test stimulus before, during, and after the application of a cold water conditioning stimulus. CPM was documented by a reduction in pressure pain ratings during cold water administration. Older children (12–17 years) exhibited greater CPM than younger (8–11 years) children. No sex differences in CPM were found. Lower heart rate variability (HRV) at baseline and after pain induction was associated with less CPM controlling for child age. The findings of greater CPM in the older age cohort suggest a developmental improvement in central pain inhibitory mechanisms. The results highlight the need to examine developmental and contributory factors in central pain inhibitory mechanisms in children to guide effective, age appropriate, pain interventions.",Medicine; Stimulus (psychology); Psychological intervention; Cold pressor test; Heart rate; Chronic pain; Nociception; Conditioning; Audiology; Physical therapy; Blood pressure; Psychology,True,article,True,True,True,doi,,"{'venue': 'crossref', 'volume': 'crossref', 'issue': 'crossref', 'pages': 'crossref', 'publisher': 'crossref', 'url': 'crossref', 'lang': 'crossref', 'abstract': 'semanticscholar'}","{'crossref': 7, 'semanticscholar': 1}","X006.R000 resolved | hits:OA,CR,S2 | winner:- | filled:venue:CR; lang:CR; abstract:SE | missing:-",PASS_CLEAN,,,"H4-5,H4-6",,"{""H4-5"": {""status"": ""MET"", ""decision"": ""not_meet"", ""confidence"": 0.8, ""threshold"": 0.6, ""field"": ""title"", ""quote"": """", ""quote_valid"": false, ""span"": null, ""used"": true}, ""H4-6"": {""status"": ""MET"", ""decision"": ""not_meet"", ""confidence"": 0.8, ""threshold"": 0.6, ""field"": ""abstract"", ""quote"": """", ""quote_valid"": false, ""span"": null, ""used"": true}}",PASS_CLEAN: all EL criteria MET.
A201,101016jjpain201202007,Autonomic Nervous System Function in Young Children With Functional Abdominal Pain or Irritable Bowel Syndrome,Monica Jarrett; Margaret Heitkemper; Danita I. Czyzewski; Lonnie K. Zeltzer; Robert J. Shulman,Monica Jarrett,2012.0,10.1016/j.jpain.2012.02.007,https://pubmed.ncbi.nlm.nih.gov/22520688,,,The Journal of Pain,13,5,477-484,Elsevier BV,en,https://doi.org/10.1016/j.jpain.2012.02.007,0.9,resolved,openalex,2026-08-16T22:31:05Z,X006,"Adults with irritable bowel syndrome (IBS) have been reported to have alterations in autonomic nervous system function as measured by vagal activity via heart rate variability. Whether the same is true for children is unknown. We compared young children 7 to 10 years of age with functional abdominal pain (FAP) or IBS to healthy children (HC) and explored the relationship of vagal activity and sympathovagal balance to psychological distress and stool type. Children completed questionnaires, kept a 2-week pain/stool diary, and wore a 24-hour Holter monitor to assess vagal activity. Group comparisons on vagal activity were controlled for age and body mass index. Indicators of vagal activity and sympathovagal balance did not differ between FAP/IBS children (70 girls, 30 boys) and HC (44 girls, 18 boys). Psychological distress measures were generally higher in FAP/IBS than HC, primarily in girls. Exploratory analyses suggest a potential negative correlation between vagal activity and psychological distress in FAP/IBS girls but not boys. In contrast to reports in women, no differences were found in vagal activity between FAP/IBS and HC. Preliminary findings suggest that in girls with FAP/IBS there is an inverse relationship between vagal activity and psychological distress. Perspective The results from this study suggest a possible relationship between emotional state and vagal activity in prepubertal girls (but not boys) with FAP/IBS. Age and/or duration of symptoms may explain our contrasting findings versus adults with IBS.",Irritable bowel syndrome; Medicine; Vagal tone; Autonomic nervous system; Heart rate variability; Abdominal pain; Distress; Balance (ability); Internal medicine; Visceral pain; Heart rate; Physical therapy,True,article,True,True,True,doi,,"{'venue': 'crossref', 'volume': 'crossref', 'issue': 'crossref', 'pages': 'crossref', 'publisher': 'crossref', 'url': 'crossref', 'lang': 'crossref', 'abstract': 'semanticscholar'}","{'crossref': 7, 'semanticscholar': 1}","X006.R000 resolved | hits:OA,CR,S2 | winner:- | filled:venue:CR; lang:CR; abstract:SE | missing:-",PASS_CLEAN,,,"H4-5,H4-6",,"{""H4-5"": {""status"": ""MET"", ""decision"": ""not_meet"", ""confidence"": 0.8, ""threshold"": 0.6, ""field"": ""title"", ""quote"": """", ""quote_valid"": false, ""span"": null, ""used"": true}, ""H4-6"": {""status"": ""MET"", ""decision"": ""not_meet"", ""confidence"": 0.8, ""threshold"": 0.6, ""field"": ""abstract"", ""quote"": """", ""quote_valid"": false, ""span"": null, ""used"": true}}",PASS_CLEAN: all EL criteria MET.
A202,101016jpain201209013,Relationship of neuroticism and laboratory pain in healthy children: Does anxiety sensitivity play a role?,Laura A. Payne; Laura C. Seidman; Kirsten Lung; Lonnie K. Zeltzer; Jennie C.I. Tsao,Laura A. Payne,2012.0,10.1016/j.pain.2012.09.013,https://pubmed.ncbi.nlm.nih.gov/23158759,,,Pain,154,1,103-109,Ovid Technologies (Wolters Kluwer Health),en,https://doi.org/10.1016/j.pain.2012.09.013,0.9,resolved,openalex,2026-08-16T22:31:05Z,X006,"Both neuroticism, a higher-order, stable personality trait, and anxiety sensitivity (AS), a lower-order pain-related construct, have been associated with pain, although no research exists examining the relationship of both these constructs to acute pain in children. In the current study, 99 healthy children (53 girls) completed self-report measures of neuroticism and AS before undergoing pain tasks involving cold and pressure pain. We hypothesized that both neuroticism and AS would be correlated with acute pain responses, but that AS would at least partially mediate the relationship between neuroticism and pain responses. Results indicated significant correlations between neuroticism, AS, and anticipatory anxiety, pain intensity and pain bother. Mediational models revealed that AS partially mediated relationships between neuroticism and pain intensity/bother, and fully mediated relationships between neuroticism and anticipatory anxiety. These data suggest that, at least in children, neuroticism may be best understood as a vulnerability factor for elevated pain responses, especially when coupled with a fear of bodily sensations.",Neuroticism; Anxiety sensitivity; Anxiety; Psychology; Clinical psychology; Sensitivity (control systems); Medicine; Developmental psychology; Psychiatry; Personality; Social psychology; Electronic engineering,True,article,True,True,False,doi,,"{'venue': 'crossref', 'volume': 'crossref', 'issue': 'crossref', 'pages': 'crossref', 'publisher': 'crossref', 'url': 'crossref', 'lang': 'crossref'}",{'crossref': 7},"X006.R000 resolved | hits:OA,CR | winner:- | filled:venue:CR; lang:CR | missing:-",PASS_CLEAN,,,"H4-5,H4-6",,"{""H4-5"": {""status"": ""MET"", ""decision"": ""not_meet"", ""confidence"": 0.8, ""threshold"": 0.6, ""field"": ""title"", ""quote"": """", ""quote_valid"": false, ""span"": null, ""used"": true}, ""H4-6"": {""status"": ""MET"", ""decision"": ""not_meet"", ""confidence"": 0.8, ""threshold"": 0.6, ""field"": ""abstract"", ""quote"": """", ""quote_valid"": false, ""span"": null, ""used"": true}}",PASS_CLEAN: all EL criteria MET.
A203,101016jjpsychores200902007,Autonomic activity and somatic symptoms in response to success vs. failure on a cognitive task: A comparison of chronic abdominal pain patients and well children,Martina Puzanovova; Patrick G. Arbogast; Craig A. Smith; Julia Anderson; André Diedrich; Lynn S. Walker,Martina Puzanovova,2009.0,10.1016/j.jpsychores.2009.02.007,https://pubmed.ncbi.nlm.nih.gov/19686879,,,Journal of Psychosomatic Research,67,3,235-243,Elsevier BV,en,https://doi.org/10.1016/j.jpsychores.2009.02.007,0.9,resolved,openalex,2026-08-16T22:31:06Z,X006,"Objectives To compare autonomic nervous system (ANS) activity and somatic symptoms in chronic abdominal pain (CAP) patients and well children during (a) resting baseline, (b) training in a cognitive task, and (c) random assignment to success vs. failure on the task. Methods The ECG was continuously recorded with a dual lead system (Biopac) in 45 CAP patients and 22 well children, ages 9–16 years (mean age = 12.3). Heart rate variability (HRV) was analyzed during the 5 minute resting baseline, training, and success/failure on the task. Performance expectations were assessed before the task. Gastrointestinal (GI) and non-GI somatic symptoms were assessed before and after the task. Results Compared to well children, CAP patients reported lower expectations for their task performance and higher GI symptoms (p’s < 0.05). During success, CAP patients exhibited significant increases in both sympathetic (p < 0.05) and parasympathetic (p < 0.05) activity whereas well children exhibited no change in ANS activity. During failure, CAP patients exhibited significant increases in somatic symptoms (< 0.05) but no change in ANS activity. Conclusions The lower performance expectations of CAP patients compared to well children may have influenced their experience of success and contributed to differences in their autonomic activity.",Autonomic nervous system; Heart rate variability; Medicine; Somatic cell; Cognition; Internal medicine; Abdominal pain; Task (project management); Heart failure; Cardiology; Audiology; Heart rate,True,article,True,True,True,doi,,"{'venue': 'crossref', 'volume': 'crossref', 'issue': 'crossref', 'pages': 'crossref', 'publisher': 'crossref', 'url': 'crossref', 'lang': 'crossref', 'abstract': 'semanticscholar'}","{'crossref': 7, 'semanticscholar': 1}","X006.R000 resolved | hits:OA,CR,S2 | winner:- | filled:venue:CR; lang:CR; abstract:SE | missing:-",PASS_CLEAN,,,"H4-5,H4-6",,"{""H4-5"": {""status"": ""MET"", ""decision"": ""not_meet"", ""confidence"": 0.8, ""threshold"": 0.6, ""field"": ""title"", ""quote"": """", ""quote_valid"": false, ""span"": null, ""used"": true}, ""H4-6"": {""status"": ""MET"", ""decision"": ""not_meet"", ""confidence"": 0.8, ""threshold"": 0.6, ""field"": ""abstract"", ""quote"": """", ""quote_valid"": false, ""span"": null, ""used"": true}}",PASS_CLEAN: all EL criteria MET.
A204,101016jpain200907003,The importance of emotional processes in the modulation of pain,Jamie L. Rhudy,Jamie L. Rhudy,2009.0,10.1016/j.pain.2009.07.003,https://pubmed.ncbi.nlm.nih.gov/19647365,,,Pain,146,3,233-234,Ovid Technologies (Wolters Kluwer Health),en,https://doi.org/10.1016/j.pain.2009.07.003,0.9,resolved,openalex,2026-08-16T22:31:06Z,X006,"Department of Psychology, The University of Tulsa, 800 South Tucker Drive, Tulsa, OK 74104, USA. Tel.: +1 918 631 2839; fax: +1 918 631 2833. E-mail address:[email protected]",Psychology; Emotional disorder; Applied psychology; Psychiatry; Medicine; Anxiety,False,article,True,True,False,doi,,"{'venue': 'crossref', 'volume': 'crossref', 'issue': 'crossref', 'pages': 'crossref', 'publisher': 'crossref', 'url': 'crossref', 'lang': 'crossref'}",{'crossref': 7},"X006.R000 resolved | hits:OA,CR | winner:- | filled:venue:CR; lang:CR | missing:-",PASS_CLEAN,,,"H4-5,H4-6",,"{""H4-5"": {""status"": ""MET"", ""decision"": ""not_meet"", ""confidence"": 0.8, ""threshold"": 0.6, ""field"": ""title"", ""quote"": """", ""quote_valid"": false, ""span"": null, ""used"": true}, ""H4-6"": {""status"": ""MET"", ""decision"": ""not_meet"", ""confidence"": 0.8, ""threshold"": 0.6, ""field"": ""abstract"", ""quote"": """", ""quote_valid"": false, ""span"": null, ""used"": true}}",PASS_CLEAN: all EL criteria MET.
A208,101016s0165032700003384,A model of neurovisceral integration in emotion regulation and dysregulation,Julian F. Thayer; Richard D. Lane,Julian F. Thayer,2000.0,10.1016/s0165-0327(00)00338-4,https://pubmed.ncbi.nlm.nih.gov/11163422,,,Journal of Affective Disorders,61,3,201-216,Elsevier BV,en,https://doi.org/10.1016/s0165-0327(00)00338-4,0.9,resolved,openalex,2026-08-16T22:31:09Z,X006,,Negative feedback; Context (archaeology); Psychology; Neuroscience; Neuronal circuits; Perspective (graphical); Adaptability; Biological neural network; Cognitive psychology; Positive feedback; Computer science; Biology,False,article,True,True,True,doi,,"{'venue': 'crossref', 'volume': 'crossref', 'issue': 'crossref', 'pages': 'crossref', 'publisher': 'crossref', 'url': 'crossref', 'lang': 'crossref'}",{'crossref': 7},"X006.R000 resolved | hits:OA,CR,S2 | winner:- | filled:venue:CR; lang:CR | missing:abstract",PASS_CLEAN,,,"H4-5,H4-6",,"{""H4-5"": {""status"": ""MET"", ""decision"": ""not_meet"", ""confidence"": 0.8, ""threshold"": 0.6, ""field"": ""title"", ""quote"": """", ""quote_valid"": false, ""span"": null, ""used"": true}, ""H4-6"": {""status"": ""MET"", ""decision"": ""not_meet"", ""confidence"": 0.8, ""threshold"": 0.6, ""field"": ""abstract"", ""quote"": """", ""quote_valid"": false, ""span"": null, ""used"": true}}",PASS_CLEAN: all EL criteria MET.
A215,1010970000458320030100000012,Psychological Comorbidity and Stress Reactivity in Children and Adolescents With Recurrent Abdominal Pain and Anxiety Disorders,Lorah D. Dorn; JOHN C. CAMPO; Sathja Thato; Ronald E. Dahl; Daniel Lewin; R. Chandra; CARLO DI LORENZO,Lorah D. Dorn,2003.0,10.1097/00004583-200301000-00012,https://pubmed.ncbi.nlm.nih.gov/12500078,,,Journal of the American Academy of Child &amp; Adolescent Psychiatry,42,1,66-75,Elsevier BV,en,https://doi.org/10.1097/00004583-200301000-00012,0.9,resolved,openalex,2026-08-16T22:31:14Z,X006,,Anxiety; Comorbidity; Blood pressure; Heart rate; Depression (economics); Clinical psychology; Psychology; Anxiety disorder; Abdominal pain; Trier social stress test; Somatic anxiety; Internal medicine,False,article,True,True,True,doi,,"{'venue': 'crossref', 'volume': 'crossref', 'issue': 'crossref', 'pages': 'crossref', 'publisher': 'crossref', 'url': 'crossref', 'lang': 'crossref'}",{'crossref': 7},"X006.R000 resolved | hits:OA,CR,S2 | winner:- | filled:venue:CR; lang:CR | missing:abstract",PASS_CLEAN,,,"H4-5,H4-6",,"{""H4-5"": {""status"": ""MET"", ""decision"": ""not_meet"", ""confidence"": 0.8, ""threshold"": 0.6, ""field"": ""keywords"", ""quote"": """", ""quote_valid"": false, ""span"": null, ""used"": true}, ""H4-6"": {""status"": ""MET"", ""decision"": ""not_meet"", ""confidence"": 0.8, ""threshold"": 0.6, ""field"": ""abstract"", ""quote"": """", ""quote_valid"": false, ""span"": null, ""used"": true}}",PASS_CLEAN: all EL criteria MET.
A220,101002da1019,Heart rate and QT variability in children with anxiety disorders: A preliminary report,Vikram K. Yeragani; K.A. Radhakrishna Rao; Robert Pohl; V.C. Jampala; Richard Balon,Vikram K. Yeragani,2001.0,10.1002/da.1019,https://pubmed.ncbi.nlm.nih.gov/11301923,,,Depression and Anxiety,13,2,72-77,Hindawi Limited,en,https://doi.org/10.1002/da.1019,0.9,resolved,openalex,2026-08-16T22:31:18Z,X006,"This study compared beat-to-beat heart rate and QT variability in children with anxiety disorders (n = 7) and normal controls (n = 15) by using an automated algorithm to compute QT intervals. An increase in QT variability appears to be associated with a higher risk for sudden cardiac death. A decrease in heart rate variability is also linked to significant cardiovascular events. Supine detrended QT variability, QT variability corrected for mean QT interval, and QTvi (a log ratio of QT variance normalized for mean QT over heart rate variability normalized for mean heart rate) were significantly higher in children with anxiety compared to controls (P < 0.05). The largest Lyapunov Exponent (LLE) of heart rate time series was significantly lower (P < 0.05) in children with anxiety compared to controls. These findings suggest a relative increase in sympathetic activity and a relative decrease in cardiac vagal activity in children with anxiety disorders, and are discussed in the context of the effects of tricyclics on cardiac autonomic function in children, and the rare occurrence of sudden death during tricyclic antidepressant treatment.",Heart rate variability; QT interval; Heart rate; Anxiety; Cardiology; Internal medicine; Medicine; Sudden cardiac death; Supine position; Long QT syndrome; Sudden death; Electrocardiography,False,article,True,True,False,doi,,"{'venue': 'crossref', 'volume': 'crossref', 'issue': 'crossref', 'pages': 'crossref', 'publisher': 'crossref', 'url': 'crossref', 'lang': 'crossref'}",{'crossref': 7},"X006.R000 resolved | hits:OA,CR | winner:- | filled:venue:CR; lang:CR | missing:-",PASS_FLAGGED,,,H4-5,H4-6,"{""H4-5"": {""status"": ""MET"", ""decision"": ""not_meet"", ""confidence"": 0.8, ""threshold"": 0.6, ""field"": ""title"", ""quote"": """", ""quote_valid"": false, ""span"": null, ""used"": true}, ""H4-6"": {""status"": ""UNCERTAIN"", ""decision"": ""meet"", ""confidence"": 0.9, ""threshold"": 0.6, ""field"": ""abstract"", ""quote"": ""QT variability"", ""quote_valid"": true, ""span"": [121, 128], ""used"": true}}",PASS_FLAGGED: uncertain H4-6
A221,101093jpepsyjsq070,Self-Reported and Laboratory-Based Responses to Stress in Children with Recurrent Pain and Anxiety,Lynette Dufton; Madeleine J. Dunn; Laura S. Slosky; Bruce E. Compas,Lynette Dufton,2010.0,10.1093/jpepsy/jsq070,https://pubmed.ncbi.nlm.nih.gov/20736388,,,Journal of Pediatric Psychology,36,1,95-105,Oxford University Press (OUP),en,https://doi.org/10.1093/jpepsy/jsq070,0.9,resolved,openalex,2026-08-16T22:31:18Z,X006,"OBJECTIVE: To examine heart rate (HR) responses to and coping with stress in children with recurrent abdominal pain (RAP), anxiety, and healthy controls. METHODS: A clinical sample (children with RAP and children with anxiety) was compared to control children on self-reported and HR responses to stress and a laboratory test of pain tolerance and intensity (cold pressor). RESULTS: Children in the clinical sample had elevated HRs compared to healthy controls before, during, and after laboratory tasks. Self-reported stress reactivity to social stress was positively correlated with HR at all study time intervals. Secondary control coping with social stress was negatively correlated with HR at most study time intervals. Internalizing symptoms were positively correlated with HR and self-reported stress reactivity. CONCLUSIONS: Stress reactivity, as reflected in both self-reported and HR responses to laboratory stressors, is related to the presence of both RAP and anxiety in children.",Stressor; Anxiety; Cold pressor test; Coping (psychology); Heart rate; Psychology; Clinical psychology; Reactivity (psychology); Social stress; Pain tolerance; Medicine; Internal medicine,True,article,True,True,False,doi,,"{'venue': 'crossref', 'volume': 'crossref', 'issue': 'crossref', 'pages': 'crossref', 'publisher': 'crossref', 'url': 'crossref', 'lang': 'crossref'}",{'crossref': 7},"X006.R000 resolved | hits:OA,CR | winner:- | filled:venue:CR; lang:CR | missing:-",PASS_CLEAN,,,"H4-5,H4-6",,"{""H4-5"": {""status"": ""MET"", ""decision"": ""not_meet"", ""confidence"": 0.8, ""threshold"": 0.6, ""field"": ""title"", ""quote"": """", ""quote_valid"": false, ""span"": null, ""used"": true}, ""H4-6"": {""status"": ""MET"", ""decision"": ""not_meet"", ""confidence"": 0.7, ""threshold"": 0.6, ""field"": ""abstract"", ""quote"": """", ""quote_valid"": false, ""span"": null, ""used"": true}}",PASS_CLEAN: all EL criteria MET.
A223,101111j165122272001tb02425x,Personality profiles and heart rate variability (vagal tone) in children with recurrent abdominal pain,E Olafsdottir; Bjørn Ellertsen; Arnold Berstad; G Fluge,E Olafsdottir,2001.0,10.1111/j.1651-2227.2001.tb02425.x,https://pubmed.ncbi.nlm.nih.gov/11440095,,,Acta Paediatrica,90,6,632-637,Wiley,en,https://doi.org/10.1111/j.1651-2227.2001.tb02425.x,0.9,resolved,openalex,2026-08-16T22:31:21Z,X006,"UNLABELLED: The aim of the study was to explore psychological factors and autonomic activity in children with recurrent abdominal pain and to compare them with those in a control group of healthy children. The Personality Inventory for Children was used for assessment of developmental, emotional and psychosocial factors in 25 children with recurrent abdominal pain (age, 7-15 y). Parasympathetic and sympathetic functions in these children and in 23 healthy control subjects (age, 7-13 y) were also investigated, non-invasively using a computerized polygraph. Vagal tone (parasympathetic function) was indexed by calculation of respiratory sinus arrhythmia in beats/min. Skin conductance (sympathetic function) was recorded by the constant current method. On the Personality Inventory for Children, 16 patients had high scores on somatic concern. Several patients had scores in the clinical range for depression, withdrawal and anxiety, but the mean scores for these personality profile scales were well within the normal range of healthy children. Interestingly, there was a spike on the L (Lie)-scale for most of the patients and 15 patients had scores above or close to the clinical cut-off value. As compared with the scores in healthy children, vagal tone and sympathetic tone were normal. CONCLUSION: Many children with recurrent abdominal pain have scores in the clinical range for depression, withdrawal, anxiety and L-scale indicating coping problems, denial and a trend towards somatic concern that may contribute to the evolution of abdominal pain. Autonomic nerve activity was not disturbed in these children.",Vagal tone; Medicine; Eysenck Personality Questionnaire; Anxiety; Heart rate variability; Heart rate; Psychosocial; Personality; Autonomic nervous system; Anesthesia; Internal medicine; Psychiatry,False,article,True,True,False,doi,,"{'venue': 'crossref', 'volume': 'crossref', 'issue': 'crossref', 'pages': 'crossref', 'publisher': 'crossref', 'url': 'crossref', 'lang': 'crossref'}",{'crossref': 7},"X006.R000 resolved | hits:OA,CR | winner:- | filled:venue:CR; lang:CR | missing:-",PASS_FLAGGED,,,H4-5,H4-6,"{""H4-5"": {""status"": ""MET"", ""decision"": ""not_meet"", ""confidence"": 0.8, ""threshold"": 0.6, ""field"": ""title"", ""quote"": """", ""quote_valid"": false, ""span"": null, ""used"": true}, ""H4-6"": {""status"": ""UNCERTAIN"", ""decision"": ""meet"", ""confidence"": 0.9, ""threshold"": 0.6, ""field"": ""abstract"", ""quote"": ""vagal tone"", ""quote_valid"": true, ""span"": [113, 121], ""used"": true}}",PASS_FLAGGED: uncertain H4-6
A228,101002da1039,"Yeragani VK, Radhakrishna Rao KA, Pohl R, Jampala VC, Balon R. 2001. Heart rate and QT variability in children with anxiety disorders: A preliminary report. Depression and Anxiety 13:72-77",,,2001.0,10.1002/da.1039,,,,Depression and Anxiety,13,4,198-198,Hindawi Limited,en,https://doi.org/10.1002/da.1039,0.9,resolved,openalex,2026-08-16T22:31:25Z,X006,"In Table 3 of the article referenced above, the values of MED and LLE reflect a parallel algorithm used. However the correct values are presented in the following version of Table 3. The authors regret the oversight.",Anxiety; Regret; Depression (economics); Psychology; Psychiatry; Citation; Clinical psychology; Computer science; Library science; Machine learning; Economics; Macroeconomics,True,article,True,True,False,doi,,"{'venue': 'crossref', 'volume': 'crossref', 'issue': 'crossref', 'pages': 'crossref', 'publisher': 'crossref', 'url': 'crossref', 'lang': 'crossref'}",{'crossref': 7},"X006.R000 resolved | hits:OA,CR | winner:- | filled:venue:CR; lang:CR | missing:-",PASS_CLEAN,,,"H4-5,H4-6",,"{""H4-5"": {""status"": ""MET"", ""decision"": ""not_meet"", ""confidence"": 0.8, ""threshold"": 0.6, ""field"": ""title"", ""quote"": """", ""quote_valid"": false, ""span"": null, ""used"": true}, ""H4-6"": {""status"": ""MET"", ""decision"": ""not_meet"", ""confidence"": 0.6, ""threshold"": 0.6, ""field"": ""abstract"", ""quote"": """", ""quote_valid"": false, ""span"": null, ""used"": true}}",PASS_CLEAN: all EL criteria MET.
A229,101080080352501750258685,Personality profiles and heart rate variability (vagal tone) in children with recurrent abdominal pain,E Olafsdottir; B Ellertsen; Arnold Berstad; G Fluge,E Olafsdottir,2001.0,10.1080/080352501750258685,,,,Acta Paediatrica,90,6,632-637,Wiley,en,https://doi.org/10.1080/080352501750258685,0.9,resolved,openalex,2026-08-16T22:31:26Z,X006,"The aim of the study was to explore psychological factors and autonomic activity in children with recurrent abdominal pain and to compare them with those in a control group of healthy children. The Personality Inventory for Children was used for assessment of developmental, emotional and psychosocial factors in 25 children with recurrent abdominal pain (age, 7–15 y). Parasympathetic and sympathetic functions in these children and in 23 healthy control subjects (age, 7–13 y) were also investigated, non-invasively using a computerized polygraph. Vagal tone (parasympathetic function) was indexed by calculation of respiratory sinus arrhythmia in beats/min. Skin conductance (sympathetic function) was recorded by the constant current method. On the Personality Inventory for Children, 16 patients had high scores on somatic concern. Several patients had scores in the clinical range for depression, withdrawal and anxiety, but the mean scores for these personality profile scales were well within the normal range of healthy children. Interestingly, there was a spike on the L (Lie)-scale for most of the patients and 15 patients had scores above or close to the clinical cut-off value. As compared with the scores in healthy children, vagal tone and sympathetic tone were normal. Conclusion: Many children with recurrent abdominal pain have scores in the clinical range for depression, withdrawal, anxiety and L-scale indicating coping problems, denial and a trend towards somatic concern that may contribute to the evolution of abdominal pain. Autonomic nerve activity was not disturbed in these children.",Vagal tone; Medicine; Eysenck Personality Questionnaire; Anxiety; Heart rate variability; Personality; Psychosocial; Autonomic nervous system; Heart rate; Anesthesia; Internal medicine; Psychiatry,False,article,True,True,False,doi,,"{'venue': 'crossref', 'volume': 'crossref', 'issue': 'crossref', 'pages': 'crossref', 'publisher': 'crossref', 'url': 'crossref', 'lang': 'heuristic'}","{'crossref': 6, 'heuristic': 1}","X006.R000 resolved | hits:OA,CR | winner:- | filled:venue:CR; lang:HE | missing:-",PASS_CLEAN,,,"H4-5,H4-6",,"{""H4-5"": {""status"": ""MET"", ""decision"": ""not_meet"", ""confidence"": 0.8, ""threshold"": 0.6, ""field"": ""abstract"", ""quote"": """", ""quote_valid"": false, ""span"": null, ""used"": true}, ""H4-6"": {""status"": ""MET"", ""decision"": ""not_meet"", ""confidence"": 0.8, ""threshold"": 0.6, ""field"": ""abstract"", ""quote"": """", ""quote_valid"": false, ""span"": null, ""used"": true}}",PASS_CLEAN: all EL criteria MET.
A230,motherchildconcordanceforpainlocationinapediatricchronicpainsample,Mother-child concordance for pain location in a pediatric chronic pain sample,Lindsay F. Schwartz; Laura C. Seidman; Lonnie K. Zeltzer; Jennie C.I. Tsao,Lindsay F. Schwartz,2013.0,https://openalex.org/W2410925823,https://pubmed.ncbi.nlm.nih.gov/26413192,,,,,,,,en,,0.9,resolved,openalex,2026-08-16T22:31:26Z,X006,"Body maps have long been used to assess pain location in adult and pediatric chronic pain patients. Assessing agreement between parent and child reports of pain location using such maps may help establish a unified picture of children's pain experience. However, few studies have examined the extent of agreement between mothers and children on the location of the child's pain. Using kappa coefficients and other determinants of the magnitude of kappa we assessed mother-child concordance in pain location using body maps with 21 standardized areas in 41 children with chronic pain (65.9% female, mean age = 14.60) and their mothers. The highest level of agreement was found for the abdominal region; agreement for the head region was moderate and not superior to the other body areas. Approximately half of the body map areas yielded poor to fair mother-child agreement, while the other half yielded moderate or better agreement. There was more agreement between mothers and sons than between mothers and daughters on the total number of body areas considered painful, but there were no effects of pubertal status, race, and ethnicity on agreement. Our results are consistent with previous studies indicating that parent assessments of children's pain do not necessarily mimic their child's report. Future research should test additional psychosocial factors that may contribute to parent-child discordance regarding the location of the child's pain.",Concordance; Psychosocial; Medicine; Chronic pain; Kappa; Cohen's kappa; Pediatrics; Physical therapy; Psychiatry; Internal medicine; Linguistics; Philosophy,True,article,True,False,False,title,openalex,"{'doi': 'openalex', 'lang': 'heuristic'}","{'openalex': 1, 'heuristic': 1}",X006.R000 resolved | hits:OA | winner:openalex | filled:doi:OP; lang:HE | missing:-,PASS_CLEAN,,,"H4-5,H4-6",,"{""H4-5"": {""status"": ""MET"", ""decision"": ""not_meet"", ""confidence"": 0.9, ""threshold"": 0.6, ""field"": ""abstract"", ""quote"": """", ""quote_valid"": false, ""span"": null, ""used"": true}, ""H4-6"": {""status"": ""MET"", ""decision"": ""not_meet"", ""confidence"": 0.9, ""threshold"": 0.6, ""field"": ""abstract"", ""quote"": """", ""quote_valid"": false, ""span"": null, ""used"": true}}",PASS_CLEAN: all EL criteria MET.
A231,1011552014390368,Pubertal Status Moderates the Association between Mother and Child Laboratory Pain Tolerance,Jennie C.I. Tsao; Ning Li; Delana M. Parker; Laura C. Seidman; Lonnie K. Zeltzer,Jennie C.I. Tsao,2014.0,10.1155/2014/390368,https://pubmed.ncbi.nlm.nih.gov/24367794,,,Pain Research and Management,19,1,23-29,Wiley,en,https://doi.org/10.1155/2014/390368,0.9,resolved,openalex,2026-08-16T22:31:27Z,X006,"BACKGROUND: There is limited information regarding the relationship between parent and child responses to laboratory pain induction in the absence of experimental manipulation. OBJECTIVES: To assess the association between responses to cold and pressure pain tasks in 133 nonclinical mothers and children (mean age 13.0 years; 70 girls), and the moderating effects of child sex and pubertal status on these mother-child relationships. METHODS: Mothers and children independently completed the cold and pressure pain tasks. Multiple linear regression analyses examined the association between mothers' and children's laboratory pain responses. The moderating effects of child sex and pubertal status were tested in the linear models by examining the interaction among mother laboratory pain responses, and child sex and pubertal status. RESULTS: Mothers' cold pain anticipatory anxiety and pressure pain intensity were associated with children's pressure pain anticipatory anxiety. Mothers' pressure pain tolerance was associated with children's pain tolerance for both the cold and pressure pain tasks. Mothers' cold pain tolerance was associated with children's pressure pain tolerance. Pubertal status moderated two of the three significant mother-child pain tolerance relationships, such that the associations held for early pubertal but not for late pubertal children. Sex did not moderate mother-child pain associations. CONCLUSIONS: The results indicate that mother-child pain relationships are centred primarily on pain avoidance behaviour, particularly among prepubertal children. These findings may inform interventions focused on pain behaviours, with a particular emphasis on mothers of prepubertal children, to reduce acute pain responses in their children.",Pain tolerance; Association (psychology); Anxiety; Pain catastrophizing; Psychological intervention; Psychology; Clinical psychology; Medicine; Developmental psychology; Chronic pain; Threshold of pain; Physical therapy,True,article,True,True,False,doi,,"{'venue': 'crossref', 'volume': 'crossref', 'issue': 'crossref', 'pages': 'crossref', 'publisher': 'crossref', 'url': 'crossref', 'lang': 'crossref'}",{'crossref': 7},"X006.R000 resolved | hits:OA,CR | winner:- | filled:venue:CR; lang:CR | missing:-",PASS_CLEAN,,,"H4-5,H4-6",,"{""H4-5"": {""status"": ""MET"", ""decision"": ""not_meet"", ""confidence"": 0.9, ""threshold"": 0.6, ""field"": ""abstract"", ""quote"": """", ""quote_valid"": false, ""span"": null, ""used"": true}, ""H4-6"": {""status"": ""MET"", ""decision"": ""not_meet"", ""confidence"": 0.9, ""threshold"": 0.6, ""field"": ""abstract"", ""quote"": """", ""quote_valid"": false, ""span"": null, ""used"": true}}",PASS_CLEAN: all EL criteria MET.
A233,101023bjoba00000074550853994,"Multidimensional Assessment of Emotion Regulation and Dysregulation: Development, Factor Structure, and Initial Validation of the Difficulties in Emotion Regulation Scale",Kim L. Gratz; Lizabeth Roemer,Kim L. Gratz,2003.0,10.1023/b:joba.0000007455.08539.94,,,,Journal of Psychopathology and Behavioral Assessment,26,1,41-54,Springer Science and Business Media LLC,en,https://doi.org/10.1023/b:joba.0000007455.08539.94,0.9,resolved,openalex,2026-08-16T22:31:31Z,X008,"Given recent attention to emotion regulation as a potentially unifying function of diverse symptom presentations, there is a need for comprehensive measures that adequately assess difficulties in emotion regulation among adults. This paper (a) proposes an integrative conceptualization of emotion regulation as involving not just the modulation of emotional arousal, but also the awareness, understanding, and acceptance of emotions, and the ability to act in desired ways regardless of emotional state; and (b) begins to explore the factor structure and psychometric properties of a new measure, the Difficulties in Emotion Regulation Scale (DERS). Two samples of undergraduate students completed questionnaire packets. Preliminary findings suggest that the DERS has high internal consistency, good test–retest reliability, and adequate construct and predictive validity.",Psychology; Conceptualization; Construct validity; Construct (python library); Scale (ratio); Arousal; Internal consistency; Reliability (semiconductor); Emotional regulation; Cognitive psychology; Exploratory factor analysis; Predictive validity,False,article,True,True,False,doi,,"{'venue': 'crossref', 'volume': 'crossref', 'issue': 'crossref', 'pages': 'crossref', 'publisher': 'crossref', 'url': 'crossref', 'lang': 'crossref', 'abstract': 'unpaywall'}","{'crossref': 7, 'unpaywall': 1}","X008.R000 resolved | hits:OA,CR | winner:- | filled:venue:CR; lang:CR; abstract:UN | missing:-",PASS_CLEAN,,,"H4-5,H4-6",,"{""H4-5"": {""status"": ""MET"", ""decision"": ""not_meet"", ""confidence"": 0.9, ""threshold"": 0.6, ""field"": ""abstract"", ""quote"": """", ""quote_valid"": false, ""span"": null, ""used"": true}, ""H4-6"": {""status"": ""MET"", ""decision"": ""not_meet"", ""confidence"": 0.9, ""threshold"": 0.6, ""field"": ""abstract"", ""quote"": """", ""quote_valid"": false, ""span"": null, ""used"": true}}",PASS_CLEAN: all EL criteria MET.
A237,101038mp200865,A neural model of voluntary and automatic emotion regulation: implications for understanding the pathophysiology and neurodevelopment of bipolar disorder,Mary L. Phillips; Cecile D. Ladouceur; Wayne C. Drevets,Mary L. Phillips,2008.0,10.1038/mp.2008.65,https://pubmed.ncbi.nlm.nih.gov/18574483,,,Molecular Psychiatry,13,9,833-857,Springer Science and Business Media LLC,en,https://doi.org/10.1038/mp.2008.65,0.9,resolved,openalex,2026-08-16T22:31:37Z,X008,"The ability to regulate emotions is an important part of adaptive functioning in society. Advances in cognitive and affective neuroscience and biological psychiatry have facilitated examination of neural systems that may be important for emotion regulation. In this critical review we first develop a neural model of emotion regulation that includes neural systems implicated in different voluntary and automatic emotion regulatory subprocesses. We then use this model as a theoretical framework to examine functional neural abnormalities in these neural systems that may predispose to the development of a major psychiatric disorder characterized by severe emotion dysregulation, bipolar disorder.",Bipolar disorder; Psychology; Neural system; Neuroscience; Cognition; Neuroplasticity; Cognitive psychology; Cognitive science,True,article,True,True,True,doi,,"{'venue': 'crossref', 'volume': 'crossref', 'issue': 'crossref', 'pages': 'crossref', 'publisher': 'crossref', 'url': 'crossref', 'lang': 'crossref', 'abstract': 'unpaywall'}","{'crossref': 7, 'unpaywall': 1}","X008.R000 resolved | hits:OA,CR,S2 | winner:- | filled:venue:CR; lang:CR; abstract:UN | missing:-",PASS_CLEAN,,,"H4-5,H4-6",,"{""H4-5"": {""status"": ""MET"", ""decision"": ""not_meet"", ""confidence"": 0.9, ""threshold"": 0.6, ""field"": ""abstract"", ""quote"": """", ""quote_valid"": false, ""span"": null, ""used"": true}, ""H4-6"": {""status"": ""MET"", ""decision"": ""not_meet"", ""confidence"": 0.9, ""threshold"": 0.6, ""field"": ""abstract"", ""quote"": """", ""quote_valid"": false, ""span"": null, ""used"": true}}",PASS_CLEAN: all EL criteria MET.
A242,101002jclp20857,Effects of mindfulness‐based stress reduction on emotional experience and expression: a randomized controlled trial,Clive J. Robins; Shian‐Ling Keng; Andrew Ekblad; Jeffrey G. Brantley,Clive J. Robins,2011.0,10.1002/jclp.20857,https://pubmed.ncbi.nlm.nih.gov/22144347,,,Journal of Clinical Psychology,68,1,117-131,Wiley,en,https://doi.org/10.1002/jclp.20857,0.9,resolved,openalex,2026-08-16T22:31:42Z,X008,"OBJECTIVES: Mindfulness-based stress reduction (MBSR) has been found to reduce psychological distress and improve psychological adjustment in medical, psychiatric, and nonclinical samples. We examined its effects on several processes, attitudes, and behavior patterns related to emotion regulation. DESIGN: Fifty-six adults were randomly assigned to MBSR or to a waiting list (WL). RESULTS: Compared with WL completers (n = 21), MBSR completers (n = 20) reported significantly greater increases in trait mindfulness and decreases in absent-mindedness, greater increases in self-compassion, and decreases in fear of emotions, suppression of anger, aggressive anger expression, worry, and difficulties regulating emotions. The WL group subsequently received MBSR, and the two groups combined showed significant changes on all of these variables from pre-MBSR to post-MBSR, and on all except the 2 anger variables from pre-test to 2-month follow-up, as well as significant reductions in rumination. CONCLUSION: An 8-week mindfulness training program might increase mindful awareness in daily life and have beneficial impact on clinically relevant emotion regulation processes.",Mindfulness; Psychology; Clinical psychology; Rumination; Anger; Mindfulness-based stress reduction; Randomized controlled trial; Worry; Stress reduction; Distress; Trait; Self-compassion,False,article,True,True,False,doi,,"{'venue': 'crossref', 'volume': 'crossref', 'issue': 'crossref', 'pages': 'crossref', 'publisher': 'crossref', 'url': 'crossref', 'lang': 'crossref'}",{'crossref': 7},"X008.R000 resolved | hits:OA,CR | winner:- | filled:venue:CR; lang:CR | missing:-",PASS_CLEAN,,,"H4-5,H4-6",,"{""H4-5"": {""status"": ""MET"", ""decision"": ""not_meet"", ""confidence"": 0.8, ""threshold"": 0.6, ""field"": ""abstract"", ""quote"": """", ""quote_valid"": false, ""span"": null, ""used"": true}, ""H4-6"": {""status"": ""MET"", ""decision"": ""not_meet"", ""confidence"": 0.8, ""threshold"": 0.6, ""field"": ""abstract"", ""quote"": """", ""quote_valid"": false, ""span"": null, ""used"": true}}",PASS_CLEAN: all EL criteria MET.
A243,101016jcopsyc201502010,"Examining emotion regulation as an outcome, mechanism, or target of psychological treatments",Kim L. Gratz; Nicole H. Weiss; Matthew T. Tull,Kim L. Gratz,2015.0,10.1016/j.copsyc.2015.02.010,https://pubmed.ncbi.nlm.nih.gov/25859561,,,Current Opinion in Psychology,3,,85-90,Elsevier BV,en,https://doi.org/10.1016/j.copsyc.2015.02.010,0.9,resolved,openalex,2026-08-16T22:31:42Z,X008,"This paper reviews the extant literature on emotion regulation (ER) in psychological interventions. First, we review current conceptualizations of ER, highlighting a model with established clinical utility (particularly with regard to the development of new interventions and modification of existing interventions). Next, we review the literature on the effects of psychological interventions on ER, from traditional cognitive-behavioral and acceptance-based behavioral interventions that do not target ER directly to treatments that directly target ER as one component of a larger or more comprehensive treatment, as well as the preliminary research examining ER as a mechanism of change in these treatments. Finally, extant data on three treatments developed specifically to address ER are reviewed, with an emphasis on the ER-specific treatment with the most empirical support to date (emotion regulation group therapy).",Extant taxon; Psychological intervention; Psychology; Mechanism (biology); Psychotherapist; Acceptance and commitment therapy; Outcome (game theory); Cognition; Cognitive behavioral therapy; Clinical psychology; Intervention (counseling); Neuroscience,False,article,True,True,True,doi,,"{'venue': 'crossref', 'volume': 'crossref', 'pages': 'crossref', 'publisher': 'crossref', 'url': 'crossref', 'lang': 'crossref', 'abstract': 'semanticscholar'}","{'crossref': 6, 'semanticscholar': 1}","X008.R000 resolved | hits:OA,CR,S2 | winner:- | filled:venue:CR; lang:CR; abstract:SE | missing:-",PASS_CLEAN,,,"H4-5,H4-6",,"{""H4-5"": {""status"": ""MET"", ""decision"": ""not_meet"", ""confidence"": 0.7, ""threshold"": 0.6, ""field"": ""abstract"", ""quote"": """", ""quote_valid"": false, ""span"": null, ""used"": true}, ""H4-6"": {""status"": ""MET"", ""decision"": ""not_meet"", ""confidence"": 0.8, ""threshold"": 0.6, ""field"": ""abstract"", ""quote"": """", ""quote_valid"": false, ""span"": null, ""used"": true}}",PASS_CLEAN: all EL criteria MET.
A253,101016jcpr200911004,Emotion-regulation strategies across psychopathology: A meta-analytic review,Amelia Aldao; Susan Nolen–Hoeksema; Susanne Schweizer,Amelia Aldao,2009.0,10.1016/j.cpr.2009.11.004,https://pubmed.ncbi.nlm.nih.gov/20015584,,,Clinical Psychology Review,30,2,217-237,Elsevier BV,en,https://doi.org/10.1016/j.cpr.2009.11.004,0.9,resolved,openalex,2026-08-16T22:31:52Z,X008,,Psychopathology; Psychology; Rumination; Cognitive reappraisal; Expressive Suppression; Anxiety; Normative; Clinical psychology; Cognition; Eating disorders; Population; Meta-analysis,False,article,True,True,True,doi,,"{'venue': 'crossref', 'volume': 'crossref', 'issue': 'crossref', 'pages': 'crossref', 'publisher': 'crossref', 'url': 'crossref', 'lang': 'crossref'}",{'crossref': 7},"X008.R000 resolved | hits:OA,CR,S2 | winner:- | filled:venue:CR; lang:CR | missing:abstract",PASS_CLEAN,,,"H4-5,H4-6",,"{""H4-5"": {""status"": ""MET"", ""decision"": ""not_meet"", ""confidence"": 0.9, ""threshold"": 0.6, ""field"": ""keywords"", ""quote"": """", ""quote_valid"": false, ""span"": null, ""used"": true}, ""H4-6"": {""status"": ""MET"", ""decision"": ""not_meet"", ""confidence"": 0.8, ""threshold"": 0.6, ""field"": ""abstract"", ""quote"": """", ""quote_valid"": false, ""span"": null, ""used"": true}}",PASS_CLEAN: all EL criteria MET.
A255,1010371528354252175,"The Tie That Binds? Coherence Among Emotion Experience, Behavior, and Physiology",Iris B. Mauss; Robert W. Levenson; Loren McCarter; Frank H. Wilhelm; James J. Gross,Iris B. Mauss,2005.0,10.1037/1528-3542.5.2.175,https://pubmed.ncbi.nlm.nih.gov/15982083,,,Emotion,5,2,175-190,American Psychological Association (APA),en,https://doi.org/10.1037/1528-3542.5.2.175,0.9,resolved,openalex,2026-08-16T22:31:55Z,X008,"Emotion theories commonly postulate that emotions impose coherence across multiple response systems. However, empirical support for this coherence postulate is surprisingly limited. In the present study, the authors (a) examined the within-individual associations among experiential, facial behavioral, and peripheral physiological responses during emotional responding and (b) assessed whether emotion intensity moderates these associations. Experiential, behavioral, and physiological responses were measured second-by-second during a film that induced amusement and sadness. Results indicate that experience and behavior were highly associated but that physiological responses were only modestly associated with experience and behavior. Intensity of amusement experience was associated with greater coherence between behavior and physiological responding; intensity of sadness experience was not. These findings provide new evidence about response system coherence in emotions.",Amusement; Sadness; Psychology; Cognitive psychology; Coherence (philosophical gambling strategy); Experiential learning; Social psychology; Anger; Physics; Quantum mechanics; Mathematics education,False,article,True,True,False,doi,,"{'venue': 'crossref', 'volume': 'crossref', 'issue': 'crossref', 'pages': 'crossref', 'publisher': 'crossref', 'url': 'crossref', 'lang': 'crossref'}",{'crossref': 7},"X008.R000 resolved | hits:OA,CR | winner:- | filled:venue:CR; lang:CR | missing:-",PASS_CLEAN,,,"H4-5,H4-6",,"{""H4-5"": {""status"": ""MET"", ""decision"": ""not_meet"", ""confidence"": 0.6, ""threshold"": 0.6, ""field"": ""abstract"", ""quote"": """", ""quote_valid"": false, ""span"": null, ""used"": true}, ""H4-6"": {""status"": ""MET"", ""decision"": ""not_meet"", ""confidence"": 0.8, ""threshold"": 0.6, ""field"": ""abstract"", ""quote"": """", ""quote_valid"": false, ""span"": null, ""used"": true}}",PASS_CLEAN: all EL criteria MET.
A262,101016jcpr201210006,Mindfulness: Top–down or bottom–up emotion regulation strategy?,Alberto Chiesa; Alessandro Serretti; Janus Christian Jakobsen,Alberto Chiesa,2012.0,10.1016/j.cpr.2012.10.006,https://pubmed.ncbi.nlm.nih.gov/23142788,,,Clinical Psychology Review,33,1,82-96,Elsevier BV,en,https://doi.org/10.1016/j.cpr.2012.10.006,0.9,resolved,openalex,2026-08-16T22:31:59Z,X008,,Mindfulness; Psychology; Context (archaeology); Cognitive psychology; Psychotherapist; Emotional regulation; Developmental psychology; Paleontology; Biology,False,article,True,True,True,doi,,"{'venue': 'crossref', 'volume': 'crossref', 'issue': 'crossref', 'pages': 'crossref', 'publisher': 'crossref', 'url': 'crossref', 'lang': 'crossref'}",{'crossref': 7},"X008.R000 resolved | hits:OA,CR,S2 | winner:- | filled:venue:CR; lang:CR | missing:abstract",PASS_FLAGGED,,,H4-6,H4-5,"{""H4-5"": {""status"": ""UNCERTAIN"", ""decision"": ""not_meet"", ""confidence"": 0.5, ""threshold"": 0.6, ""field"": ""keywords"", ""quote"": """", ""quote_valid"": false, ""span"": null, ""used"": true}, ""H4-6"": {""status"": ""MET"", ""decision"": ""not_meet"", ""confidence"": 0.8, ""threshold"": 0.6, ""field"": ""abstract"", ""quote"": """", ""quote_valid"": false, ""span"": null, ""used"": true}}",PASS_FLAGGED: uncertain H4-5
A263,101016jbrat201405005,Dialectical behavior therapy skills for transdiagnostic emotion dysregulation: A pilot randomized controlled trial,Andrada D. Neacsiu; Jeremy William Eberle; Rachel Kramer; Taylor Wiesmann; Marsha M. Linehan,Andrada D. Neacsiu,2014.0,10.1016/j.brat.2014.05.005,https://pubmed.ncbi.nlm.nih.gov/24974307,,,Behaviour Research and Therapy,59,,40-51,Elsevier BV,en,https://doi.org/10.1016/j.brat.2014.05.005,0.9,resolved,openalex,2026-08-16T22:32:00Z,X008,,Dialectical behavior therapy; Borderline personality disorder; Emotional dysregulation; Psychology; Psychopathology; Randomized controlled trial; Anxiety; Clinical psychology; Mood; Depression (economics); Psychotherapist; Psychiatry,False,article,True,True,True,doi,,"{'venue': 'crossref', 'volume': 'crossref', 'pages': 'crossref', 'publisher': 'crossref', 'url': 'crossref', 'lang': 'crossref'}",{'crossref': 6},"X008.R000 resolved | hits:OA,CR,S2 | winner:- | filled:venue:CR; lang:CR | missing:abstract",PASS_CLEAN,,,"H4-5,H4-6",,"{""H4-5"": {""status"": ""MET"", ""decision"": ""not_meet"", ""confidence"": 0.8, ""threshold"": 0.6, ""field"": ""title"", ""quote"": """", ""quote_valid"": false, ""span"": null, ""used"": true}, ""H4-6"": {""status"": ""MET"", ""decision"": ""not_meet"", ""confidence"": 0.8, ""threshold"": 0.6, ""field"": ""abstract"", ""quote"": """", ""quote_valid"": false, ""span"": null, ""used"": true}}",PASS_CLEAN: all EL criteria MET.
A264,101080165060732014980753,Emotion Regulation and Posttraumatic Stress Symptoms: A Meta-Analysis,Antonia V. Seligowski; Daniel J. Lee; Joseph R. Bardeen; Holly K. Orcutt,Antonia V. Seligowski,2014.0,10.1080/16506073.2014.980753,https://pubmed.ncbi.nlm.nih.gov/25421727,,,Cognitive Behaviour Therapy,44,2,87-102,Informa UK Limited,en,https://doi.org/10.1080/16506073.2014.980753,0.9,resolved,openalex,2026-08-16T22:32:01Z,X008,"Emotion regulation (ER) has been identified as a critical factor in the development and maintenance of posttraumatic stress symptoms (PTS; Bardeen, Kumpula, & Orcutt, 2013 [Journal of Anxiety Disorders, 27, 188-196]; Marx & Sloan, 2005 [Behaviour Research and Therapy, 43, 569-583]; Nightingale & Williams, 2000 [British Journal of Clinical Psychology, 39, 243-254]). The current meta-analysis aimed to provide a thorough, quantitative examination of the associations between PTS and several aspects of ER. A search of the PsychINFO database resulted in 2557 titles, of which 57 met full inclusion criteria (the cross-sectional association between PTS symptoms and ER was reported, participants were 18 years or older, the article was written in English, and sufficient information was reported to calculate effect sizes). From the 57 studies that were included, 74 effect sizes were obtained. All studies were independently coded by two of the study authors for the following: citation, sample type, total N size (and group n's if applicable), mean age of participants, type of traumatic event, study design, PTS measure(s), ER measure(s), and effect size information. Eight random effects models were conducted: seven for individual ER strategies (e.g., rumination) and one for general emotion dysregulation. The largest effects were observed for general emotion dysregulation (r = 0.53; k = 13), rumination (r = 0.51; k = 5), thought suppression (r = 0.47; k = 13), and experiential avoidance (r = 0.40; k = 20). Medium effects were observed for expressive suppression (r = 0.29; k = 3) and worry (r = 0.28; k = 6). Significant effects were not observed for acceptance or reappraisal. Moderator analyses (sample and trauma type) were conducted for general emotion dysregulation, experiential avoidance, and thought suppression; no significant differences were observed. Findings from the current analysis suggest that several aspects of ER are associated with PTS symptoms across a variety of samples. Additionally, the current study highlights a number of limitations in the existing ER and PTS symptom literature.",Rumination; Worry; Psychology; Anxiety; Clinical psychology; Experiential avoidance; Association (psychology); Psychiatry; Psychotherapist; Cognition,False,article,True,True,False,doi,,"{'venue': 'crossref', 'volume': 'crossref', 'issue': 'crossref', 'pages': 'crossref', 'publisher': 'crossref', 'url': 'crossref', 'lang': 'crossref'}",{'crossref': 7},"X008.R000 resolved | hits:OA,CR | winner:- | filled:venue:CR; lang:CR | missing:-",PASS_CLEAN,,,"H4-5,H4-6",,"{""H4-5"": {""status"": ""MET"", ""decision"": ""not_meet"", ""confidence"": 0.8, ""threshold"": 0.6, ""field"": ""title"", ""quote"": """", ""quote_valid"": false, ""span"": null, ""used"": true}, ""H4-6"": {""status"": ""MET"", ""decision"": ""not_meet"", ""confidence"": 0.8, ""threshold"": 0.6, ""field"": ""abstract"", ""quote"": """", ""quote_valid"": false, ""span"": null, ""used"": true}}",PASS_CLEAN: all EL criteria MET.
A265,103389fpsyg201500261,Resting heart rate variability predicts self-reported difficulties in emotion regulation: a focus on different facets of emotion regulation,DeWayne P. Williams; Claudia S. E. Cash; Cameron Rankin; A. Bernardi; Julian Koenig; Julian F. Thayer,DeWayne P. Williams,2015.0,10.3389/fpsyg.2015.00261,https://pubmed.ncbi.nlm.nih.gov/25806017,,,Frontiers in Psychology,6,,,Frontiers Media SA,en,https://doi.org/10.3389/fpsyg.2015.00261,0.9,resolved,openalex,2026-08-16T22:32:01Z,X008,"The Model of Neurovisceral Integration suggests that vagally mediated heart rate variability (vmHRV) represents a psychophysiological index of inhibitory control and thus, is associated with emotion regulation capacity. Over the past decade, growing empirical evidence supports this notion, showing that those with higher resting vmHRV can regulate negative emotions more adequately. However, to our knowledge, no study has previously examined how resting vmHRV may relate to everyday perceived difficulties in emotion regulation. The present study attempts to examine such relationship in 183 undergraduate students (98 female, 60 minority, mean Age = 19.34). Resting vmHRV was collected during a 5-min resting baseline period, and everyday difficulties in emotion regulation were assessed using the Difficulties in Emotion Regulation Scale (DERS). Controlling for potential covariates (including both trait anxiety and rumination), results revealed a negative relationship between resting vmHRV and DERS such that lower resting vmHRV was associated with greater difficulties in emotional regulation, especially a lack of emotional clarity and impulse control, as indicated by the respective subscales of the DERS. These findings provide further evidence for the Neurovisceral Integration Model, suggesting that emotion regulation and autonomic regulation share neural networks within the brain. Moreover, the present study extends prior research by highlighting two distinct facets of emotion regulation (impulse control and emotional clarity) that should be of particular interest when investigating the link between emotion regulation, resting vmHRV, and related health outcomes including morbidity and mortality.",Psychology; Cognitive reappraisal; Autoregulation; CLARITY; Rumination; Expressive Suppression; RESTING HEART RATE; Developmental psychology; Anxiety; Emotional regulation; Heart rate variability; Clinical psychology,True,article,True,True,False,doi,,"{'venue': 'crossref', 'volume': 'crossref', 'publisher': 'crossref', 'url': 'crossref', 'lang': 'heuristic'}","{'crossref': 4, 'heuristic': 1}","X008.R000 resolved | hits:OA,CR | winner:- | filled:venue:CR; lang:HE | missing:-",EXCLUSION_SUPPRESSED,,,H4-5,,"{""H4-5"": {""status"": ""MET"", ""decision"": ""not_meet"", ""confidence"": 0.8, ""threshold"": 0.6, ""field"": ""title"", ""quote"": """", ""quote_valid"": false, ""span"": null, ""used"": true}, ""H4-6"": {""status"": ""SUPPRESSED"", ""decision"": ""meet"", ""confidence"": 0.9, ""threshold"": 0.6, ""field"": ""abstract"", ""quote"": ""vagally mediated heart rate variability (vmHRV) represents a psychophysiological index of inhibitory control and thus, is associated with emotion regulation capacity"", ""quote_valid"": true, ""span"": [105, 140], ""used"": true}}","EXCLUSION_SUPPRESSED: the model returned an excluding verdict on H4-6 which passed the evidence gate. Flag-only is in force for this provider, so the record was NOT excluded and needs human review."
A267,101037h0100353,Yoga and emotion regulation: A review of primary psychological outcomes and their physiological correlates,Carolina Baptista Menezes; Natalia R. Dalpiaz; Luiz Gustavo Kiesow; William Sperb; Juliana Corrêa Hertzberg; Alcyr Alves de Oliveira,Carolina Baptista Menezes,2015.0,10.1037/h0100353,,,,Psychology &amp; Neuroscience,8,1,82-101,American Psychological Association (APA),en,https://doi.org/10.1037/h0100353,0.9,resolved,openalex,2026-08-16T22:32:02Z,X008,,Psychology; Clinical psychology; Psychotherapist; Developmental psychology,False,article,True,True,False,doi,,"{'venue': 'crossref', 'volume': 'crossref', 'issue': 'crossref', 'pages': 'crossref', 'publisher': 'crossref', 'url': 'crossref', 'lang': 'crossref'}",{'crossref': 7},"X008.R000 resolved | hits:OA,CR | winner:- | filled:venue:CR; lang:CR | missing:abstract",PASS_CLEAN,,,"H4-5,H4-6",,"{""H4-5"": {""status"": ""MET"", ""decision"": ""not_meet"", ""confidence"": 0.8, ""threshold"": 0.6, ""field"": ""title"", ""quote"": """", ""quote_valid"": false, ""span"": null, ""used"": true}, ""H4-6"": {""status"": ""MET"", ""decision"": ""not_meet"", ""confidence"": 0.8, ""threshold"": 0.6, ""field"": ""abstract"", ""quote"": """", ""quote_valid"": false, ""span"": null, ""used"": true}}",PASS_CLEAN: all EL criteria MET.
A272,101016jcpr201709002,"Emotion regulation as a transdiagnostic treatment construct across anxiety, depression, substance, eating and borderline personality disorders: A systematic review",Elise Sloan; Kate Hall; Richard Moulding; Shayden Bryce; Helen Mildred; Petra K. Staiger,Elise Sloan,2017.0,10.1016/j.cpr.2017.09.002,https://pubmed.ncbi.nlm.nih.gov/28941927,,,Clinical Psychology Review,57,,141-163,Elsevier BV,en,https://doi.org/10.1016/j.cpr.2017.09.002,0.9,resolved,openalex,2026-08-16T22:32:05Z,X008,"A large body of research has implicated difficulties in emotion regulation as central to the development and maintenance of psychopathology. Emotion regulation has therefore been proposed as a transdiagnostic construct or an underlying mechanism in psychopathology. The transdiagnostic role of emotion regulation has yet to be systematically examined within the psychological treatment outcome literature. It can be proposed that if emotion regulation is indeed a transdiagnostic construct central to the maintenance of psychopathology, then changes in emotion regulation difficulties will occur after effective treatment and this will occur for different disorders. We conducted a systematic review, identifying 67 studies that measured changes in both emotion regulation and symptoms of psychopathology following a psychological intervention for anxiety, depression, substance use, eating pathology or borderline personality disorder. Results demonstrated that regardless of the intervention or disorder, both maladaptive emotion regulation strategy use and overall emotion dysregulation were found to significantly decrease following treatment in all but two studies. Parallel decreases were also found in symptoms of anxiety, depression, substance use, eating pathology and borderline personality disorder. These results contribute to the growing body of evidence supporting the conceptualization of emotion regulation as a transdiagnostic construct. The present study discusses the important implications of these findings for the development of unified treatments that target emotion regulation for individuals who present with multiple disorders.",Psychopathology; Psychology; Borderline personality disorder; Anxiety; Construct (python library); Conceptualization; Clinical psychology; Eating disorders; Intervention (counseling); Depression (economics); Psychotherapist; Personality pathology,True,article,True,True,True,doi,,"{'venue': 'crossref', 'volume': 'crossref', 'pages': 'crossref', 'publisher': 'crossref', 'url': 'crossref', 'lang': 'crossref', 'abstract': 'semanticscholar'}","{'crossref': 6, 'semanticscholar': 1}","X008.R000 resolved | hits:OA,CR,S2 | winner:- | filled:venue:CR; lang:CR; abstract:SE | missing:-",EXCLUSION_SUPPRESSED,,,H4-5,,"{""H4-5"": {""status"": ""MET"", ""decision"": ""not_meet"", ""confidence"": 0.8, ""threshold"": 0.6, ""field"": ""title"", ""quote"": """", ""quote_valid"": false, ""span"": null, ""used"": true}, ""H4-6"": {""status"": ""SUPPRESSED"", ""decision"": ""meet"", ""confidence"": 0.9, ""threshold"": 0.6, ""field"": ""abstract"", ""quote"": ""Emotion regulation has therefore been proposed as a transdiagnostic construct or an underlying mechanism in psychopathology."", ""quote_valid"": true, ""span"": [103, 140], ""used"": true}}","EXCLUSION_SUPPRESSED: the model returned an excluding verdict on H4-6 which passed the evidence gate. Flag-only is in force for this provider, so the record was NOT excluded and needs human review."
A274,103389fpsyg201700220,"Mindfulness and Emotion Regulation: Insights from Neurobiological, Psychological, and Clinical Studies",Simón Guendelman; Sebastián Medeiros; Hagen Rampes,Simón Guendelman,2017.0,10.3389/fpsyg.2017.00220,https://pubmed.ncbi.nlm.nih.gov/28321194,,,Frontiers in Psychology,8,,,Frontiers Media SA,en,https://doi.org/10.3389/fpsyg.2017.00220,0.9,resolved,openalex,2026-08-16T22:32:06Z,X008,"There is increasing interest in the beneficial clinical effects of mindfulness-based interventions (MBIs). Research has demonstrated their efficacy in a wide range of psychological conditions characterized by emotion dysregulation. Neuroimaging studies have evidenced functional and structural changes in a myriad of brain regions mainly involved in attention systems, emotion regulation and self-referential processing. In this article we review studies on psychological and neurobiological correlates across different empirically derived models of research, including dispositional mindfulness, mindfulness induction, MBIs and expert meditators in relation to emotion regulation. From the perspective of recent findings in the neuroscience of emotion regulation, we discuss the interplay of top-down and bottom-up emotion regulation mechanisms associated with different mindfulness models. From a phenomenological and cognitive perspective, authors have argued that mindfulness elicits a “mindful emotion regulation” strategy; however, from a clinical perspective, this construct has not been properly differentiated from other strategies and interventions within MBIs. In this context we propose the distinction between top-down and bottom-up mindfulness based emotion regulation strategies. Furthermore, we propose an embodied emotion regulation framework as a multilevel approach for understanding psychobiological changes due to mindfulness meditation regarding its effect on emotion regulation. Finally, based on clinical neuroscientific evidence on mindfulness, we open perspectives and dialogues regarding commonalities and differences between MBIs and other psychotherapeutic strategies for emotion regulation.",Psychology; Mindfulness; Cognitive psychology; Emotional regulation; Psychotherapist; Developmental psychology,True,article,True,True,False,doi,,"{'venue': 'crossref', 'volume': 'crossref', 'publisher': 'crossref', 'url': 'crossref', 'lang': 'heuristic'}","{'crossref': 4, 'heuristic': 1}","X008.R000 resolved | hits:OA,CR | winner:- | filled:venue:CR; lang:HE | missing:-",PASS_CLEAN,,,"H4-5,H4-6",,"{""H4-5"": {""status"": ""MET"", ""decision"": ""not_meet"", ""confidence"": 0.8, ""threshold"": 0.6, ""field"": ""abstract"", ""quote"": """", ""quote_valid"": false, ""span"": null, ""used"": true}, ""H4-6"": {""status"": ""MET"", ""decision"": ""not_meet"", ""confidence"": 0.8, ""threshold"": 0.6, ""field"": ""abstract"", ""quote"": """", ""quote_valid"": false, ""span"": null, ""used"": true}}",PASS_CLEAN: all EL criteria MET.
A275,101016jcobeha201712017,How heart rate variability affects emotion regulation brain networks,Mara Mather; Julian F. Thayer,Mara Mather,2018.0,10.1016/j.cobeha.2017.12.017,https://pubmed.ncbi.nlm.nih.gov/29333483,,,Current Opinion in Behavioral Sciences,19,,98-104,Elsevier BV,en,https://doi.org/10.1016/j.cobeha.2017.12.017,0.9,resolved,openalex,2026-08-16T22:32:06Z,X008,"Individuals with high heart rate variability tend to have better emotional well-being than those with low heart rate variability, but the mechanisms of this association are not yet clear. In this paper, we propose the novel hypothesis that by inducing oscillatory activity in the brain, high amplitude oscillations in heart rate enhance functional connectivity in brain networks associated with emotion regulation. Recent studies using daily biofeedback sessions to increase the amplitude of heart rate oscillations suggest that high amplitude physiological oscillations have a causal impact on emotional well-being. Because blood flow timing helps determine brain network structure and function, slow oscillations in heart rate have the potential to strengthen brain network dynamics, especially in medial prefrontal regulatory regions that are particularly sensitive to physiological oscillations.",Heart rate; Heart rate variability; Biofeedback; Brain function; Neuroscience; Psychology; Brain activity and meditation; Functional connectivity; Electroencephalography; Medicine; Internal medicine; Blood pressure,False,article,True,True,True,doi,,"{'venue': 'crossref', 'volume': 'crossref', 'pages': 'crossref', 'publisher': 'crossref', 'url': 'crossref', 'lang': 'crossref', 'abstract': 'semanticscholar'}","{'crossref': 6, 'semanticscholar': 1}","X008.R000 resolved | hits:OA,CR,S2 | winner:- | filled:venue:CR; lang:CR; abstract:SE | missing:-",EXCLUSION_SUPPRESSED,,,H4-5,,"{""H4-5"": {""status"": ""MET"", ""decision"": ""not_meet"", ""confidence"": 0.9, ""threshold"": 0.6, ""field"": ""abstract"", ""quote"": """", ""quote_valid"": false, ""span"": null, ""used"": true}, ""H4-6"": {""status"": ""SUPPRESSED"", ""decision"": ""meet"", ""confidence"": 0.9, ""threshold"": 0.6, ""field"": ""abstract"", ""quote"": ""high amplitude oscillations in heart rate enhance functional connectivity in brain networks associated with emotion regulation"", ""quote_valid"": true, ""span"": [45, 75], ""used"": true}}","EXCLUSION_SUPPRESSED: the model returned an excluding verdict on H4-6 which passed the evidence gate. Flag-only is in force for this provider, so the record was NOT excluded and needs human review."
A276,101016jneubiorev201612032,Heart rate variability indices as bio-markers of top-down self-regulatory mechanisms: A meta-analytic review,Jacob B. Holzman; David J. Bridgett,Jacob B. Holzman,2017.0,10.1016/j.neubiorev.2016.12.032,https://pubmed.ncbi.nlm.nih.gov/28057463,,,Neuroscience &amp; Biobehavioral Reviews,74,,233-255,Elsevier BV,en,https://doi.org/10.1016/j.neubiorev.2016.12.032,0.9,resolved,openalex,2026-08-16T22:32:06Z,X008,,Heart rate variability; Psychology; Context (archaeology); Meta-analysis; Cognition; Self-control; Executive functions; Emotional regulation; Cognitive psychology; Developmental psychology; Heart rate; Neuroscience,False,article,True,True,True,doi,,"{'venue': 'crossref', 'volume': 'crossref', 'pages': 'crossref', 'publisher': 'crossref', 'url': 'crossref', 'lang': 'crossref'}",{'crossref': 6},"X008.R000 resolved | hits:OA,CR,S2 | winner:- | filled:venue:CR; lang:CR | missing:abstract",EXCLUSION_SUPPRESSED,,,H4-5,,"{""H4-5"": {""status"": ""MET"", ""decision"": ""not_meet"", ""confidence"": 0.9, ""threshold"": 0.6, ""field"": ""title"", ""quote"": """", ""quote_valid"": false, ""span"": null, ""used"": true}, ""H4-6"": {""status"": ""SUPPRESSED"", ""decision"": ""meet"", ""confidence"": 0.7, ""threshold"": 0.6, ""field"": ""keywords"", ""quote"": ""Emotional regulation"", ""quote_valid"": true, ""span"": [26, 36], ""used"": true}}","EXCLUSION_SUPPRESSED: the model returned an excluding verdict on H4-6 which passed the evidence gate. Flag-only is in force for this provider, so the record was NOT excluded and needs human review."
A278,101016jneuroimage201606009,Neuroimaging cognitive reappraisal in clinical populations to define neural targets for enhancing emotion regulation. A systematic review,Anna Zilverstand; Muhammad A. Parvaz; Rita Z. Goldstein,Anna Zilverstand,2016.0,10.1016/j.neuroimage.2016.06.009,https://pubmed.ncbi.nlm.nih.gov/27288319,,,NeuroImage,151,,105-116,Elsevier BV,en,https://doi.org/10.1016/j.neuroimage.2016.06.009,0.9,resolved,openalex,2026-08-16T22:32:08Z,X008,"&NA; Reduced capacity to cognitively regulate emotional responses is a common impairment across major neuropsychiatric disorders. Brain systems supporting one such strategy, cognitive reappraisal of emotion, have been investigated extensively in the healthy population, a research focus that has led to influential meta‐analyses and literature reviews. However, the emerging literature on neural substrates underlying cognitive reappraisal in clinical populations is yet to be systematically reviewed. Therefore, the goal of the current review was to summarize the literature on cognitive reappraisal and highlight common and distinct neural correlates of impaired emotion regulation in clinical populations. We performed a two‐stage systematic literature search, selecting 32 studies on cognitive reappraisal in individuals with mood disorders (n = 12), anxiety disorders (n = 14), addiction (n = 2), schizophrenia (n = 2), and personality disorders (n = 5). Comparing findings across these disorders allowed us to determine underlying mechanisms that were either disorder‐specific or common across disorders. Results showed that across clinical populations, individuals consistently demonstrated reduced recruitment of the ventrolateral prefrontal cortex (vlPFC) and dorsolateral prefrontal cortex (dlPFC) during downregulation of negative emotion, indicating that there may be a core deficit in selection, manipulation and inhibition during reappraisal. Further, in individuals with mood disorders, amygdala responses were enhanced during downregulation of emotion, suggesting hyperactive bottom‐up responses or reduced modulatory capacity. In individuals with anxiety disorders, however, emotion regulation revealed reduced activity in the dorsal anterior cingulate cortex (dACC) and inferior/superior parietal cortex, possibly indicating a deficit in allocation of attention. The reviewed studies thus provide evidence for both disorder‐specific and common deficits across clinical populations. These findings highlight the role of distinct neural substrates as targets for developing/assessing novel therapeutic approaches that are geared towards cognitive regulation of emotion, as well as the importance of transdiagnostic research to identify both disorder specific and core mechanisms. HighlightsA systematic review of 32 neuroimaging studies on cognitive reappraisal in patientsLower vlPFC/dlPFC activation is a core deficit in downregulation across patients.Amygdala hyperactivity is a specific deficit in downregulation in mood disorders.dACC/parietal hypoactivity specific deficit in downregulation in anxiety disordersImplications: neural targets for therapeutic interventions need to be tailored",Cognitive reappraisal; Psychology; Anterior cingulate cortex; Dorsolateral prefrontal cortex; Prefrontal cortex; Neuroimaging; Ventrolateral prefrontal cortex; Cognition; Mood disorders; Population; Anxiety; Neuroscience,False,article,True,True,True,doi,,"{'venue': 'crossref', 'volume': 'crossref', 'pages': 'crossref', 'publisher': 'crossref', 'url': 'crossref', 'lang': 'crossref', 'abstract': 'semanticscholar'}","{'crossref': 6, 'semanticscholar': 1}","X008.R000 resolved | hits:OA,CR,S2 | winner:- | filled:venue:CR; lang:CR; abstract:SE | missing:-",PASS_CLEAN,,,"H4-5,H4-6",,"{""H4-5"": {""status"": ""MET"", ""decision"": ""not_meet"", ""confidence"": 0.9, ""threshold"": 0.6, ""field"": ""abstract"", ""quote"": """", ""quote_valid"": false, ""span"": null, ""used"": true}, ""H4-6"": {""status"": ""MET"", ""decision"": ""not_meet"", ""confidence"": 0.8, ""threshold"": 0.6, ""field"": ""abstract"", ""quote"": """", ""quote_valid"": false, ""span"": null, ""used"": true}}",PASS_CLEAN: all EL criteria MET.
A281,101016jbiopsycho201710008,Cardiac vagal control as a marker of emotion regulation in healthy adults: A review,Stefania Balzarotti; Federica Biassoni; Barbara Colombo; Maria Rita Ciceri,Stefania Balzarotti,2017.0,10.1016/j.biopsycho.2017.10.008,https://pubmed.ncbi.nlm.nih.gov/29079304,,,Biological Psychology,130,,54-66,Elsevier BV,en,https://doi.org/10.1016/j.biopsycho.2017.10.008,0.9,resolved,openalex,2026-08-16T22:32:09Z,X008,,Vagal tone; Psychology; Vagus nerve; Emotional regulation; Affect (linguistics); Reactivity (psychology); Cognition; Autoregulation; Neuroscience; Heart rate variability; Developmental psychology; Medicine,False,article,True,True,True,doi,,"{'venue': 'crossref', 'volume': 'crossref', 'pages': 'crossref', 'publisher': 'crossref', 'url': 'crossref', 'lang': 'crossref'}",{'crossref': 6},"X008.R000 resolved | hits:OA,CR,S2 | winner:- | filled:venue:CR; lang:CR | missing:abstract",EXCLUSION_SUPPRESSED,,,H4-5,,"{""H4-5"": {""status"": ""MET"", ""decision"": ""not_meet"", ""confidence"": 0.9, ""threshold"": 0.6, ""field"": ""title"", ""quote"": """", ""quote_valid"": false, ""span"": null, ""used"": true}, ""H4-6"": {""status"": ""SUPPRESSED"", ""decision"": ""meet"", ""confidence"": 0.9, ""threshold"": 0.6, ""field"": ""keywords"", ""quote"": ""Emotional regulation"", ""quote_valid"": true, ""span"": [24, 36], ""used"": true}}","EXCLUSION_SUPPRESSED: the model returned an excluding verdict on H4-6 which passed the evidence gate. Flag-only is in force for this provider, so the record was NOT excluded and needs human review."
A283,101111cpsp12278,"What is an emotional disorder? A transdiagnostic mechanistic definition with implications for assessment, treatment, and prevention",Jacqueline R. Bullis; Hannah T. Boettcher; Shannon Sauer‐Zavala; Todd J. Farchione; David H. Barlow,Jacqueline R. Bullis,2019.0,10.1111/cpsp.12278,,,,Clinical Psychology: Science and Practice,26,2,e12278,American Psychological Association (APA),en,https://doi.org/10.1111/cpsp.12278,0.9,resolved,openalex,2026-08-16T22:32:10Z,X008,"We present a transdiagnostic definition of the commonly used, but poorly defined, term emotional disorder. This definition transcends and possibly complements traditional descriptive diagnostic categories, and candidate dimensional models of psychopathology by focusing on putative mechanisms that contribute to the onset and maintenance of disorders characterized primarily by dysfunction in the interpretation and regulation of emotion. We review three intermediate transdiagnostic mechanisms that characterize emotional disorders, such as, but not limited to, anxiety and depressive disorders, and then illustrate how this proposed definition applies to additional diagnoses beyond anxiety and depression. Implications of this new conceptualization of disorders of emotion are then discussed in the context of assessment, treatment, and prevention.",Conceptualization; Psychopathology; Anxiety; Psychology; Context (archaeology); Psychotherapist; Clinical psychology; Depression (economics); Psychiatry; Computer science; Artificial intelligence; Paleontology,False,article,True,True,False,doi,,"{'venue': 'crossref', 'volume': 'crossref', 'issue': 'crossref', 'pages': 'crossref', 'publisher': 'crossref', 'url': 'crossref', 'lang': 'crossref'}",{'crossref': 7},"X008.R000 resolved | hits:OA,CR | winner:- | filled:venue:CR; lang:CR | missing:-",PASS_CLEAN,,,"H4-5,H4-6",,"{""H4-5"": {""status"": ""MET"", ""decision"": ""not_meet"", ""confidence"": 0.8, ""threshold"": 0.6, ""field"": ""title"", ""quote"": """", ""quote_valid"": false, ""span"": null, ""used"": true}, ""H4-6"": {""status"": ""MET"", ""decision"": ""not_meet"", ""confidence"": 0.8, ""threshold"": 0.6, ""field"": ""abstract"", ""quote"": """", ""quote_valid"": false, ""span"": null, ""used"": true}}",PASS_CLEAN: all EL criteria MET.
A401,1010970000458320040200000010,Heart Rate Level and Antisocial Behavior in Children and Adolescents: A Meta-Analysis,JAME ORTIZ; Adrian Raine,JAME ORTIZ,2004.0,10.1097/00004583-200402000-00010,https://pubmed.ncbi.nlm.nih.gov/14726721,,,Journal of the American Academy of Child &amp; Adolescent Psychiatry,43,2,154-162,Elsevier BV,en,https://doi.org/10.1097/00004583-200402000-00010,0.9,resolved,openalex,2026-08-16T22:33:40Z,X013,,Meta-analysis; Psychology; Developmental psychology; Clinical psychology; Medicine; Internal medicine,False,article,True,True,False,doi,,"{'venue': 'crossref', 'volume': 'crossref', 'issue': 'crossref', 'pages': 'crossref', 'publisher': 'crossref', 'url': 'crossref', 'lang': 'crossref'}",{'crossref': 7},"X013.R000 resolved | hits:OA,CR | winner:- | filled:venue:CR; lang:CR | missing:abstract",PASS_CLEAN,,,"H4-5,H4-6",,"{""H4-5"": {""status"": ""MET"", ""decision"": ""not_meet"", ""confidence"": 0.8, ""threshold"": 0.6, ""field"": ""title"", ""quote"": """", ""quote_valid"": false, ""span"": null, ""used"": true}, ""H4-6"": {""status"": ""MET"", ""decision"": ""not_meet"", ""confidence"": 0.8, ""threshold"": 0.6, ""field"": ""abstract"", ""quote"": """", ""quote_valid"": false, ""span"": null, ""used"": true}}",PASS_CLEAN: all EL criteria MET.
A403,101111j14676494200900610x,"Reactive and Proactive Aggression in Childhood and Adolescence: Precursors, Outcomes, Processes, Experiences, and Measurement",Julie A. Hubbard; Meghan D. McAuliffe; Michael T. Morrow; Lydia J. Romano,Julie A. Hubbard,2010.0,10.1111/j.1467-6494.2009.00610.x,https://pubmed.ncbi.nlm.nih.gov/20433614,,,Journal of Personality,78,1,95-118,Wiley,en,https://doi.org/10.1111/j.1467-6494.2009.00610.x,0.9,resolved,openalex,2026-08-16T22:33:42Z,X013,"This paper reviews and critiques the growing literature on the distinction between reactive and proactive aggression in children and adolescents. Empirical findings suggest that the subtypes of aggression are (a) preceded by different familial precursors, (b) associated with different behavioral outcomes, (c) driven by different social-cognitive and emotional processes, and (d) related to different social experiences. Because measurement difficulties have been a prominent concern in the study of reactive and proactive aggression, a discussion of various assessment approaches is included. Suggestions are made for future research directions, including a greater use of observational and laboratory-based methods, more longitudinal designs, and a greater focus on the careful assessment of the subtypes of aggression.",Aggression; Psychology; Developmental psychology; Observational study; Observational methods in psychology; Cognition; Human factors and ergonomics; Poison control; Injury prevention; Early childhood; Clinical psychology; Psychiatry,False,article,True,True,False,doi,,"{'venue': 'crossref', 'volume': 'crossref', 'issue': 'crossref', 'pages': 'crossref', 'publisher': 'crossref', 'url': 'crossref', 'lang': 'crossref'}",{'crossref': 7},"X013.R000 resolved | hits:OA,CR | winner:- | filled:venue:CR; lang:CR | missing:-",PASS_CLEAN,,,"H4-5,H4-6",,"{""H4-5"": {""status"": ""MET"", ""decision"": ""not_meet"", ""confidence"": 0.8, ""threshold"": 0.6, ""field"": ""title"", ""quote"": """", ""quote_valid"": false, ""span"": null, ""used"": true}, ""H4-6"": {""status"": ""MET"", ""decision"": ""not_meet"", ""confidence"": 0.8, ""threshold"": 0.6, ""field"": ""abstract"", ""quote"": """", ""quote_valid"": false, ""span"": null, ""used"": true}}",PASS_CLEAN: all EL criteria MET.
A405,101016jbiopsycho200911006,"Being hot-tempered: Autonomic, emotional, and behavioral distinctions between childhood reactive and proactive aggression",Angela Scarpa; Sara C. Haden; Akiho Tanaka,Angela Scarpa,2009.0,10.1016/j.biopsycho.2009.11.006,https://pubmed.ncbi.nlm.nih.gov/19941933,,,Biological Psychology,84,3,488-496,Elsevier BV,en,https://doi.org/10.1016/j.biopsycho.2009.11.006,0.9,resolved,openalex,2026-08-16T22:33:43Z,X013,,Aggression; Psychology; Developmental psychology; Cognitive psychology,False,article,True,True,False,doi,,"{'venue': 'crossref', 'volume': 'crossref', 'issue': 'crossref', 'pages': 'crossref', 'publisher': 'crossref', 'url': 'crossref', 'lang': 'crossref'}",{'crossref': 7},"X013.R000 resolved | hits:OA,CR | winner:- | filled:venue:CR; lang:CR | missing:abstract",PASS_CLEAN,,,"H4-5,H4-6",,"{""H4-5"": {""status"": ""MET"", ""decision"": ""not_meet"", ""confidence"": 0.8, ""threshold"": 0.6, ""field"": ""title"", ""quote"": """", ""quote_valid"": false, ""span"": null, ""used"": true}, ""H4-6"": {""status"": ""MET"", ""decision"": ""not_meet"", ""confidence"": 0.8, ""threshold"": 0.6, ""field"": ""abstract"", ""quote"": """", ""quote_valid"": false, ""span"": null, ""used"": true}}",PASS_CLEAN: all EL criteria MET.
A406,101097chi0b013e31802b91ea,Externalizing and Internalizing Problems in Relation to Autonomic Function,Andrea Dietrich; Harriëtte Riese; Frouke Sondeijker; Kirstin Greaves‐Lord; Arie M. van Roon; Johan Ormel; Jan Neeleman; Judith G.M. Rosmalen,Andrea Dietrich,2007.0,10.1097/chi.0b013e31802b91ea,https://pubmed.ncbi.nlm.nih.gov/17314724,,,Journal of the American Academy of Child &amp; Adolescent Psychiatry,46,3,378-386,Elsevier BV,en,https://doi.org/10.1097/chi.0b013e31802b91ea,0.9,resolved,openalex,2026-08-16T22:33:43Z,X013,,Vagal tone; Supine position; Psychology; Autonomic nervous system; Child Behavior Checklist; Autonomic function; Baroreflex; Heart rate; Population; Developmental psychology; Prospective cohort study; Cohort,False,article,True,True,False,doi,,"{'venue': 'crossref', 'volume': 'crossref', 'issue': 'crossref', 'pages': 'crossref', 'publisher': 'crossref', 'url': 'crossref', 'lang': 'crossref'}",{'crossref': 7},"X013.R000 resolved | hits:OA,CR | winner:- | filled:venue:CR; lang:CR | missing:abstract",PASS_FLAGGED,,,H4-5,H4-6,"{""H4-5"": {""status"": ""MET"", ""decision"": ""not_meet"", ""confidence"": 0.8, ""threshold"": 0.6, ""field"": ""title"", ""quote"": """", ""quote_valid"": false, ""span"": null, ""used"": true}, ""H4-6"": {""status"": ""UNCERTAIN"", ""decision"": ""meet"", ""confidence"": 1.0, ""threshold"": 0.6, ""field"": ""abstract"", ""quote"": ""Externalizing and Internalizing Problems in Relation to Autonomic Function"", ""quote_valid"": false, ""span"": [0, 45], ""used"": true}}",PASS_FLAGGED: uncertain H4-6
A407,101007s007870150745x,"The Dysregulation Profile in middle childhood and adolescence across reporters: factor structure, measurement invariance, and links with self-harm and suicidal ideation",Marike H. F. Deutz; Sanne B. Geeraerts; Anneloes L. van Baar; Maja Deković; Peter Prinzie,Marike H. F. Deutz,2015.0,10.1007/s00787-015-0745-x,https://pubmed.ncbi.nlm.nih.gov/26226917,,,European Child &amp; Adolescent Psychiatry,25,4,431-442,Springer Science and Business Media LLC,en,https://doi.org/10.1007/s00787-015-0745-x,0.9,resolved,openalex,2026-08-16T22:33:45Z,X013,"Recently, a phenotype of severe dysregulation, the Dysregulation Profile (DP), has been identified. DP consists of elevated scores on the Anxious/Depressed (AD), Aggressive Behavior (AGG) and Attention Problems (AP) scales of the Child Behavior Checklist (CBCL), Teacher Report Form (TRF), or Youth Self Report (YSR). A drawback in current research is that DP has been conceptualized and operationalized in different manners and research on the factor structure of DP is lacking. Therefore, we examined the factor structure of DP across multiple reporters, measurement invariance across gender, parents, and time, as well as links between DP and self-harm and suicidal ideation. Data from a large community sample were used (N = 697), covering middle childhood (Mage = 7.90, (SD = 1.16) and adolescence (Mage = 13.93, SD = 1.14). Mothers, fathers, teachers, and youth themselves reported on children's emotional and behavioral problems using the CBCL, TRF, and YSR. Results indicated that in middle childhood and in adolescence, a bifactor model with a general factor of Dysregulation alongside three specific factors of AD, AGG, and AP fitted best, compared to a second-order or one-factor model. The model showed good fit for mother, father, teacher, and youth reports and showed invariance across gender, parents and time. Youth, mother, and father reported Dysregulation was uniquely and positively related to adolescent-reported self-harm and suicidal ideation. The DP is best conceptualized as a broad dysregulation syndrome, which exists over and above anxiety/depression, aggression, and attention problems as specific problems. The bifactor model of DP explains the uniqueness and interrelatedness of these behavioral problems and can help explaining shared and non-shared etiology factors. The exclusive link between the general dysregulation factor and adolescents' self-harm and suicidal ideation further established the clinical relevance of the bifactor model.",Psychology; CBCL; Child Behavior Checklist; Emotional dysregulation; Suicidal ideation; Measurement invariance; Aggression; Anxiety; Developmental psychology; Clinical psychology; Child and adolescent psychiatry; Poison control,True,article,True,True,False,doi,,"{'venue': 'crossref', 'volume': 'crossref', 'issue': 'crossref', 'pages': 'crossref', 'publisher': 'crossref', 'url': 'crossref', 'lang': 'crossref'}",{'crossref': 7},"X013.R000 resolved | hits:OA,CR | winner:- | filled:venue:CR; lang:CR | missing:-",PASS_CLEAN,,,"H4-5,H4-6",,"{""H4-5"": {""status"": ""MET"", ""decision"": ""not_meet"", ""confidence"": 0.8, ""threshold"": 0.6, ""field"": ""abstract"", ""quote"": """", ""quote_valid"": false, ""span"": null, ""used"": true}, ""H4-6"": {""status"": ""MET"", ""decision"": ""not_meet"", ""confidence"": 0.8, ""threshold"": 0.6, ""field"": ""abstract"", ""quote"": """", ""quote_valid"": false, ""span"": null, ""used"": true}}",PASS_CLEAN: all EL criteria MET.
A409,101111jcpp12428,Executive function in children with externalizing and comorbid internalizing behavior problems,Steven Woltering; Victoria Lishak; Nick Hodgson; Isabela Granic; Philip David Zelazo,Steven Woltering,2015.0,10.1111/jcpp.12428,https://pubmed.ncbi.nlm.nih.gov/25981677,,,Journal of Child Psychology and Psychiatry,57,1,30-38,Wiley,en,https://doi.org/10.1111/jcpp.12428,0.9,resolved,openalex,2026-08-16T22:33:48Z,X013,"BACKGROUND: The goal of this study is to investigate differences in executive function (EF) in children with different levels of disruptive behavior problems (DBP). METHODS: Ninety-three children between 7 and 12 years old with DBP were compared to 63 normally developing peers on a battery of EF tasks that varied in the amount of required emotion regulation ('hot' EF). RESULTS: Differences in EF were found between DBP and comparison groups as indexed by hot EF tasks. Self-reported emotion scales, in conjunction with physiological recordings of heart rate, confirmed that emotions were elicited during hot EF. CONCLUSIONS: Results suggest that difficulties in hot EF underlie externalizing problem behaviors in middle childhood.",Psychology; Developmental psychology; Executive functions; Externalization; Clinical psychology; Cognition; Psychiatry; Social psychology,False,article,True,True,False,doi,,"{'venue': 'crossref', 'volume': 'crossref', 'issue': 'crossref', 'pages': 'crossref', 'publisher': 'crossref', 'url': 'crossref', 'lang': 'crossref'}",{'crossref': 7},"X013.R000 resolved | hits:OA,CR | winner:- | filled:venue:CR; lang:CR | missing:-",PASS_CLEAN,,,"H4-5,H4-6",,"{""H4-5"": {""status"": ""MET"", ""decision"": ""not_meet"", ""confidence"": 0.7, ""threshold"": 0.6, ""field"": ""abstract"", ""quote"": """", ""quote_valid"": false, ""span"": null, ""used"": true}, ""H4-6"": {""status"": ""MET"", ""decision"": ""not_meet"", ""confidence"": 0.8, ""threshold"": 0.6, ""field"": ""abstract"", ""quote"": """", ""quote_valid"": false, ""span"": null, ""used"": true}}",PASS_CLEAN: all EL criteria MET.
A411,101016jjaac201504012,The Child Behavior Checklist Dysregulation Profile in Preschool Children: A Broad Dysregulation Syndrome,Sanne B. Geeraerts; Marike H. F. Deutz; Maja Deković; Tessa Bunte; Kim Schoemaker; Kimberly Andrews Espy; Peter Prinzie; Anneloes L. van Baar; Walter Matthys,Sanne B. Geeraerts,2015.0,10.1016/j.jaac.2015.04.012,https://pubmed.ncbi.nlm.nih.gov/26088665,,,Journal of the American Academy of Child &amp; Adolescent Psychiatry,54,7,595-602.e2,Elsevier BV,en,https://doi.org/10.1016/j.jaac.2015.04.012,0.9,resolved,openalex,2026-08-16T22:33:48Z,X013,,CBCL; Child Behavior Checklist; Psychology; Clinical psychology; Developmental psychology; Confirmatory factor analysis; Affect (linguistics); Cognition; Neuropsychology; Conceptualization; Checklist; Structural equation modeling,False,article,True,True,False,doi,,"{'venue': 'crossref', 'volume': 'crossref', 'issue': 'crossref', 'pages': 'crossref', 'publisher': 'crossref', 'url': 'crossref', 'lang': 'crossref'}",{'crossref': 7},"X013.R000 resolved | hits:OA,CR | winner:- | filled:venue:CR; lang:CR | missing:abstract",PASS_CLEAN,,,"H4-5,H4-6",,"{""H4-5"": {""status"": ""MET"", ""decision"": ""not_meet"", ""confidence"": 0.9, ""threshold"": 0.6, ""field"": ""title"", ""quote"": """", ""quote_valid"": false, ""span"": null, ""used"": true}, ""H4-6"": {""status"": ""MET"", ""decision"": ""not_meet"", ""confidence"": 0.8, ""threshold"": 0.6, ""field"": ""abstract"", ""quote"": """", ""quote_valid"": false, ""span"": null, ""used"": true}}",PASS_CLEAN: all EL criteria MET.
A414,101016jjaac201002003,Dysregulated Children Reconsidered,Robert R. Althoff,Robert R. Althoff,2010.0,10.1016/j.jaac.2010.02.003,https://pubmed.ncbi.nlm.nih.gov/20410722,,,Journal of the American Academy of Child &amp; Adolescent Psychiatry,49,4,302-305,Elsevier BV,en,https://doi.org/10.1016/j.jaac.2010.02.003,0.9,resolved,openalex,2026-08-16T22:33:50Z,X013,,Bipolar disorder; CBCL; Mania; Hypomania; Psychology; Child Behavior Checklist; Mood; Psychiatry; Clinical psychology; Child and adolescent psychiatry,False,article,True,True,False,doi,,"{'venue': 'crossref', 'volume': 'crossref', 'issue': 'crossref', 'pages': 'crossref', 'publisher': 'crossref', 'url': 'crossref', 'lang': 'crossref'}",{'crossref': 7},"X013.R000 resolved | hits:OA,CR | winner:- | filled:venue:CR; lang:CR | missing:abstract",PASS_CLEAN,,,"H4-5,H4-6",,"{""H4-5"": {""status"": ""MET"", ""decision"": ""not_meet"", ""confidence"": 0.9, ""threshold"": 0.6, ""field"": ""title"", ""quote"": """", ""quote_valid"": false, ""span"": null, ""used"": true}, ""H4-6"": {""status"": ""MET"", ""decision"": ""not_meet"", ""confidence"": 0.8, ""threshold"": 0.6, ""field"": ""abstract"", ""quote"": """", ""quote_valid"": false, ""span"": null, ""used"": true}}",PASS_CLEAN: all EL criteria MET.
A415,1011552015873197,Neural Rhythms of Change: Long-Term Improvement after Successful Treatment in Children with Disruptive Behavior Problems,Steven Woltering; Victoria Liao; Zhong‐Xu Liu; Isabela Granic,Steven Woltering,2015.0,10.1155/2015/873197,https://pubmed.ncbi.nlm.nih.gov/26257962,,,Neural Plasticity,2015,,1-11,Wiley,en,https://doi.org/10.1155/2015/873197,0.9,resolved,openalex,2026-08-16T22:33:51Z,X013,"Neural changes were investigated for children with disruptive behavior problems one year after a treatment program ended. Thirty-nine children and their parents visited the research lab before, after, and a year after treatment ended. During those lab visits, electroencephalography (EEG) was recorded during a challenging Go/No-go task. Treatment consisted of intensive 14-week combined cognitive behavioral therapy and parent management training sessions. For the analysis, participants were divided into long-term improvers (IMPs) and long-term nonimprovers (NIMPs) based on changes in their externalizing problem scores. The results showed early no-go theta power (4-8 Hz, 100-250 ms) decreased for long-term IMPs compared to NIMPs. When participants were divided based on changes in their comorbid internalizing symptoms, effects were stronger and reductions in theta power were found for early as well as later phases (250-650 ms). We provided preliminary evidence that theta power is a useful neural measure to trace behavioral change linked to improved self-regulation even up to a year after treatment ended. Results may have implications for the characterization of children with disruptive behavior problems and may lead to the development of novel markers of treatment success.",Electroencephalography; Psychology; Rhythm; Cognition; Term (time); Clinical psychology; Developmental psychology; Audiology; Medicine; Psychiatry; Internal medicine; Physics,True,article,True,True,False,doi,,"{'venue': 'crossref', 'volume': 'crossref', 'pages': 'crossref', 'publisher': 'crossref', 'url': 'crossref', 'lang': 'crossref'}",{'crossref': 6},"X013.R000 resolved | hits:OA,CR | winner:- | filled:venue:CR; lang:CR | missing:-",PASS_CLEAN,,,"H4-5,H4-6",,"{""H4-5"": {""status"": ""MET"", ""decision"": ""not_meet"", ""confidence"": 0.8, ""threshold"": 0.6, ""field"": ""abstract"", ""quote"": """", ""quote_valid"": false, ""span"": null, ""used"": true}, ""H4-6"": {""status"": ""MET"", ""decision"": ""not_meet"", ""confidence"": 0.8, ""threshold"": 0.6, ""field"": ""abstract"", ""quote"": """", ""quote_valid"": false, ""span"": null, ""used"": true}}",PASS_CLEAN: all EL criteria MET.
A416,101111jcpp12175,A prospective study of heart rate and externalising behaviours in young children,Bram Dierckx; Rianne Kok; J.H.M. Tulen; Vincent W. V. Jaddoe; Albert Hofman; Frank C. Verhulst; Marian J. Bakermans‐Kranenburg; Marinus H. van IJzendoorn; Henning Tiemeier,Bram Dierckx,2013.0,10.1111/jcpp.12175,https://pubmed.ncbi.nlm.nih.gov/24795956,,,Journal of Child Psychology and Psychiatry,55,4,402-410,Wiley,en,https://doi.org/10.1111/jcpp.12175,0.9,resolved,openalex,2026-08-16T22:33:51Z,X013,"BACKGROUND: Low heart rate predicts externalising and delinquent behaviour in adults, adolescents and school-age children. In younger children the evidence is less clear. Moreover, the specificity of the relation between the autonomic nervous system and different forms of externalising behaviour is uncertain. We investigated the longitudinal relation between resting mean heart rate and different externalising behaviours. METHODS: In 412 children of the Generation R Study, we measured resting mean heart rate at 14 months. At 3 years, child problem behaviour was assessed by the mother with the Child Behavior Checklist. In a gift delay task, we observed whether children were compliant and whether they lied about their noncompliance. The association of heart rate with behaviour was contrasted with the effect of harsh parenting. RESULTS: In our main analysis, we examined the association between heart rate and reported and observed child behaviour. For comparison, the association of heart rate with behaviour was contrasted with the effect of harsh parenting. Mean heart rate was positively associated with Anxious/Depressed scale scores (β = .1, 95% CI = 0.01; 0.2, p = .04), but not with Aggressive Behaviour (β = .02; 95% CI = −0.1; 0.1, p = .8) nor Attention Problem scale scores (β = .08, 95% CI = −0.3; 0.5, p = .8). We could not demonstrate an association between mean heart rate and noncompliance during the gift delay task (OR = 1.14, 95% CI = 0.9; 1.1, p = .2), but lower heart rate predicted higher odds of the child lying (OR = 0.56, 95% CI = 0.3; 0.9, p = .03). In contrast, harsh parenting was associated with mother-reported Aggressive Behaviour (β = .7, 95% CI = 0.4; 0.9, p < .001) and Attention Problems (β = .2, 95% CI = 0.1; 0.3, p < .001), but not with observed lying (OR = 1.03, 95% CI = 0.8; 1.4, p = .8). CONCLUSIONS: Lower resting mean heart rate at age 14 months predicts low anxiety symptoms and higher odds of lying at age 3 years. Low resting mean heart rate may be less an indicator of early childhood aggression than of fearless behaviour.",Heart rate; Child Behavior Checklist; Psychology; Association (psychology); Odds ratio; Developmental psychology; Autonomic nervous system; Checklist; Heart rate variability; Odds; Cardiology; Pediatrics,True,article,True,True,False,doi,,"{'venue': 'crossref', 'volume': 'crossref', 'issue': 'crossref', 'pages': 'crossref', 'publisher': 'crossref', 'url': 'crossref', 'lang': 'crossref'}",{'crossref': 7},"X013.R000 resolved | hits:OA,CR | winner:- | filled:venue:CR; lang:CR | missing:-",PASS_CLEAN,,,"H4-5,H4-6",,"{""H4-5"": {""status"": ""MET"", ""decision"": ""not_meet"", ""confidence"": 0.8, ""threshold"": 0.6, ""field"": ""title"", ""quote"": """", ""quote_valid"": false, ""span"": null, ""used"": true}, ""H4-6"": {""status"": ""MET"", ""decision"": ""not_meet"", ""confidence"": 0.8, ""threshold"": 0.6, ""field"": ""abstract"", ""quote"": """", ""quote_valid"": false, ""span"": null, ""used"": true}}",PASS_CLEAN: all EL criteria MET.
A420,101016jbiopsycho201003010,Autonomic nervous system activity in emotion: A review,Sylvia D. Kreibig,Sylvia D. Kreibig,2010.0,10.1016/j.biopsycho.2010.03.010,https://pubmed.ncbi.nlm.nih.gov/20371374,,,Biological Psychology,84,3,394-421,Elsevier BV,en,https://doi.org/10.1016/j.biopsycho.2010.03.010,0.9,resolved,openalex,2026-08-16T22:33:52Z,X013,,Arousal; Psychology; Autonomic nervous system; Two-factor theory of emotion; Cognitive psychology; Neuroscience; Reactivity (psychology); Emotion classification; Terminology; Developmental psychology; Affective science; Medicine,False,article,True,True,False,doi,,"{'venue': 'crossref', 'volume': 'crossref', 'issue': 'crossref', 'pages': 'crossref', 'publisher': 'crossref', 'url': 'crossref', 'lang': 'crossref'}",{'crossref': 7},"X013.R000 resolved | hits:OA,CR | winner:- | filled:venue:CR; lang:CR | missing:abstract",PASS_CLEAN,,,"H4-5,H4-6",,"{""H4-5"": {""status"": ""MET"", ""decision"": ""not_meet"", ""confidence"": 0.9, ""threshold"": 0.6, ""field"": ""title"", ""quote"": """", ""quote_valid"": false, ""span"": null, ""used"": true}, ""H4-6"": {""status"": ""MET"", ""decision"": ""not_meet"", ""confidence"": 0.9, ""threshold"": 0.6, ""field"": ""abstract"", ""quote"": """", ""quote_valid"": false, ""span"": null, ""used"": true}}",PASS_CLEAN: all EL criteria MET.
A424,101016jjaac201008006,Adult Outcomes of Childhood Dysregulation: A 14-year Follow-up Study,Robert R. Althoff; Frank C. Verhulst; David C. Rettew; James J. Hudziak; Jan van der Ende,Robert R. Althoff,2010.0,10.1016/j.jaac.2010.08.006,https://pubmed.ncbi.nlm.nih.gov/20970698,,,Journal of the American Academy of Child &amp; Adolescent Psychiatry,49,11,1105-1116.e1,Elsevier BV,en,https://doi.org/10.1016/j.jaac.2010.08.006,0.9,resolved,openalex,2026-08-16T22:33:54Z,X013,,CBCL; Child Behavior Checklist; Anxiety; Psychology; Psychiatry; Depression (economics); Population; Logistic regression; Mood disorders; Clinical psychology; Medicine; Internal medicine,True,article,True,True,False,doi,,"{'venue': 'crossref', 'volume': 'crossref', 'issue': 'crossref', 'pages': 'crossref', 'publisher': 'crossref', 'url': 'crossref', 'lang': 'crossref'}",{'crossref': 7},"X013.R000 resolved | hits:OA,CR | winner:- | filled:venue:CR; lang:CR | missing:abstract",PASS_CLEAN,,,"H4-5,H4-6",,"{""H4-5"": {""status"": ""MET"", ""decision"": ""not_meet"", ""confidence"": 0.9, ""threshold"": 0.6, ""field"": ""title"", ""quote"": """", ""quote_valid"": false, ""span"": null, ""used"": true}, ""H4-6"": {""status"": ""MET"", ""decision"": ""not_meet"", ""confidence"": 0.9, ""threshold"": 0.6, ""field"": ""abstract"", ""quote"": """", ""quote_valid"": false, ""span"": null, ""used"": true}}",PASS_CLEAN: all EL criteria MET.
A426,101111j14697610200902089x,Child Behavior Checklist Juvenile Bipolar Disorder (CBCL‐JBD) and CBCL Posttraumatic Stress Problems (CBCL‐PTSP) scales are measures of a single dysregulatory syndrome,Lynsay Ayer; Robert R. Althoff; Masha Y. Ivanova; David C. Rettew; Ellen Waxler; Julie Sulman; James J. Hudziak,Lynsay Ayer,2009.0,10.1111/j.1469-7610.2009.02089.x,https://pubmed.ncbi.nlm.nih.gov/19486226,,,Journal of Child Psychology and Psychiatry,50,10,1291-1300,Wiley,en,https://doi.org/10.1111/j.1469-7610.2009.02089.x,0.9,resolved,openalex,2026-08-16T22:33:56Z,X013,"BACKGROUND: The Child Behavior Checklist Juvenile Bipolar Disorder (CBCL-JBD) profile and Posttraumatic Stress Problems (CBCL-PTSP) scale have been used to assess juvenile bipolar disorder (JBD) and posttraumatic stress disorder (PTSD), respectively. However, their validity is questionable according to previous research. Both measures are associated with severe psychopathology often encompassing multiple DSM-IV diagnoses. Further, children who score highly on one of these scales often have elevated scores on the other, independent of PTSD or JBD diagnoses. We hypothesized that the two scales may be indicators of a single syndrome related to dysregulated mood, attention, and behavior. We aimed to describe and identify the overlap between the CBCL-JBD profile and CBCL-PTSP scales. METHOD: Two thousand and twenty-nine (2029) children from a nationally representative sample (1073 boys, 956 girls; mean age = 11.98; age range = 6-18) were rated on emotional and behavior problems by their parents using the CBCL. Comparative model testing via structural equation modeling was conducted to determine whether the CBCL-JBD profile and CBCL-PTSP scale are best described as measuring separate versus unitary constructs. Associations with suicidality and competency scores were also examined. RESULTS: The CBCL-JBD and CBCL-PTSP demonstrated a high degree of overlap (r = .89) at the latent variable level. The best fitting, most parsimonious model was one in which the CBCL-JBD and CBCL-PTSP items identified a single latent construct, which was associated with higher parental endorsement of child suicidal behavior, and lower functioning. CONCLUSIONS: The CBCL-JBD profile and CBCL-PTSP scale overlap to a remarkable degree, and may be best described as measures of a single syndrome. This syndrome appears to be related to severe psychopathology, but may not conform to traditional DSM-IV classification. These results contribute to the ongoing debate about the utility of the CBCL-JBD and CBCL-PTSP profiles, and offer promising methods of empirically based measurement of disordered self-regulation in youth.",CBCL; Child Behavior Checklist; Psychology; Psychopathology; Child abuse; Poison control; Clinical psychology; Injury prevention; Medicine; Environmental health,False,article,True,True,False,doi,,"{'venue': 'crossref', 'volume': 'crossref', 'issue': 'crossref', 'pages': 'crossref', 'publisher': 'crossref', 'url': 'crossref', 'lang': 'crossref'}",{'crossref': 7},"X013.R000 resolved | hits:OA,CR | winner:- | filled:venue:CR; lang:CR | missing:-",PASS_CLEAN,,,"H4-5,H4-6",,"{""H4-5"": {""status"": ""MET"", ""decision"": ""not_meet"", ""confidence"": 0.9, ""threshold"": 0.6, ""field"": ""title"", ""quote"": """", ""quote_valid"": false, ""span"": null, ""used"": true}, ""H4-6"": {""status"": ""MET"", ""decision"": ""not_meet"", ""confidence"": 0.9, ""threshold"": 0.6, ""field"": ""abstract"", ""quote"": """", ""quote_valid"": false, ""span"": null, ""used"": true}}",PASS_CLEAN: all EL criteria MET.
A427,101002ab21523,Low heart rate as a risk factor for child and adolescent proactive aggressive and impulsive psychopathic behavior,Adrian Raine; Annis Lai Chu Fung; Jill Portnoy; Olivia Choy; Victoria Spring,Adrian Raine,2014.0,10.1002/ab.21523,https://pubmed.ncbi.nlm.nih.gov/24604759,,,Aggressive Behavior,40,4,290-299,Wiley,en,https://doi.org/10.1002/ab.21523,0.9,resolved,openalex,2026-08-16T22:33:57Z,X013,"Although low resting heart rate has been viewed as a well-replicated biological correlate of child and adolescent antisocial behavior, little is known about how it interacts with psychosocial adversity in predisposing to both reactive-proactive aggression and psychopathy, and whether this relationship generalizes to an East Asian population. This study tests the hypothesis that low resting heart rate will be associated with aggression and psychopathic traits, and that heart rate will interact with adversity in predisposing to these antisocial traits. Resting heart rate was assessed in 334 Hong Kong male and female schoolchildren aged 11-17 years. A social adversity index was calculated from a psychosocial interview of the parent, while parents assessed their children on the Reactive-Proactive Aggression Questionnaire and the Antisocial Personality Screening Device. Low resting heart rate was significantly associated with higher proactive aggression, impulsive features of psychopathy, and total child psychopathy. Low resting heart rate interacted with high psychosocial adversity in explaining higher reactive (but not proactive) aggression, as well as impulsive psychopathy. These findings provide support for a biosocial perspective of reactive aggression and impulsive psychopathy, and document low resting heart rate as a robust correlate of both childhood impulsive psychopathic behavior and proactive aggression. To our knowledge, this study is the first to document low resting heart rate as a correlate of child psychopathy and the second to establish low heart rate as a risk factor of antisocial behavior in an East Asian population. The findings provide further evidence for both low resting heart rate as a potential biomarker for childhood psychopathic and aggressive behavior, and also a biosocial perspective on childhood antisocial behavior.",Psychopathy; Aggression; Psychosocial; Psychology; RESTING HEART RATE; Heart rate; Biosocial theory; Population; Antisocial personality disorder; Poison control; Clinical psychology; Developmental psychology,False,article,True,True,False,doi,,"{'venue': 'crossref', 'volume': 'crossref', 'issue': 'crossref', 'pages': 'crossref', 'publisher': 'crossref', 'url': 'crossref', 'lang': 'crossref'}",{'crossref': 7},"X013.R000 resolved | hits:OA,CR | winner:- | filled:venue:CR; lang:CR | missing:-",PASS_CLEAN,,,"H4-5,H4-6",,"{""H4-5"": {""status"": ""MET"", ""decision"": ""not_meet"", ""confidence"": 0.9, ""threshold"": 0.6, ""field"": ""title"", ""quote"": """", ""quote_valid"": false, ""span"": null, ""used"": true}, ""H4-6"": {""status"": ""MET"", ""decision"": ""not_meet"", ""confidence"": 0.9, ""threshold"": 0.6, ""field"": ""abstract"", ""quote"": """", ""quote_valid"": false, ""span"": null, ""used"": true}}",PASS_CLEAN: all EL criteria MET.
A428,101111cdep12102,Comorbidity Among Dimensions of Childhood Psychopathology: Converging Evidence From Behavior Genetics,Soo Hyun Rhee; Benjamin B. Lahey; Irwin D. Waldman,Soo Hyun Rhee,2014.0,10.1111/cdep.12102,https://pubmed.ncbi.nlm.nih.gov/26019716,,,Child Development Perspectives,9,1,26-31,Oxford University Press (OUP),en,https://doi.org/10.1111/cdep.12102,0.9,resolved,openalex,2026-08-16T22:33:57Z,X013,"In this article, we review evidence from recent behavior genetic studies that examined the covariance among common childhood psychopathological conditions and tested specific hypotheses regarding common and broadband-specific underlying features of childhood psychopathology. Specifically, we review the distinction between internalizing and externalizing disorders, the support for the generalist genes and specialist environments model, negative emotionality as a heritable underlying feature common to both internalizing and externalizing disorders, and daring as a heritable broadband-specific underlying feature that distinguishes externalizing disorders from internalizing disorders. We also discuss the implications of research in the search for specific genes that influence childhood psychopathology and suggest avenues for new research.",Psychopathology; Psychology; Developmental psychology; Comorbidity; Developmental psychopathology; Behavioural genetics; Clinical psychology; Child psychopathology; Psychiatry,True,article,True,True,False,doi,,"{'venue': 'crossref', 'volume': 'crossref', 'issue': 'crossref', 'pages': 'crossref', 'publisher': 'crossref', 'url': 'crossref', 'lang': 'crossref'}",{'crossref': 7},"X013.R000 resolved | hits:OA,CR | winner:- | filled:venue:CR; lang:CR | missing:-",PASS_CLEAN,,,"H4-5,H4-6",,"{""H4-5"": {""status"": ""MET"", ""decision"": ""not_meet"", ""confidence"": 0.8, ""threshold"": 0.6, ""field"": ""title"", ""quote"": """", ""quote_valid"": false, ""span"": null, ""used"": true}, ""H4-6"": {""status"": ""MET"", ""decision"": ""not_meet"", ""confidence"": 0.8, ""threshold"": 0.6, ""field"": ""abstract"", ""quote"": """", ""quote_valid"": false, ""span"": null, ""used"": true}}",PASS_CLEAN: all EL criteria MET.
A430,101037a0019699,Assessment of dysregulated children using the Child Behavior Checklist: A receiver operating characteristic curve analysis,Robert R. Althoff; Lynsay Ayer; David C. Rettew; James J. Hudziak,Robert R. Althoff,2010.0,10.1037/a0019699,https://pubmed.ncbi.nlm.nih.gov/20822273,,,Psychological Assessment,22,3,609-617,American Psychological Association (APA),en,https://doi.org/10.1037/a0019699,0.9,resolved,openalex,2026-08-16T22:33:58Z,X013,"Disorders of self-regulatory behavior are common reasons for referral to child and adolescent clinicians. Here, the authors sought to compare 2 methods of empirically based assessment of children with problems in self-regulatory behavior. Using parental reports on 2,028 children (53% boys) from a U.S. national probability sample of the Child Behavior Checklist (CBCL; T. M. Achenbach & L. A. Rescorla, 2001), the receiver operating characteristic curve analysis was applied to compare scores on the Posttraumatic Stress Problems Scale (PTSP) of the CBCL with the CBCL Dysregulation Profile (DP), identified using latent class analysis of the Attention Problems, Aggressive Behavior, and Anxious/Depressed scales of the CBCL. The CBCL-PTSP score demonstrated an area under the curve of between .88 and .91 for predicting membership in the CBCL-DP profile for boys and for girls. These findings suggest that the CBCL-PTSP, which others have shown does not uniquely identify children who have been traumatized, does identify the same profile of behavior as the CBCL-DP. Therefore, the authors recommend renaming the CBCL-PTSP the Dysregulation Short Scale and provide some guidelines for the use of the CBCL-DP scale and the CBCL-PTSP in clinical practice.",CBCL; Child Behavior Checklist; Psychology; Receiver operating characteristic; Clinical psychology; Developmental psychology; Psychometrics; Psychiatry; Medicine; Internal medicine,False,article,True,True,False,doi,,"{'venue': 'crossref', 'volume': 'crossref', 'issue': 'crossref', 'pages': 'crossref', 'publisher': 'crossref', 'url': 'crossref', 'lang': 'crossref'}",{'crossref': 7},"X013.R000 resolved | hits:OA,CR | winner:- | filled:venue:CR; lang:CR | missing:-",PASS_CLEAN,,,"H4-5,H4-6",,"{""H4-5"": {""status"": ""MET"", ""decision"": ""not_meet"", ""confidence"": 0.9, ""threshold"": 0.6, ""field"": ""title"", ""quote"": """", ""quote_valid"": false, ""span"": null, ""used"": true}, ""H4-6"": {""status"": ""MET"", ""decision"": ""not_meet"", ""confidence"": 0.8, ""threshold"": 0.6, ""field"": ""abstract"", ""quote"": """", ""quote_valid"": false, ""span"": null, ""used"": true}}",PASS_CLEAN: all EL criteria MET.
A431,101111j14698986200900851x,Facial EMG and heart rate responses to emotion‐inducing film clips in boys with disruptive behavior disorders,Minet de Wied; A. van Boxtel; Jocelyne A. Posthumus; Paul P. Goudena; Walter Matthys,Minet de Wied,2009.0,10.1111/j.1469-8986.2009.00851.x,https://pubmed.ncbi.nlm.nih.gov/19549069,,,Psychophysiology,46,5,996-1004,Wiley,en,https://doi.org/10.1111/j.1469-8986.2009.00851.x,0.9,resolved,openalex,2026-08-16T22:33:58Z,X013,"We examined aspects of emotional empathy across different physiological response systems in boys with disruptive behavior disorders (DBD) and normal controls. Heart rate (HR) and electromyographic (EMG) reactivity in zygomaticus major and corrugator supercilii muscles were monitored during sadness-, anger-, or happiness-inducing film clips. Relative to controls, DBD boys showed significantly less HR reduction during sadness, and a smaller increase in corrugator EMG activity both during sadness and anger. No significant group differences emerged in HR and zygomaticus EMG responsivity during happiness. We also examined cardiac activity at rest and found higher resting HR and lower respiratory sinus arrhythmia in DBD boys compared to controls. Findings give evidence for a selective impairment in empathy with sadness and anger (not happiness) among DBD boys who exhibit relatively high levels of anxiety and poor emotional control.",Sadness; Psychology; Anger; Vagal tone; Happiness; Facial electromyography; Audiology; Heart rate; Empathy; Anxiety; Developmental psychology; Clinical psychology,False,article,True,True,False,doi,,"{'venue': 'crossref', 'volume': 'crossref', 'issue': 'crossref', 'pages': 'crossref', 'publisher': 'crossref', 'url': 'crossref', 'lang': 'crossref'}",{'crossref': 7},"X013.R000 resolved | hits:OA,CR | winner:- | filled:venue:CR; lang:CR | missing:-",PASS_FLAGGED,,,H4-5,H4-6,"{""H4-5"": {""status"": ""MET"", ""decision"": ""not_meet"", ""confidence"": 0.9, ""threshold"": 0.6, ""field"": ""title"", ""quote"": """", ""quote_valid"": false, ""span"": null, ""used"": true}, ""H4-6"": {""status"": ""UNCERTAIN"", ""decision"": ""meet"", ""confidence"": 0.9, ""threshold"": 0.6, ""field"": ""abstract"", ""quote"": ""Vagal tone"", ""quote_valid"": false, ""span"": [113, 120], ""used"": true}}",PASS_FLAGGED: uncertain H4-6
A432,101007s0078701303799,The child behavior checklist dysregulation profile predicts adolescent DSM-5 pathological personality traits 4 years later,Elien De Caluwé; Mieke Decuyper; Barbara De Clercq,Elien De Caluwé,2013.0,10.1007/s00787-013-0379-9,https://pubmed.ncbi.nlm.nih.gov/23381573,,,European Child &amp; Adolescent Psychiatry,22,7,401-411,Springer Science and Business Media LLC,en,https://doi.org/10.1007/s00787-013-0379-9,0.9,resolved,openalex,2026-08-16T22:33:59Z,X013,"Emotional dysregulation in childhood has been associated with various forms of later psychopathology, although no studies have investigated the personality related adolescent outcomes associated with early emotional dysregulation. The present study uses a typological approach to examine how the child behavior checklist-dysregulation profile (CBCL-DP) predicts DSM-5 pathological personality traits (as measured with the personality inventory for the diagnostic and statistical manual of mental disorders 5 or PID-5 by Krueger et al. (Psychol Med 2012)) across a time span of 4&nbsp;years in a sample of 243 children aged 8–14&nbsp;years (57.2&nbsp;% girls). The results showed that children assigned to the CBCL-DP class are at risk for elevated scores on a wide range of DSM-5 personality pathology features, including higher scores on hostility, risk taking, deceitfulness, callousness, grandiosity, irresponsibility, impulsivity and manipulativeness. These results are discussed in the context of identifying early manifestations of persistent regulation problems, because of their enduring impact on a child’s personality development.",Emotional dysregulation; Psychology; CBCL; Personality pathology; Child Behavior Checklist; Impulsivity; Grandiosity; Child and adolescent psychiatry; Personality; Clinical psychology; Personality disorders; Context (archaeology),False,article,True,True,False,doi,,"{'venue': 'crossref', 'volume': 'crossref', 'issue': 'crossref', 'pages': 'crossref', 'publisher': 'crossref', 'url': 'crossref', 'lang': 'crossref', 'abstract': 'unpaywall'}","{'crossref': 7, 'unpaywall': 1}","X013.R000 resolved | hits:OA,CR | winner:- | filled:venue:CR; lang:CR; abstract:UN | missing:-",PASS_CLEAN,,,"H4-5,H4-6",,"{""H4-5"": {""status"": ""MET"", ""decision"": ""not_meet"", ""confidence"": 0.9, ""threshold"": 0.6, ""field"": ""title"", ""quote"": """", ""quote_valid"": false, ""span"": null, ""used"": true}, ""H4-6"": {""status"": ""MET"", ""decision"": ""not_meet"", ""confidence"": 0.8, ""threshold"": 0.6, ""field"": ""abstract"", ""quote"": """", ""quote_valid"": false, ""span"": null, ""used"": true}}",PASS_CLEAN: all EL criteria MET.
A433,101007s1086201594803,Dyadic Attunement and Physiological Synchrony During Mother-Child Interactions: An Exploratory Study in Children With and Without Externalizing Behavior Problems,Steven Woltering; Victoria Lishak; Brittney Elliott; Leonardo Ferraro; Isabela Granic,Steven Woltering,2015.0,10.1007/s10862-015-9480-3,,,,Journal of Psychopathology and Behavioral Assessment,37,4,624-633,Springer Science and Business Media LLC,en,https://doi.org/10.1007/s10862-015-9480-3,0.9,resolved,openalex,2026-08-16T22:34:01Z,X013,"We investigated whether synchrony at a physiological level (i.e., real-time correspondence of biological indices between two individuals) related to observed levels of dyadic attunement (i.e., levels of connectedness, joint attention, and reciprocity), and whether these measures could distinguish between mother-child dyads with and without clinical levels of externalizing behavioral problems. Eighty-three clinical and 35 nonclinical dyads (7–12&nbsp;years-old) discussed a contentious topic preceded and followed by a positive topic while their heart rates were recorded. Changes in dyadic attunement from the last discussion relative to the first were taken as an index of how well dyads ‘repaired’ their relationship. Results showed that clinical dyads had lower levels of dyadic attunement across all discussions compared to nonclinical dyads. Evidence that physiological synchrony could distinguish clinical from nonclinical dyads, however, was merely suggestive. Physiological synchrony was sensitive to the emotional context of the discussions as more dyads demonstrated physiological synchrony in the last compared to the first discussion. Moreover, dyads who demonstrated physiological synchrony also showed higher levels of repair. The outcomes of this study suggest that physiological synchrony between mothers and their children is sensitive to emotional context during interactions, and particularly during periods of repair when dyads more actively reconnect with each other after a negative interaction.",Attunement; Psychology; Developmental psychology; Context (archaeology); Reciprocity (cultural anthropology); Strange situation; Social psychology; Attachment theory; Biology; Medicine; Alternative medicine; Pathology,False,article,True,True,False,doi,,"{'venue': 'crossref', 'volume': 'crossref', 'issue': 'crossref', 'pages': 'crossref', 'publisher': 'crossref', 'url': 'crossref', 'lang': 'crossref', 'abstract': 'unpaywall'}","{'crossref': 7, 'unpaywall': 1}","X013.R000 resolved | hits:OA,CR | winner:- | filled:venue:CR; lang:CR; abstract:UN | missing:-",PASS_CLEAN,,,"H4-5,H4-6",,"{""H4-5"": {""status"": ""MET"", ""decision"": ""not_meet"", ""confidence"": 0.9, ""threshold"": 0.6, ""field"": ""title"", ""quote"": """", ""quote_valid"": false, ""span"": null, ""used"": true}, ""H4-6"": {""status"": ""MET"", ""decision"": ""not_meet"", ""confidence"": 0.8, ""threshold"": 0.6, ""field"": ""abstract"", ""quote"": """", ""quote_valid"": false, ""span"": null, ""used"": true}}",PASS_CLEAN: all EL criteria MET.
A437,1010970000458320001000000010,Early Childhood Heart Rate Does Not Predict Externalizing Behavior Problems at Age 7 Years,CAROL A. VAN HULLE; Robin P. Corley; Carolyn Zahn‐Waxler; Jerome Kagan; John K. Hewitt,CAROL A. VAN HULLE,2000.0,10.1097/00004583-200010000-00010,https://pubmed.ncbi.nlm.nih.gov/11026177,,,Journal of the American Academy of Child &amp; Adolescent Psychiatry,39,10,1238-1244,Elsevier BV,en,https://doi.org/10.1097/00004583-200010000-00010,0.9,resolved,openalex,2026-08-16T22:34:05Z,X013,,CBCL; Child Behavior Checklist; Heart rate; Psychology; Developmental psychology; Medicine; Internal medicine; Blood pressure,False,article,True,True,False,doi,,"{'venue': 'crossref', 'volume': 'crossref', 'issue': 'crossref', 'pages': 'crossref', 'publisher': 'crossref', 'url': 'crossref', 'lang': 'crossref'}",{'crossref': 7},"X013.R000 resolved | hits:OA,CR | winner:- | filled:venue:CR; lang:CR | missing:abstract",PASS_CLEAN,,,"H4-5,H4-6",,"{""H4-5"": {""status"": ""MET"", ""decision"": ""not_meet"", ""confidence"": 0.8, ""threshold"": 0.6, ""field"": ""title"", ""quote"": """", ""quote_valid"": false, ""span"": null, ""used"": true}, ""H4-6"": {""status"": ""MET"", ""decision"": ""not_meet"", ""confidence"": 0.8, ""threshold"": 0.6, ""field"": ""abstract"", ""quote"": """", ""quote_valid"": false, ""span"": null, ""used"": true}}",PASS_CLEAN: all EL criteria MET.
A440,1011111469761000034,"Annotation: The role of prefrontal deficits, low autonomic arousal, and early health factors in the development of antisocial and aggressive behavior in children",Adrian Raine,Adrian Raine,2002.0,10.1111/1469-7610.00034,https://pubmed.ncbi.nlm.nih.gov/12030589,,,Journal of Child Psychology and Psychiatry,43,4,417-434,Wiley,en,https://doi.org/10.1111/1469-7610.00034,0.9,resolved,openalex,2026-08-16T22:34:07Z,X013,"BACKGROUND: This article selectively reviews the biological bases of antisocial and aggressive behavior in children with a focus on low autonomic functioning, prefrontal deficits, and early health factors. RESULTS: Low resting heart rate is thought to be the best-replicated biological correlate of antisocial and aggressive behavior in child and adolescent populations and may reflect reduced noradrenergic functioning and a fearless, stimulation-seeking temperament. Evidence from neuropsychological, neurological, and brain imaging studies converges on the conclusion that prefrontal structural and functional deficits are related to antisocial, aggressive behavior throughout the lifespan. A prefrontal dysfunction theory of antisocial behavior is advanced. This argues that social and executive function demands of late adolescence overload the late developing prefrontal cortex, giving rise to prefrontal dysfunction and a lack of inhibitory control over antisocial, violent behavior that peaks at this age. Birth complications and minor physical anomalies are selectively associated with later violent behavior, especially when combined with adverse psychosocial risk factors for violence. Cigarette smoking during pregnancy may increase the risk for antisocial and violent behavior in later life by disrupting noradrenergic functioning and enhancement of cholinergic receptors that inhibit cardiac functioning. Malnutrition during pregnancy is associated with later antisocial behavior and may be mediated by protein deficiency. CONCLUSIONS: It is argued that early health intervention and prevention studies may provide the most effective way of reversing biological deficits that predispose to antisocial and aggressive behavior in children and adults.",Psychology; Prefrontal cortex; Developmental psychology; Psychosocial; Neuropsychology; Arousal; Antisocial personality disorder; Clinical psychology; Conduct disorder; Poison control; Psychiatry; Injury prevention,False,article,True,True,False,doi,,"{'venue': 'crossref', 'volume': 'crossref', 'issue': 'crossref', 'pages': 'crossref', 'publisher': 'crossref', 'url': 'crossref', 'lang': 'crossref'}",{'crossref': 7},"X013.R000 resolved | hits:OA,CR | winner:- | filled:venue:CR; lang:CR | missing:-",PASS_CLEAN,,,"H4-5,H4-6",,"{""H4-5"": {""status"": ""MET"", ""decision"": ""not_meet"", ""confidence"": 0.9, ""threshold"": 0.6, ""field"": ""title"", ""quote"": """", ""quote_valid"": false, ""span"": null, ""used"": true}, ""H4-6"": {""status"": ""MET"", ""decision"": ""not_meet"", ""confidence"": 0.9, ""threshold"": 0.6, ""field"": ""abstract"", ""quote"": """", ""quote_valid"": false, ""span"": null, ""used"": true}}",PASS_CLEAN: all EL criteria MET.
A443,101176appiajp16261100,Response to Emotional Stimuli in Boys With Conduct Disorder,Sabine C. Herpertz; Bodo Mueller; Mutaz Qunaibi; Christiane Lichterfeld; Kerstin Konrad; Beate Herpertz‐Dahlmann,Sabine C. Herpertz,2005.0,10.1176/appi.ajp.162.6.1100,https://pubmed.ncbi.nlm.nih.gov/15930058,,,American Journal of Psychiatry,162,6,1100-1107,American Psychiatric Association Publishing,en,https://doi.org/10.1176/appi.ajp.162.6.1100,0.9,resolved,openalex,2026-08-16T22:34:08Z,X013,"OBJECTIVE: Boys with conduct disorder are at risk of persistently showing antisocial behavior in adult life, particularly if they have an additional diagnosis of attention deficit hyperactivity disorder (ADHD). In the search for biological risk factors that predispose children to the development of antisocial personality disorder, research has provided substantial data suggesting that autonomic hyporesponsiveness indicates a greater likelihood of future antisocial behavior. The purpose of this study was to examine autonomic arousal in boys with conduct disorder, comorbid conduct disorder and ADHD, and ADHD only. METHOD: In addition to self-ratings, electrodermal responses to pleasant, neutral, and unpleasant slides were obtained for 21 boys with conduct disorder and 54 boys with ADHD plus conduct disorder. Forty-three boys with a diagnosis of ADHD only were recruited as a clinical comparison group, and 43 boys with no conduct disorder or ADHD were included as a healthy comparison group. All subjects were ages 8-13 years. RESULTS: Compared to the healthy subjects and the subjects with ADHD only, the boys with conduct disorder and with ADHD plus conduct disorder reported lower levels of emotional response to aversive stimuli and lower autonomic responses to all slides independent of valence. CONCLUSIONS: Although the self-report data supported a deficit in reactivity to explicit fear cues, the psychophysiological data indicated that boys with conduct disorder both with and without a comorbid condition of ADHD are characterized by a generalized deficit in autonomic responsivity in an experimental situation in which children were exposed to complex visual stimuli of unpredictable affective quality. Psychophysiological findings may point to a deficit in associative information processing systems that normally produce adaptive cognitive-emotional reactions.",Conduct disorder; Psychology; Attention deficit hyperactivity disorder; Arousal; Clinical psychology; Borderline personality disorder; Developmental psychology; Antisocial personality disorder; Attention deficit disorder; Psychiatry; Poison control; Injury prevention,False,article,True,True,False,doi,,"{'venue': 'crossref', 'volume': 'crossref', 'issue': 'crossref', 'pages': 'crossref', 'publisher': 'crossref', 'url': 'crossref', 'lang': 'crossref'}",{'crossref': 7},"X013.R000 resolved | hits:OA,CR | winner:- | filled:venue:CR; lang:CR | missing:-",PASS_CLEAN,,,"H4-5,H4-6",,"{""H4-5"": {""status"": ""MET"", ""decision"": ""not_meet"", ""confidence"": 0.9, ""threshold"": 0.6, ""field"": ""title"", ""quote"": """", ""quote_valid"": false, ""span"": null, ""used"": true}, ""H4-6"": {""status"": ""MET"", ""decision"": ""not_meet"", ""confidence"": 0.9, ""threshold"": 0.6, ""field"": ""abstract"", ""quote"": """", ""quote_valid"": false, ""span"": null, ""used"": true}}",PASS_CLEAN: all EL criteria MET.
A445,101017s0954579414001175,"The role of anxiety in the development, maintenance, and treatment of childhood aggression",Isabela Granic,Isabela Granic,2014.0,10.1017/s0954579414001175,https://pubmed.ncbi.nlm.nih.gov/25422976,,,Development and Psychopathology,26,4pt2,1515-1530,Cambridge University Press (CUP),en,https://doi.org/10.1017/s0954579414001175,0.9,resolved,openalex,2026-08-16T22:34:09Z,X013,"The majority of aggressive children exhibit symptoms of anxiety, yet none of our developmental models of aggression incorporate the role of anxiety, and our treatments ignore this comorbidity. This article outlines a novel theoretical model that specifies three hypotheses about comorbid anxious and aggressive children: (a) unpredictable parenting induces anxiety in children that in turn triggers aggressive behavior; (b) prolonged periods of anxiety deplete children's capacity to inhibit impulses and trigger bouts of aggression, and aggression in turn functions to regulate levels of anxiety; and (c) minor daily stressors give rise to anxiety while cognitive perseveration maintains anxious moods, increasingly disposing children to aggress. Little or no research has directly tested these hypotheses. Extant research and theory consistent with these claims are herein reviewed, and future research designs that can test them specifically are suggested. The clinical implications most relevant to the hypotheses are discussed, and to improve the efficacy of treatments for childhood aggression, it is proposed that anxiety may need to be the primary target of treatment.",Aggression; Psychology; Anxiety; Developmental psychology; Cognition; Clinical psychology; Extant taxon; Stressor; Developmental psychopathology; Psychopathology; Psychiatry; Evolutionary biology,False,article,True,True,False,doi,,"{'venue': 'crossref', 'volume': 'crossref', 'issue': 'crossref', 'pages': 'crossref', 'publisher': 'crossref', 'url': 'crossref', 'lang': 'crossref'}",{'crossref': 7},"X013.R000 resolved | hits:OA,CR | winner:- | filled:venue:CR; lang:CR | missing:-",PASS_CLEAN,,,"H4-5,H4-6",,"{""H4-5"": {""status"": ""MET"", ""decision"": ""not_meet"", ""confidence"": 0.9, ""threshold"": 0.6, ""field"": ""title"", ""quote"": """", ""quote_valid"": false, ""span"": null, ""used"": true}, ""H4-6"": {""status"": ""MET"", ""decision"": ""not_meet"", ""confidence"": 0.9, ""threshold"": 0.6, ""field"": ""abstract"", ""quote"": """", ""quote_valid"": false, ""span"": null, ""used"": true}}",PASS_CLEAN: all EL criteria MET.
A447,101016jbiopsych201105029,Neural Changes Associated with Treatment Outcome in Children with Externalizing Problems,Steven Woltering; Isabela Granic; Connie Lamm; Marc D. Lewis,Steven Woltering,2011.0,10.1016/j.biopsych.2011.05.029,https://pubmed.ncbi.nlm.nih.gov/21741030,,,Biological Psychiatry,70,9,873-879,Elsevier BV,en,https://doi.org/10.1016/j.biopsych.2011.05.029,0.9,resolved,openalex,2026-08-16T22:34:10Z,X013,"The current thesis directly investigated whether changes in the neural correlates of self-regulation (SR) are associated with the effectiveness of treatment for children’s externalizing problems. In order to test this, seventy-one children 8–12 years of age with clinical levels of externalizing behaviour and their parents completed a 12-week cognitive behavioural therapy program (12 sessions) with a parent management training component that was aimed at improving SR. Electroencephalogram (EEG) correlates of SR were evaluated before and after treatment with a go/no-go task requiring inhibitory control on the children. Results showed that event-related potential (ERP) correlates of SR, such as the frontal N2 and frontal P3 event-related potential magnitudes, differed between the clinical sample and a matched comparison group before treatment: the clinical sample had larger N2 magnitudes and smaller frontal P3 magnitudes. Children who showed improvement (45%) with treatment demonstrated a decrease in the magnitude of the N2 in comparison with children who did not improve. For improvers only, source analysis during the time period of the N2 modeled activation decreases in dorsomedial and ventromedial prefrontal cortex as well as the anterior medial temporal lobe. A decrease in N2 magnitudes and corresponding reductions in source activation, in children who improved with treatment, might reflect improved efficiency in the neural mechanisms of SR. These findings may be important steps toward a better identification of neural markers of SR and a better understanding of the mechanisms of treatment efficacy.",Prefrontal cortex; Frontal lobe; Psychology; Cognition; Temporal lobe; Neural correlates of consciousness; Audiology; Clinical psychology; Medicine; Epilepsy; Neuroscience,True,article,True,True,False,doi,,"{'venue': 'crossref', 'volume': 'crossref', 'issue': 'crossref', 'pages': 'crossref', 'publisher': 'crossref', 'url': 'crossref', 'lang': 'crossref', 'abstract': 'unpaywall'}","{'crossref': 7, 'unpaywall': 1}","X013.R000 resolved | hits:OA,CR | winner:- | filled:venue:CR; lang:CR; abstract:UN | missing:-",PASS_CLEAN,,,"H4-5,H4-6",,"{""H4-5"": {""status"": ""MET"", ""decision"": ""not_meet"", ""confidence"": 0.9, ""threshold"": 0.6, ""field"": ""title"", ""quote"": """", ""quote_valid"": false, ""span"": null, ""used"": true}, ""H4-6"": {""status"": ""MET"", ""decision"": ""not_meet"", ""confidence"": 0.9, ""threshold"": 0.6, ""field"": ""abstract"", ""quote"": """", ""quote_valid"": false, ""span"": null, ""used"": true}}",PASS_CLEAN: all EL criteria MET.
A448,101017s0954579407070228,Neurophysiological mechanisms of emotion regulation for subtypes of externalizing children,Jim Stieben; Marc D. Lewis; Isabela Granic; Philip David Zelazo; Sidney J. Segalowitz; Debra Pepler,Jim Stieben,2007.0,10.1017/s0954579407070228,https://pubmed.ncbi.nlm.nih.gov/17459179,,,Development and Psychopathology,19,02,,Cambridge University Press (CUP),en,https://doi.org/10.1017/s0954579407070228,0.9,resolved,openalex,2026-08-16T22:34:13Z,X013,"Children referred for externalizing behavior problems may not represent a homogeneous population. Our objective was to assess neural mechanisms of emotion regulation that might distinguish subtypes of externalizing children from each other and from their normal age mates. Children with pure externalizing (EXT) problems were compared with children comorbid for externalizing and internalizing (MIXED) problems and with age-matched controls. Only boys were included in the analysis because so few girls were referred for treatment. We used a go/no-go task with a negative emotion induction, and we examined dense-array EEG data together with behavioral measures of performance. We investigated two event-related potential (ERP) components tapping inhibitory control or self-monitoring—the inhibitory N2 and error-related negativity (ERN)—and we constructed source models estimating their cortical generators. The MIXED children's N2s increased in response to the emotion induction, resulting in greater amplitudes than EXT children in the following trial block. ERN amplitudes were greatest for control children and smallest for EXT children with MIXED children in between, but only prior to the emotion induction. These results were paralleled by behavioral differences in response time and performance monitoring. ERP activity was localized to cortical sources suggestive of the dorsal anterior cingulate for control children, posterior cingulate areas for the EXT children, and both posterior cingulate and ventral cingulate/prefrontal regions for the MIXED children. These findings highlight different mechanisms of self-regulation underlying externalizing subtypes and point toward distinct developmental pathways and treatment strategies.We gratefully acknowledge the financial support provided by Grant 1 R21 MH67357-01 from the Developmental Psychopathology and Prevention Research branch of the National Institute of Mental Health (NIMH), as well as support from the Canadian Institutes for Health Research (CIHR). We are also grateful for support provided (to P.D.Z.) by the Canadian Foundation for Innovation.",Psychology; Developmental psychology; Neurophysiology; Cognitive psychology; Clinical psychology; Neuroscience,False,article,True,True,False,doi,,"{'venue': 'crossref', 'volume': 'crossref', 'issue': 'crossref', 'publisher': 'crossref', 'url': 'crossref', 'lang': 'crossref'}",{'crossref': 6},"X013.R000 resolved | hits:OA,CR | winner:- | filled:venue:CR; lang:CR | missing:-",PASS_CLEAN,,,"H4-5,H4-6",,"{""H4-5"": {""status"": ""MET"", ""decision"": ""not_meet"", ""confidence"": 0.8, ""threshold"": 0.6, ""field"": ""title"", ""quote"": """", ""quote_valid"": false, ""span"": null, ""used"": true}, ""H4-6"": {""status"": ""MET"", ""decision"": ""not_meet"", ""confidence"": 0.8, ""threshold"": 0.6, ""field"": ""abstract"", ""quote"": """", ""quote_valid"": false, ""span"": null, ""used"": true}}",PASS_CLEAN: all EL criteria MET.
A450,101016jbiopsych200602028,Longitudinal Stability of the CBCL-Juvenile Bipolar Disorder Phenotype: A Study in Dutch Twins,Dorret I. Boomsma; Irene Rebollo; Eske M. Derks; Toos C.E.M. van Beijsterveldt; Robert R. Althoff; David C. Rettew; James J. Hudziak,Dorret I. Boomsma,2006.0,10.1016/j.biopsych.2006.02.028,https://pubmed.ncbi.nlm.nih.gov/16735031,,,Biological Psychiatry,60,9,912-920,Elsevier BV,en,https://doi.org/10.1016/j.biopsych.2006.02.028,0.9,resolved,openalex,2026-08-16T22:34:13Z,X013,,CBCL; Child Behavior Checklist; Heritability; Phenotype; Population; Psychology; Biology; Genetics; Developmental psychology; Medicine; Environmental health; Gene,True,article,True,True,False,doi,,"{'venue': 'crossref', 'volume': 'crossref', 'issue': 'crossref', 'pages': 'crossref', 'publisher': 'crossref', 'url': 'crossref', 'lang': 'crossref'}",{'crossref': 7},"X013.R000 resolved | hits:OA,CR | winner:- | filled:venue:CR; lang:CR | missing:abstract",PASS_CLEAN,,,"H4-5,H4-6",,"{""H4-5"": {""status"": ""MET"", ""decision"": ""not_meet"", ""confidence"": 0.9, ""threshold"": 0.6, ""field"": ""title"", ""quote"": """", ""quote_valid"": false, ""span"": null, ""used"": true}, ""H4-6"": {""status"": ""MET"", ""decision"": ""not_meet"", ""confidence"": 0.8, ""threshold"": 0.6, ""field"": ""abstract"", ""quote"": """", ""quote_valid"": false, ""span"": null, ""used"": true}}",PASS_CLEAN: all EL criteria MET.
A451,101016jbiopsycho200907003,Heart rate and skin conductance in four-year-old children with aggressive behavior,Jocelyne A. Posthumus; K.B.E. Böcker; Maartje Raaijmakers; Hermán van Engeland; Walter Matthys,Jocelyne A. Posthumus,2009.0,10.1016/j.biopsycho.2009.07.003,https://pubmed.ncbi.nlm.nih.gov/19596046,,,Biological Psychology,82,2,164-168,Elsevier BV,en,https://doi.org/10.1016/j.biopsycho.2009.07.003,0.9,resolved,openalex,2026-08-16T22:34:16Z,X013,,Skin conductance; Heart rate; Psychology; Developmental psychology; Medicine; Clinical psychology; Pediatrics; Cardiology; Internal medicine; Blood pressure; Biomedical engineering,False,article,True,True,False,doi,,"{'venue': 'crossref', 'volume': 'crossref', 'issue': 'crossref', 'pages': 'crossref', 'publisher': 'crossref', 'url': 'crossref', 'lang': 'crossref'}",{'crossref': 7},"X013.R000 resolved | hits:OA,CR | winner:- | filled:venue:CR; lang:CR | missing:abstract",PASS_CLEAN,,,"H4-5,H4-6",,"{""H4-5"": {""status"": ""MET"", ""decision"": ""not_meet"", ""confidence"": 0.9, ""threshold"": 0.6, ""field"": ""title"", ""quote"": """", ""quote_valid"": false, ""span"": null, ""used"": true}, ""H4-6"": {""status"": ""MET"", ""decision"": ""not_meet"", ""confidence"": 0.8, ""threshold"": 0.6, ""field"": ""abstract"", ""quote"": """", ""quote_valid"": false, ""span"": null, ""used"": true}}",PASS_CLEAN: all EL criteria MET.
A452,101007s0078701507905,Variability in emotional/behavioral problems in boys with oppositional defiant disorder or conduct disorder: the role of arousal,Jantiene Schoorl; Sophie van Rijn; Minet de Wied; Stephanie H.M. van Goozen; Hanna Swaab,Jantiene Schoorl,2015.0,10.1007/s00787-015-0790-5,https://pubmed.ncbi.nlm.nih.gov/26608403,,,European Child &amp; Adolescent Psychiatry,25,8,821-830,Springer Science and Business Media LLC,en,https://doi.org/10.1007/s00787-015-0790-5,0.9,resolved,openalex,2026-08-16T22:34:17Z,X013,"It is often reported that children with oppositional defiant disorder (ODD) or conduct disorder (CD) are under-aroused. However, the evidence is mixed, with some children with ODD/CD displaying high arousal. This has led to the hypothesis that different profiles of arousal dysfunction may exist within children with ODD/CD. This knowledge could explain variability within children with ODD/CD, both in terms of specific types of aggression as well as comorbid symptoms (e.g., other emotional/behavioral problems). We measured heart rate variability (HRV), heart rate (HR) and skin conductance level (SCL) during rest and stress, and obtained parent and teacher reports of aggression, anxiety, attention problems and autism traits in a sample of 66 ODD/CD and 36 non-clinical boys (aged 8-12 years). The ODD/CD group scored significantly higher on aggression, anxiety, attention problems and autism traits than the controls; boys with ODD/CD also had higher resting HRs than controls, but HR stress, HRV and SCL did not differ. Hierarchical regressions showed different physiological profiles in subgroups of boys with ODD/CD based on their type of aggression; a pattern of high baseline HR and SCL, but low stress HRV was related to reactive aggression, whereas the opposite physiological pattern (low HR, low stress SCL, high stress HRV) was related to proactive aggression. Furthermore, high stress SCL was related to anxiety symptoms, whereas low stress SCL was related to attention problems. These findings are important because they indicate heterogeneity within boys with ODD/CD and highlight the importance of using physiology to differentiate boys with different ODD/CD subtypes.",Aggression; Psychology; Arousal; Anxiety; Conduct disorder; Heart rate variability; Autism; Clinical psychology; Developmental psychology; Heart rate; Psychiatry; Internal medicine,True,article,True,True,False,doi,,"{'venue': 'crossref', 'volume': 'crossref', 'issue': 'crossref', 'pages': 'crossref', 'publisher': 'crossref', 'url': 'crossref', 'lang': 'crossref'}",{'crossref': 7},"X013.R000 resolved | hits:OA,CR | winner:- | filled:venue:CR; lang:CR | missing:-",PASS_CLEAN,,,"H4-5,H4-6",,"{""H4-5"": {""status"": ""MET"", ""decision"": ""not_meet"", ""confidence"": 0.9, ""threshold"": 0.6, ""field"": ""title"", ""quote"": """", ""quote_valid"": false, ""span"": null, ""used"": true}, ""H4-6"": {""status"": ""MET"", ""decision"": ""not_meet"", ""confidence"": 0.8, ""threshold"": 0.6, ""field"": ""abstract"", ""quote"": """", ""quote_valid"": false, ""span"": null, ""used"": true}}",PASS_CLEAN: all EL criteria MET.
A456,101093acrefore9780199975839013104,Diagnostic and Statistical Manual of Mental Disorders,Janet B. W. Williams; Michael B. First,Janet B. W. Williams,2013.0,10.1093/acrefore/9780199975839.013.104,,,,Encyclopedia of Social Work,,,,"Oxford University PressNew York, NY",en,https://doi.org/10.1093/acrefore/9780199975839.013.104,0.9,resolved,openalex,2026-08-16T22:34:19Z,X013,"Abstract The fifth edition of the Diagnostic and Statistical Manual of Mental Disorders of the American Psychiatric Association is referred to as DSM-5™. DSM-5’s early predecessor, DSM-III, differed considerably from the first two editions. Its innovative incorporation of specified diagnostic criteria had a major impact on the field of mental health. In DSM-5, these criteria have been further updated to reflect the important gains in our understanding of mental disorders.",Mental health; Psychiatry; Classification of mental disorders; Psychology; Diagnostic Classification of Mental Health and Developmental Disorders of Infancy and Early Childhood; Prevalence of mental disorders,False,other,True,True,False,doi,,"{'venue': 'crossref', 'publisher': 'crossref', 'url': 'crossref', 'lang': 'crossref'}",{'crossref': 4},"X013.R000 resolved | hits:OA,CR | winner:- | filled:venue:CR; lang:CR | missing:-",PASS_CLEAN,,,"H4-5,H4-6",,"{""H4-5"": {""status"": ""MET"", ""decision"": ""not_meet"", ""confidence"": 0.9, ""threshold"": 0.6, ""field"": ""title"", ""quote"": """", ""quote_valid"": false, ""span"": null, ""used"": true}, ""H4-6"": {""status"": ""MET"", ""decision"": ""not_meet"", ""confidence"": 0.8, ""threshold"": 0.6, ""field"": ""abstract"", ""quote"": """", ""quote_valid"": false, ""span"": null, ""used"": true}}",PASS_CLEAN: all EL criteria MET.
A458,101017s0954579417000955,Normative development of the Child Behavior Checklist Dysregulation Profile from early childhood to adolescence: Associations with personality pathology,Marike H. F. Deutz; Helen G. M. Vossen; Amaranta D. de Haan; Maja Deković; Anneloes L. van Baar; Peter Prinzie,Marike H. F. Deutz,2017.0,10.1017/s0954579417000955,https://pubmed.ncbi.nlm.nih.gov/28633688,,,Development and Psychopathology,30,2,437-447,Cambridge University Press (CUP),en,https://doi.org/10.1017/s0954579417000955,0.9,resolved,openalex,2026-08-16T22:34:21Z,X013,"The Dysregulation Profile (DP) is a broad indicator of concurrent affective, behavioral, and cognitive dysregulation, often measured with the anxious/depressed, aggressive behavior, and attention problems syndrome scales of the Child Behavior Checklist. Despite an expanding body of research on the DP, knowledge of the normative developmental course of the DP from early childhood to adolescence is lacking. Furthermore, although we know that the DP longitudinally predicts personality pathology, no research yet has examined whether next to the DP in early childhood, the rate of change of the DP across development predicts personality pathology. Therefore, using cohort-sequential latent growth modeling in a population-based sample (N = 668), we examined the normative developmental course of mother-reported DP from ages 4 to 17 years and its associations with a wide range of adolescent-reported personality pathology dimensions 3 years later. The results showed that the DP follows a nonlinear developmental course with a peak in early adolescence. The initial level of the DP at age 4 and, to a lesser extent, the rate of change in the DP predicted a range of personality pathology dimensions in late adolescence. The findings suggest that the DP is a broad developmental precursor of personality pathology in late adolescence.",Personality pathology; Psychology; Child Behavior Checklist; Personality; Normative; Developmental psychology; Emotional dysregulation; Population; Early childhood; Clinical psychology; Cohort; Personality disorders,True,article,True,True,False,doi,,"{'venue': 'crossref', 'volume': 'crossref', 'issue': 'crossref', 'pages': 'crossref', 'publisher': 'crossref', 'url': 'crossref', 'lang': 'crossref'}",{'crossref': 7},"X013.R000 resolved | hits:OA,CR | winner:- | filled:venue:CR; lang:CR | missing:-",PASS_CLEAN,,,"H4-5,H4-6",,"{""H4-5"": {""status"": ""MET"", ""decision"": ""not_meet"", ""confidence"": 0.8, ""threshold"": 0.6, ""field"": ""abstract"", ""quote"": """", ""quote_valid"": false, ""span"": null, ""used"": true}, ""H4-6"": {""status"": ""MET"", ""decision"": ""not_meet"", ""confidence"": 0.8, ""threshold"": 0.6, ""field"": ""abstract"", ""quote"": """", ""quote_valid"": false, ""span"": null, ""used"": true}}",PASS_CLEAN: all EL criteria MET.
A459,101007s0078701710013,Autonomic arousal in anxious and typically developing youth during a stressor involving error feedback,Michelle Rozenman; Alexandra Sturm; James T. McCracken; John Piacentini,Michelle Rozenman,2017.0,10.1007/s00787-017-1001-3,https://pubmed.ncbi.nlm.nih.gov/28527019,,,European Child &amp; Adolescent Psychiatry,26,12,1423-1432,Springer Science and Business Media LLC,en,https://doi.org/10.1007/s00787-017-1001-3,0.9,resolved,openalex,2026-08-16T22:34:21Z,X013,"Anxiety has been proposed to influence psychophysiological reactivity in children and adolescents. However, the extant empirical literature has not always found physiological reactivity to be associated with anxiety in youth. Further, most investigations have not examined psychophysiological reactivity in real time over the course of acute stress. To test the impact of anxiety disorder status on autonomic arousal in youth, we compared youth with primary anxiety disorders (N&nbsp;=&nbsp;24) to typically developing (TD) youth (N&nbsp;=&nbsp;22) on heart rate (HR), heart rate variability (HRV), and respiratory sinus arrhythmia (RSA) during an acute stressor in which youth received error-related feedback. We also conducted exploratory analyses on youth performance during the task. Youth ages 9–17 participated in the arithmetic portion of the Trier Social Stress Test for Children (Buske-Kirschbaum et al., Psychosom 59:419–426, 1997), during which time they received consecutive, standardized feedback that they made calculation errors. Results indicated that, compared to their TD counterparts, the anxious group demonstrated elevated HR and suppressed HRV during initial provision of error feedback and during the recovery period. No group differences were found for RSA. Additionally, overall TD youth made a greater proportion of errors than anxious youth. Clinically, these findings may provide preliminary support for anxious youth exhibiting physiological reactivity in response to receipt of error-related feedback, and may have implications for understanding biological processes during stress. This work underscores the need for further study of when and how anxiety may influence autonomic reactivity over the course of stress.",Arousal; Child and adolescent psychiatry; Stressor; Psychology; Anxiety; Developmental psychology; Clinical psychology; Psychiatry; Neuroscience,True,article,True,True,False,doi,,"{'venue': 'crossref', 'volume': 'crossref', 'issue': 'crossref', 'pages': 'crossref', 'publisher': 'crossref', 'url': 'crossref', 'lang': 'crossref', 'abstract': 'unpaywall'}","{'crossref': 7, 'unpaywall': 1}","X013.R000 resolved | hits:OA,CR | winner:- | filled:venue:CR; lang:CR; abstract:UN | missing:-",PASS_CLEAN,,,"H4-5,H4-6",,"{""H4-5"": {""status"": ""MET"", ""decision"": ""not_meet"", ""confidence"": 0.9, ""threshold"": 0.6, ""field"": ""abstract"", ""quote"": """", ""quote_valid"": false, ""span"": null, ""used"": true}, ""H4-6"": {""status"": ""MET"", ""decision"": ""not_meet"", ""confidence"": 0.7, ""threshold"": 0.6, ""field"": ""abstract"", ""quote"": """", ""quote_valid"": false, ""span"": null, ""used"": true}}",PASS_CLEAN: all EL criteria MET.
A460,1031020034654316673722,On the Neuroscience of Self-Regulation in Children With Disruptive Behavior Problems,Steven Woltering; Qinxin Shi,Steven Woltering,2016.0,10.3102/0034654316673722,,,,Review of Educational Research,86,4,1085-1110,American Educational Research Association (AERA),en,https://doi.org/10.3102/0034654316673722,0.9,resolved,openalex,2026-08-16T22:34:23Z,X013,"Self-regulation is increasingly recognized as a key predictor of academic and social competence. A multidisciplinary understanding of this ability is timely and can strengthen theory and practice. The present review aims to inform educators on what cognitive neuroscience can teach us about self-regulation. To do so, we will focus on a decade-long research program examining children with disruptive behavior problems and their peers, and ask whether neural measures of self-regulation can (a) covary with individual differences in behavioral measures of self-regulation, (b) trace developmental patterns, and (c) predict or trace behavioral change with successful treatment of disruptive behavior problems. We show that several studies begin to converge on a set of neural measures derived from the prefrontal cortex that can be consistently linked to processes of self-regulation. Next, we will discuss what these measures mean from a cognitive neuroscience perspective and how this knowledge could influence and/or support psychological models relevant to education.",Psychology; Perspective (graphical); Cognition; Competence (human resources); Social neuroscience; Cognitive psychology; Multidisciplinary approach; Set (abstract data type); Cognitive neuroscience; Prefrontal cortex; TRACE (psycholinguistics); Developmental cognitive neuroscience,False,article,True,True,False,doi,,"{'venue': 'crossref', 'volume': 'crossref', 'issue': 'crossref', 'pages': 'crossref', 'publisher': 'crossref', 'url': 'crossref', 'lang': 'crossref'}",{'crossref': 7},"X013.R000 resolved | hits:OA,CR | winner:- | filled:venue:CR; lang:CR | missing:-",PASS_CLEAN,,,"H4-5,H4-6",,"{""H4-5"": {""status"": ""MET"", ""decision"": ""not_meet"", ""confidence"": 0.9, ""threshold"": 0.6, ""field"": ""title"", ""quote"": """", ""quote_valid"": false, ""span"": null, ""used"": true}, ""H4-6"": {""status"": ""MET"", ""decision"": ""not_meet"", ""confidence"": 0.6, ""threshold"": 0.6, ""field"": ""abstract"", ""quote"": """", ""quote_valid"": false, ""span"": null, ""used"": true}}",PASS_CLEAN: all EL criteria MET.
A461,1010970000458320100400000004,Dysregulated Children Reconsidered,Robert R. Althoff,Robert R. Althoff,2010.0,10.1097/00004583-201004000-00004,,,,Journal of the American Academy of Child &amp; Adolescent Psychiatry,49,4,302-305,Elsevier BV,en,https://doi.org/10.1097/00004583-201004000-00004,0.9,resolved,openalex,2026-08-16T22:34:23Z,X013,,Psychology; Developmental psychology,False,article,True,True,False,doi,,"{'venue': 'crossref', 'volume': 'crossref', 'issue': 'crossref', 'pages': 'crossref', 'publisher': 'crossref', 'url': 'crossref', 'lang': 'crossref'}",{'crossref': 7},"X013.R000 resolved | hits:OA,CR | winner:- | filled:venue:CR; lang:CR | missing:abstract",PASS_FLAGGED,,,H4-5,H4-6,"{""H4-5"": {""status"": ""MET"", ""decision"": ""not_meet"", ""confidence"": 0.9, ""threshold"": 0.6, ""field"": ""title"", ""quote"": """", ""quote_valid"": false, ""span"": null, ""used"": true}, ""H4-6"": {""status"": ""UNCERTAIN"", ""decision"": ""not_meet"", ""confidence"": 0.5, ""threshold"": 0.6, ""field"": ""abstract"", ""quote"": """", ""quote_valid"": false, ""span"": null, ""used"": true}}",PASS_FLAGGED: uncertain H4-6
