local_id,source_key,title,authors,first_author,year,doi,pmid,pmcid,arxiv,venue,volume,issue,pages,publisher,lang,url,confidence,status,provenance,last_checked,parents,abstract,keywords,open_access,doc_type,hit_openalex,hit_crossref,hit_semanticscholar,match_strategy,winner_source,field_sources,filled_by_source_counts,resolver_notes,el_outcome,el_failed_ids,el_missing_ids,el_met_ids,el_uncertain_ids,el_evidence_json,el_reason_summary
A003,101111psyp12027,The utility of low frequency heart rate variability as an index of sympathetic cardiac tone: A review with emphasis on a reanalysis of previous studies,Gustavo A. Reyes del Paso; Wolf Langewitz; Lambertus J.M. Mulder; Arie van Roon; Stefan Duschek,Gustavo A. Reyes del Paso,2013.0,10.1111/psyp.12027,https://pubmed.ncbi.nlm.nih.gov/23445494,,,Psychophysiology,50,5,477-487,Wiley,en,https://doi.org/10.1111/psyp.12027,0.9,resolved,openalex,2026-08-16T22:28:34Z,X001,"This article evaluates the suitability of low frequency (LF) heart rate variability (HRV) as an index of sympathetic cardiac control and the LF/high frequency (HF) ratio as an index of autonomic balance. It includes a comprehensive literature review and a reanalysis of some previous studies on autonomic cardiovascular regulation. The following sources of evidence are addressed: effects of manipulations affecting sympathetic and vagal activity on HRV, predictions of group differences in cardiac autonomic regulation from HRV, relationships between HRV and other cardiac parameters, and the theoretical and mathematical bases of the concept of autonomic balance. Available data challenge the interpretation of the LF and LF/HF ratio as indices of sympathetic cardiac control and autonomic balance, respectively, and suggest that the HRV power spectrum, including its LF component, is mainly determined by the parasympathetic system.",Heart rate variability; Balance (ability); Autonomic nervous system; Vagal tone; Psychology; Heart rate; Sympathetic activity; Index (typography); Cardiology; Internal medicine; Neuroscience; Medicine,True,article,True,True,False,doi,,"{'venue': 'crossref', 'volume': 'crossref', 'issue': 'crossref', 'pages': 'crossref', 'publisher': 'crossref', 'url': 'crossref', 'lang': 'crossref'}",{'crossref': 7},"X001.R000 resolved | hits:OA,CR | winner:- | filled:venue:CR; lang:CR | missing:-",PASS_CLEAN,,,"H7-5,H7-6",,"{""H7-5"": {""status"": ""MET"", ""decision"": ""not_meet"", ""confidence"": 0.8, ""threshold"": 0.6, ""field"": ""abstract"", ""quote"": """", ""quote_valid"": false, ""span"": null, ""used"": true}, ""H7-6"": {""status"": ""MET"", ""decision"": ""not_meet"", ""confidence"": 0.8, ""threshold"": 0.6, ""field"": ""abstract"", ""quote"": """", ""quote_valid"": false, ""span"": null, ""used"": true}}",PASS_CLEAN: all EL criteria MET.
A004,10116101cir986547,Mechanisms Underlying Very-Low-Frequency RR-Interval Oscillations in Humans,J. Andrew Taylor; Deborah L. Carr; Christopher W. Myers; Dwain L. Eckberg,J. Andrew Taylor,1998.0,10.1161/01.cir.98.6.547,https://pubmed.ncbi.nlm.nih.gov/9714112,,,Circulation,98,6,547-555,Ovid Technologies (Wolters Kluwer Health),en,https://doi.org/10.1161/01.cir.98.6.547,0.9,resolved,openalex,2026-08-16T22:28:34Z,X001,"BACKGROUND: Survival of post-myocardial infarction patients is related inversely to their levels of very-low-frequency (0.003 to 0.03 Hz) RR-interval variability. The physiological basis for such oscillations is unclear. In our study, we used blocking drugs to evaluate potential contributions of sympathetic and vagal mechanisms and the renin-angiotensin-aldosterone system to very-low-frequency RR-interval variability in 10 young healthy subjects. METHODS AND RESULTS: We recorded RR intervals and arterial pressures during three separate sessions, with the patient in supine and 40 degree upright tilt positions, during 20-minute frequency (0.25 Hz) and tidal volume-controlled breathing after intravenous injections: saline (control), atenolol (0.2 mg/kg, beta-adrenergic blockade), atropine sulfate (0.04 mg/kg, parasympathetic blockade), atenolol and atropine (complete autonomic blockade), and enalaprilat (0.02 mg/kg, ACE blockade). We integrated fast Fourier transform RR-interval spectral power at very low (0.003 to 0.03 Hz), low (0.05 to 0. 15 Hz), and respiratory (0.2 to 0.3 Hz) frequencies. Beta-adrenergic blockade had no significant effect on very-low- or low-frequency RR-interval power but increased respiratory frequency power 2-fold. ACE blockade had no significant effect on low or respiratory frequency RR-interval power but modestly (approximately 21%) increased very-low-frequency power in the supine (but not upright tilt) position (P<0.05). The most profound effects were exerted by parasympathetic blockade: Atropine, given alone or with atenolol, abolished nearly all RR-interval variability and decreased very-low-frequency variability by 92%. CONCLUSIONS: Although very-low-frequency heart period rhythms are influenced by the renin-angiotensin-aldosterone system, as low and respiratory frequency RR-interval rhythms, they depend primarily on the presence of parasympathetic outflow. Therefore the prognostic value of very-low-frequency heart period oscillations may derive from the fundamental importance of parasympathetic mechanisms in cardiovascular health.",Medicine; Atenolol; Supine position; Blockade; Atropine; Anesthesia; Vagal tone; Cardiology; Internal medicine; Heart rate variability; Heart rate; Blood pressure,True,article,True,True,False,doi,,"{'venue': 'crossref', 'volume': 'crossref', 'issue': 'crossref', 'pages': 'crossref', 'publisher': 'crossref', 'url': 'crossref', 'lang': 'crossref'}",{'crossref': 7},"X001.R000 resolved | hits:OA,CR | winner:- | filled:venue:CR; lang:CR | missing:-",PASS_CLEAN,,,"H7-5,H7-6",,"{""H7-5"": {""status"": ""MET"", ""decision"": ""not_meet"", ""confidence"": 0.8, ""threshold"": 0.6, ""field"": ""abstract"", ""quote"": """", ""quote_valid"": false, ""span"": null, ""used"": true}, ""H7-6"": {""status"": ""MET"", ""decision"": ""not_meet"", ""confidence"": 0.8, ""threshold"": 0.6, ""field"": ""abstract"", ""quote"": """", ""quote_valid"": false, ""span"": null, ""used"": true}}",PASS_CLEAN: all EL criteria MET.
A005,10116101cir901234,"Heart rate spectral analysis, cardiac norepinephrine spillover, and muscle sympathetic nerve activity during human sympathetic nervous activation and failure",Bronwyn A. Kingwell; Jordan M. Thompson; David M. Kaye; Grant A. McPherson; Garry Jennings; Murray Esler,Bronwyn A. Kingwell,1994.0,10.1161/01.cir.90.1.234,https://pubmed.ncbi.nlm.nih.gov/8026003,,,Circulation,90,1,234-240,Ovid Technologies (Wolters Kluwer Health),en,https://doi.org/10.1161/01.cir.90.1.234,0.9,resolved,openalex,2026-08-16T22:28:34Z,X001,"BACKGROUND: Although heart rate variability (HRV) at 0.1 Hz has been proposed as a noninvasive clinical measure of cardiac sympathetic nerve firing, this premise has not been sufficiently validated by comparison with techniques such as microneurography and the measurement of norepinephrine spillover from the heart that more directly reflect presynaptic sympathetic activity. METHODS AND RESULTS: We compared the three techniques under conditions of effective cardiac sympathetic denervation, pure autonomic failure (n = 4), dopamine beta-hydroxylase deficiency (n = 1), and after cardiac transplantation (n = 9) as well as in the context of sympathetic nervous activation in cardiac failure (n = 15) and with aging (n = 10). Age-matched comparisons were made in each case with healthy individuals drawn from a pool of 52 volunteers. In pure autonomic failure and early after transplantation, cardiac norepinephrine spillover was negligible, and HRV was low. Late after transplantation, however, cardiac norepinephrine spillover returned to normal levels, and HRV remained low. In comparison to younger subjects (18 to 35 years old), older individuals (60 to 75 years old) had higher muscle sympathetic nerve activity (young, 22.9 +/- 1.9; old, 31.3 +/- 5.8 bursts per minute; P < .05) and cardiac norepinephrine spillover (young, 14.3 +/- 2.5; old, 20.1 +/- 3.0 ng/min; P < .05). In contrast, total HRV was reduced by 89%, and at 0.1 Hz it was reduced by 93% (P < .05). Cardiac failure was also characterized by elevated cardiac norepinephrine spillover (cardiac failure patients, 59 +/- 4; healthy volunteers, 18 +/- 3 ng/min; P < .01) but reduced 0.1 Hz HRV (cardiac failure patients, 49 +/- 17; healthy volunteers, 243 +/- 4 ms2; P < .05). CONCLUSIONS: HRV at 0.1 Hz depends on factors in addition to cardiac sympathetic nerve firing rates, including multiple neural reflexes, cardiac adrenergic receptor sensitivity, postsynaptic signal transduction, and electrochemical coupling, and is not directly related to cardiac norepinephrine spillover, which is a more direct measure of the sympathetic nerve firing rate.",Medicine; Norepinephrine; Internal medicine; Microneurography; Sympathetic nervous system; Heart failure; Heart rate variability; Autonomic nervous system; Cardiology; Heart rate; Pure autonomic failure; Heart transplantation,False,article,True,True,False,doi,,"{'venue': 'crossref', 'volume': 'crossref', 'issue': 'crossref', 'pages': 'crossref', 'publisher': 'crossref', 'url': 'crossref', 'lang': 'crossref'}",{'crossref': 7},"X001.R000 resolved | hits:OA,CR | winner:- | filled:venue:CR; lang:CR | missing:-",PASS_CLEAN,,,"H7-5,H7-6",,"{""H7-5"": {""status"": ""MET"", ""decision"": ""not_meet"", ""confidence"": 0.8, ""threshold"": 0.6, ""field"": ""abstract"", ""quote"": """", ""quote_valid"": false, ""span"": null, ""used"": true}, ""H7-6"": {""status"": ""MET"", ""decision"": ""not_meet"", ""confidence"": 0.8, ""threshold"": 0.6, ""field"": ""abstract"", ""quote"": """", ""quote_valid"": false, ""span"": null, ""used"": true}}",PASS_CLEAN: all EL criteria MET.
A007,101136jnnp72126,Heart rate dynamics in refractory and well controlled temporal lobe epilepsy,Hanna Ansakorpi,Hanna Ansakorpi,2002.0,10.1136/jnnp.72.1.26,https://pubmed.ncbi.nlm.nih.gov/11784820,,,"Journal of Neurology, Neurosurgery &amp; Psychiatry",72,1,26-30,BMJ,en,https://doi.org/10.1136/jnnp.72.1.26,0.9,resolved,openalex,2026-08-16T22:28:34Z,X001,"OBJECTIVES: Disorders of cardiovascular and other autonomic nervous system functions are often found in patients with temporal lobe epilepsy (TLE). Cardiovascular dysregulation in TLE has previously been quantified assessing traditional time and frequency domain measures of heart rate (HR) variability from short term ECG recordings. However, new complexity and fractal measures of HR variability based on non-linear dynamics and fractals (""chaos theory"") may disclose certain patterns of HR dynamics that cannot be detected using only conventional measures. METHODS: In addition to the traditional spectral and non-spectral components of HR variability, fractal correlation properties, approximate entropy (ApEn) of RR interval dynamics, and the slope of the power law relation were measured from 24 hour ambulatory ECG recordings to evaluate interictal autonomic cardiovascular regulatory function in 19 patients with refractory TLE, 25 patients with well controlled TLE, and in 34 healthy age and sex matched control subjects. RESULTS: The traditional time and frequency domain measures were lower in patients with TLE than in controls (p<0.05). In addition, the power law slope (p<0.005) and ApEn (p<0.05) were also reduced in TLE patients. Furthermore, ApEn was smaller in patients with refractory TLE than in patients with well-controlled TLE ( p<0.01), whereas the long term fractal correlation value alpha2 was lower in patients with well controlled TLE (p<0.05). An altered HR variation was not associated with any particular AED regimen. CONCLUSIONS: In addition to reduced overall HR variability, the long term fractal organisation and complexity of HR dynamics seem to be altered in TLE. These abnormalities in HR behaviour may partly contribute to the occurrence of adverse cardiovascular events, such as life threatening arrhythmias in patients with TLE.",Temporal lobe; Epilepsy; Dynamics (music); Refractory (planetary science); Cardiology; Medicine; Neuroscience; Psychology; Physics; Pedagogy; Astrobiology,True,article,True,True,False,doi,,"{'venue': 'crossref', 'volume': 'crossref', 'issue': 'crossref', 'pages': 'crossref', 'publisher': 'crossref', 'url': 'crossref', 'lang': 'heuristic'}","{'crossref': 6, 'heuristic': 1}","X001.R000 resolved | hits:OA,CR | winner:- | filled:venue:CR; lang:HE | missing:-",PASS_CLEAN,,,"H7-5,H7-6",,"{""H7-5"": {""status"": ""MET"", ""decision"": ""not_meet"", ""confidence"": 0.8, ""threshold"": 0.6, ""field"": ""abstract"", ""quote"": """", ""quote_valid"": false, ""span"": null, ""used"": true}, ""H7-6"": {""status"": ""MET"", ""decision"": ""not_meet"", ""confidence"": 0.8, ""threshold"": 0.6, ""field"": ""abstract"", ""quote"": """", ""quote_valid"": false, ""span"": null, ""used"": true}}",PASS_CLEAN: all EL criteria MET.
A008,101038oby2007201,Baroreflex Sensitivity in Obesity: Relationship With Cardiac Autonomic Nervous System Activity,Ioanna Skrapari; Nikolaοs Tentolouris; Δέσποινα Περρέα; Christos Bakoyiannis; Athanasia Papazafiropoulou; Nicholas Katsilambros,Ioanna Skrapari,2007.0,10.1038/oby.2007.201,https://pubmed.ncbi.nlm.nih.gov/17636086,,,Obesity,15,7,1685-1693,Wiley,en,https://doi.org/10.1038/oby.2007.201,0.9,resolved,openalex,2026-08-16T22:28:34Z,X001,"OBJECTIVE: The aim of this study was to test the hypothesis that baroreflex sensitivity (BRS), assessed by indirect measurement of aortic pressure, is blunted in obesity. Additionally, the potential effect of cardiac autonomic nervous system (ANS) activity, aortic compliance, and metabolic parameters on BRS of obese subjects was investigated. RESEARCH METHODS AND PROCEDURES: A group of 30 women with BMI>30 kg/m2 and a group of 30 controls with BMI<25 kg/m2 were examined. BRS was estimated by the sequence technique, cardiac ANS activity by short-term spectral analysis of heart rate variability (HRV), and aortic compliance by the method of applanation tonometry. RESULTS: BRS was lower in obese women (9.18+/-3.77 vs. 19.63+/-9.16 ms/mm Hg, p<0.001). The median values (interquartile range) of the power of both the high-frequency and low-frequency components of the HRV were higher in the lean than in the obese participants [1079.2 (202.7 to 1716.9) vs. 224.1 (72.7 to 539.6) msec2, p=0.001 and 411.8 (199.3 to 798.0) vs. 235.8 (99.4 to 424.5) msec2, p=0.01 respectively]. Low-to-high-frequency ratio values were higher in the obese subjects [0.82 (0.47 to 2.1) vs. 0.57 (0.28 to 0.89), p=0.02]. Aortic augmentation values were not significantly different between lean and obese subjects. Multivariate analysis demonstrated a significant and independent association between BRS and age (p=0.003), BMI (p<0.001), and high-frequency power of HRV (p<0.001). These variables explained 72% of the variation of BRS values. DISCUSSION: BRS is severely reduced in obese subjects. BMI, age, and the parasympathetic nervous system activity are the main determinants of BRS. Baroreflex behavior is of clinical relevance because an attenuated BRS represents a negative prognostic factor in cardiovascular diseases, which are common in obesity.",Medicine; Baroreflex; Interquartile range; Heart rate variability; Cardiology; Internal medicine; Autonomic nervous system; Heart rate; Epicardial fat; Blood pressure; Obesity; Adipose tissue,False,article,True,True,False,doi,,"{'venue': 'crossref', 'volume': 'crossref', 'issue': 'crossref', 'pages': 'crossref', 'publisher': 'crossref', 'url': 'crossref', 'lang': 'crossref'}",{'crossref': 7},"X001.R000 resolved | hits:OA,CR | winner:- | filled:venue:CR; lang:CR | missing:-",PASS_CLEAN,,,"H7-5,H7-6",,"{""H7-5"": {""status"": ""MET"", ""decision"": ""not_meet"", ""confidence"": 0.8, ""threshold"": 0.6, ""field"": ""abstract"", ""quote"": """", ""quote_valid"": false, ""span"": null, ""used"": true}, ""H7-6"": {""status"": ""MET"", ""decision"": ""not_meet"", ""confidence"": 0.8, ""threshold"": 0.6, ""field"": ""abstract"", ""quote"": """", ""quote_valid"": false, ""span"": null, ""used"": true}}",PASS_CLEAN: all EL criteria MET.
A010,101016000291499090308n,Reproducibility and circadian rhythm of heart rate variability in healthy subjects,Heikki V. Huikuri; Kenneth M. Kessler; Elisabeth Terracall; Agustin Castellanos; Markku K. Linnaluoto; Robert J. Myerburg,Heikki V. Huikuri,1990.0,10.1016/0002-9149(90)90308-n,https://pubmed.ncbi.nlm.nih.gov/2301268,,,The American Journal of Cardiology,65,5,391-393,Elsevier BV,en,https://doi.org/10.1016/0002-9149(90)90308-n,0.9,resolved,openalex,2026-08-16T22:28:34Z,X001,,Reproducibility; Medicine; Circadian rhythm; Cardiology; Heart rate variability; Internal medicine; Rhythm; Coronary artery disease; Heart rate; Electrocardiography; Standard deviation; Blood pressure,False,article,True,True,True,doi,,"{'venue': 'crossref', 'volume': 'crossref', 'issue': 'crossref', 'pages': 'crossref', 'publisher': 'crossref', 'url': 'crossref', 'lang': 'crossref'}",{'crossref': 7},"X001.R000 resolved | hits:OA,CR,S2 | winner:- | filled:venue:CR; lang:CR | missing:abstract",PASS_CLEAN,,,"H7-5,H7-6",,"{""H7-5"": {""status"": ""MET"", ""decision"": ""not_meet"", ""confidence"": 0.8, ""threshold"": 0.6, ""field"": ""keywords"", ""quote"": """", ""quote_valid"": false, ""span"": null, ""used"": true}, ""H7-6"": {""status"": ""MET"", ""decision"": ""not_meet"", ""confidence"": 0.8, ""threshold"": 0.6, ""field"": ""title"", ""quote"": """", ""quote_valid"": false, ""span"": null, ""used"": true}}",PASS_CLEAN: all EL criteria MET.
A011,101002da20061,Effects of caffeine on linear and nonlinear measures of heart rate variability before and after exercise,Vikram K. Yeragani; Siddartha Krishnan; Hermann J. Engels; Randall J. Gretebeck,Vikram K. Yeragani,2005.0,10.1002/da.20061,https://pubmed.ncbi.nlm.nih.gov/15965989,,,Depression and Anxiety,21,3,130-134,Hindawi Limited,en,https://doi.org/10.1002/da.20061,0.9,resolved,openalex,2026-08-16T22:28:35Z,X001,"Caffeine intake is associated with an increase in heart rate (HR) variability. This study sought to examine the effects of caffeine on HR variability measures before and during progressive exercise in 11 healthy volunteers in a double-blind randomized and counterbalanced placebo-controlled paradigm. As expected, there were significant increases in HR and decreases in HR variability after exercise during both placebo and caffeine conditions; however, pre-exercise caffeine condition was associated with a significant increase of HR variability, especially in the high-frequency range (0.15-0.5 Hz), and also approximate entropy (APEN), which is usually attributed to cardiac vagal function. But during progressive exercise, caffeine intake resulted in a greater decrease of HF power as well as HR APEN. Caffeine also was associated with significantly higher LF power during exercise compared to the placebo condition. These results suggest that caffeine may have different effects on HR variability at rest, compared to exercise. These findings may have implications for patients with cardiac illness and anxiety, depression, and psychotic disorders who use beverages containing excessive caffeine.",Caffeine; Placebo; Heart rate; Heart rate variability; Medicine; Anxiety; Approximate entropy; Internal medicine; Cardiology; Anesthesia; Physical therapy; Psychology,False,article,True,True,False,doi,,"{'venue': 'crossref', 'volume': 'crossref', 'issue': 'crossref', 'pages': 'crossref', 'publisher': 'crossref', 'url': 'crossref', 'lang': 'crossref'}",{'crossref': 7},"X001.R000 resolved | hits:OA,CR | winner:- | filled:venue:CR; lang:CR | missing:-",PASS_CLEAN,,,"H7-5,H7-6",,"{""H7-5"": {""status"": ""MET"", ""decision"": ""not_meet"", ""confidence"": 0.9, ""threshold"": 0.6, ""field"": ""abstract"", ""quote"": ""healthy volunteers"", ""quote_valid"": true, ""span"": [26, 33], ""used"": true}, ""H7-6"": {""status"": ""MET"", ""decision"": ""not_meet"", ""confidence"": 0.8, ""threshold"": 0.6, ""field"": ""title"", ""quote"": """", ""quote_valid"": false, ""span"": null, ""used"": true}}",PASS_CLEAN: all EL criteria MET.
A012,101536ihj49175,Is 5-Minute Heart Rate Variability a Useful Measure for Monitoring the Autonomic Nervous System of Workers?,Kyoung Bok Min; Jin‐Young Min; Domyung Paek; Sung‐Il Cho; Mia Son,Kyoung Bok Min,2008.0,10.1536/ihj.49.175,https://pubmed.ncbi.nlm.nih.gov/18475017,,,International Heart Journal,49,2,175-181,International Heart Journal (Japanese Heart Journal),en,https://doi.org/10.1536/ihj.49.175,0.9,resolved,openalex,2026-08-16T22:28:35Z,X001,"Heart rate variability (HRV) is a noninvasive physiological marker used to assess autonomic nervous function and can be recorded over the short or long term. Long-term recording is a good method for assessing mortality and patient prognosis, while short-term measurement is widely used due to practical advantages and reproducibility. However, little is known about whether a short-term assessment reflects the variation in the overall heart rate of workers. This study evaluated the relationship between the 24-hour and 5-minute HRV, which was selected from a 24-hour recording. The study population was 153 male workers at the National Rail Company in Korea, who had their heart rates assessed for 24 hours. In the time and frequency domains, the correlations of the HRV between 24 hours and 5 minutes were calculated for the entire time and limited times (09:00-17:00). We found modest correlations in the time (R = 0.614-0.668) and frequency (R = 0.508-0.817) domains, but the best correlation was for the high-frequency spectra (HF; R = 0.817). Our findings suggest that the short-term HRV remains stable and may be applicable for screening the variation in the heart rate of workers, although not all of the correlations were sufficiently strong.",Medicine; Heart rate variability; Autonomic nervous system; Heart rate; Reproducibility; Cardiology; Autonomic function; Population; Internal medicine; Blood pressure; Statistics; Environmental health,True,article,True,True,False,doi,,"{'venue': 'crossref', 'volume': 'crossref', 'issue': 'crossref', 'pages': 'crossref', 'publisher': 'crossref', 'url': 'crossref', 'lang': 'crossref'}",{'crossref': 7},"X001.R000 resolved | hits:OA,CR | winner:- | filled:venue:CR; lang:CR | missing:-",PASS_CLEAN,,,"H7-5,H7-6",,"{""H7-5"": {""status"": ""MET"", ""decision"": ""not_meet"", ""confidence"": 0.7, ""threshold"": 0.6, ""field"": ""abstract"", ""quote"": ""153 male workers"", ""quote_valid"": true, ""span"": [11, 21], ""used"": true}, ""H7-6"": {""status"": ""MET"", ""decision"": ""not_meet"", ""confidence"": 0.8, ""threshold"": 0.6, ""field"": ""title"", ""quote"": """", ""quote_valid"": false, ""span"": null, ""used"": true}}",PASS_CLEAN: all EL criteria MET.
A013,101007s1087701394732,Heart rate variability indices for very short-term (30 beat) analysis. Part 2: validation,Anne-Louise Smith; Harry Owen; Karen Reynolds,Anne-Louise Smith,2013.0,10.1007/s10877-013-9473-2,https://pubmed.ncbi.nlm.nih.gov/23681923,,,Journal of Clinical Monitoring and Computing,27,5,577-585,Springer Science and Business Media LLC,en,https://doi.org/10.1007/s10877-013-9473-2,0.9,resolved,openalex,2026-08-16T22:28:35Z,X001,"Heart rate variability (HRV) analysis over shorter periods may be useful for monitoring dynamic changes in autonomic nervous system activity where steady-state conditions are not maintained (e.g. during drug administration, or the start or end of exercise). This study undertakes a validation of 70 HRV indices that have previously been identified as possible for short-term use. The indices were validated over 10&nbsp;×&nbsp;30 beat windows using PhysioNet databases with physiological states of rest, active, exercising, sleeping, and meditating (N from 12 to 20). Baseline 95&nbsp;% confidence intervals of the median were established with bootstrap resampling (10,000x). Statistical significance was assessed using the overlap of 95&nbsp;% confidence intervals. Thirty-one indices could differentiate between resting and at least one physiological state using 30 beat windows. All respiratory sinus arrhythmia indices and Poincaré plot indices were strongly correlated to time domain measures (SDNN or RMSSD). Spectral indices using the Lomb-Scargle algorithm were able to correctly identify paradoxical shifts in power with meditation and reduced power in exercise. Some less-known indices gave interesting results: PolVar20 identified the higher sympathetic activity of exercise with the largest positive magnitude. These indices should now be considered for rigorous gold standard tests with pharmacological blockade.",Heart rate variability; Poincaré plot; Medicine; Heart rate; Autonomic nervous system; Vagal tone; Confidence interval; Cardiology; Detrended fluctuation analysis; Internal medicine; Statistics; Blood pressure,False,article,True,True,True,doi,,"{'venue': 'crossref', 'volume': 'crossref', 'issue': 'crossref', 'pages': 'crossref', 'publisher': 'crossref', 'url': 'crossref', 'lang': 'crossref', 'abstract': 'unpaywall'}","{'crossref': 7, 'unpaywall': 1}","X001.R000 resolved | hits:OA,CR,S2 | winner:- | filled:venue:CR; lang:CR; abstract:UN | missing:-",PASS_CLEAN,,,"H7-5,H7-6",,"{""H7-5"": {""status"": ""MET"", ""decision"": ""not_meet"", ""confidence"": 0.6, ""threshold"": 0.6, ""field"": ""title"", ""quote"": """", ""quote_valid"": false, ""span"": null, ""used"": true}, ""H7-6"": {""status"": ""MET"", ""decision"": ""not_meet"", ""confidence"": 0.8, ""threshold"": 0.6, ""field"": ""title"", ""quote"": """", ""quote_valid"": false, ""span"": null, ""used"": true}}",PASS_CLEAN: all EL criteria MET.
A014,101097jcp0b013e31818a6d25,Influence of Olanzapine on QT Variability and Complexity Measures of Heart Rate in Patients With Schizophrenia,Karl‐Jürgen Bär; Mandy Koschke; Sandy Berger; Steffen Schulz; Manuel E. Tancer; Andreas Voss; Vikram K. Yeragani,Karl‐Jürgen Bär,2008.0,10.1097/jcp.0b013e31818a6d25,https://pubmed.ncbi.nlm.nih.gov/19011440,,,Journal of Clinical Psychopharmacology,28,6,694-698,Ovid Technologies (Wolters Kluwer Health),en,https://doi.org/10.1097/jcp.0b013e31818a6d25,0.9,resolved,openalex,2026-08-16T22:28:36Z,X001,"Previous studies have shown that untreated patients with acute schizophrenia present with reduced heart rate variability and complexity as well as increased QT variability. This autonomic dysregulation might contribute to increased cardiac morbidity and mortality in these patients. However, the additional effects of newer antipsychotics on autonomic dysfunction have not been investigated, applying these new cardiac parameters to gain information about the regulation at sinus node level as well as the susceptibility to arrhythmias. We have investigated 15 patients with acute schizophrenia before and after established olanzapine treatment and compared them with matched controls. New nonlinear parameters (approximate entropy, compression entropy, fractal dimension) of heart rate variability and also the QT-variability index were calculated. In accordance with previous results, we have observed reduced complexity of heart rate regulation in untreated patients. Furthermore, the QT-variability index was significantly increased in unmedicated patients, indicating increased repolarization lability. Reduction of the heart rate regulation complexity after olanzapine treatment was seen, as measured by compression entropy of heart rate. No change in QT variability was observed after treatment. This study shows that unmedicated patients with acute schizophrenia experience autonomic dysfunction. Olanzapine treatment seems to have very little additional impact in regard to the QT variability. However, the decrease in heart rate complexity after olanzapine treatment suggests decreased cardiac vagal function, which may increase the risk for cardiac mortality. Further studies are warranted to gain more insight into cardiac regulation in schizophrenia and the effect of novel antipsychotics.",Olanzapine; Heart rate variability; Cardiology; Heart rate; Internal medicine; Medicine; Vagal tone; Schizophrenia (object-oriented programming); Long QT syndrome; Electrocardiography; QT interval; Clozapine,False,article,True,True,False,doi,,"{'venue': 'crossref', 'volume': 'crossref', 'issue': 'crossref', 'pages': 'crossref', 'publisher': 'crossref', 'url': 'crossref', 'lang': 'crossref'}",{'crossref': 7},"X001.R000 resolved | hits:OA,CR | winner:- | filled:venue:CR; lang:CR | missing:-",PASS_CLEAN,,,"H7-5,H7-6",,"{""H7-5"": {""status"": ""MET"", ""decision"": ""not_meet"", ""confidence"": 0.9, ""threshold"": 0.6, ""field"": ""abstract"", ""quote"": ""untreated patients with acute schizophrenia"", ""quote_valid"": true, ""span"": [11, 39], ""used"": true}, ""H7-6"": {""status"": ""MET"", ""decision"": ""not_meet"", ""confidence"": 0.8, ""threshold"": 0.6, ""field"": ""title"", ""quote"": """", ""quote_valid"": false, ""span"": null, ""used"": true}}",PASS_CLEAN: all EL criteria MET.
A015,101186s129380150063z,Analysis of short-term heart rate and diastolic period variability using a refined fuzzy entropy method,Lizhen Ji; Peng Li; Ke Li; Xinpei Wang; Changchun Liu,Lizhen Ji,2015.0,10.1186/s12938-015-0063-z,https://pubmed.ncbi.nlm.nih.gov/26126807,,,BioMedical Engineering OnLine,14,1,,Springer Science and Business Media LLC,en,https://doi.org/10.1186/s12938-015-0063-z,0.9,resolved,openalex,2026-08-16T22:28:36Z,X001,"BACKGROUND: Heart rate variability (HRV) has been widely used in the non-invasive evaluation of cardiovascular function. Recent studies have also attached great importance to the cardiac diastolic period variability (DPV) examination. Short-term variability measurement (e.g., 5 min) has drawn increasing attention in clinical practice, since it is able to provide almost immediate measurement results and enables the real-time monitoring of cardiovascular function. However, it is still a contemporary challenge to robustly estimate the HRV and DPV parameters based on short-term recordings. METHODS: In this study, a refined fuzzy entropy (rFuzzyEn) was developed by substituting a piecewise fuzzy membership function for the Gaussian function in conventional fuzzy entropy (FuzzyEn) measure. Its stability and robustness against additive noise compared with sample entropy (SampEn) and FuzzyEn, were examined by two well-accepted simulation models-the [Formula: see text] noise and the Logistic attractor. The rFuzzyEn was further applied to evaluate clinical short-term (5 min) HRV and DPV of the patients with coronary artery stenosis and healthy volunteers. RESULTS: Simulation results showed smaller fluctuations in the rFuzzyEn than in SampEn and FuzzyEn values when the data length was decreasing. Besides, rFuzzyEn could distinguish the simulation models with different amount of additive noise even when the percentage of additive noise reached 60%, but neither SampEn nor FuzzyEn showed comparable performance. Clinical HRV analysis did not indicate any significant differences between the patients with coronary artery disease and the healthy volunteers in all the three mentioned entropy measures (all p > 0.20). But clinical DPV analysis showed that the patient group had a significantly higher rFuzzyEn (p < 0.01) than the healthy group. However, no or less significant difference was observed between the two groups in either SampEn (p = 0.14) or FuzzyEn (p = 0.05). CONCLUSIONS: Our proposed rFuzzyEn outperformed conventional SampEn and FuzzyEn in terms of both stability and robustness against additive noise, particularly when the data set was relatively short. Analysis of DPV using rFuzzyEn may provide more valuable information to assess the cardiovascular states than the other entropy measures and has a potential for clinical application.",Sample entropy; Heart rate variability; Approximate entropy; Mathematics; Medicine; Statistics; Piecewise; Coronary artery disease; Cardiology; Fuzzy logic; Entropy (arrow of time); Internal medicine,True,article,True,True,False,doi,,"{'venue': 'crossref', 'volume': 'crossref', 'issue': 'crossref', 'publisher': 'crossref', 'url': 'crossref', 'lang': 'crossref'}",{'crossref': 6},"X001.R000 resolved | hits:OA,CR | winner:- | filled:venue:CR; lang:CR | missing:-",PASS_CLEAN,,,"H7-5,H7-6",,"{""H7-5"": {""status"": ""MET"", ""decision"": ""not_meet"", ""confidence"": 0.8, ""threshold"": 0.6, ""field"": ""abstract"", ""quote"": """", ""quote_valid"": false, ""span"": null, ""used"": true}, ""H7-6"": {""status"": ""MET"", ""decision"": ""not_meet"", ""confidence"": 0.8, ""threshold"": 0.6, ""field"": ""abstract"", ""quote"": """", ""quote_valid"": false, ""span"": null, ""used"": true}}",PASS_CLEAN: all EL criteria MET.
A016,101111j146989861992tb01720x,Respiratory Sinus Arrhythmia and Cardiovascular Responses to Stress,James D. Lane; R. Alison Adcock; Rachel Burnett,James D. Lane,1992.0,10.1111/j.1469-8986.1992.tb01720.x,https://pubmed.ncbi.nlm.nih.gov/1410177,,,Psychophysiology,29,4,461-470,Wiley,en,https://doi.org/10.1111/j.1469-8986.1992.tb01720.x,0.9,resolved,openalex,2026-08-16T22:28:37Z,X001,"The parasympathetic nervous system provides mechanisms that could attenuate sympathetically mediated heart rate stress responses and might have even more general antagonistic actions on stress reactivity. Individuals characterized by higher levels of parasympathetic tone might, through such mechanisms, be less reactive when stimuli elicit sympathetically mediated responses. Respiratory sinus arrhythmia (RSA) is considered to be a noninvasive index of cardiac parasympathetic (vagal) tone. The present study investigated whether individual differences in RSA level at rest could predict variations among individuals in the magnitude of cardiovascular responses to psychological stress. None of the measures of resting respiratory sinus arrhythmia, derived from spectral analysis of beat-to-beat changes in resting heart rate, predicted the observed variations in cardiovascular task reactivity. However, scores reflecting respiratory sinus arrhythmia as the percentage of total heart rate variability (RSAnorm) were negatively correlated with blood pressure levels, both at rest and during the task. Furthermore, subjects with higher scores for RSAnorm demonstrated a faster adaptation of heart rate responses during stress, which suggests the development of parasympathetic antagonism to ongoing sympathetic arousal. Although a simple relationship between respiratory sinus arrhythmia and reactivity was not observed, these results encourage further investigation of RSA measures as psychophysiological indices of individual differences in parasympathetic (vagal) cardiac tone, or perhaps of general parasympathetic/sympathetic balance, which could modulate the expression of potentially pathogenic stress responses.",Psychology; Vagal tone; Cardiology; Respiratory system; Stress (linguistics); Cognitive psychology; Internal medicine; Heart rate; Psychiatry; Heart rate variability; Medicine; Blood pressure,False,article,True,True,False,doi,,"{'venue': 'crossref', 'volume': 'crossref', 'issue': 'crossref', 'pages': 'crossref', 'publisher': 'crossref', 'url': 'crossref', 'lang': 'crossref'}",{'crossref': 7},"X001.R000 resolved | hits:OA,CR | winner:- | filled:venue:CR; lang:CR | missing:-",EXCLUSION_SUPPRESSED,,,H7-5,,"{""H7-5"": {""status"": ""MET"", ""decision"": ""not_meet"", ""confidence"": 0.9, ""threshold"": 0.6, ""field"": ""abstract"", ""quote"": """", ""quote_valid"": false, ""span"": null, ""used"": true}, ""H7-6"": {""status"": ""SUPPRESSED"", ""decision"": ""meet"", ""confidence"": 0.9, ""threshold"": 0.6, ""field"": ""abstract"", ""quote"": ""Respiratory sinus arrhythmia (RSA) is considered to be a noninvasive index of cardiac parasympathetic (vagal) tone."", ""quote_valid"": true, ""span"": [11, 42], ""used"": true}}","EXCLUSION_SUPPRESSED: the model returned an excluding verdict on H7-6 which passed the evidence gate. Flag-only is in force for this provider, so the record was NOT excluded and needs human review."
A017,101192bjp1616831,Cardiac Vagal Tone in Generalised Anxiety Disorder,Márk Kollai; Balazs Kollai,Márk Kollai,1992.0,10.1192/bjp.161.6.831,https://pubmed.ncbi.nlm.nih.gov/1483170,,,British Journal of Psychiatry,161,6,831-835,Royal College of Psychiatrists,en,https://doi.org/10.1192/bjp.161.6.831,0.9,resolved,openalex,2026-08-16T22:28:37Z,X001,"The aim of the present study was twofold: firstly, to determine cardiac vagal tone in subjects with generalised anxiety disorder directly, using an invasive pharmacological method; and secondly, to test whether the non-invasive method of measuring the amplitude of respiratory sinus arrhythmia (RSA) gives a reliable estimate of cardiac vagal tone in this form of anxiety disorder. Comparison of baseline physiological measures of anxious and control subjects revealed that cardiac vagal tone and heart rate were not different in the two groups of subjects, whereas length of the respiratory cycle and amplitude of respiratory sinus arrhythmia were reduced in the former group. Because of the higher respiratory rates of anxious subjects, the RSA method was found to underestimate cardiac vagal tone in generalised anxiety disorder.",Vagal tone; Anxiety; Heart rate; Heart rate variability; Cardiology; Anesthesia; Respiratory system; Medicine; Vagus nerve; Cardiac cycle; Respiratory rate; Electrocardiography,False,article,True,True,False,doi,,"{'venue': 'crossref', 'volume': 'crossref', 'issue': 'crossref', 'pages': 'crossref', 'publisher': 'crossref', 'url': 'crossref', 'lang': 'crossref'}",{'crossref': 7},"X001.R000 resolved | hits:OA,CR | winner:- | filled:venue:CR; lang:CR | missing:-",EXCLUSION_SUPPRESSED,,,H7-5,,"{""H7-5"": {""status"": ""MET"", ""decision"": ""not_meet"", ""confidence"": 0.9, ""threshold"": 0.6, ""field"": ""abstract"", ""quote"": """", ""quote_valid"": false, ""span"": null, ""used"": true}, ""H7-6"": {""status"": ""SUPPRESSED"", ""decision"": ""meet"", ""confidence"": 0.9, ""threshold"": 0.6, ""field"": ""abstract"", ""quote"": ""The aim of the present study was twofold: firstly, to determine cardiac vagal tone in subjects with generalised anxiety disorder directly, using an invasive pharmacological method; and secondly, to test whether the non-invasive method of measuring the amplitude of respiratory sinus arrhythmia (RSA) gives a reliable estimate of cardiac vagal tone in this form of anxiety disorder."", ""quote_valid"": true, ""span"": [0, 121], ""used"": true}}","EXCLUSION_SUPPRESSED: the model returned an excluding verdict on H7-6 which passed the evidence gate. Flag-only is in force for this provider, so the record was NOT excluded and needs human review."
A019,101097jcp0b013e31827d14e3,Effects of Clozapine on Heart Rate Dynamics and Their Relationship With Therapeutic Response in Treatment-Resistant Schizophrenia,Jong‐Hoon Kim; Sang Hoon Yi; Jin-Young Lee; Yong Sik Kim,Jong‐Hoon Kim,2012.0,10.1097/jcp.0b013e31827d14e3,https://pubmed.ncbi.nlm.nih.gov/23277266,,,Journal of Clinical Psychopharmacology,33,1,69-73,Ovid Technologies (Wolters Kluwer Health),en,https://doi.org/10.1097/jcp.0b013e31827d14e3,0.9,resolved,openalex,2026-08-16T22:28:38Z,X001,"Previous studies have suggested the utility of nonlinear complexity measures of heart rate variability (HRV) in evaluating the regulatory capacity of the neuroautonomic system. The purpose of the present study was to investigate the effects of clozapine on the nonlinear complexity measures of HRV in patients with treatment-resistant schizophrenia to find novel electrophysiological markers that indicate response to clozapine treatment. Forty patients with treatment-resistant schizophrenia were evaluated during 8 weeks of clozapine monotherapy. For nonlinear complexity measures of HRV, the approximate entropy (ApEn) and sample entropy (SampEn) values were obtained. The response rate to clozapine was 37.5%. The results of multivariate analysis of covariance revealed that the ApEn and the SampEn values of HRV at week 8 were significantly higher in the responders than in the nonresponders. Repeated-measures analysis of covariance showed a significant group by time interaction effect in the ApEn and SampEn indices. The responder group showed an increasing pattern of change in these complexity measures after administration of clozapine, whereas the nonresponder group showed a decreasing pattern of change. These results suggest that the nonlinear dynamic complexity measures of HRV, which indicate the irregularity and complexity of the biosystem, may be useful in evaluating the therapeutic changes of neuroautonomic function in schizophrenia. The response to clozapine treatment is expected to be more favorable when the plasticity of the neuroautonomic system reflected in the nonlinear complexity measures is high.",Clozapine; Sample entropy; Approximate entropy; Heart rate variability; Schizophrenia (object-oriented programming); Heart rate; Psychology; Cardiology; Internal medicine; Medicine; Psychiatry; Blood pressure,False,article,True,True,False,doi,,"{'venue': 'crossref', 'volume': 'crossref', 'issue': 'crossref', 'pages': 'crossref', 'publisher': 'crossref', 'url': 'crossref', 'lang': 'crossref'}",{'crossref': 7},"X001.R000 resolved | hits:OA,CR | winner:- | filled:venue:CR; lang:CR | missing:-",PASS_CLEAN,,,"H7-5,H7-6",,"{""H7-5"": {""status"": ""MET"", ""decision"": ""not_meet"", ""confidence"": 0.9, ""threshold"": 0.6, ""field"": ""abstract"", ""quote"": """", ""quote_valid"": false, ""span"": null, ""used"": true}, ""H7-6"": {""status"": ""MET"", ""decision"": ""not_meet"", ""confidence"": 0.7, ""threshold"": 0.6, ""field"": ""abstract"", ""quote"": """", ""quote_valid"": false, ""span"": null, ""used"": true}}",PASS_CLEAN: all EL criteria MET.
A020,107490f1000research10965551,"Effects of depression, anxiety, comorbidity and antidepressants on resting-state heart rate and its variability: an ELSA-Brasil cohort baseline study",Andrew H. Kemp; Itamar S Santos; Maria Angélica Nunes; Eduardo Miranda Dantas; Roberto Carbalho de Figueiredo; Alexandre Pereira; A. Ribeiro e Ribeiro; José Geraldo Mill; Rodrigo Varejão Andreão; Julian F. Thayer; Isabela M Benseñor; Paulo A. Lotufo,Andrew H. Kemp,2014.0,10.7490/f1000research.1096555.1,,,,,,,,,en,,0.9,resolved,openalex,2026-08-16T22:28:38Z,X001,,Depression (economics); Open peer review; Comorbidity; Anxiety; Medicine; Cohort; Heart rate variability; Baseline (sea); Plant biology; Resting state fMRI; Internal medicine; Cardiology,True,article,True,False,False,doi,,{'lang': 'heuristic'},{'heuristic': 1},X001.R000 resolved | hits:OA | winner:- | filled:lang:HE | missing:abstract,PASS_CLEAN,,,"H7-5,H7-6",,"{""H7-5"": {""status"": ""MET"", ""decision"": ""not_meet"", ""confidence"": 0.9, ""threshold"": 0.6, ""field"": ""abstract"", ""quote"": """", ""quote_valid"": false, ""span"": null, ""used"": true}, ""H7-6"": {""status"": ""MET"", ""decision"": ""not_meet"", ""confidence"": 0.6, ""threshold"": 0.6, ""field"": ""abstract"", ""quote"": """", ""quote_valid"": false, ""span"": null, ""used"": true}}",PASS_CLEAN: all EL criteria MET.
A023,101111j1542474x200510101x,Heart Rate Variability: Measurement and Clinical Utility,Robert E. Kleiger; Phyllis K. Stein; J. Thomas Bigger,Robert E. Kleiger,2005.0,10.1111/j.1542-474x.2005.10101.x,https://pubmed.ncbi.nlm.nih.gov/15649244,,,Annals of Noninvasive Electrocardiology,10,1,88-101,Wiley,en,https://doi.org/10.1111/j.1542-474x.2005.10101.x,0.9,resolved,openalex,2026-08-16T22:28:41Z,X001,"Electrocardiographic RR intervals fluctuate cyclically, modulated by ventilation, baroreflexes, and other genetic and environmental factors that are mediated through the autonomic nervous system. Short term electrocardiographic recordings (5 to 15 minutes), made under controlled conditions, e.g., lying supine or standing or tilted upright can elucidate physiologic, pharmacologic, or pathologic changes in autonomic nervous system function. Long-term, usually 24-hour recordings, can be used to assess autonomic nervous responses during normal daily activities in health, disease, and in response to therapeutic interventions, e.g., exercise or drugs. RR interval variability is useful for assessing risk of cardiovascular death or arrhythmic events, especially when combined with other tests, e.g., left ventricular ejection fraction or ventricular arrhythmias.",Medicine; Supine position; Autonomic nervous system; Cardiology; Baroreflex; Heart rate variability; Internal medicine; Electrocardiography; Heart rate; Ejection fraction; Blood pressure; Heart failure,True,article,True,True,False,doi,,"{'venue': 'crossref', 'volume': 'crossref', 'issue': 'crossref', 'pages': 'crossref', 'publisher': 'crossref', 'url': 'crossref', 'lang': 'crossref'}",{'crossref': 7},"X001.R000 resolved | hits:OA,CR | winner:- | filled:venue:CR; lang:CR | missing:-",PASS_CLEAN,,,"H7-5,H7-6",,"{""H7-5"": {""status"": ""MET"", ""decision"": ""not_meet"", ""confidence"": 0.8, ""threshold"": 0.6, ""field"": ""abstract"", ""quote"": """", ""quote_valid"": false, ""span"": null, ""used"": true}, ""H7-6"": {""status"": ""MET"", ""decision"": ""not_meet"", ""confidence"": 0.8, ""threshold"": 0.6, ""field"": ""abstract"", ""quote"": """", ""quote_valid"": false, ""span"": null, ""used"": true}}",PASS_CLEAN: all EL criteria MET.
A024,103389fpsyt201400080,Anxiety Disorders are Associated with Reduced Heart Rate Variability: A Meta-Analysis,John Chalmers; Daniel Quintana; Maree J. Abbott; Andrew H. Kemp,John Chalmers,2014.0,10.3389/fpsyt.2014.00080,https://pubmed.ncbi.nlm.nih.gov/25071612,,,Frontiers in Psychiatry,5,,,Frontiers Media SA,en,https://doi.org/10.3389/fpsyt.2014.00080,0.9,resolved,openalex,2026-08-16T22:28:41Z,X001,"BACKGROUND: Anxiety disorders increase risk of future cardiovascular disease (CVD) and mortality, even after controlling for confounds including smoking, lifestyle, and socioeconomic status, and irrespective of a history of medical disorders. While impaired vagal function, indicated by reductions in heart rate variability (HRV), may be one mechanism linking anxiety disorders to CVD, prior studies have reported inconsistent findings highlighting the need for meta-analysis. METHOD: Studies comparing resting-state HRV recordings in patients with an anxiety disorder as a primary diagnosis and healthy controls were considered for meta-analysis. RESULTS: Meta-analyses were based on 36 articles, including 2086 patients with an anxiety disorder and 2294 controls. Overall, anxiety disorders were characterized by lower HRV [high frequency (HF): Hedges' g = -0.29. 95% CI: -0.41 to -0.17, p < 0.001; time domain: Hedges' g = -0.45, 95% CI: -0.57 to -0.33, p < 0.001] than controls. Panic disorder (n = 447), post-traumatic stress disorder (n = 192), generalized anxiety disorder (n = 68), and social anxiety disorder (n = 90), but not obsessive-compulsive disorder (n = 40), displayed reductions in HF HRV relative to controls (all ps < 0.001). CONCLUSION: Anxiety disorders are associated with reduced HRV, findings associated with a small-to-moderate effect size. Findings have important implications for future physical health and well-being of patients, highlighting a need for comprehensive cardiovascular risk reduction.",Panic disorder; Anxiety; Heart rate variability; Meta-analysis; Generalized anxiety disorder; Medicine; Anxiety disorder; Psychiatry; Clinical psychology; Internal medicine; Specific phobia; Psychology,True,article,True,True,False,doi,,"{'venue': 'crossref', 'volume': 'crossref', 'publisher': 'crossref', 'url': 'crossref', 'lang': 'heuristic'}","{'crossref': 4, 'heuristic': 1}","X001.R000 resolved | hits:OA,CR | winner:- | filled:venue:CR; lang:HE | missing:-",PASS_CLEAN,,,"H7-5,H7-6",,"{""H7-5"": {""status"": ""MET"", ""decision"": ""not_meet"", ""confidence"": 0.9, ""threshold"": 0.6, ""field"": ""abstract"", ""quote"": """", ""quote_valid"": false, ""span"": null, ""used"": true}, ""H7-6"": {""status"": ""MET"", ""decision"": ""not_meet"", ""confidence"": 0.9, ""threshold"": 0.6, ""field"": ""abstract"", ""quote"": """", ""quote_valid"": false, ""span"": null, ""used"": true}}",PASS_CLEAN: all EL criteria MET.
A025,101016014976349400066a,Cardiac vagal tone: A physiological index of stress,Stephen W. Porges,Stephen W. Porges,1995.0,10.1016/0149-7634(94)00066-a,https://pubmed.ncbi.nlm.nih.gov/7630578,,,Neuroscience &amp; Biobehavioral Reviews,19,2,225-233,Elsevier BV,en,https://doi.org/10.1016/0149-7634(94)00066-a,0.9,resolved,openalex,2026-08-16T22:28:42Z,"X001,X006",,Vagal tone; Nucleus ambiguus; Vagus nerve; Tonic (physiology); Heart rate; Neuroscience; Medicine; Autonomic nervous system; Heart rate variability; Swallowing; Anesthesia; Psychology,False,article,True,True,True,doi,,"{'venue': 'crossref', 'volume': 'crossref', 'issue': 'crossref', 'pages': 'crossref', 'publisher': 'crossref', 'url': 'crossref', 'lang': 'crossref'}",{'crossref': 7},"X001.R000 resolved | hits:OA,CR,S2 | winner:- | filled:venue:CR; lang:CR | missing:abstract",PASS_CLEAN,,,"H7-5,H7-6",,"{""H7-5"": {""status"": ""MET"", ""decision"": ""not_meet"", ""confidence"": 0.7, ""threshold"": 0.6, ""field"": ""title"", ""quote"": """", ""quote_valid"": false, ""span"": null, ""used"": true}, ""H7-6"": {""status"": ""MET"", ""decision"": ""not_meet"", ""confidence"": 0.7, ""threshold"": 0.6, ""field"": ""title"", ""quote"": """", ""quote_valid"": false, ""span"": null, ""used"": true}}",PASS_CLEAN: all EL criteria MET.
A026,1010160006322395001360,Autonomic characteristics of generalized anxiety disorder and worry,Julian F. Thayer; Bruce H. Friedman; Thomas D. Borkovec,Julian F. Thayer,1996.0,10.1016/0006-3223(95)00136-0,https://pubmed.ncbi.nlm.nih.gov/8645772,,,Biological Psychiatry,39,4,255-266,Elsevier BV,en,https://doi.org/10.1016/0006-3223(95)00136-0,0.9,resolved,openalex,2026-08-16T22:28:43Z,X001,,Worry; Generalized anxiety disorder; Anxiety; Heart rate variability; Psychology; Autonomic nervous system; Relaxation (psychology); Heart rate; Cardiorespiratory fitness; Internal medicine; Cardiology; Medicine,False,article,True,True,True,doi,,"{'venue': 'crossref', 'volume': 'crossref', 'issue': 'crossref', 'pages': 'crossref', 'publisher': 'crossref', 'url': 'crossref', 'lang': 'crossref'}",{'crossref': 7},"X001.R000 resolved | hits:OA,CR,S2 | winner:- | filled:venue:CR; lang:CR | missing:abstract",PASS_CLEAN,,,"H7-5,H7-6",,"{""H7-5"": {""status"": ""MET"", ""decision"": ""not_meet"", ""confidence"": 0.7, ""threshold"": 0.6, ""field"": ""title"", ""quote"": """", ""quote_valid"": false, ""span"": null, ""used"": true}, ""H7-6"": {""status"": ""MET"", ""decision"": ""not_meet"", ""confidence"": 0.7, ""threshold"": 0.6, ""field"": ""title"", ""quote"": """", ""quote_valid"": false, ""span"": null, ""used"": true}}",PASS_CLEAN: all EL criteria MET.
A027,101007s004210041055z,The effect of mental stress on heart rate variability and blood pressure during computer work,Nis Hjortskov; Dag Riss�n; Anne Katrine Blangsted; Nils Fallentin; Ulf Lundberg; Karen S√∏gaard,Nis Hjortskov,2004.0,10.1007/s00421-004-1055-z,https://pubmed.ncbi.nlm.nih.gov/14991326,,,European Journal of Applied Physiology,92,1-2,84-89,Springer Science and Business Media LLC,en,https://doi.org/10.1007/s00421-004-1055-z,0.9,resolved,openalex,2026-08-16T22:28:44Z,X001,"The aim was to evaluate the cardiovascular and subjective stress response to a combined physical and mental workload, and the effect of rest. Twelve females who had no prior experience of laboratory experiments participated in the study. Computer-work-related mental stressors were either added to or removed from a standardized computer work session in the laboratory. Beat-to-beat blood pressure and electrocardiogram (ECG) were recorded continuously during the experiment. The participants reported subjective experiences of stress in six categories using an 11-point scale before and at the end of the work. Heart rate variability (HRV) variables were calculated from the ECG recordings, and a reduction in the high-frequency component of HRV and an increase in the low- to high-frequency ratio were observed in the stress situation compared to the control session. No changes were seen in the low-frequency component of HRV. The stressors induced an increase in blood pressure compared to baseline that persisted, and for the diastolic pressure it even increased in the subsequent control session. No differences were observed for subjective experience of stress with the exception of a time trend in the exhaustion scale, i.e. a progression in reported exhaustion with time. The results—and the dissociation between HRV and blood pressure variables—indicate that HRV is a more sensitive and selective measure of mental stress. It could be speculated that heart rate-derived variables reflect a central pathway in cardiovascular control mechanisms (“central command”), while the blood pressure response is more influenced by local conditions in the working muscles that partly mask the effect of changes in mental workloads. In the rest period after each work session, HRV and blood pressure variables were partly normalized as expected. However, an 8-min period of rest was insufficient to restore blood pressure to resting values.",Heart rate; Blood pressure; Heart rate variability; Stressor; Workload; Mental arithmetic; Cardiology; Psychology; Mental stress; Medicine; Physical therapy; Internal medicine,False,article,True,True,True,doi,,"{'venue': 'crossref', 'volume': 'crossref', 'issue': 'crossref', 'pages': 'crossref', 'publisher': 'crossref', 'url': 'crossref', 'abstract': 'unpaywall', 'lang': 'heuristic'}","{'crossref': 6, 'unpaywall': 1, 'heuristic': 1}","X001.R000 resolved | hits:OA,CR,S2 | winner:- | filled:venue:CR; lang:HE; abstract:UN | missing:-",PASS_CLEAN,,,"H7-5,H7-6",,"{""H7-5"": {""status"": ""MET"", ""decision"": ""not_meet"", ""confidence"": 0.9, ""threshold"": 0.6, ""field"": ""abstract"", ""quote"": """", ""quote_valid"": false, ""span"": null, ""used"": true}, ""H7-6"": {""status"": ""MET"", ""decision"": ""not_meet"", ""confidence"": 0.8, ""threshold"": 0.6, ""field"": ""abstract"", ""quote"": """", ""quote_valid"": false, ""span"": null, ""used"": true}}",PASS_CLEAN: all EL criteria MET.
A028,101080135485062012749355,A review of the affects of worry and generalized anxiety disorder upon cardiovascular health and coronary heart disease,Phillip J. Tully; Suzie M. Cosh; Bernhard T. Baune,Phillip J. Tully,2013.0,10.1080/13548506.2012.749355,https://pubmed.ncbi.nlm.nih.gov/23324073,,,"Psychology, Health &amp; Medicine",18,6,627-644,Informa UK Limited,en,https://doi.org/10.1080/13548506.2012.749355,0.9,resolved,openalex,2026-08-16T22:28:53Z,X001,"OBJECTIVE: The aims of this review article are to present psychophysiological and behavioral pathways for the involvement of worry and generalized anxiety disorder (GAD) upon cardiovascular function. The review will focus on persons with and without coronary heart disease (CHD), and encompass etiological and prognostic studies. METHODS: Articles (1975-2011) reporting on GAD or worry affecting CHD prognosis or cardiovascular function were found using MEDLINE, EMBASE, SCOPUS and PsychINFO database searches, and extracted to form a narrative review. RESULTS: Available evidence in experimental and observational studies in CHD free samples consistently showed that worry was associated with diminished heart rate variability (HRV) and elevated heart rate. Worry and GAD were commonly associated with blood pressure and diagnosed hypertension or medication use in both disease-free and established CHD populations. No evidence was found to support worry being beneficial to cardiovascular function or conducive to health promoting behaviors. The literature indicated that measures of worry were associated with fatal and nonfatal CHD in seven etiological studies of initially disease-free individuals; however, females were underrepresented. Three studies reported that GAD was associated with poorer prognosis in establish CHD, independent of depression. The median GAD prevalence was 10.4% in 3266 patients across 15 studies, suggesting that GAD is marginally less common in CHD samples than is depression. CONCLUSIONS: A growing literature highlights the association between worry and development of CHD. The association between worry, GAD and CHD risk factors (e.g. blood pressure), and HRV are leading mechanisms of cardiopathogenesis that may affect cardiovascular function. Findings regarding worry and GAD in established CHD are less clear.",Worry; Generalized anxiety disorder; Anxiety; Etiology; Disease; Medicine; Depression (economics); Blood pressure; Clinical psychology; Internal medicine; Psychology; Psychiatry,True,article,True,True,False,doi,,"{'venue': 'crossref', 'volume': 'crossref', 'issue': 'crossref', 'pages': 'crossref', 'publisher': 'crossref', 'url': 'crossref', 'lang': 'crossref'}",{'crossref': 7},"X001.R000 resolved | hits:OA,CR | winner:- | filled:venue:CR; lang:CR | missing:-",PASS_CLEAN,,,"H7-5,H7-6",,"{""H7-5"": {""status"": ""MET"", ""decision"": ""not_meet"", ""confidence"": 0.8, ""threshold"": 0.6, ""field"": ""abstract"", ""quote"": """", ""quote_valid"": false, ""span"": null, ""used"": true}, ""H7-6"": {""status"": ""MET"", ""decision"": ""not_meet"", ""confidence"": 0.8, ""threshold"": 0.6, ""field"": ""abstract"", ""quote"": """", ""quote_valid"": false, ""span"": null, ""used"": true}}",PASS_CLEAN: all EL criteria MET.
A029,101016jjpsychires200907011,Heart rate variability in bipolar mania and schizophrenia,Brook L. Henry; Arpi Minassian; Martin P. Paulus; Mark A. Geyer; William Perry,Brook L. Henry,2009.0,10.1016/j.jpsychires.2009.07.011,https://pubmed.ncbi.nlm.nih.gov/19700172,,,Journal of Psychiatric Research,44,3,168-176,Elsevier BV,en,https://doi.org/10.1016/j.jpsychires.2009.07.011,0.9,resolved,openalex,2026-08-16T22:28:53Z,X001,"Background Autonomic nervous system (ANS) dysfunction and reduced heart rate variability (HRV) have been reported in a wide variety of psychiatric disorders, but have not been well characterized in bipolar mania. We recorded cardiac activity and assessed HRV in acutely hospitalized manic bipolar (BD) and schizophrenia (SCZ) patients compared to age- and gender-matched healthy comparison (HC) subjects. Method HRV was assessed using time domain, frequency domain, and nonlinear analyses in 23 manic BD, 14 SCZ, and 23 HC subjects during a 5 minute rest period. Psychiatric symptoms were assessed by administration of the Brief Psychiatric Rating Scale (BPRS) and the Young Mania Rating Scale (YMRS). Results Manic BD patients demonstrated a significant reduction in HRV, parasympathetic activity, and cardiac entropy compared to HC subjects, while SCZ patients demonstrated a similar, but non-significant, trend towards lower HRV and entropy. Reduction in parasympathetic tone was significantly correlated with higher YMRS scores and the unusual thought content subscale on the BPRS. Decreased entropy was associated with increased aggression and diminished personal hygiene on the YMRS scale. Conclusion Cardiac function in manic BD individuals is characterized by decreased HRV,",Young Mania Rating Scale; Mania; Heart rate variability; Bipolar disorder; Psychology; Brief Psychiatric Rating Scale; Internal medicine; Vagal tone; Heart rate; Cardiology; Autonomic nervous system; Psychosis,False,article,True,True,True,doi,,"{'venue': 'crossref', 'volume': 'crossref', 'issue': 'crossref', 'pages': 'crossref', 'publisher': 'crossref', 'url': 'crossref', 'lang': 'crossref', 'abstract': 'semanticscholar'}","{'crossref': 7, 'semanticscholar': 1}","X001.R000 resolved | hits:OA,CR,S2 | winner:- | filled:venue:CR; lang:CR; abstract:SE | missing:-",PASS_CLEAN,,,"H7-5,H7-6",,"{""H7-5"": {""status"": ""MET"", ""decision"": ""not_meet"", ""confidence"": 0.8, ""threshold"": 0.6, ""field"": ""abstract"", ""quote"": """", ""quote_valid"": false, ""span"": null, ""used"": true}, ""H7-6"": {""status"": ""MET"", ""decision"": ""not_meet"", ""confidence"": 0.9, ""threshold"": 0.6, ""field"": ""title"", ""quote"": """", ""quote_valid"": false, ""span"": null, ""used"": true}}",PASS_CLEAN: all EL criteria MET.
A030,101016jjpsychires201204013,Functional MRI of the amygdala and bed nucleus of the stria terminalis during conditions of uncertainty in generalized anxiety disorder,Michael A. Yassa; Richard L. Hazlett; Craig E.L. Stark; Rudolf Hoehn‐Saric,Michael A. Yassa,2012.0,10.1016/j.jpsychires.2012.04.013,https://pubmed.ncbi.nlm.nih.gov/22575329,,,Journal of Psychiatric Research,46,8,1045-1052,Elsevier BV,en,https://doi.org/10.1016/j.jpsychires.2012.04.013,0.9,resolved,openalex,2026-08-16T22:28:53Z,X001,"Generalized anxiety disorder (GAD) is a common psychiatric disorder characterized by constant worry or anxiety over every day life activities and events. The neurobiology of the disorder is thought to involve a wide cortical and subcortical network that includes but is not limited to the amygdala and the bed nucleus of the stria terminalis (BNST). These two regions have been hypothesized to play different roles in stress and anxiety; the amygdala is thought to regulate responses to brief emotional stimuli while the BNST is thought to be involved in more chronic regulation of sustained anxiety. In this study, we exposed medication-free GAD patients as well as non-anxious controls to a gambling game where one of the conditions involved non-contingent monetary loss. This condition of high uncertainty was intended to elicit a stressful response and sustained anxiety. Functional MRI scans were collected simultaneously to investigate BOLD activity in the amygdala and BNST during performance of this task. Compared to controls, we found that GAD patients demonstrated decreased activity in the amygdala and increased activity in the BNST. Skin conductance measures showed a consistent early versus late effect within block where GAD patients demonstrated higher arousal than controls late in the task blocks. Based on these results, we hypothesize that GAD patients disengage the amygdala and its response to acute stress earlier than non-anxious controls making way for the BNST to maintain a more sustained response. Future studies are needed to investigate the temporal dynamics of activation and deactivation in these regions.",Stria terminalis; Amygdala; Generalized anxiety disorder; Psychology; Anxiety; Arousal; Neuroscience; Functional magnetic resonance imaging; Septal nuclei; Psychiatry,True,article,True,True,True,doi,,"{'venue': 'crossref', 'volume': 'crossref', 'issue': 'crossref', 'pages': 'crossref', 'publisher': 'crossref', 'url': 'crossref', 'lang': 'crossref', 'abstract': 'semanticscholar'}","{'crossref': 7, 'semanticscholar': 1}","X001.R000 resolved | hits:OA,CR,S2 | winner:- | filled:venue:CR; lang:CR; abstract:SE | missing:-",PASS_CLEAN,,,"H7-5,H7-6",,"{""H7-5"": {""status"": ""MET"", ""decision"": ""not_meet"", ""confidence"": 0.8, ""threshold"": 0.6, ""field"": ""abstract"", ""quote"": """", ""quote_valid"": false, ""span"": null, ""used"": true}, ""H7-6"": {""status"": ""MET"", ""decision"": ""not_meet"", ""confidence"": 0.7, ""threshold"": 0.6, ""field"": ""title"", ""quote"": """", ""quote_valid"": false, ""span"": null, ""used"": true}}",PASS_CLEAN: all EL criteria MET.
A031,101016jclinph200706012,Non-linear complexity measures of heart rate variability in acute schizophrenia,Karl‐Jürgen Bär; Michael Karl Boettger; Mandy Koschke; Steffen Schulz; Pratap Chokka; Vikram K. Yeragani; Andreas Voss,Karl‐Jürgen Bär,2007.0,10.1016/j.clinph.2007.06.012,https://pubmed.ncbi.nlm.nih.gov/17646130,,,Clinical Neurophysiology,118,9,2009-2015,Elsevier BV,en,https://doi.org/10.1016/j.clinph.2007.06.012,0.9,resolved,openalex,2026-08-16T22:28:54Z,X001,,Schizophrenia (object-oriented programming); Heart rate; Heart rate variability; Medicine; Psychiatry; Cardiology; Psychology; Internal medicine; Blood pressure,False,article,True,True,True,doi,,"{'venue': 'crossref', 'volume': 'crossref', 'issue': 'crossref', 'pages': 'crossref', 'publisher': 'crossref', 'url': 'crossref', 'lang': 'crossref'}",{'crossref': 7},"X001.R000 resolved | hits:OA,CR,S2 | winner:- | filled:venue:CR; lang:CR | missing:abstract",PASS_CLEAN,,,"H7-5,H7-6",,"{""H7-5"": {""status"": ""MET"", ""decision"": ""not_meet"", ""confidence"": 0.8, ""threshold"": 0.6, ""field"": ""abstract"", ""quote"": """", ""quote_valid"": false, ""span"": null, ""used"": true}, ""H7-6"": {""status"": ""MET"", ""decision"": ""not_meet"", ""confidence"": 0.6, ""threshold"": 0.6, ""field"": ""title"", ""quote"": """", ""quote_valid"": false, ""span"": null, ""used"": true}}",PASS_CLEAN: all EL criteria MET.
A032,10116101cir9641209,Heart Rate Variability in Patients With Atrial Fibrillation Is Related to Vagal Tone,Maarten P. van den Berg; J. Haaksma; Jan Brouwer; Robert G Tieleman; G. Mulder; Harry J.G.M. Crijns,Maarten P. van den Berg,1997.0,10.1161/01.cir.96.4.1209,https://pubmed.ncbi.nlm.nih.gov/9286951,,,Circulation,96,4,1209-1216,Ovid Technologies (Wolters Kluwer Health),en,https://doi.org/10.1161/01.cir.96.4.1209,0.9,resolved,openalex,2026-08-16T22:28:55Z,X001,"BACKGROUND: Analysis of heart rate variability (HRV) has thus far not been applied in patients with atrial fibrillation, probably because of the presumed absence of any form of patterning of the ventricular rhythm, particularly vagally mediated respiratory arrhythmia. However, such patterning is theoretically conceivable given the function of the atrioventricular node in atrial fibrillation and its susceptibility to autonomic influences. METHODS AND RESULTS: Sixteen patients (mean age, 56+/-4 years) with long-term atrial fibrillation on fixed doses of digoxin or verapamil were studied; 12 healthy men in sinus rhythm were used as control subjects. HRV (standard deviation of RR intervals [SD], coefficient of variance [CV], the root-mean-square of successive difference [RMSSD], and low-frequency [LF] and high-frequency power [HF]) was analyzed during 500 RR intervals at baseline, after administration of propranolol (0.2 mg/kg I.V.), and after subsequent administration of methylatropine (0.02 mg/kg I.V.). HRV at baseline and changes in HRV after methylatropine were then related to vagal tone (vagal cardiac control), quantified as the decrease in mean RR after methylatropine. Baseline HRV was higher in the atrial fibrillation group than in the control group; after propranolol, HRV increased in both groups; after methylatropine, HRV neared zero in the control group, whereas it returned to baseline values in the atrial fibrillation group. SD, RMSSD, LF, and HF at baseline were significantly (P<.05) correlated with vagal tone in the control group but also in the atrial fibrillation group (correlation coefficients of .60, .61, .57, and .64, respectively). Even stronger correlations were observed between changes in these parameters after methylatropine and vagal tone, particularly in the atrial fibrillation group (correlation coefficients of .89, .87, .72, and .90, respectively). CONCLUSIONS: This study shows that HRV in patients with atrial fibrillation is related to vagal tone.",Medicine; Atrial fibrillation; Cardiology; Vagal tone; Internal medicine; Heart rate variability; Heart rate; Tone (literature); Anesthesia; Blood pressure; Literature; Art,False,article,True,True,False,doi,,"{'venue': 'crossref', 'volume': 'crossref', 'issue': 'crossref', 'pages': 'crossref', 'publisher': 'crossref', 'url': 'crossref', 'lang': 'crossref'}",{'crossref': 7},"X001.R000 resolved | hits:OA,CR | winner:- | filled:venue:CR; lang:CR | missing:-",PASS_CLEAN,,,"H7-5,H7-6",,"{""H7-5"": {""status"": ""MET"", ""decision"": ""not_meet"", ""confidence"": 0.8, ""threshold"": 0.6, ""field"": ""abstract"", ""quote"": """", ""quote_valid"": false, ""span"": null, ""used"": true}, ""H7-6"": {""status"": ""MET"", ""decision"": ""not_meet"", ""confidence"": 0.6, ""threshold"": 0.6, ""field"": ""title"", ""quote"": """", ""quote_valid"": false, ""span"": null, ""used"": true}}",PASS_CLEAN: all EL criteria MET.
A033,1010970000324620020500000008,"Short-term effects of intravenous benzodiazepines on autonomic neurocardiac regulation in humans: A comparison between midazolam, diazepam, and lorazepam",M.W. Agelink; T Majewski; Jürgen Andrich; Michael Müeck‐Weymann,M.W. Agelink,2002.0,10.1097/00003246-200205000-00008,https://pubmed.ncbi.nlm.nih.gov/12006794,,,Critical Care Medicine,30,5,997-1006,Ovid Technologies (Wolters Kluwer Health),en,https://doi.org/10.1097/00003246-200205000-00008,0.9,resolved,openalex,2026-08-16T22:28:56Z,X001,"OBJECTIVES: To evaluate the effects of intravenously applied diazepam, lorazepam, and midazolam on autonomic neurocardiac regulation assessed by standardized measurements of heart rate variability. DESIGN: Prospective, randomized clinical study. SETTING: University teaching hospital. PATIENTS: Forty-five patients, who underwent a gastroscopy, were randomly assigned to intravenous premedication with midazolam (5 mg), diazepam (10 mg), or lorazepam (4 mg). Six subjects refused an injection and served as nonpremedicated controls. INTERVENTIONS: Serial recordings of the 5-min resting heart rate variability were obtained before and 15 and 30 mins after premedication. Seven benzodiazepine-treated patients received intravenous flumazenil (0.5 mg). MEASUREMENTS AND MAIN RESULTS: The average doses applied were 0.07 mg/kg for midazolam, 0.13 mg/kg for diazepam, and 0.06 mg/kg for lorazepam. Fifteen minutes after intravenous benzodiazepines were administered, we found an increase in resting heart rate and a reduction of vagal tone compared with baseline in all three benzodiazepine-treated subgroups. Multivariate analysis (covariate age) of the changes in heart rate variability indices over the experimental course revealed a significant reduction in absolute high-frequency power with midazolam or diazepam compared with nonpremedicated subjects. Moreover, midazolam-treated subjects showed a significantly larger reduction in relative high-frequency power not only compared with nontreated subjects, but also compared with lorazepam- or diazepam-treated subjects. Vagal tone remained reduced compared with baseline even 30 mins after benzodiazepine application, however, the resting heart rate decreased toward baseline levels. After flumazenil administration, there was a linear correlation between an increase in high-frequency power and a corresponding decrease in resting heart rate. CONCLUSIONS: Benzodiazepines can influence autonomic neurocardiac regulation in man, probably through their interaction with the gamma-aminobutyric acidA-receptor chloride ion channel complex. The pattern of findings suggests that intravenous midazolam, diazepam, and lorazepam influence human autonomic neurocardiac regulation in a biphasic way. First, they cause a reduction of central vagal tone, and second, they may decrease the cardiac pacemaker directly. Flumazenil completely abolished the autonomic neurocardiac regulation effects of benzodiazepines.",Diazepam; Benzodiazepine; Medicine; Anesthesia; Lorazepam; Midazolam; Flumazenil; Premedication; Heart rate; Temazepam; Heart rate variability; Amnesia,False,article,True,True,False,doi,,"{'venue': 'crossref', 'volume': 'crossref', 'issue': 'crossref', 'pages': 'crossref', 'publisher': 'crossref', 'url': 'crossref', 'lang': 'crossref'}",{'crossref': 7},"X001.R000 resolved | hits:OA,CR | winner:- | filled:venue:CR; lang:CR | missing:-",PASS_CLEAN,,,"H7-5,H7-6",,"{""H7-5"": {""status"": ""MET"", ""decision"": ""not_meet"", ""confidence"": 0.8, ""threshold"": 0.6, ""field"": ""title"", ""quote"": """", ""quote_valid"": false, ""span"": null, ""used"": true}, ""H7-6"": {""status"": ""MET"", ""decision"": ""not_meet"", ""confidence"": 0.8, ""threshold"": 0.6, ""field"": ""abstract"", ""quote"": """", ""quote_valid"": false, ""span"": null, ""used"": true}}",PASS_CLEAN: all EL criteria MET.
A035,10108809673334326008,Very low frequency oscillations in the power spectra of heart rate variability during dry supine immersion and exposure to non-hypoxic hypobaria,Krishna Kant Tripathi,Krishna Kant Tripathi,2011.0,10.1088/0967-3334/32/6/008,https://pubmed.ncbi.nlm.nih.gov/21606562,,,Physiological Measurement,32,6,717-729,IOP Publishing,en,https://doi.org/10.1088/0967-3334/32/6/008,0.9,resolved,openalex,2026-08-16T22:28:56Z,X001,"The origin of very low frequency (VLF) oscillations in the power spectra of heart rate variability (HRV) is controversial with possible mechanisms involving thermoregulation and/or renin-angiotensin-aldosterone system. Recently, a major contribution from vagal influences has been suggested. The present study investigated the behaviour of VLF (0.004-0.040 Hz) components of HRV power spectra in a group of healthy male volunteers during their exposure to (1) dry, supine, immersion in thermo-neutral water for 6 h (n = 7) and (2) non-hypoxic hypobaria (breathing 40-60% oxygen at 15,000' simulated in a decompression chamber) for 5 h (n = 15). The two manoeuvres are established to increase vagal outflow. During both the manoeuvres, all the frequency domain indices of HRV exhibited a significant increase. Increase in HRV was much more than that in the R-R interval. At 6 h of immersion, the R-R interval increased by ∼ 15% but the total power increased ∼ fourfold. Similarly, at 5 h of exposure to hypobaria, total power increased ∼ twofold with a very modest increase in an R-R of ∼ 9%. Increase in spectral power was appreciable even after normalization with mean R-R(2). Increase in VLF during immersion was more than reported during enalaprilat blockade of angiotensin convertase enzyme. Plasma renin activity did not vary during hypobaria. There was a significant increase in pNN50, an established marker of cardiac vagal activity. Centre frequencies of the spectra and slope (β) of the relation between log(PSD) and log(frequency) did not change. Results were supportive of the notion that the parasympathetic system is pre-potent to influence slower (than respiratory) frequency components in HRV spectrum. Additionally, such an effect was without a change in the time constant of effector responses or pacemaker frequencies of VLF and LF periodicities and HRV was not a simple linear surrogate for cardiac vagal effects. An invariance of spectral exponent (β) ruled out contamination of VLF and LF spectra from fractal power as an alternate explanation.",Heart rate variability; Supine position; Internal medicine; Plasma renin activity; Renin–angiotensin system; Chemistry; Heart rate; Anesthesia; Very low frequency; Cardiology; Medicine; Physics,False,article,True,True,False,doi,,"{'venue': 'crossref', 'volume': 'crossref', 'issue': 'crossref', 'pages': 'crossref', 'publisher': 'crossref', 'url': 'crossref', 'lang': 'heuristic'}","{'crossref': 6, 'heuristic': 1}","X001.R000 resolved | hits:OA,CR | winner:- | filled:venue:CR; lang:HE | missing:-",PASS_CLEAN,,,"H7-5,H7-6",,"{""H7-5"": {""status"": ""MET"", ""decision"": ""not_meet"", ""confidence"": 0.8, ""threshold"": 0.6, ""field"": ""title"", ""quote"": """", ""quote_valid"": false, ""span"": null, ""used"": true}, ""H7-6"": {""status"": ""MET"", ""decision"": ""not_meet"", ""confidence"": 0.8, ""threshold"": 0.6, ""field"": ""abstract"", ""quote"": """", ""quote_valid"": false, ""span"": null, ""used"": true}}",PASS_CLEAN: all EL criteria MET.
A036,101042cs0950295,Fractal dimension and approximate entropy of heart period and heart rate: awake versus sleep differences and methodological issues,Vikram K. Yeragani; E. Sobolewski; V.C. Jampala; Jerald Kay; Suneetha Yeragani; G. Igel,Vikram K. Yeragani,1998.0,10.1042/cs0950295,https://pubmed.ncbi.nlm.nih.gov/9730848,,,Clinical Science,95,3,295-301,Portland Press Ltd.,en,https://doi.org/10.1042/cs0950295,0.9,resolved,openalex,2026-08-16T22:28:56Z,X001,"1. Investigations that assess cardiac autonomic function include non-linear techniques such as fractal dimension and approximate entropy in addition to the common time and frequency domain measures of both heart period and heart rate. This article evaluates the differences in using heart rate versus heart period to estimate fractal dimensions and approximate entropies of these time series.2. Twenty-four-hour ECG was recorded in 23 normal subjects using Holter records. Time series of heart rate and heart period were analysed using fractal dimensions, approximate entropies and spectral analysis for the quantification of absolute and relative heart period variability in bands of ultra low (<0.0033 Hz), very low (0. 0033-0.04 Hz), low (0.04-0.15 Hz) and high (0.15-0.5 Hz) frequency.3. Linear detrending of the time series did not significantly change the fractal dimension or approximate entropy values. We found significant differences in the analyses using heart rate versus heart period between waking up and sleep conditions for fractal dimensions, approximate entropies and absolute spectral powers, especially for the power in the band of 0.0033-0.5 Hz. Log transformation of the data revealed identical fractal dimension values for both heart rate and heart period. Mean heart period correlated significantly better with fractal dimensions and approximate entropies of heart period than did corresponding heart rate measures.4. Studies using heart period measures should take the effect of mean heart period into account even for the analyses of fractal dimension and approximate entropy. As the sleep-awake differences in fractal dimensions and approximate entropies are different between heart rate and heart period, the results should be interpreted accordingly.",Fractal dimension; Heart rate variability; Heart rate; Mathematics; Fractal; Approximate entropy; Statistics; Cardiology; Medicine; Mathematical analysis; Time series; Internal medicine,False,article,True,True,False,doi,,"{'venue': 'crossref', 'volume': 'crossref', 'issue': 'crossref', 'pages': 'crossref', 'publisher': 'crossref', 'url': 'crossref', 'lang': 'crossref'}",{'crossref': 7},"X001.R000 resolved | hits:OA,CR | winner:- | filled:venue:CR; lang:CR | missing:-",PASS_CLEAN,,,"H7-5,H7-6",,"{""H7-5"": {""status"": ""MET"", ""decision"": ""not_meet"", ""confidence"": 0.8, ""threshold"": 0.6, ""field"": ""title"", ""quote"": """", ""quote_valid"": false, ""span"": null, ""used"": true}, ""H7-6"": {""status"": ""MET"", ""decision"": ""not_meet"", ""confidence"": 0.8, ""threshold"": 0.6, ""field"": ""abstract"", ""quote"": """", ""quote_valid"": false, ""span"": null, ""used"": true}}",PASS_CLEAN: all EL criteria MET.
A037,10100215206394200012267aidda230co2c,Nonlinear measures of heart period variability: Decreased measures of symbolic dynamics in patients with panic disorder,Vikram K. Yeragani; Ravi Nadella; Brian Hinze; Suneetha Yeragani; V.C. Jampala,Vikram K. Yeragani,2000.0,10.1002/1520-6394(2000)12:2<67::aid-da2>3.0.co;2-c,https://pubmed.ncbi.nlm.nih.gov/11091929,,,Depression and Anxiety,12,2,67-77,Hindawi Limited,en,https://doi.org/10.1002/1520-6394(2000)12:2<67::aid-da2>3.0.co;2-c,0.9,resolved,openalex,2026-08-16T22:28:57Z,X001,"Time series of heart period are not linear and recent studies illustrated the importance of using nonlinear methods to quantify the complexity of these time series. We compared different techniques to quantify the nonlinear complexity of these time series in patients with panic disorder and normal controls and correlated these measures with spectral powers in different bands of interest. Twenty-four hour ECG was recorded in 23 normal controls and 29 patients with panic disorder by using Holter records. Time series of heart period were analyzed by using approximate entropies, slopes of 1/f scaling, two algorithms to calculate fractal dimension, and word sequences using symbolic dynamics. Measures using symbolic dynamics, especially word count (WC-100), showed highly significant differences between the two groups similar to some of the frequency domain (spectral) measures, while the other techniques were relatively ineffective to distinguish between the two groups. Different nonlinear techniques may relate to different aspects of nonlinear complexity of the time series. These nonlinear techniques were also not uniform in showing the differences between awake and sleep periods. Some correlate with the measures of respiratory sinus arrhythmia and some measures obtained from symbolic dynamics may reflect not only the nonlinear complexity of the time series but also the total variability in the 24 hr HP time series, especially power in the ultra-low frequency band (< 0.0033 Hz). However, word count (WC-100) had only weak correlations with other measures and discriminated best between the two groups and showed that this nonlinear measure was of additional value to the linear measures in classifying the two groups.",Symbolic dynamics; Nonlinear system; Series (stratigraphy); Mathematics; Heart rate variability; Statistics; Panic disorder; Time series; Psychology; Medicine; Heart rate; Internal medicine,False,article,True,True,False,doi,,"{'venue': 'crossref', 'volume': 'crossref', 'issue': 'crossref', 'pages': 'crossref', 'publisher': 'crossref', 'url': 'crossref', 'lang': 'crossref'}",{'crossref': 7},"X001.R000 resolved | hits:OA,CR | winner:- | filled:venue:CR; lang:CR | missing:-",PASS_CLEAN,,,"H7-5,H7-6",,"{""H7-5"": {""status"": ""MET"", ""decision"": ""not_meet"", ""confidence"": 0.8, ""threshold"": 0.6, ""field"": ""title"", ""quote"": """", ""quote_valid"": false, ""span"": null, ""used"": true}, ""H7-6"": {""status"": ""MET"", ""decision"": ""not_meet"", ""confidence"": 0.8, ""threshold"": 0.6, ""field"": ""abstract"", ""quote"": """", ""quote_valid"": false, ""span"": null, ""used"": true}}",PASS_CLEAN: all EL criteria MET.
A038,101016jpnpbp200311007,Heart rate dynamics and their relationship to psychotic symptom severity in clozapine-treated schizophrenic subjects,Jong‐Hoon Kim; Sang Hoon Yi; Cheol Sung Yoo; Seung Ae Yang; Se Chang Yoon; Kyu Young Lee; Yong Min Ahn; Ung Gu Kang; Yong Sik Kim,Jong‐Hoon Kim,2004.0,10.1016/j.pnpbp.2003.11.007,https://pubmed.ncbi.nlm.nih.gov/14751435,,,Progress in Neuro-Psychopharmacology and Biological Psychiatry,28,2,371-378,Elsevier BV,en,https://doi.org/10.1016/j.pnpbp.2003.11.007,0.9,resolved,openalex,2026-08-16T22:28:57Z,X001,,Clozapine; Positive and Negative Syndrome Scale; Heart rate variability; Schizophrenia (object-oriented programming); Heart rate; Internal medicine; Sample entropy; Psychology; Psychosis; Medicine; Cardiology; Psychiatry,False,article,True,True,True,doi,,"{'venue': 'crossref', 'volume': 'crossref', 'issue': 'crossref', 'pages': 'crossref', 'publisher': 'crossref', 'url': 'crossref', 'lang': 'crossref'}",{'crossref': 7},"X001.R000 resolved | hits:OA,CR,S2 | winner:- | filled:venue:CR; lang:CR | missing:abstract",PASS_CLEAN,,,"H7-5,H7-6",,"{""H7-5"": {""status"": ""MET"", ""decision"": ""not_meet"", ""confidence"": 0.8, ""threshold"": 0.6, ""field"": ""title"", ""quote"": """", ""quote_valid"": false, ""span"": null, ""used"": true}, ""H7-6"": {""status"": ""MET"", ""decision"": ""not_meet"", ""confidence"": 0.8, ""threshold"": 0.6, ""field"": ""abstract"", ""quote"": """", ""quote_valid"": false, ""span"": null, ""used"": true}}",PASS_CLEAN: all EL criteria MET.
A039,101159000119234,Heart Rate and Blood Pressure Variability: Implications for Psychiatric Research,Vikram K. Yeragani,Vikram K. Yeragani,2008.0,10.1159/000119234,https://pubmed.ncbi.nlm.nih.gov/8587700,,,Neuropsychobiology,,,182-191,S. Karger AG,en,https://doi.org/10.1159/000119234,0.9,resolved,openalex,2026-08-16T22:28:58Z,X001,"Symptoms of anxiety suggest autonomic dysfunction and most of the psychotropic agents used to treat anxiety and affective disorders have strong autonomic effects. This article describes the utility and importance of analysis of heart rate and blood pressure time series to study cardiac autonomic function in psychiatric research. The variability of heart rate between 0.15 and 0.5 Hz is related to respiratory sinus arrhythmia, and is modulated by cholinergic activity in both supine and standing postures, while the variability between 0.04 and 0.15 Hz is dually influenced by cholinergic and adrenergic mechanisms which can be used as a relative measure of sympathetic activity in standing posture. Analysis of beat-to-beat control of heart rate and blood pressure gives important information about cardiac sympathetic and parasympathetic interaction, which could be used to study the possible link between anxiety and depressive disorders and increased cardiovascular morbidity.",Heart rate; Blood pressure; Heart rate variability; Anxiety; Vagal tone; Supine position; Medicine; Autonomic nervous system; Cardiology; Cholinergic; Psychology; Internal medicine,False,article,True,True,False,doi,,"{'venue': 'crossref', 'pages': 'crossref', 'publisher': 'crossref', 'url': 'crossref', 'lang': 'crossref'}",{'crossref': 5},"X001.R000 resolved | hits:OA,CR | winner:- | filled:venue:CR; lang:CR | missing:-",PASS_CLEAN,,,"H7-5,H7-6",,"{""H7-5"": {""status"": ""MET"", ""decision"": ""not_meet"", ""confidence"": 0.8, ""threshold"": 0.6, ""field"": ""abstract"", ""quote"": """", ""quote_valid"": false, ""span"": null, ""used"": true}, ""H7-6"": {""status"": ""MET"", ""decision"": ""not_meet"", ""confidence"": 0.8, ""threshold"": 0.6, ""field"": ""abstract"", ""quote"": """", ""quote_valid"": false, ""span"": null, ""used"": true}}",PASS_CLEAN: all EL criteria MET.
A040,101016jbiopsycho201301012,"Heart rate and autonomic response to stress after experimental induction of worry versus relaxation in healthy, high-worry, and generalized anxiety disorder individuals",Aaron J. Fisher; Michelle G. Newman,Aaron J. Fisher,2013.0,10.1016/j.biopsycho.2013.01.012,https://pubmed.ncbi.nlm.nih.gov/23384513,,,Biological Psychology,93,1,65-74,Elsevier BV,en,https://doi.org/10.1016/j.biopsycho.2013.01.012,0.9,resolved,openalex,2026-08-16T22:28:59Z,X001,,Worry; Anxiety; Generalized anxiety disorder; Heart rate; Psychology; Heart rate variability; Relaxation (psychology); Clinical psychology; Fight-or-flight response; Medicine; Internal medicine; Social psychology,True,article,True,True,True,doi,,"{'venue': 'crossref', 'volume': 'crossref', 'issue': 'crossref', 'pages': 'crossref', 'publisher': 'crossref', 'url': 'crossref', 'lang': 'crossref'}",{'crossref': 7},"X001.R000 resolved | hits:OA,CR,S2 | winner:- | filled:venue:CR; lang:CR | missing:abstract",PASS_CLEAN,,,"H7-5,H7-6",,"{""H7-5"": {""status"": ""MET"", ""decision"": ""not_meet"", ""confidence"": 0.9, ""threshold"": 0.6, ""field"": ""title"", ""quote"": ""Heart rate and autonomic response to stress after experimental induction of worry versus relaxation in healthy, high-worry, and generalized anxiety disorder individuals"", ""quote_valid"": true, ""span"": [0, 65], ""used"": true}, ""H7-6"": {""status"": ""MET"", ""decision"": ""not_meet"", ""confidence"": 0.9, ""threshold"": 0.6, ""field"": ""title"", ""quote"": """", ""quote_valid"": false, ""span"": null, ""used"": true}}",PASS_CLEAN: all EL criteria MET.
A041,101093oxfordjournalseurheartja014868,"Heart rate variability: Standards of measurement, physiological interpretation, and clinical use",Marek Malik; J. Thomas Bigger; A. John Camm; R. E. Kleiger; Alberto Malliani; A. J. Moss; Peter J. Schwartz,Marek Malik,1996.0,10.1093/oxfordjournals.eurheartj.a014868,,,,European Heart Journal,17,3,354-381,Oxford University Press (OUP),en,https://doi.org/10.1093/oxfordjournals.eurheartj.a014868,0.9,resolved,openalex,2026-08-16T22:29:00Z,"X001,X003,X008","Marek Malik, J. Thomas Bigger, A. John Camm, Robert E. Kleiger, Alberto Malliani, Arthur J. Moss, Peter J. Schwartz; Heart rate variability: Standards of m",Medicine; Interpretation (philosophy); Heart rate; Cardiology; Intensive care medicine; Internal medicine; Blood pressure; Computer science; Programming language,True,article,True,True,False,doi,,"{'venue': 'crossref', 'volume': 'crossref', 'issue': 'crossref', 'pages': 'crossref', 'publisher': 'crossref', 'url': 'crossref', 'lang': 'crossref'}",{'crossref': 7},"X001.R000 resolved | hits:OA,CR | winner:- | filled:venue:CR; lang:CR | missing:-",PASS_CLEAN,,,"H7-5,H7-6",,"{""H7-5"": {""status"": ""MET"", ""decision"": ""not_meet"", ""confidence"": 0.7, ""threshold"": 0.6, ""field"": ""title"", ""quote"": ""Heart rate variability: Standards of measurement, physiological interpretation, and clinical use"", ""quote_valid"": true, ""span"": [0, 62], ""used"": true}, ""H7-6"": {""status"": ""MET"", ""decision"": ""not_meet"", ""confidence"": 0.9, ""threshold"": 0.6, ""field"": ""title"", ""quote"": """", ""quote_valid"": false, ""span"": null, ""used"": true}}",PASS_CLEAN: all EL criteria MET.
A042,101016jneubiorev201111009,A meta-analysis of heart rate variability and neuroimaging studies: Implications for heart rate variability as a marker of stress and health,Julian F. Thayer; Fredrik Åhs; Mats Fredrikson; John J. Sollers; Tor D. Wager,Julian F. Thayer,2011.0,10.1016/j.neubiorev.2011.11.009,https://pubmed.ncbi.nlm.nih.gov/22178086,,,Neuroscience &amp; Biobehavioral Reviews,36,2,747-756,Elsevier BV,en,https://doi.org/10.1016/j.neubiorev.2011.11.009,0.9,resolved,openalex,2026-08-16T22:29:00Z,"X001,X006,X008",,Heart rate variability; Neuroimaging; Ventromedial prefrontal cortex; Default mode network; Psychology; Heart rate; Neuroscience; Meta-analysis; Prefrontal cortex; Cognitive psychology; Functional magnetic resonance imaging; Medicine,False,article,True,True,True,doi,,"{'venue': 'crossref', 'volume': 'crossref', 'issue': 'crossref', 'pages': 'crossref', 'publisher': 'crossref', 'url': 'crossref', 'lang': 'crossref'}",{'crossref': 7},"X001.R000 resolved | hits:OA,CR,S2 | winner:- | filled:venue:CR; lang:CR | missing:abstract",PASS_CLEAN,,,"H7-5,H7-6",,"{""H7-5"": {""status"": ""MET"", ""decision"": ""not_meet"", ""confidence"": 0.8, ""threshold"": 0.6, ""field"": ""title"", ""quote"": ""A meta-analysis of heart rate variability and neuroimaging studies: Implications for heart rate variability as a marker of stress and health"", ""quote_valid"": true, ""span"": [0, 85], ""used"": true}, ""H7-6"": {""status"": ""MET"", ""decision"": ""not_meet"", ""confidence"": 0.9, ""threshold"": 0.6, ""field"": ""title"", ""quote"": """", ""quote_valid"": false, ""span"": null, ""used"": true}}",PASS_CLEAN: all EL criteria MET.
A043,101073pnas012579499,Fractal dynamics in physiology: Alterations with disease and aging,Ary L. Goldberger; Luı́s A. Nunes Amaral; Jeffrey M. Hausdorff; Plamen Ch. Ivanov; Chung‐Kang Peng; H. Eugene Stanley,Ary L. Goldberger,2002.0,10.1073/pnas.012579499,https://pubmed.ncbi.nlm.nih.gov/11875196,,,Proceedings of the National Academy of Sciences,99,suppl_1,2466-2472,National Academy of Sciences,en,https://doi.org/10.1073/pnas.012579499,0.9,resolved,openalex,2026-08-16T22:29:01Z,X001,"According to classical concepts of physiologic control, healthy systems are self-regulated to reduce variability and maintain physiologic constancy. Contrary to the predictions of homeostasis, however, the output of a wide variety of systems, such as the normal human heartbeat, fluctuates in a complex manner, even under resting conditions. Scaling techniques adapted from statistical physics reveal the presence of long-range, power-law correlations, as part of multifractal cascades operating over a wide range of time scales. These scaling properties suggest that the nonlinear regulatory systems are operating far from equilibrium, and that maintaining constancy is not the goal of physiologic control. In contrast, for subjects at high risk of sudden death (including those with heart failure), fractal organization, along with certain nonlinear interactions, breaks down. Application of fractal analysis may provide new approaches to assessing cardiac risk and forecasting sudden cardiac death, as well as to monitoring the aging process. Similar approaches show promise in assessing other regulatory systems, such as human gait control in health and disease. Elucidating the fractal and nonlinear mechanisms involved in physiologic control and complex signaling networks is emerging as a major challenge in the postgenomic era.",Heartbeat; Fractal; Multifractal system; Nonlinear system; Computer science; Dynamical systems theory; Neuroscience; Artificial intelligence; Statistical physics; Biology; Mathematics; Physics,True,article,True,True,False,doi,,"{'venue': 'crossref', 'volume': 'crossref', 'issue': 'crossref', 'pages': 'crossref', 'publisher': 'crossref', 'url': 'crossref', 'lang': 'crossref'}",{'crossref': 7},"X001.R000 resolved | hits:OA,CR | winner:- | filled:venue:CR; lang:CR | missing:-",PASS_CLEAN,,,"H7-5,H7-6",,"{""H7-5"": {""status"": ""MET"", ""decision"": ""not_meet"", ""confidence"": 0.9, ""threshold"": 0.6, ""field"": ""title"", ""quote"": ""Fractal dynamics in physiology: Alterations with disease and aging"", ""quote_valid"": true, ""span"": [0, 52], ""used"": true}, ""H7-6"": {""status"": ""MET"", ""decision"": ""not_meet"", ""confidence"": 0.9, ""threshold"": 0.6, ""field"": ""title"", ""quote"": """", ""quote_valid"": false, ""span"": null, ""used"": true}}",PASS_CLEAN: all EL criteria MET.
A044,101111j146989861993tb01731x,"Respiratory sinus arrhythmia: Autonomic origins, physiological mechanisms, and psychophysiological implications",Gary G. Berntson; John T. Cacioppo; Karen S. Quigley,Gary G. Berntson,1993.0,10.1111/j.1469-8986.1993.tb01731.x,https://pubmed.ncbi.nlm.nih.gov/8434081,,,Psychophysiology,30,2,183-196,Wiley,en,https://doi.org/10.1111/j.1469-8986.1993.tb01731.x,0.9,resolved,openalex,2026-08-16T22:29:02Z,X001,"Respiratory sinus arrhythmia (RSA) is being used increasingly in psychophysiological studies as an index of vagal control of the heart and may be among the most selective noninvasive indices of parasympathetic control of cardiac functions. A comprehensive understanding of RSA, however, requires an appreciation of its multiple autonomic and physiological origins. We review the physiological bases of RSA and show that RSA arises from multiple tonic and phasic processes of both central and peripheral origin. These underlying mechanisms are at least partially differentiated, have distinct dynamics and consequences, and may be differentially sensitive to behavioral and cognitive events. These multiple mechanisms are relevant for psychophysiological studies of RSA, and a thorough understanding of RSA can only be achieved through an appreciation of the dynamics of its underlying origins. There is a distinction between the psychophysiological and neurophysiological domains, and conceptual and empirical bridges between these domains are needed.",Vagal tone; Psychology; Tonic (physiology); Psychophysiology; Neuroscience; Autonomic nervous system; Neurophysiology; Cognition; Heart rate; Cognitive psychology; Heart rate variability; Blood pressure,False,article,True,True,False,doi,,"{'venue': 'crossref', 'volume': 'crossref', 'issue': 'crossref', 'pages': 'crossref', 'publisher': 'crossref', 'url': 'crossref', 'lang': 'crossref'}",{'crossref': 7},"X001.R000 resolved | hits:OA,CR | winner:- | filled:venue:CR; lang:CR | missing:-",PASS_CLEAN,,,"H7-5,H7-6",,"{""H7-5"": {""status"": ""MET"", ""decision"": ""not_meet"", ""confidence"": 0.8, ""threshold"": 0.6, ""field"": ""title"", ""quote"": """", ""quote_valid"": false, ""span"": null, ""used"": true}, ""H7-6"": {""status"": ""MET"", ""decision"": ""not_meet"", ""confidence"": 0.8, ""threshold"": 0.6, ""field"": ""abstract"", ""quote"": """", ""quote_valid"": false, ""span"": null, ""used"": true}}",PASS_CLEAN: all EL criteria MET.
A045,101186cc2948,Complex systems and the technology of variability analysis,Andrew Seely; Peter T. Macklem,Andrew Seely,2004.0,10.1186/cc2948,https://pubmed.ncbi.nlm.nih.gov/15566580,,,Critical Care,8,6,,Springer Science and Business Media LLC,en,https://doi.org/10.1186/cc2948,0.9,resolved,openalex,2026-08-16T22:29:02Z,X001,"Characteristic patterns of variation over time, namely rhythms, represent a defining feature of complex systems, one that is synonymous with life. Despite the intrinsic dynamic, interdependent and nonlinear relationships of their parts, complex biological systems exhibit robust systemic stability. Applied to critical care, it is the systemic properties of the host response to a physiological insult that manifest as health or illness and determine outcome in our patients. Variability analysis provides a novel technology with which to evaluate the overall properties of a complex system. This review highlights the means by which we scientifically measure variation, including analyses of overall variation (time domain analysis, frequency distribution, spectral power), frequency contribution (spectral analysis), scale invariant (fractal) behaviour (detrended fluctuation and power law analysis) and regularity (approximate and multiscale entropy). Each technique is presented with a definition, interpretation, clinical application, advantages, limitations and summary of its calculation. The ubiquitous association between altered variability and illness is highlighted, followed by an analysis of how variability analysis may significantly improve prognostication of severity of illness and guide therapeutic intervention in critically ill patients.",Detrended fluctuation analysis; Medicine; Sample entropy; Critical illness; Econometrics; Interdependence; Variation (astronomy); Computer science; Data mining; Critically ill; Intensive care medicine; Machine learning,True,article,True,True,False,doi,,"{'venue': 'crossref', 'volume': 'crossref', 'issue': 'crossref', 'publisher': 'crossref', 'url': 'crossref', 'lang': 'crossref'}",{'crossref': 6},"X001.R000 resolved | hits:OA,CR | winner:- | filled:venue:CR; lang:CR | missing:-",PASS_CLEAN,,,"H7-5,H7-6",,"{""H7-5"": {""status"": ""MET"", ""decision"": ""not_meet"", ""confidence"": 0.7, ""threshold"": 0.6, ""field"": ""title"", ""quote"": """", ""quote_valid"": false, ""span"": null, ""used"": true}, ""H7-6"": {""status"": ""MET"", ""decision"": ""not_meet"", ""confidence"": 0.9, ""threshold"": 0.6, ""field"": ""abstract"", ""quote"": """", ""quote_valid"": false, ""span"": null, ""used"": true}}",PASS_CLEAN: all EL criteria MET.
A046,101001archpsyc65121358,Association Between Major Depressive Disorder and Heart Rate Variability in the Netherlands Study of Depression and Anxiety (NESDA),Carmilla M.M. Licht; Eco J. C. de Geus; Frans G. Zitman; Witte J.G. Hoogendijk; Richard van Dyck; Brenda W.J.H. Penninx,Carmilla M.M. Licht,2008.0,10.1001/archpsyc.65.12.1358,https://pubmed.ncbi.nlm.nih.gov/19047522,,,Archives of General Psychiatry,65,12,1358,American Medical Association (AMA),en,https://doi.org/10.1001/archpsyc.65.12.1358,0.9,resolved,openalex,2026-08-16T22:29:02Z,X001,"CONTEXT: It has been hypothesized that depression is associated with lower heart rate variability and decreased cardiac vagal control. This may play an important role in the risk of cardiovascular disease among depressed individuals. OBJECTIVE: To determine whether heart rate variability was lower in depressed individuals than in healthy controls in a large adult sample. DESIGN: Cross-sectional analyses from a large depression cohort study. SETTING: The Netherlands Study of Depression and Anxiety. PARTICIPANTS: Two thousand three hundred seventy-three individuals (mean age, 41.8 years; 66.8% female) who participated in the Netherlands Study of Depression and Anxiety. Included were 524 controls, 774 individuals with a diagnosis of major depressive disorder (MDD) earlier in life (remitted MDD), and 1075 individuals with current MDD based on the Composite International Diagnostic Interview. This sample was sufficiently powered to examine the confounding effects of lifestyle, comorbid anxiety, and antidepressants. MAIN OUTCOME MEASURES: The standard deviation of normal-to-normal beats (SDNN) and cardiac vagal control, as indexed by respiratory sinus arrhythmia (RSA), were measured during 1(1/2) hours of ambulatory recording of electrocardiograms and thorax impedance. Multivariate analyses were conducted to compare SDNN and RSA across depression groups after adjustment for demographics, health, lifestyle, comorbid anxiety, and psychoactive medication. RESULTS: Individuals with remitted and current MDD had a lower mean SDNN and RSA compared with controls (SDNN, 3.1-5.7 milliseconds shorter, P < or = .02; RSA, 5.1-7.1 milliseconds shorter, P < .001; effect size, 0.125-0.269). Comorbid anxiety and lifestyle did not reduce these associations. However, accounting for psychoactive medication removed the association with SDNN and strongly attenuated the association with RSA. Depressed individuals who were using selective serotonin reuptake inhibitors, tricyclic antidepressants, or other antidepressants had significantly shorter SDNNs and RSAs (effect size, 0.207-0.862) compared with controls and depressed individuals not taking medication. CONCLUSIONS: This study shows that depression is associated with significantly lowered heart rate variability. However, this association appears to be mainly driven by the effect of antidepressants.",Vagal tone; Anxiety; Depression (economics); Heart rate variability; Medicine; Major depressive disorder; Confounding; Heart rate; Internal medicine; Cohort; Psychiatry; Cardiology,True,article,True,True,False,doi,,"{'venue': 'crossref', 'volume': 'crossref', 'issue': 'crossref', 'pages': 'crossref', 'publisher': 'crossref', 'url': 'crossref', 'lang': 'crossref'}",{'crossref': 7},"X001.R000 resolved | hits:OA,CR | winner:- | filled:venue:CR; lang:CR | missing:-",EXCLUSION_SUPPRESSED,,,,,"{""H7-5"": {""status"": ""SUPPRESSED"", ""decision"": ""meet"", ""confidence"": 0.9, ""threshold"": 0.6, ""field"": ""abstract"", ""quote"": ""lower heart rate variability and decreased cardiac vagal control"", ""quote_valid"": true, ""span"": [111, 136], ""used"": true}, ""H7-6"": {""status"": ""SUPPRESSED"", ""decision"": ""meet"", ""confidence"": 0.95, ""threshold"": 0.6, ""field"": ""title"", ""quote"": ""Association Between Major Depressive Disorder and Heart Rate Variability"", ""quote_valid"": true, ""span"": [0, 29], ""used"": true}}","EXCLUSION_SUPPRESSED: the model returned an excluding verdict on H7-5, H7-6 which passed the evidence gate. Flag-only is in force for this provider, so the record was NOT excluded and needs human review."
A047,101016jijpsycho201210012,"Heart rate and heart rate variability in panic, social anxiety, obsessive–compulsive, and generalized anxiety disorders at baseline and in response to relaxation and hyperventilation",Andre Pittig; Joanna J. Arch; C. W. Lam; Michelle G. Craske,Andre Pittig,2012.0,10.1016/j.ijpsycho.2012.10.012,https://pubmed.ncbi.nlm.nih.gov/23107994,,,International Journal of Psychophysiology,87,1,19-27,Elsevier BV,en,https://doi.org/10.1016/j.ijpsycho.2012.10.012,0.9,resolved,openalex,2026-08-16T22:29:03Z,X001,,Hyperventilation; Panic; Anxiety; Heart rate; Panic disorder; Relaxation (psychology); Baseline (sea); Psychology; Social anxiety; Medicine; Clinical psychology; Cardiology,False,article,True,True,True,doi,,"{'venue': 'crossref', 'volume': 'crossref', 'issue': 'crossref', 'pages': 'crossref', 'publisher': 'crossref', 'url': 'crossref', 'lang': 'crossref'}",{'crossref': 7},"X001.R000 resolved | hits:OA,CR,S2 | winner:- | filled:venue:CR; lang:CR | missing:abstract",PASS_CLEAN,,,"H7-5,H7-6",,"{""H7-5"": {""status"": ""MET"", ""decision"": ""not_meet"", ""confidence"": 0.6, ""threshold"": 0.6, ""field"": ""title"", ""quote"": """", ""quote_valid"": false, ""span"": null, ""used"": true}, ""H7-6"": {""status"": ""MET"", ""decision"": ""not_meet"", ""confidence"": 0.7, ""threshold"": 0.6, ""field"": ""title"", ""quote"": """", ""quote_valid"": false, ""span"": null, ""used"": true}}",PASS_CLEAN: all EL criteria MET.
A048,101097psy0b013e3181a292a6,Association between Anxiety Disorders and Heart Rate Variability in The Netherlands Study of Depression and Anxiety (NESDA),Carmilla M.M. Licht; Eco J. C. de Geus; Richard van Dyck; Brenda W.J.H. Penninx,Carmilla M.M. Licht,2009.0,10.1097/psy.0b013e3181a292a6,https://pubmed.ncbi.nlm.nih.gov/19414616,,,Psychosomatic Medicine,71,5,508-518,Ovid Technologies (Wolters Kluwer Health),en,https://doi.org/10.1097/psy.0b013e3181a292a6,0.9,resolved,openalex,2026-08-16T22:29:04Z,X001,"Objective: To determine whether patients with different types of anxiety disorder (panic disorder, social phobia, generalized anxiety disorder) have higher heart rate and lower heart rate variability compared with healthy controls in a sample that was sufficiently powered to examine the confounding effects of lifestyle and antidepressants. Methods: The standard deviation of the normal-to-normal intervals (SDNN), heart rate (HR), and respiratory sinus arrhythmia (RSA) were measured in 2059 subjects (mean age = 41.7 years, 66.8% female) participating in The Netherlands Study of Depression and Anxiety (NESDA). Based on the Diagnostic and Statistical Manual of Mental Disorders, 4th Edition (DSM-IV) and Composite International Diagnostic Interview (CIDI), NESDA participants were classified as healthy controls (n = 616), subjects with an anxiety diagnosis earlier in life (n = 420), and subjects with current anxiety diagnosis (n = 1059). Results: Current anxious subjects had a significantly lower SDNN and RSA compared with controls. RSA was also significantly lower in remitted anxious subjects compared with controls. These associations were similar across the three different types of anxiety disorders. Adjustment for lifestyle had little impact. However, additional adjustment for antidepressant use reduced all significant associations between anxiety and HRV to nonsignificant. Anxious subjects who used a tricyclic antidepressant, a selective serotonin reuptake inhibitor, or another antidepressant showed significantly lower mean SDNN and RSA compared with controls (effect sizes = 0.20–0.80 for SDNN and 0.42–0.79 for RSA). Nonmedicated anxious subjects did not differ from controls in mean SDNN and RSA. Conclusion: This study shows that anxiety disorders are associated with significantly lower HR variability, but the association seems to be driven by the effects of antidepressants. ANOVA = analysis of variance; ANS = autonomic nervous system; ATC = anatomical therapeutic chemical; BAI = Beck Anxiety Inventory; BMI = body mass index; CIDI = Composite International Diagnostic Interview; CVD = cardiovascular disease; dZ = changes in thorax impedance; ECG = electrocardiogram; GAD = generalized anxiety disorder; HR = heart rate; HRV = heart rate variability; IBI = inter-beat-interval; MDD = major depressive disorder; MET = multiple of one's resting metabolic rate times minutes of physical activity; NESDA = The Netherlands Study of Depression and Anxiety; PD = panic disorder; pv = peak-valley; PNS = parasympathetic nervous system; RR = respiratory rate; RSA = respiratory sinus arrhythmia; SDNN = standard deviation of the normal-to-normal interval; SNS = sympathetic nervous system; SP = social phobia; VU-AMS = Vrije Universiteit Ambulatory Monitoring System; SSRI = selective serotonin reuptake inhibitor; TCA = tricyclic antidepressant.",Anxiety; Panic disorder; Heart rate; Heart rate variability; Vagal tone; Agoraphobia; Anxiolytic; Anxiety disorder; Depression (economics); Internal medicine; Medicine; Confounding,True,article,True,True,False,doi,,"{'venue': 'crossref', 'volume': 'crossref', 'issue': 'crossref', 'pages': 'crossref', 'publisher': 'crossref', 'url': 'crossref', 'lang': 'crossref'}",{'crossref': 7},"X001.R000 resolved | hits:OA,CR | winner:- | filled:venue:CR; lang:CR | missing:-",EXCLUSION_SUPPRESSED,,,,,"{""H7-5"": {""status"": ""SUPPRESSED"", ""decision"": ""meet"", ""confidence"": 0.85, ""threshold"": 0.6, ""field"": ""abstract"", ""quote"": ""lower heart rate variability"", ""quote_valid"": true, ""span"": [217, 232], ""used"": true}, ""H7-6"": {""status"": ""SUPPRESSED"", ""decision"": ""meet"", ""confidence"": 0.95, ""threshold"": 0.6, ""field"": ""title"", ""quote"": ""Association between Anxiety Disorders and Heart Rate Variability"", ""quote_valid"": true, ""span"": [0, 32], ""used"": true}}","EXCLUSION_SUPPRESSED: the model returned an excluding verdict on H7-5, H7-6 which passed the evidence gate. Flag-only is in force for this provider, so the record was NOT excluded and needs human review."
A049,101136jnnp703305,Ambulatory ECG and analysis of heart rate variability in Parkinson's disease,Tarja Haapaniemi,Tarja Haapaniemi,2001.0,10.1136/jnnp.70.3.305,https://pubmed.ncbi.nlm.nih.gov/11181850,,,"Journal of Neurology, Neurosurgery &amp; Psychiatry",70,3,305-310,BMJ,en,https://doi.org/10.1136/jnnp.70.3.305,0.9,resolved,openalex,2026-08-16T22:29:04Z,X001,"OBJECTIVES: Cardiovascular reflex tests have shown both sympathetic and parasympathetic failure in Parkinson's disease. These tests, however, describe the autonomic responses during a restricted time period and have great individual variability, providing a limited view of the autonomic cardiac control mechanisms. Thus, they do not reflect tonic autonomic regulation. The aim was to examine tonic autonomic cardiovascular regulation in untreated patients with Parkinson's disease. METHODS: 24 Hour ambulatory ECG was recorded in 54 untreated patients with Parkinson's disease and 47 age matched healthy subjects. In addition to the traditional spectral (very low frequency, VLF; low frequency, LF; high frequency, HF) and non-spectral components of heart rate variability, instantaneous beat to beat variability (SD1) and long term continuous variability (SD2) derived from Poincaré plots, and the slope of the power law relation were analysed. RESULTS: All spectral components (p<0.01) and the slope of the power-law relation (p<0.01) were lower in the patients with Parkinson's disease than in the control subjects. The Unified Parkinson's disease rating scale total and motor scores had a negative correlation with VLF and LF power spectrum values and the power law relation slopes. Patients with mild hypokinesia had higher HF values than patients with more severe hypokinesia. Tremor and rigidity were not associated with the HR variability parameters. CONCLUSIONS: Parkinson's disease causes dysfunction of the diurnal autonomic cardiovascular regulation as demonstrated by the spectral measures of heart rate variability and the slope of the power law relation. This dysfunction seems to be more profound in patients with more severe Parkinson's disease.",Ambulatory ECG; Ambulatory; Cardiology; Parkinson's disease; Heart rate variability; Medicine; Internal medicine; Heart rate; Disease; Blood pressure,True,article,True,True,False,doi,,"{'venue': 'crossref', 'volume': 'crossref', 'issue': 'crossref', 'pages': 'crossref', 'publisher': 'crossref', 'url': 'crossref', 'lang': 'heuristic'}","{'crossref': 6, 'heuristic': 1}","X001.R000 resolved | hits:OA,CR | winner:- | filled:venue:CR; lang:HE | missing:-",PASS_CLEAN,,,"H7-5,H7-6",,"{""H7-5"": {""status"": ""MET"", ""decision"": ""not_meet"", ""confidence"": 0.8, ""threshold"": 0.6, ""field"": ""abstract"", ""quote"": """", ""quote_valid"": false, ""span"": null, ""used"": true}, ""H7-6"": {""status"": ""MET"", ""decision"": ""not_meet"", ""confidence"": 0.8, ""threshold"": 0.6, ""field"": ""abstract"", ""quote"": """", ""quote_valid"": false, ""span"": null, ""used"": true}}",PASS_CLEAN: all EL criteria MET.
A050,101176appiajp201413121605,"Effects of Depression, Anxiety, Comorbidity, and Antidepressants on Resting-State Heart Rate and Its Variability: An ELSA-Brasil Cohort Baseline Study",Andrew H. Kemp; André R. Brunoni; Itamar S Santos; Maria Angélica Nunes; Eduardo Miranda Dantas; Roberta Carvalho de Figueiredo; Alexandre C. Pereira; Antônio Luiz Pinho Ribeiro; José Geraldo Mill; Rodrigo Varejão Andreão; Julian F. Thayer; Isabela M. Benseñor; Paulo A. Lotufo,Andrew H. Kemp,2014.0,10.1176/appi.ajp.2014.13121605,https://pubmed.ncbi.nlm.nih.gov/25158141,,,American Journal of Psychiatry,171,12,1328-1334,American Psychiatric Association Publishing,en,https://doi.org/10.1176/appi.ajp.2014.13121605,0.9,resolved,openalex,2026-08-16T22:29:04Z,X001,"OBJECTIVE: Increases in resting-state heart rate and decreases in its variability are associated with substantial morbidity and mortality, yet contradictory findings have been reported for the effects of the mood and anxiety disorders and of antidepressants. The authors investigated heart rate and heart rate variability in a large cohort from Brazil, using propensity score weighting, a relatively novel method, to control for numerous potential confounders. METHOD: A total of 15,105 participants were recruited in the Brazilian Longitudinal Study of Adult Health. Mood and anxiety disorders were ascertained using the Portuguese version of the Clinical Interview Schedule-Revised. Heart rate and its variability were extracted from 10-minute resting-state electrocardiograms. Regressions weighted by propensity scores were carried out to compare participants with and without depressive or anxiety disorders, as well as users and non-users of antidepressants, on heart rate and heart rate variability. RESULTS: Use of antidepressants was associated with increases in heart rate and decreases in its variability. Effects were most pronounced for the tricyclic antidepressants (Cohen's d, 0.72-0.81), followed by serotonin and norepinephrine reuptake inhibitors (Cohen's d, 0.42-0.95) and other antidepressants (Cohen's d, 0.37-0.40), relative to participants not on antidepressants. Only participants with generalized anxiety disorder showed robust, though small, increases in heart rate and decreases in its variability after propensity score weighting. CONCLUSIONS: The findings may, in part, underpin epidemiological findings of increased risk for cardiovascular morbidity and mortality. Many factors that have an adverse impact on cardiac activity were controlled for in this study, highlighting the importance of cardiovascular risk reduction strategies. Further study is needed to examine whether, how, and when such effects contribute to morbidity and mortality.",Anxiety; Heart rate variability; Medicine; Heart rate; Propensity score matching; Comorbidity; Confounding; Anxiety disorder; Internal medicine; Psychiatry; Mood; Venlafaxine,False,article,True,True,False,doi,,"{'venue': 'crossref', 'volume': 'crossref', 'issue': 'crossref', 'pages': 'crossref', 'publisher': 'crossref', 'url': 'crossref', 'lang': 'crossref'}",{'crossref': 7},"X001.R000 resolved | hits:OA,CR | winner:- | filled:venue:CR; lang:CR | missing:-",PASS_CLEAN,,,"H7-5,H7-6",,"{""H7-5"": {""status"": ""MET"", ""decision"": ""not_meet"", ""confidence"": 0.8, ""threshold"": 0.6, ""field"": ""abstract"", ""quote"": """", ""quote_valid"": false, ""span"": null, ""used"": true}, ""H7-6"": {""status"": ""MET"", ""decision"": ""not_meet"", ""confidence"": 0.8, ""threshold"": 0.6, ""field"": ""abstract"", ""quote"": """", ""quote_valid"": false, ""span"": null, ""used"": true}}",PASS_CLEAN: all EL criteria MET.
A052,1011770004867412444624,Mind and heart: Heart rate variability in major depressive disorder and coronary heart disease - a review and recommendations,Nicolas J. C. Stapelberg; Ian Hamilton‐Craig; David L. Neumann; David Shum; Harry McConnell,Nicolas J. C. Stapelberg,2012.0,10.1177/0004867412444624,https://pubmed.ncbi.nlm.nih.gov/22528974,,,Australian &amp; New Zealand Journal of Psychiatry,46,10,946-957,SAGE Publications,en,https://doi.org/10.1177/0004867412444624,0.9,resolved,openalex,2026-08-16T22:29:05Z,X001,"OBJECTIVE: There is a reciprocal association between major depressive disorder (MDD) and coronary heart disease (CHD). These conditions are linked by a causal network of mechanisms. This causal network should be quantitatively studied and it is hypothesised that the investigation of vagal function represents a promising starting point. Heart rate variability (HRV) has been used to investigate cardiac vagal control in the context of MDD and CHD. This review aims to examine the relationship of HRV to both MDD and CHD in the context of vagal function and to make recommendations for clinical practice and research. METHODS: The search terms 'heart rate variability', 'depression' and 'heart disease' were entered into an electronic multiple database search engine. Abstracts were screened for their relevance and articles were individually selected and collated. RESULTS: Decreased HRV is found in both MDD and CHD. Both diseases are theorized to disrupt autonomic control feedback loops on the heart and are linked to vagal function. Existing theories link vagal function to both mood and emotion as well as cardiac function. However, several factors can potentially confound HRV measures and would thus impact on a complete understanding of vagal mechanisms in the link between MDD and CHD. CONCLUSIONS: The quantitative investigation of vagal function using HRV represents a reasonable starting point in the study of the relationship between MDD and CHD. Many psychotropic and cardiac medications have effects on HRV, which may have clinical importance. Future studies of HRV in MDD and CHD should consider antidepressant medication, as well as anxiety, as potential confounders.",Heart rate variability; Context (archaeology); Major depressive disorder; Vagal tone; Confounding; Anxiety; Heart disease; Medicine; Mood; Heart rate; Psychology; Depression (economics),False,article,True,True,False,doi,,"{'venue': 'crossref', 'volume': 'crossref', 'issue': 'crossref', 'pages': 'crossref', 'publisher': 'crossref', 'url': 'crossref', 'lang': 'crossref'}",{'crossref': 7},"X001.R000 resolved | hits:OA,CR | winner:- | filled:venue:CR; lang:CR | missing:-",PASS_CLEAN,,,"H7-5,H7-6",,"{""H7-5"": {""status"": ""MET"", ""decision"": ""not_meet"", ""confidence"": 0.8, ""threshold"": 0.6, ""field"": ""abstract"", ""quote"": """", ""quote_valid"": false, ""span"": null, ""used"": true}, ""H7-6"": {""status"": ""MET"", ""decision"": ""not_meet"", ""confidence"": 0.8, ""threshold"": 0.6, ""field"": ""abstract"", ""quote"": """", ""quote_valid"": false, ""span"": null, ""used"": true}}",PASS_CLEAN: all EL criteria MET.
A053,101016s0008636397001077,Effect of age on long-term heart rate variability,Vikram K. Yeragani; E. Sobolewski; Jerald Kay; V.C. Jampala; G. Igel,Vikram K. Yeragani,1997.0,10.1016/s0008-6363(97)00107-7,https://pubmed.ncbi.nlm.nih.gov/9302345,,,Cardiovascular Research,35,1,35-42,Oxford University Press (OUP),en,https://doi.org/10.1016/s0008-6363(97)00107-7,0.9,resolved,openalex,2026-08-16T22:29:05Z,X001,"OBJECTIVE: Previous studies on short-term time series of heart rage suggest an inverse relationship between age and spectral powers of heart rate variability in various frequency bands. In this study, we examined the relationship between age (6-61 years) and long-term heart rate variability. METHODS: We obtained 24-h Holter ECG in 33 healthy human subjects (11 children and 22 adults). The heart rate data were analyzed by using spectral analysis and fractal dimensions of the time series. RESULTS: We found a significant negative correlation between age and very low frequency (VLF, 0.0033-0.04 Hz), low frequency (LF, 0.04-0.15 Hz) and high frequency (HF, 0.15-0.5 Hz) powers and fractal dimensions during awake as well as sleep periods, and a positive correlation between age and LF/HF ratios. Age and ultra-low frequency (ULF, < 0.0033 Hz) were modestly and negatively correlated only during the awake period. CONCLUSIONS: Sleep ULF power is not significantly affected by age, whereas VLF, LF and HF powers and fractal dimensions of heart rate significantly decrease with age during awake as well as sleep periods.",Heart rate variability; Cardiology; Heart rate; Internal medicine; Spectral analysis; Medicine; Very low frequency; Correlation; Fractal; Audiology; Physics; Mathematics,False,article,True,True,False,doi,,"{'venue': 'crossref', 'volume': 'crossref', 'issue': 'crossref', 'pages': 'crossref', 'publisher': 'crossref', 'url': 'crossref', 'lang': 'crossref'}",{'crossref': 7},"X001.R000 resolved | hits:OA,CR | winner:- | filled:venue:CR; lang:CR | missing:-",PASS_CLEAN,,,"H7-5,H7-6",,"{""H7-5"": {""status"": ""MET"", ""decision"": ""not_meet"", ""confidence"": 0.8, ""threshold"": 0.6, ""field"": ""abstract"", ""quote"": """", ""quote_valid"": false, ""span"": null, ""used"": true}, ""H7-6"": {""status"": ""MET"", ""decision"": ""not_meet"", ""confidence"": 0.8, ""threshold"": 0.6, ""field"": ""abstract"", ""quote"": """", ""quote_valid"": false, ""span"": null, ""used"": true}}",PASS_CLEAN: all EL criteria MET.
A054,101136jnnp2014308389,Complexity of heart rate variability predicts outcome in intensive care unit admitted patients with acute stroke,Sung‐Chun Tang; Hsiao-I Jen; Yen‐Hung Lin; Chi‐Sheng Hung; Wei-Jung Jou; Pei-Wen Huang; Jiann-Shing Shieh; Yi‐Lwun Ho; Dar‐Ming Lai; An-Yeu Wu; Jiann‐Shing Jeng; Ming-Fong Chen,Sung‐Chun Tang,2014.0,10.1136/jnnp-2014-308389,https://pubmed.ncbi.nlm.nih.gov/25053768,,,"Journal of Neurology, Neurosurgery &amp; Psychiatry",86,1,95-100,BMJ,en,https://doi.org/10.1136/jnnp-2014-308389,0.9,resolved,openalex,2026-08-16T22:29:05Z,X001,"BACKGROUND: Heart rate variability (HRV) has been proposed as a predictor of acute stroke outcome. This study aimed to evaluate the predictive value of a novel non-linear method for analysis of HRV, multiscale entropy (MSE) and outcome of patients with acute stroke who had been admitted to the intensive care unit (ICU). METHODS: The MSE of HRV was analysed from 1 h continuous ECG signals in ICU-admitted patients with acute stroke and controls. The complexity index was defined as the area under the MSE curve (scale 1-20). A favourable outcome was defined as modified Rankin scale 0-2 at 3 months after stroke. RESULTS: The trends of MSE curves in patients with atrial fibrillation (AF) (n=77) were apparently different from those in patients with non-AF stroke (n=150) and controls (n=60). In addition, the values of complexity index were significantly lower in the patients with non-AF stroke than in the controls (25.8±.3 vs. 32.3±4.3, p<0.001). After adjustment for clinical variables, patients without AF who had a favourable outcome were significantly related to higher complexity index values (OR=1.15, 95% CI 1.07 to 1.25, p<0.001). Importantly, the area under the receiver operating characteristic curve for predicting a favourable outcome of patients with non-AF stroke from clinical parameters was 0.858 (95% CI 0.797 to 0.919) and significantly improved to 0.903 (95% CI 0.853 to 0.954) after adding on the parameter of complexity index values (p=0.020). CONCLUSIONS: In ICU-admitted patients with acute stroke, early assessment of the complexity of HRV by MSE can help in predicting outcomes in patients without AF.",Modified Rankin Scale; Medicine; Atrial fibrillation; Receiver operating characteristic; Stroke (engine); Internal medicine; Complexity index; Intensive care unit; Area under the curve; Heart rate variability; Acute stroke; Cardiology,False,article,True,True,False,doi,,"{'venue': 'crossref', 'volume': 'crossref', 'issue': 'crossref', 'pages': 'crossref', 'publisher': 'crossref', 'url': 'crossref', 'lang': 'crossref'}",{'crossref': 7},"X001.R000 resolved | hits:OA,CR | winner:- | filled:venue:CR; lang:CR | missing:-",PASS_CLEAN,,,"H7-5,H7-6",,"{""H7-5"": {""status"": ""MET"", ""decision"": ""not_meet"", ""confidence"": 0.8, ""threshold"": 0.6, ""field"": ""abstract"", ""quote"": """", ""quote_valid"": false, ""span"": null, ""used"": true}, ""H7-6"": {""status"": ""MET"", ""decision"": ""not_meet"", ""confidence"": 0.8, ""threshold"": 0.6, ""field"": ""abstract"", ""quote"": """", ""quote_valid"": false, ""span"": null, ""used"": true}}",PASS_CLEAN: all EL criteria MET.
A056,104306pi2013104326,"Generalized Anxiety Disorder, Comorbid Major Depression and Heart Rate Variability: A Case-Control Study in Taiwan",Hsin‐An Chang; Chuan-Chia Chang; Nian‐Sheng Tzeng; Terry B. J. Kuo; Ru‐Band Lu; San‐Yuan Huang,Hsin‐An Chang,2013.0,10.4306/pi.2013.10.4.326,https://pubmed.ncbi.nlm.nih.gov/24474980,,,Psychiatry Investigation,10,4,326,Korean Neuropsychiatric Association,en,https://doi.org/10.4306/pi.2013.10.4.326,0.9,resolved,openalex,2026-08-16T22:29:14Z,X001,"OBJECTIVE: Decreased heart rate variability (HRV) has been reported in generalized anxiety disorder (GAD), but the results are mixed. Little is known about the impact of comorbid major depression (MD) on HRV in GAD patients. Both issues necessitate further investigation. METHODS: Twenty unmedicated, physically healthy GAD patients, 20 GAD patients with a secondary diagnosis of MD, 40 MD patients and 60 matched controls were recruited. We used the Hamilton Anxiety Rating Scale and the Hamilton Depression Rating Scale to assess anxiety and depression severity, respectively. Cardiac autonomic function was evaluated by measuring HRV parameters. Frequency-domain indices of HRV were obtained. RESULTS: Three patient groups had more anxiety and depression symptoms than control subjects, but heart rates (HRs) were significantly elevated only in GAD patients with comorbid depression. Relative to controls, GAD patients had reduced HRV while GAD patients with comorbid depression displayed the greatest reductions in HRV among three patients groups. Correlation analyses revealed anxiety/depression severity significantly associated with HRs, variance, LF-HRV and HF-HRV. However, separately analyzing among individual groups and adjusting for HRV-associated covariables rendered the correlations non-significant. CONCLUSION: Our results suggest that reduction in HRV is a psychophysiological marker of GAD and individuals with comorbid GAD and MD may be distinguished based on psychophysiological correlates (for example, HF-HRV) from non-comorbid GAD patients. Taken into account that comorbid depression may confer increased risks for cardiovascular events in GAD patients, this subgroup of GAD patients may benefit better from cardiovascular risk reduction strategies.",Depression (economics); Anxiety; Heart rate variability; Generalized anxiety disorder; Medicine; Psychiatry; Comorbidity; Clinical psychology; Internal medicine; Heart rate; Blood pressure; Economics,True,article,True,True,False,doi,,"{'venue': 'crossref', 'volume': 'crossref', 'issue': 'crossref', 'pages': 'crossref', 'publisher': 'crossref', 'url': 'crossref', 'lang': 'crossref'}",{'crossref': 7},"X001.R000 resolved | hits:OA,CR | winner:- | filled:venue:CR; lang:CR | missing:-",PASS_CLEAN,,,"H7-5,H7-6",,"{""H7-5"": {""status"": ""MET"", ""decision"": ""not_meet"", ""confidence"": 0.8, ""threshold"": 0.6, ""field"": ""abstract"", ""quote"": """", ""quote_valid"": false, ""span"": null, ""used"": true}, ""H7-6"": {""status"": ""MET"", ""decision"": ""not_meet"", ""confidence"": 0.8, ""threshold"": 0.6, ""field"": ""abstract"", ""quote"": """", ""quote_valid"": false, ""span"": null, ""used"": true}}",PASS_CLEAN: all EL criteria MET.
A058,101111psyp12148,"Cardiac stability at differing levels of temporal analysis in panic disorder, post‐traumatic stress disorder, and healthy controls",Aaron J. Fisher; Steven H. Woodward,Aaron J. Fisher,2013.0,10.1111/psyp.12148,https://pubmed.ncbi.nlm.nih.gov/24102634,,,Psychophysiology,51,1,80-87,Wiley,en,https://doi.org/10.1111/psyp.12148,0.9,resolved,openalex,2026-08-16T22:29:15Z,X001,"The panic disorder (PD) literature provides evidence for both physiologic rigidity and instability as pathognomonic features of this disorder. This ambiguity may be a result of viewing PD at differential levels of temporal analysis. We assessed cardiac variability across three levels of temporal scale in PD patients, post-traumatic stress disorder (PTSD) patients, and healthy controls. Sixteen healthy controls, 14 PD patients, 23 PTSD patients, and 16 PTSD + PD patients presented for a polysomnogram. Differences were assessed in respiratory sinus arrhythmia (RSA), autoregressive stability of heart rate (HR), and the number of nonspecific accelerations in HR over the night. No differences in RSA were found between groups; however, PD patients exhibited significantly lower autoregressive HR stability, and all patients had significantly more HR accelerations than controls. These data reinforce prior findings demonstrating physiologic instability in PD and indicate that prior equivocalities regarding physiologic variability in PD may be due to limited temporal scaling of measurements.",Panic disorder; Psychology; Traumatic stress; Cardiology; Heart rate; Audiology; Heart rate variability; Internal medicine; Clinical psychology; Psychiatry; Anxiety; Medicine,False,article,True,True,False,doi,,"{'venue': 'crossref', 'volume': 'crossref', 'issue': 'crossref', 'pages': 'crossref', 'publisher': 'crossref', 'url': 'crossref', 'lang': 'crossref'}",{'crossref': 7},"X001.R000 resolved | hits:OA,CR | winner:- | filled:venue:CR; lang:CR | missing:-",PASS_CLEAN,,,"H7-5,H7-6",,"{""H7-5"": {""status"": ""MET"", ""decision"": ""not_meet"", ""confidence"": 0.8, ""threshold"": 0.6, ""field"": ""abstract"", ""quote"": """", ""quote_valid"": false, ""span"": null, ""used"": true}, ""H7-6"": {""status"": ""MET"", ""decision"": ""not_meet"", ""confidence"": 0.8, ""threshold"": 0.6, ""field"": ""abstract"", ""quote"": """", ""quote_valid"": false, ""span"": null, ""used"": true}}",PASS_CLEAN: all EL criteria MET.
A059,101002da10037,Effects of olanzapine and clozapine upon pulse rate variability,Michael Müeck‐Weymann; T. Rechlin; Franz Ehrengut; R. D. Rauh; Jens Acker; Regina Dittmann; J�rg Czekalla; Peter Joraschky; Dominique L. Musselman,Michael Müeck‐Weymann,2002.0,10.1002/da.10037,https://pubmed.ncbi.nlm.nih.gov/12415532,,,Depression and Anxiety,16,3,93-99,Hindawi Limited,en,https://doi.org/10.1002/da.10037,0.9,resolved,openalex,2026-08-16T22:29:15Z,X001,"Based upon their in vitro receptor binding profiles, the atypical antipsychotics clozapine and olanzapine exhibit cholinergic receptor binding of similar potency. Data comparing the in vivo anticholinergic effects, however, of these neuroleptics upon neurocardiac control are sparse. The goal of this study was to compare the in vivo effects of clozapine and olanzapine upon neurocardiac control by assessment of the pulse rate variability (PRV) in schizophrenic patients and healthy controls. Twenty patients with schizophrenia (according to DSM-III-R criteria) treated with either clozapine (100-600 mg/day) or olanzapine (10-20 mg/day), and ten healthy controls, were recruited into the study. PRV was assessed by continuously recording the skin blood volume in the fingertip of the second digit under resting conditions and PRV parameters were calculated. When significant differences in PRV parameters between the patients and controls were detected by Kruskal-Wallis tests, Mann-Whitney tests were used to test for group differences between the olanzapine- and clozapine-treated patients. In comparison to the healthy controls, the PRV parameters of the clozapine- and olanzapine-treated schizophrenic patients were significantly reduced. Indeed the reduction of PRV was significantly greater in the clozapine-treated group compared to the olanzapine-treated group (P<0.05). Compared to the controls, only the clozapine-treated patients showed a significantly diminished low-frequency (LF)/high frequency (HF)-ratio, a PRV parameter reflecting sympatho-vagal balance. The significantly greater reductions in PRV parameters of the clozapine-treated compared to olanzapine-treated patients may be caused by clozapine's higher affinity for alpha(1)-adrenergic receptors in vivo compared with olanzapine. The similar LF/HF ratios of the healthy controls and olanzapine-treated patients suggests that the sympathetic-parasympathetic modulation of PRV remains relatively unchanged even during olanzapine treatment.",Clozapine; Olanzapine; Anticholinergic; Schizophrenia (object-oriented programming); Internal medicine; Medicine; Anesthesia; Psychology; Antipsychotic; Psychosis; Pharmacology; Gastroenterology,False,article,True,True,False,doi,,"{'venue': 'crossref', 'volume': 'crossref', 'issue': 'crossref', 'pages': 'crossref', 'publisher': 'crossref', 'url': 'crossref', 'lang': 'crossref'}",{'crossref': 7},"X001.R000 resolved | hits:OA,CR | winner:- | filled:venue:CR; lang:CR | missing:-",PASS_CLEAN,,,"H7-5,H7-6",,"{""H7-5"": {""status"": ""MET"", ""decision"": ""not_meet"", ""confidence"": 0.8, ""threshold"": 0.6, ""field"": ""abstract"", ""quote"": """", ""quote_valid"": false, ""span"": null, ""used"": true}, ""H7-6"": {""status"": ""MET"", ""decision"": ""not_meet"", ""confidence"": 0.8, ""threshold"": 0.6, ""field"": ""abstract"", ""quote"": """", ""quote_valid"": false, ""span"": null, ""used"": true}}",PASS_CLEAN: all EL criteria MET.
A060,101007s1028601603510,Correlation between indexes of autonomic maneuvers and heart rate variability in hemodialysis patients,Carlos Felipe Delmondes Vieira; Márcia Maria Oliveira Lima; Henrique Silveira Costa; Karen Marina Alves Diniz; João Paulo Lemos Guião; Frederico Lopes Alves; Emílio Henrique Barroso Maciel; Vanessa Gomes Brandão; Pedro Henrique Scheidt Figueiredo,Carlos Felipe Delmondes Vieira,2016.0,10.1007/s10286-016-0351-0,https://pubmed.ncbi.nlm.nih.gov/26979171,,,Clinical Autonomic Research,26,3,181-188,Springer Science and Business Media LLC,en,https://doi.org/10.1007/s10286-016-0351-0,0.9,resolved,openalex,2026-08-16T22:29:15Z,X001,"The autonomic maneuvers are simple methods to evaluate autonomic balance, but the association between autonomic maneuvers and heart rate variability (HRV) in hemodialysis patients remains unknown. This study aimed to evaluate the correlation between HRV and respiratory sinus arrhythmia (RSA) and Valsalva maneuver (VM) indexes in hemodialysis patients and to compare two methods for RSA indexes acquisitions. Forty-eight volunteers on hemodialysis (66.7&nbsp;% men) were evaluated by VM, RSA, and 24&nbsp;h Holter monitoring. At the VM, the Valsalva index (VI) was the variable considered. In the RSA, the ratio and difference between the RR intervals of inspiratory and expiratory phase (E:I and E–I, respectively) were considered by traditional form (average of respiratory cycles) and independent respiratory cycles (E:Iindep and E–Iindep). The HRV indexes evaluated were standard deviation of all normal RR intervals (SDNN), standard deviation of sequential 5-min RR interval means (SDANN), root mean square of the successive differences (rMSSD) and percentage of adjacent RR intervals with difference of duration greater than 50&nbsp;ms (pNN50). The SDNN, SDANN showed significant correlation with all classic indexes of RSA (E:I: r&nbsp;=&nbsp;0.62, 0.55, respectively, E–I: r&nbsp;=&nbsp;0.64, 0.57, respectively), E:Iindep (r&nbsp;=&nbsp;0.59, 0.54, respectively), E–Iindep (r&nbsp;=&nbsp;0.47, 0.43, respectively) and VI (r&nbsp;=&nbsp;0.42, 0.34, respectively). Significant correlation of rMSSD with E:I (r&nbsp;=&nbsp;0.37), E–I (r&nbsp;=&nbsp;0.41) and E:Iindep (r&nbsp;=&nbsp;0.34) was also observed. There was no association of any variable with pNN50. Have been show high values for all variables of independent cycles method (p&nbsp;&lt;&nbsp;0.05). The autonomic maneuvers, especially RSA, are useful methods to evaluate cardiac autonomic function in hemodialysis patients. The acquisition of the RSA index by independent cycles should not be used in this population.",Medicine; Heart rate variability; Correlation; Cardiology; Internal medicine; Hemodialysis; RR interval; Vagal tone; Respiratory system; Heart rate; Anesthesia; Mathematics,False,article,True,True,True,doi,,"{'venue': 'crossref', 'volume': 'crossref', 'issue': 'crossref', 'pages': 'crossref', 'publisher': 'crossref', 'url': 'crossref', 'lang': 'crossref', 'abstract': 'unpaywall'}","{'crossref': 7, 'unpaywall': 1}","X001.R000 resolved | hits:OA,CR,S2 | winner:- | filled:venue:CR; lang:CR; abstract:UN | missing:-",PASS_CLEAN,,,"H7-5,H7-6",,"{""H7-5"": {""status"": ""MET"", ""decision"": ""not_meet"", ""confidence"": 0.8, ""threshold"": 0.6, ""field"": ""abstract"", ""quote"": """", ""quote_valid"": false, ""span"": null, ""used"": true}, ""H7-6"": {""status"": ""MET"", ""decision"": ""not_meet"", ""confidence"": 0.8, ""threshold"": 0.6, ""field"": ""abstract"", ""quote"": """", ""quote_valid"": false, ""span"": null, ""used"": true}}",PASS_CLEAN: all EL criteria MET.
A062,10100797894011087206,Heart rate variability,Lü Fel; Marek Malík,Lü Fel,1994.0,10.1007/978-94-011-0872-0_6,,,,Cardiac Pacing and Electrophysiology,,,49-62,Springer Netherlands,en,https://doi.org/10.1007/978-94-011-0872-0_6,0.9,resolved,openalex,2026-08-16T22:29:21Z,X001,It is well-known that the autonomic nervous system plays an important role in the regulation of activities of the heart. The assessment of autonomic function has been a challenging problem confronting cardiologists for many years. Sinus respiratory arrhythmia has...,Heart rate variability; Autonomic nervous system; Vagal tone; Medicine; Autonomic function; Cardiology; Heart rate; Internal medicine; Blood pressure,False,chapter,True,True,True,doi,,"{'venue': 'crossref', 'pages': 'crossref', 'publisher': 'crossref', 'url': 'crossref', 'lang': 'crossref', 'abstract': 'unpaywall'}","{'crossref': 5, 'unpaywall': 1}","X001.R000 resolved | hits:OA,CR,S2 | winner:- | filled:venue:CR; lang:CR; abstract:UN | missing:-",PASS_CLEAN,,,"H7-5,H7-6",,"{""H7-5"": {""status"": ""MET"", ""decision"": ""not_meet"", ""confidence"": 0.8, ""threshold"": 0.6, ""field"": ""title"", ""quote"": ""Heart rate variability"", ""quote_valid"": true, ""span"": [0, 14], ""used"": true}, ""H7-6"": {""status"": ""MET"", ""decision"": ""not_meet"", ""confidence"": 0.8, ""threshold"": 0.6, ""field"": ""title"", ""quote"": """", ""quote_valid"": false, ""span"": null, ""used"": true}}",PASS_CLEAN: all EL criteria MET.
A063,101109embc20146944316,Non-linear HRV indices under autonomic nervous system blockade,Juan Bolea; Esther Pueyo; Pablo Laguna; Raquel Bailón,Juan Bolea,2014.0,10.1109/embc.2014.6944316,https://pubmed.ncbi.nlm.nih.gov/25570684,,,2014 36th Annual International Conference of the IEEE Engineering in Medicine and Biology Society,,,3252-3255,IEEE,en,https://doi.org/10.1109/embc.2014.6944316,0.9,resolved,openalex,2026-08-16T22:29:23Z,X001,"Heart rate variability (HRV) has been studied as a non-invasive technique to characterize the autonomic nervous system (ANS) regulation of the heart. Non-linear methods based on chaos theory have been used during the last decades as markers for risk stratification. However, interpretation of these nonlinear methods in terms of sympathetic and parasympathetic activity is not fully established. In this work we study linear and non-linear HRV indices during ANS blockades in order to assess their relation with sympathetic and parasympathetic activities. Power spectral content in low frequency (0.04-0.15 Hz) and high frequency (0.15-0.4 Hz) bands of HRV, as well as correlation dimension, sample and approximate entropies were computed in a database of subjects during single and dual ANS blockade with atropine and/or propranolol. Parasympathetic blockade caused a significant decrease in the low and high frequency power of HRV, as well as in correlation dimension and sample and approximate entropies. Sympathetic blockade caused a significant increase in approximate entropy. Sympathetic activation due to postural change from supine to standing caused a significant decrease in all the investigated non-linear indices and a significant increase in the normalized power in the low frequency band. The other investigated linear indices did not show significant changes. Results suggest that parasympathetic activity has a direct relation with sample and approximate entropies.",Heart rate variability; Propranolol; Sample entropy; Supine position; Autonomic nervous system; Mathematics; Sympathetic nervous system; Linear regression; Parasympathetic nervous system; Correlation dimension; Blockade; Heart rate,False,conference,True,True,False,doi,,"{'venue': 'crossref', 'pages': 'crossref', 'publisher': 'crossref', 'url': 'crossref', 'lang': 'heuristic'}","{'crossref': 4, 'heuristic': 1}","X001.R000 resolved | hits:OA,CR | winner:- | filled:venue:CR; lang:HE | missing:-",PASS_FLAGGED,,,H7-6,H7-5,"{""H7-5"": {""status"": ""UNCERTAIN"", ""decision"": ""meet"", ""confidence"": 0.9, ""threshold"": 0.6, ""field"": ""abstract"", ""quote"": ""non-linear methods based on chaos theory have been used during the last decades as markers for risk stratification"", ""quote_valid"": false, ""span"": [123, 151], ""used"": true}, ""H7-6"": {""status"": ""MET"", ""decision"": ""not_meet"", ""confidence"": 0.8, ""threshold"": 0.6, ""field"": ""abstract"", ""quote"": """", ""quote_valid"": false, ""span"": null, ""used"": true}}",PASS_FLAGGED: uncertain H7-5
A064,101042cs19970268,Fractal dimension and approximate entropy of heart period and heart rate: awake versus sleep differences and methodological issues,Vikram K. Yeragani; E. SOBOLEWSKI; V.C. JAMPALA; Jerald KAY; Suneetha YERAGANI; Gina IGEL,Vikram K. Yeragani,1998.0,10.1042/cs19970268,,,,Clinical Science,95,3,295-301,Portland Press Ltd.,en,https://doi.org/10.1042/cs0950295,0.9,resolved,openalex,2026-08-16T22:29:24Z,X001,"1.Investigations that assess cardiac autonomic function include non-linear techniques such as fractal dimension and approximate entropy in addition to the common time and frequency domain measures of both heart period and heart rate. This article evaluates the differences in using heart rate versus heart period to estimate fractal dimensions and approximate entropies of these time series.                     2.Twenty-four-hour ECG was recorded in 23 normal subjects using Holter records. Time series of heart rate and heart period were analysed using fractal dimensions, approximate entropies and spectral analysis for the quantification of absolute and relative heart period variability in bands of ultra low (                     3.Linear detrending of the time series did not significantly change the fractal dimension or approximate entropy values. We found significant differences in the analyses using heart rate versus heart period between waking up and sleep conditions for fractal dimensions, approximate entropies and absolute spectral powers, especially for the power in the band of 0.0033–0.5 ;Hz. Log transformation of the data revealed identical fractal dimension values for both heart rate and heart period. Mean heart period correlated significantly better with fractal dimensions and approximate entropies of heart period than did corresponding heart rate measures.                     4.Studies using heart period measures should take the effect of mean heart period into account even for the analyses of fractal dimension and approximate entropy. As the sleep–awake differences in fractal dimensions and approximate entropies are different between heart rate and heart period, the results should be interpreted accordingly.",Fractal dimension; Heart rate; Mathematics; Fractal; Period (music); Approximate entropy; Cardiology; Statistics; Medicine; Internal medicine; Blood pressure; Physics,False,article,True,True,False,doi,,"{'venue': 'crossref', 'volume': 'crossref', 'issue': 'crossref', 'pages': 'crossref', 'publisher': 'crossref', 'url': 'crossref', 'lang': 'crossref', 'abstract': 'crossref'}",{'crossref': 8},"X001.R000 resolved | hits:OA,CR | winner:- | filled:venue:CR; lang:CR; abstract:CR | missing:-",PASS_FLAGGED,,,H7-6,H7-5,"{""H7-5"": {""status"": ""UNCERTAIN"", ""decision"": ""meet"", ""confidence"": 0.8, ""threshold"": 0.6, ""field"": ""abstract"", ""quote"": ""24-hour ECG was recorded in 23 normal subjects using Holter records"", ""quote_valid"": false, ""span"": [16, 41], ""used"": true}, ""H7-6"": {""status"": ""MET"", ""decision"": ""not_meet"", ""confidence"": 0.8, ""threshold"": 0.6, ""field"": ""abstract"", ""quote"": """", ""quote_valid"": false, ""span"": null, ""used"": true}}",PASS_FLAGGED: uncertain H7-5
A065,heartratevariabilitystandardsofmeasurementphysiologicalinterpretationandclinicalusetaskforceoftheeuropeansocietyofcardiologyandt,"Heart rate variability: standards of measurement, physiological interpretation and clinical use. Task Force of the European Society of Cardiology and the North American Society of Pacing and Electrophysiology",A. Camm; Marek Malik; J. Bigger; G. Breithardt; Sergio Cerutti; Richard J. Cohen; P. Coumel; Ernest L. Fallen; H. L. Kennedy; Robert E. Kleiger; Federico Lombardi; Alberto Malliani; A. J. Moss; Jeffrey N. Rottman; G. Schmidt; P. J. Schwartz; D. H. Singer,A. Camm,1996.0,https://openalex.org/W4298441315,https://pubmed.ncbi.nlm.nih.gov/8598068,,,,,,,,en,,0.9,resolved,openalex,2026-08-16T22:29:24Z,"X001,X006",,Medicine; Task force; Clinical electrophysiology; Cardiology; Electrophysiology; Internal medicine; Cardiac electrophysiology; Cardiac pacing; Interpretation (philosophy); Programming language; Political science; Computer science,False,other,True,False,True,title,openalex,"{'doi': 'openalex', 'authors': 'semanticscholar', 'first_author': 'semanticscholar', 'lang': 'heuristic'}","{'openalex': 1, 'semanticscholar': 2, 'heuristic': 1}","X001.R000 resolved | hits:OA,S2 | winner:openalex | filled:doi:OP; lang:HE | missing:abstract",PASS_CLEAN,,,"H7-5,H7-6",,"{""H7-5"": {""status"": ""MET"", ""decision"": ""not_meet"", ""confidence"": 0.7, ""threshold"": 0.6, ""field"": ""title"", ""quote"": """", ""quote_valid"": false, ""span"": null, ""used"": true}, ""H7-6"": {""status"": ""MET"", ""decision"": ""not_meet"", ""confidence"": 0.8, ""threshold"": 0.6, ""field"": ""title"", ""quote"": """", ""quote_valid"": false, ""span"": null, ""used"": true}}",PASS_CLEAN: all EL criteria MET.
A069,10110959207380,A toolbox for power system dynamics and control engineering education and research,Joe H. Chow; Kwok W. Cheung,Joe H. Chow,1992.0,10.1109/59.207380,,,,IEEE Transactions on Power Systems,7,4,1559-1564,Institute of Electrical and Electronics Engineers (IEEE),en,https://doi.org/10.1109/59.207380,0.9,resolved,openalex,2026-08-16T22:29:28Z,X002,"The design concept and use of the power system toolbox (PST), a Matlab-based power system dynamics simulation and control design package, are discussed. The motivation for developing the package was to provide a flexible environment for teaching power system simulation techniques and control design concepts to advanced undergraduate and graduate students, and for graduate students to perform research and development on power systems. The authors discuss the capabilities of PST and the software development philosophy. Sample applications are given. Some potential educational usage is suggested. The future enhancement to the package is outlined.&gt;",Toolbox; MATLAB; Computer science; Software engineering; Graduate students; Software package; Electric power system; Control (management); System dynamics; Power (physics); Software; Engineering management,False,article,True,True,False,doi,,"{'venue': 'crossref', 'volume': 'crossref', 'issue': 'crossref', 'pages': 'crossref', 'publisher': 'crossref', 'url': 'crossref', 'lang': 'heuristic'}","{'crossref': 6, 'heuristic': 1}","X002.R000 resolved | hits:OA,CR | winner:- | filled:venue:CR; lang:HE | missing:-",EXCLUSION_SUPPRESSED,,,H7-6,,"{""H7-5"": {""status"": ""SUPPRESSED"", ""decision"": ""meet"", ""confidence"": 0.9, ""threshold"": 0.6, ""field"": ""abstract"", ""quote"": ""The design concept and use of the power system toolbox (PST), a Matlab-based power system dynamics simulation and control design package, are discussed"", ""quote_valid"": true, ""span"": [11, 61], ""used"": true}, ""H7-6"": {""status"": ""MET"", ""decision"": ""not_meet"", ""confidence"": 0.8, ""threshold"": 0.6, ""field"": ""abstract"", ""quote"": """", ""quote_valid"": false, ""span"": null, ""used"": true}}","EXCLUSION_SUPPRESSED: the model returned an excluding verdict on H7-5 which passed the evidence gate. Flag-only is in force for this provider, so the record was NOT excluded and needs human review."
A072,101002sdr1571,Learning through System Dynamics as Preparation for the 21st Century,Jay W. Forrester,Jay W. Forrester,2016.0,10.1002/sdr.1571,,,,System Dynamics Review,32,3-4,187-203,Wiley,en,https://doi.org/10.1002/sdr.1571,0.9,resolved,openalex,2026-08-16T22:29:45Z,X002,,Citation; Computer science; Dynamics (music); System dynamics; Operations research; Library science; Artificial intelligence; World Wide Web; Sociology; Engineering; Pedagogy,False,article,True,True,False,doi,,"{'venue': 'crossref', 'volume': 'crossref', 'issue': 'crossref', 'pages': 'crossref', 'publisher': 'crossref', 'url': 'crossref', 'lang': 'crossref'}",{'crossref': 7},"X002.R000 resolved | hits:OA,CR | winner:- | filled:venue:CR; lang:CR | missing:abstract",PASS_CLEAN,,,"H7-5,H7-6",,"{""H7-5"": {""status"": ""MET"", ""decision"": ""not_meet"", ""confidence"": 0.6, ""threshold"": 0.6, ""field"": ""title"", ""quote"": """", ""quote_valid"": false, ""span"": null, ""used"": true}, ""H7-6"": {""status"": ""MET"", ""decision"": ""not_meet"", ""confidence"": 0.8, ""threshold"": 0.6, ""field"": ""title"", ""quote"": """", ""quote_valid"": false, ""span"": null, ""used"": true}}",PASS_CLEAN: all EL criteria MET.
A073,systemsscienceandmodelingforecologicaleconomics,Systems science and modeling for ecological economics,Alexey Voinov,Alexey Voinov,2008.0,https://openalex.org/W578877956,,,,,,,,,en,,0.9,resolved,openalex,2026-08-16T22:29:46Z,X002,"Modeling is a key component to sciences from mathematics to life science, including environmental and ecological studies. By looking at the underlying concepts of the software, we can make sure that we build mathematically feasible models and that we get the most out of the data and information that we have. This book shows how models can be analyzed using simple math and software to generate meaningful qualitative descriptions of system dynamics. This book shows that even without a full analytical, mathematically rigorous analysis of the equations, there may be ways to derive some qualitative understanding of general behavior of a system. By relating some of the modeling approaches and systems theory to real world examples the book illustrates how these approaches can help understand concepts such as sustainability, peak oil, adaptive management, optimal harvest and other practical applications.

 Relates modeling approaches and systems theory to real world examples
 Teaches students to build mathematically feasible models and get the most of our the data and information available
 Wide range of applications in hydrology, population dynamics, market cycles, sustainability theory, management, and more",Computer science; Management science; Software; Range (aeronautics); Complex adaptive system; Sustainability; Key (lock); System dynamics; Population; Systems ecology; Systems science; Data science,False,article,True,False,False,title,openalex,"{'doi': 'openalex', 'lang': 'heuristic'}","{'openalex': 1, 'heuristic': 1}",X002.R000 resolved | hits:OA | winner:openalex | filled:doi:OP; lang:HE | missing:-,PASS_CLEAN,,,"H7-5,H7-6",,"{""H7-5"": {""status"": ""MET"", ""decision"": ""not_meet"", ""confidence"": 0.8, ""threshold"": 0.6, ""field"": ""abstract"", ""quote"": """", ""quote_valid"": false, ""span"": null, ""used"": true}, ""H7-6"": {""status"": ""MET"", ""decision"": ""not_meet"", ""confidence"": 0.8, ""threshold"": 0.6, ""field"": ""abstract"", ""quote"": """", ""quote_valid"": false, ""span"": null, ""used"": true}}",PASS_CLEAN: all EL criteria MET.
A075,101016japgeochem201103089,"Challenging the planetary boundaries II: Assessing the sustainable global population and phosphate supply, using a systems dynamics assessment model",Harald Sverdrup; KV Ragnarsdottir,Harald Sverdrup,2011.0,10.1016/j.apgeochem.2011.03.089,,,,Applied Geochemistry,26,,S307-S310,Elsevier BV,en,https://doi.org/10.1016/j.apgeochem.2011.03.089,0.9,resolved,openalex,2026-08-16T22:29:47Z,X002,,Planetary boundaries; Population; Boundary (topology); Natural resource economics; System dynamics; Balance (ability); Sustainability; Term (time); Resource (disambiguation); Flexibility (engineering); Relation (database); Natural (archaeology),False,article,True,True,False,doi,,"{'venue': 'crossref', 'volume': 'crossref', 'pages': 'crossref', 'publisher': 'crossref', 'url': 'crossref', 'lang': 'crossref'}",{'crossref': 6},"X002.R000 resolved | hits:OA,CR | winner:- | filled:venue:CR; lang:CR | missing:abstract",PASS_FLAGGED,,,H7-6,H7-5,"{""H7-5"": {""status"": ""UNCERTAIN"", ""decision"": ""meet"", ""confidence"": 0.9, ""threshold"": 0.6, ""field"": ""title"", ""quote"": ""System dynamics"", ""quote_valid"": false, ""span"": [0, 9], ""used"": true}, ""H7-6"": {""status"": ""MET"", ""decision"": ""not_meet"", ""confidence"": 0.9, ""threshold"": 0.6, ""field"": ""title"", ""quote"": """", ""quote_valid"": false, ""span"": null, ""used"": true}}",PASS_FLAGGED: uncertain H7-5
A076,systemdynamicsandlearnercenteredlearninginkindergartenthrough12thgradeeducation,System Dynamics and Learner-Centered-Learning in Kindergarten through 12th Grade Education,Jay W. Forrester,Jay W. Forrester,1992.0,https://openalex.org/W44065870,,,,,,,,,en,,0.9,resolved,openalex,2026-08-16T22:29:48Z,X002,"Abstract: Pre-college education is under attack for poorly serving the needs of society. Unless a superior concept for improving education emerges, public displeasure is apt to result in still more of what is already not working. But now, a fundamentally new and more effective approach to education is emerging from advances in system dynamics. System dynamics offers a framework for giving cohesion, meaning, and motivation to education at all levels from kindergarten upward. A second important ingredient, “learnercentered learning, ” imports to pre-college education the challenge and excitement of a research laboratory. Together, these two innovations harness the creativity, curiosity, and energy of young people. System dynamics allows reversing the traditional educational sequence in which deadening years of learning facts have preceded use of those facts by introducing synthesis (putting it all together) at an early stage in a student’s experience. Such",Creativity; Curiosity; Mathematics education; Dynamics (music); Pedagogy; Meaning (existential); Psychology; Social psychology; Psychotherapist,False,article,True,False,False,title,openalex,"{'doi': 'openalex', 'lang': 'heuristic'}","{'openalex': 1, 'heuristic': 1}",X002.R000 resolved | hits:OA | winner:openalex | filled:doi:OP; lang:HE | missing:-,PASS_FLAGGED,,,H7-6,H7-5,"{""H7-5"": {""status"": ""UNCERTAIN"", ""decision"": ""meet"", ""confidence"": 0.9, ""threshold"": 0.6, ""field"": ""title"", ""quote"": ""System Dynamics"", ""quote_valid"": true, ""span"": [0, 9], ""used"": true}, ""H7-6"": {""status"": ""MET"", ""decision"": ""not_meet"", ""confidence"": 0.7, ""threshold"": 0.6, ""field"": ""abstract"", ""quote"": """", ""quote_valid"": false, ""span"": null, ""used"": true}}",PASS_FLAGGED: uncertain H7-5
A077,acriticalreviewofthecriticismsofsystemdynamics,A Critical Review of the Criticisms of System Dynamics,Charles Featherston; Matthew Doolan,Charles Featherston,2012.0,https://openalex.org/W2216373046,,,,,,,,,en,,0.9,resolved,openalex,2026-08-16T22:29:49Z,X002,"This paper presents a review of the criticisms of system dynamics and assesses the validity of these against recent findings in the field. The authors survey the literature critical of system dynamics and review their criticisms using the current understandings in the system dynamics field. This work suggests that there are some pertinent criticisms that have been aimed at system dynamics. These include the apparent disagreements regarding the role of historical data in model confidence building, system dynamics' reductionist perspective and how system dynamics addresses plurality and hierarchy. Overcoming these criticisms require the ever present need for education, communication and theoretical work. It is hoped this paper will strengthen the mandate of system dynamics in the eyes of its critics, assist and improve the field and its general acceptance as a tool of analysis.",Dynamics (music); Field (mathematics); System dynamics; Perspective (graphical); Hierarchy; Mandate; Engineering ethics; Epistemology; Management science; Reductionism; Work (physics); Sociology,True,conference,True,False,False,title,openalex,"{'doi': 'openalex', 'lang': 'heuristic'}","{'openalex': 1, 'heuristic': 1}",X002.R000 resolved | hits:OA | winner:openalex | filled:doi:OP; lang:HE | missing:-,PASS_FLAGGED,,,H7-6,H7-5,"{""H7-5"": {""status"": ""UNCERTAIN"", ""decision"": ""meet"", ""confidence"": 0.9, ""threshold"": 0.6, ""field"": ""title"", ""quote"": ""System Dynamics"", ""quote_valid"": true, ""span"": [0, 9], ""used"": true}, ""H7-6"": {""status"": ""MET"", ""decision"": ""not_meet"", ""confidence"": 0.6, ""threshold"": 0.6, ""field"": ""title"", ""quote"": """", ""quote_valid"": false, ""span"": null, ""used"": true}}",PASS_FLAGGED: uncertain H7-5
A078,101057palgravejors2600679,The effective communication of system dynamics to improve insight and learning in management education,Kim Warren; Paul C. Langley,Kim Warren,1999.0,10.1057/palgrave.jors.2600679,,,,Journal of the Operational Research Society,50,4,396-404,Informa UK Limited,en,https://doi.org/10.1057/palgrave.jors.2600679,0.9,resolved,openalex,2026-08-16T22:29:49Z,X002,"Experienced exponents of system dynamics in management education appreciate that feedback, non-linearities and delays are ubiquitous, and create difficulties for making intuitive judgements about the dynamic behaviour of business systems. They have applied much effort to solving this problem, offering simple, high-level causal mapping techniques to conceptualise dynamic issues, formal simulation modelling, and simulation-based learning environments. However, the use of these methods is still not extensive, and it is often disconnected from other management development pedagogies.System dynamics is ideally suited to operationalising certain concepts central to the management field, notably the resource-based and competence-based view of strategic management. However, three developments must be made if this potential is to be exploited. Firstly, system dynamics must connect with those established concepts and frameworks in the management field. Secondly, the barriers for managers to appreciate the power of system dynamics must be lowered, to make the method an integral part of the managerial mind-set. Thirdly, managers need help to climb the learning curve of understanding regarding the dynamic behaviour of the business systems they endeavour to manage, through a comprehensive set of resource-mapping and gaming simulation tools.This paper describes how these developments can be implemented, reports on experience of using the resulting learning devices and comments on possible future directions. There is an exciting opportunity for system dynamics to make a major contribution to a new strategy paradigm, based on a dynamic resource-system view of the firm, a perspective that can be extended to other fields in management and to non-business contexts.",Computer science; System dynamics; Competence (human resources); Knowledge management; Field (mathematics); Set (abstract data type); Management science; Artificial intelligence; Engineering; Management; Programming language; Mathematics,False,article,True,True,False,doi,,"{'venue': 'crossref', 'volume': 'crossref', 'issue': 'crossref', 'pages': 'crossref', 'publisher': 'crossref', 'url': 'crossref', 'lang': 'crossref'}",{'crossref': 7},"X002.R000 resolved | hits:OA,CR | winner:- | filled:venue:CR; lang:CR | missing:-",PASS_FLAGGED,,,,"H7-5,H7-6","{""H7-5"": {""status"": ""UNCERTAIN"", ""decision"": ""meet"", ""confidence"": 0.9, ""threshold"": 0.6, ""field"": ""title"", ""quote"": ""System Dynamics"", ""quote_valid"": false, ""span"": [0, 9], ""used"": true}, ""H7-6"": {""status"": ""UNCERTAIN"", ""decision"": ""not_meet"", ""confidence"": 0.5, ""threshold"": 0.6, ""field"": ""title"", ""quote"": """", ""quote_valid"": false, ""span"": null, ""used"": true}}","PASS_FLAGGED: uncertain H7-5, H7-6"
A079,101002sdr4260090202,Foreword: System dynamics in education,Janet Gould-Kreutzer,Janet Gould-Kreutzer,1993.0,10.1002/sdr.4260090202,,,,System Dynamics Review,9,2,101-112,Wiley,en,https://doi.org/10.1002/sdr.4260090202,0.9,resolved,openalex,2026-08-16T22:29:49Z,X002,,Associate editor; Reading (process); Dynamics (music); Citation; Computer science; Artificial intelligence; Sociology; Library science; Philosophy; Linguistics; Pedagogy,False,article,True,True,True,doi,,"{'venue': 'crossref', 'volume': 'crossref', 'issue': 'crossref', 'pages': 'crossref', 'publisher': 'crossref', 'url': 'crossref', 'lang': 'crossref'}",{'crossref': 7},"X002.R000 resolved | hits:OA,CR,S2 | winner:- | filled:venue:CR; lang:CR | missing:abstract",PASS_CLEAN,,,"H7-5,H7-6",,"{""H7-5"": {""status"": ""MET"", ""decision"": ""not_meet"", ""confidence"": 0.8, ""threshold"": 0.6, ""field"": ""keywords"", ""quote"": """", ""quote_valid"": false, ""span"": null, ""used"": true}, ""H7-6"": {""status"": ""MET"", ""decision"": ""not_meet"", ""confidence"": 0.8, ""threshold"": 0.6, ""field"": ""title"", ""quote"": """", ""quote_valid"": false, ""span"": null, ""used"": true}}",PASS_CLEAN: all EL criteria MET.
A085,102556019269,The Limits of Bioenergy: A Complex Systems Approach to Land Use Dynamics and Constraints,Alexandre Strapasson,Alexandre Strapasson,2014.0,10.25560/19269,,,,,,,,,en,,0.9,resolved,openalex,2026-08-16T22:29:53Z,X002,"This thesis aims to use a novel methodology to obtain an understanding of the potential limits of bioenergy by using a complex systems approach for assessing land use dynamics and constraints. Although bioenergy is classified as a renewable energy source, land is a finite resource and its expansion limited. The anthropogenic demands on land result from a combination of multiple provisioning services. These include global food consumption, dietary preference, crop and livestock yields, land use integration, wastes and residues, and bioenergy yields and forms, as well as the allocation of surplus land for forestry and energy crops, and the potential role of negative emission technologies. Thus, bioenergy is just one part of a complex land-use system. The general hypothesis is that there are fundamental limits to the overall scale and rate of the sustainable expansion of bioenergy, which can be assessed by means of combinations of empirical data, mapping tools and complex systems models. To this end, a novel methodological approach is proposed, which is based on a combination of two original models. The first one is termed the Global Calculator Land Use Change Model (GCLUC), developed as part of the Global Calculator Project, in which land is freely allocated worldwide and food security is assumed a priority. The second considers land for dedicated energy crops as a delimited reserve, by integrating Hubbert’s curve principles (originally proposed for peak oil assessments) in agro-ecological zoning schemes (as recently done for sugarcane ethanol in Brazil), resulting in a new model here termed green-Hubbert. The results show ranges of bioenergy potentials and expansion rates in the context of different land use futures. The potential public policies necessary to support sustainable bioenergy are also discussed. Finally, the conclusions show that, indeed, there are fundamental limits to bioenergy, and these limits are dynamic over time.","Bioenergy; Land use; Energy crop; Renewable energy; Environmental resource management; Land use, land-use change and forestry; Natural resource economics; Environmental economics; Computer science; Agroforestry; Environmental science; Economics",True,thesis,True,False,False,doi,,{'lang': 'heuristic'},{'heuristic': 1},X002.R000 resolved | hits:OA | winner:- | filled:lang:HE | missing:-,PASS_CLEAN,,,"H7-5,H7-6",,"{""H7-5"": {""status"": ""MET"", ""decision"": ""not_meet"", ""confidence"": 0.9, ""threshold"": 0.6, ""field"": ""title"", ""quote"": """", ""quote_valid"": false, ""span"": null, ""used"": true}, ""H7-6"": {""status"": ""MET"", ""decision"": ""not_meet"", ""confidence"": 0.9, ""threshold"": 0.6, ""field"": ""title"", ""quote"": """", ""quote_valid"": false, ""span"": null, ""used"": true}}",PASS_CLEAN: all EL criteria MET.
A087,1010800953531420191695584,"Hire fast, fire slow: the employment benefits of energy transitions",Yann Füllemann; Vincent Moreau; Marc Vielle; François Vuille,Yann Füllemann,2019.0,10.1080/09535314.2019.1695584,,,,Economic Systems Research,32,2,202-220,Informa UK Limited,en,https://doi.org/10.1080/09535314.2019.1695584,0.9,resolved,openalex,2026-08-16T22:29:55Z,X002,"The transition towards decarbonized and efficient energy systems has broad socio-economic implications. We estimate the potential impacts on employment from efforts in energy efficiency in industry, transport and buildings as well as substituting local renewable energy sources for fossil fuels. Both energy supply and demand are accounted for. We use a hybrid approach that combines national energy transition scenarios with input–output tables, adjusted for new energy and non-energy activities. We conclude that the transition has a net positive impact on employment as illustrated by the case of Switzerland. The local and decentralized nature of energy efficiency and renewables retains a greater share of value-added domestically than does a supply chain of fossil fuels. Moreover, we find that more jobs are created in demand-side activities, such as building renovation, than in renewable energy generation. Positive impacts on jobs from spillover effects in all non-energy activities are also found.",Renewable energy; Energy transition; Spillover effect; Fossil fuel; Natural resource economics; Energy supply; Efficient energy use; Energy engineering; Economics; Energy (signal processing); Energy policy; Environmental economics,True,article,True,True,False,doi,,"{'venue': 'crossref', 'volume': 'crossref', 'issue': 'crossref', 'pages': 'crossref', 'publisher': 'crossref', 'url': 'crossref', 'lang': 'crossref'}",{'crossref': 7},"X002.R000 resolved | hits:OA,CR | winner:- | filled:venue:CR; lang:CR | missing:-",PASS_CLEAN,,,"H7-5,H7-6",,"{""H7-5"": {""status"": ""MET"", ""decision"": ""not_meet"", ""confidence"": 0.9, ""threshold"": 0.6, ""field"": ""abstract"", ""quote"": """", ""quote_valid"": false, ""span"": null, ""used"": true}, ""H7-6"": {""status"": ""MET"", ""decision"": ""not_meet"", ""confidence"": 0.9, ""threshold"": 0.6, ""field"": ""title"", ""quote"": """", ""quote_valid"": false, ""span"": null, ""used"": true}}",PASS_CLEAN: all EL criteria MET.
A088,101111gcbb12456,On the global limits of bioenergy and land use for climate change mitigation,Alexandre Strapasson; Jeremy Woods; Helena L. Chum; Nicole Kalas; Nilay Shah; Frank Rosillo‐Calle,Alexandre Strapasson,2017.0,10.1111/gcbb.12456,,,,GCB Bioenergy,9,12,1721-1735,Wiley,en,https://doi.org/10.1111/gcbb.12456,0.9,resolved,openalex,2026-08-16T22:29:55Z,X002,"Abstract Across energy, agricultural and forestry landscapes, the production of biomass for energy has emerged as a controversial driver of land‐use change. We present a novel, simple methodology, to probe the potential global sustainability limits of bioenergy over time for energy provision and climate change mitigation using a complex‐systems approach for assessing land‐use dynamics. Primary biomass that could provide between 70 EJ year −1 and 360 EJ year −1 , globally, by 2050 was simulated in the context of different land‐use futures, food diet patterns and climate change mitigation efforts. Our simulations also show ranges of potential greenhouse gas emissions for agriculture, forestry and other land uses by 2050, including not only above‐ground biomass‐related emissions, but also from changes in soil carbon, from as high as 24 GtCO 2 eq year −1 to as low as minus 21 GtCO 2 eq year −1 , which would represent a significant source of negative emissions. Based on the modelling simulations, the discussions offer novel insights about bioenergy as part of a broader integrated system. Whilst there are sustainability limits to the scale of bioenergy provision, they are dynamic over time, being responsive to land management options deployed worldwide.","Bioenergy; Greenhouse gas; Environmental science; Climate change mitigation; Sustainability; Land use, land-use change and forestry; Biomass (ecology); Climate change; Land use; Agriculture; Context (archaeology); Agroforestry",True,article,True,True,False,doi,,"{'venue': 'crossref', 'volume': 'crossref', 'issue': 'crossref', 'pages': 'crossref', 'publisher': 'crossref', 'url': 'crossref', 'lang': 'crossref'}",{'crossref': 7},"X002.R000 resolved | hits:OA,CR | winner:- | filled:venue:CR; lang:CR | missing:-",PASS_CLEAN,,,"H7-5,H7-6",,"{""H7-5"": {""status"": ""MET"", ""decision"": ""not_meet"", ""confidence"": 0.9, ""threshold"": 0.6, ""field"": ""abstract"", ""quote"": """", ""quote_valid"": false, ""span"": null, ""used"": true}, ""H7-6"": {""status"": ""MET"", ""decision"": ""not_meet"", ""confidence"": 0.9, ""threshold"": 0.6, ""field"": ""title"", ""quote"": """", ""quote_valid"": false, ""span"": null, ""used"": true}}",PASS_CLEAN: all EL criteria MET.
A089,101016jfutures201708003,Mexico’s low carbon futures: An integrated assessment for energy planning and climate change mitigation by 2050,Alejandra Elizondo; Vanessa Pérez-Cirera; Alexandre Strapasson; José Carlos Fernández; Diego Cruz-Cano,Alejandra Elizondo,2017.0,10.1016/j.futures.2017.08.003,,,,Futures,93,,14-26,Elsevier BV,en,https://doi.org/10.1016/j.futures.2017.08.003,0.9,resolved,openalex,2026-08-16T22:29:56Z,X002,"This paper shows an integrated assessment for energy planning and climate change mitigation in Mexico, as an international case study. The Mexico 2050 Calculator was used to run a number of low carbon future scenarios by 2050. The calculator consists of a whole-systems model, which combines the main sectors of the Mexican economy into a single visual tool. By integrating energy and carbon dynamics across all sectors and carrying out a sensitivity analysis of the entire model, we compare four low carbon energy scenarios to assess current energy policy strategies in the country. The methodology proposed in this paper can also be applied to any other nation, particularly to those with similar models already available. Our findings show the relative impact of each sector and their various interactions for achieving Mexico’s ratified climate commitments. The paper also includes policy recommendations and highlights the need for scaling-up energy efficiency policy efforts in industry and transport, for having a higher focus on agricultural and land use policies, and for promoting integrated renewable energy policies.",Futures contract; Renewable energy; Climate change; Scenario analysis; Climate change mitigation; Energy planning; Calculator; Energy sector; Greenhouse gas; Energy policy; Efficient energy use; Agriculture,True,article,True,True,False,doi,,"{'venue': 'crossref', 'volume': 'crossref', 'pages': 'crossref', 'publisher': 'crossref', 'url': 'crossref', 'lang': 'crossref'}",{'crossref': 6},"X002.R000 resolved | hits:OA,CR | winner:- | filled:venue:CR; lang:CR | missing:-",PASS_CLEAN,,,"H7-5,H7-6",,"{""H7-5"": {""status"": ""MET"", ""decision"": ""not_meet"", ""confidence"": 0.9, ""threshold"": 0.6, ""field"": ""abstract"", ""quote"": """", ""quote_valid"": false, ""span"": null, ""used"": true}, ""H7-6"": {""status"": ""MET"", ""decision"": ""not_meet"", ""confidence"": 0.9, ""threshold"": 0.6, ""field"": ""title"", ""quote"": """", ""quote_valid"": false, ""span"": null, ""used"": true}}",PASS_CLEAN: all EL criteria MET.
A090,101016jesr2020100545,"EU land use futures: modelling food, bioenergy and carbon dynamics",Alexandre Strapasson; Jeremy Woods; Jérôme Meessen; Onesmus Mwabonje; Gino Baudry; Kofi Mbuk,Alexandre Strapasson,2020.0,10.1016/j.esr.2020.100545,,,,Energy Strategy Reviews,31,,100545,Elsevier BV,en,https://doi.org/10.1016/j.esr.2020.100545,0.9,resolved,openalex,2026-08-16T22:29:56Z,X002,"This paper presents an original system dynamics model, which aims to assess how changes in diet, agricultural practices, bioenergy and forestry could help reduce greenhouse gas emissions. We demonstrate that changes in types and quantities of food consumed and reductions in food wastes along with sustainable bioenergy and forestry dynamics would materially assist the EU in meeting its 2050 climate mitigation obligations. We find that overall rates of EU-28 greenhouse gas emissions are highly sensitive to the food trade balance, both within and outside the EU. Land use itself is often under-represented as a major option for carbon mitigation in policy strategies, but our results show that it must become a central component aligned with energy system decarbonization if material levels of warming mitigation are to be achieved.",Greenhouse gas; Bioenergy; Futures contract; Agriculture; Natural resource economics; Environmental science; Climate change mitigation; Climate change; Land use; Biofuel; Food systems; Agricultural land,True,article,True,True,False,doi,,"{'venue': 'crossref', 'volume': 'crossref', 'pages': 'crossref', 'publisher': 'crossref', 'url': 'crossref', 'lang': 'crossref'}",{'crossref': 6},"X002.R000 resolved | hits:OA,CR | winner:- | filled:venue:CR; lang:CR | missing:-",PASS_FLAGGED,,,H7-6,H7-5,"{""H7-5"": {""status"": ""UNCERTAIN"", ""decision"": ""meet"", ""confidence"": 0.9, ""threshold"": 0.6, ""field"": ""abstract"", ""quote"": ""The paper's primary focus is a numerical or computational method with no human participants."", ""quote_valid"": false, ""span"": [11, 55], ""used"": true}, ""H7-6"": {""status"": ""MET"", ""decision"": ""not_meet"", ""confidence"": 0.8, ""threshold"": 0.6, ""field"": ""title"", ""quote"": """", ""quote_valid"": false, ""span"": null, ""used"": true}}",PASS_FLAGGED: uncertain H7-5
A096,101016jesr2020100494,Modelling carbon mitigation pathways by 2050: Insights from the Global Calculator,Alexandre Strapasson; Jeremy Woods; Vanessa Pérez-Cirera; Alejandra Elizondo; Diego Cruz-Cano; Julien Pestiaux; M. Cornet; Rajiv Kumar Chaturvedi,Alexandre Strapasson,2020.0,10.1016/j.esr.2020.100494,,,,Energy Strategy Reviews,29,,100494,Elsevier BV,en,https://doi.org/10.1016/j.esr.2020.100494,0.9,resolved,openalex,2026-08-16T22:29:58Z,X002,"The Global Calculator (GC) can be used to assess a wide range of climate change mitigation pathways. The GC is an accessible integrated model which calculates the cumulative emissions of a basket of the main greenhouse gases that result from a set of technological and lifestyle choices made at the global level and as defined by the user within a single system dynamics tool. Using the GC, we simulated ambitious scenarios against business as usual trends in order to stay below 2 °C and 1.5 °C of maximum temperature change by the end of this century and carried out a sensitivity analysis of the entire GC model option space. We show that the calculator is useful for making broad simulations for energy, carbon and land use dynamics, and demonstrate how combined and sustained mitigation efforts across different sectors are urgently needed to meet climate targets.",Calculator; Greenhouse gas; Climate change; Climate change mitigation; Range (aeronautics); Sensitivity (control systems); Set (abstract data type); Computer science; Scenario analysis; Business as usual; Environmental science; Order (exchange),True,article,True,True,False,doi,,"{'venue': 'crossref', 'volume': 'crossref', 'pages': 'crossref', 'publisher': 'crossref', 'url': 'crossref', 'lang': 'crossref'}",{'crossref': 6},"X002.R000 resolved | hits:OA,CR | winner:- | filled:venue:CR; lang:CR | missing:-",PASS_CLEAN,,,"H7-5,H7-6",,"{""H7-5"": {""status"": ""MET"", ""decision"": ""not_meet"", ""confidence"": 0.8, ""threshold"": 0.6, ""field"": ""abstract"", ""quote"": """", ""quote_valid"": false, ""span"": null, ""used"": true}, ""H7-6"": {""status"": ""MET"", ""decision"": ""not_meet"", ""confidence"": 0.8, ""threshold"": 0.6, ""field"": ""title"", ""quote"": """", ""quote_valid"": false, ""span"": null, ""used"": true}}",PASS_CLEAN: all EL criteria MET.
A097,101016jesr2020100463,Case-study - The transition of Belgium towards a low carbon society: A macroeconomic analysis fed by a participative approach,Loïc Berger; Th Bréchet; Julien Pestiaux; Vincent van Steenberghe,Loïc Berger,2020.0,10.1016/j.esr.2020.100463,,,,Energy Strategy Reviews,29,,100463,Elsevier BV,en,https://doi.org/10.1016/j.esr.2020.100463,0.9,resolved,openalex,2026-08-16T22:29:58Z,X002,"We describe a new approach for analyzing the socio-economic impacts of a low carbon transition. It consists in feeding a traditional macroeconomic model of a national economy, namely Belgium, with the results of a participative modelling exercise based on a prospective energy accounting model, the so-called Calculator. While contributing to overcoming important economic modelling barriers, this approach fosters stakeholders engagement and allows for extending the scope of the energy transition impact analysis.",Scope (computer science); Calculator; Transition (genetics); Economics; Energy transition; Environmental economics; Energy (signal processing); Economic system; Public economics; Business; Computer science; Panacea (medicine),True,article,True,True,False,doi,,"{'venue': 'crossref', 'volume': 'crossref', 'pages': 'crossref', 'publisher': 'crossref', 'url': 'crossref', 'lang': 'crossref'}",{'crossref': 6},"X002.R000 resolved | hits:OA,CR | winner:- | filled:venue:CR; lang:CR | missing:-",PASS_CLEAN,,,"H7-5,H7-6",,"{""H7-5"": {""status"": ""MET"", ""decision"": ""not_meet"", ""confidence"": 0.8, ""threshold"": 0.6, ""field"": ""abstract"", ""quote"": """", ""quote_valid"": false, ""span"": null, ""used"": true}, ""H7-6"": {""status"": ""MET"", ""decision"": ""not_meet"", ""confidence"": 0.8, ""threshold"": 0.6, ""field"": ""title"", ""quote"": """", ""quote_valid"": false, ""span"": null, ""used"": true}}",PASS_CLEAN: all EL criteria MET.
A099,101016jegypro201612047,Energy Flow Analysis of China 2050 Pathways Energy Calculator with Special Emphasis on Transportation,Steve-Wonder Amakpah; Gengyuan Liu; Yan Hao; Linyu Xu,Steve-Wonder Amakpah,2016.0,10.1016/j.egypro.2016.12.047,,,,Energy Procedia,104,,275-280,Elsevier BV,en,https://doi.org/10.1016/j.egypro.2016.12.047,0.9,resolved,openalex,2026-08-16T22:29:59Z,X002,"Energy optimisation and CO 2 emission reduction cannot be achieved without a holistic analysis of transportation. This research performs a critical analysis of the China 2050 Pathways Calculator with emphasis on its ability to assess long-term energy optimisation and sustainability of the energy-dependent transport sector. It focuses on the structure, methods, assumptions and the energy mix, with emphasis on its application to the transportation system in China. Employing a hybrid energy flow- and meta-analysis, the paper holistically aims to find the relative quantitative importance of mitigation options in each set indicators available for energy optimisation in transport pathways. It compares the combined energy flows (input/output) data and assumptions by applying the formula Pw = k TI to identify the number of pathways (including energy-mix) available in the transport stream of the Calculator – holding all other sectors and their trajectories at default where k =1. Initial results indicate that there are 262,144 ways for selecting transport pathways alone. The framework of analysis and implicit normative assumption determine the focus of mitigating options, in terms of both descriptive emphasis and qualitative evaluation. The usefulness of predicting future energy-mix transformation for all energy-dependent sectors of an economy cannot be overemphasised. However, the huge data set needed and time required to gather such data, if available, to build the model creates too much room for assumptions that could mar the credibility of the outcomes. This research considers the cost involved to build such an integrated model to be a “turn-off” for most policy makers to start such an endeavour. Stemming from the lapses identified in the China 2050 Pathways Calculator, this paper suggests that considerable refinement should be made to the various assumptions in the trajectories to reflect achievable energy/climate change targets by 2050. Also, policymakers should develop an affinity for patience and be committed financially in the search for improved scientific solutions toward energy optimisation and GHG emission reduction.",Calculator; Credibility; Energy (signal processing); Computer science; Sustainability; Energy mix; Set (abstract data type); Emphasis (telecommunications); Risk analysis (engineering); Environmental economics; Scenario analysis; Operations research,True,article,True,True,False,doi,,"{'venue': 'crossref', 'volume': 'crossref', 'pages': 'crossref', 'publisher': 'crossref', 'url': 'crossref', 'lang': 'crossref'}",{'crossref': 6},"X002.R000 resolved | hits:OA,CR | winner:- | filled:venue:CR; lang:CR | missing:-",PASS_CLEAN,,,"H7-5,H7-6",,"{""H7-5"": {""status"": ""MET"", ""decision"": ""not_meet"", ""confidence"": 0.8, ""threshold"": 0.6, ""field"": ""abstract"", ""quote"": """", ""quote_valid"": false, ""span"": null, ""used"": true}, ""H7-6"": {""status"": ""MET"", ""decision"": ""not_meet"", ""confidence"": 0.8, ""threshold"": 0.6, ""field"": ""title"", ""quote"": """", ""quote_valid"": false, ""span"": null, ""used"": true}}",PASS_CLEAN: all EL criteria MET.
A104,101002sres2427,Modelling the Limits of Bioenergy,Alexandre Strapasson,Alexandre Strapasson,2016.0,10.1002/sres.2427,,,,Systems Research and Behavioral Science,33,5,686-690,Wiley,en,https://doi.org/10.1002/sres.2427,0.9,resolved,openalex,2026-08-16T22:30:02Z,X002,"This note offers a glimpse of the author's PhD thesis on the Limits of Bioenergy, which was defended at Imperial College London in 2014. The thesis was also presented as a conference paper in the 59th Annual Meeting of the International Society for the Systems Sciences in Berlin, 2015, receiving the Sir Geoffrey Vickers Memorial Award. This research note gives a brief overview on the proposed complex systems approach to land use dynamics and constraints, as a contribution to the climate change debate. A full scientific article with the whole methodology and original results is already under publication process by the author and his colleagues. Copyright © 2016 John Wiley &amp; Sons, Ltd.",Process (computing); Bioenergy; Sociology; Operations research; Engineering; Computer science; Renewable energy; Operating system; Electrical engineering,False,article,True,True,False,doi,,"{'venue': 'crossref', 'volume': 'crossref', 'issue': 'crossref', 'pages': 'crossref', 'publisher': 'crossref', 'url': 'crossref', 'lang': 'crossref'}",{'crossref': 7},"X002.R000 resolved | hits:OA,CR | winner:- | filled:venue:CR; lang:CR | missing:-",PASS_FLAGGED,,,H7-6,H7-5,"{""H7-5"": {""status"": ""UNCERTAIN"", ""decision"": ""meet"", ""confidence"": 0.9, ""threshold"": 0.6, ""field"": ""abstract"", ""quote"": ""The paper's primary focus is a numerical or computational method with no human participants."", ""quote_valid"": false, ""span"": [11, 55], ""used"": true}, ""H7-6"": {""status"": ""MET"", ""decision"": ""not_meet"", ""confidence"": 0.8, ""threshold"": 0.6, ""field"": ""title"", ""quote"": """", ""quote_valid"": false, ""span"": null, ""used"": true}}",PASS_FLAGGED: uncertain H7-5
A118,101109tbme1986325694,Power Spectral Analysis of Heart Rate Varability in Sudden Cardiac Death: Comparison to Other Methods,G.A. Myers; Gary J. Martin; Norman M. Magid; Phillip S. Barnett; John W. Schaad; Jerry Weiss; Michael Lesch; Donald H. Singer,G.A. Myers,1986.0,10.1109/tbme.1986.325694,https://pubmed.ncbi.nlm.nih.gov/3817848,,,IEEE Transactions on Biomedical Engineering,BME-33,12,1149-1156,Institute of Electrical and Electronics Engineers (IEEE),en,https://doi.org/10.1109/tbme.1986.325694,0.9,resolved,openalex,2026-08-16T22:30:09Z,X003,"Power spectrum analysis of heart rate variability is described and compared to four other reported methods, with respect to their efficacy as predictors of risk of sudden cardiac death (SCD). Approximate frequency domain representations were obtained for each. The underlying physiologic processes which may give rise to spectral components are considered. These methods were employed to analyze 24-h ambulatory ECG's of patient populations at different degrees of risk of SCD. Heart rate variability was found to be reduced in cardiac patients known to be at increased risk of SCD, when compared to those not at increased risk. These differences were greatest in power spectral methods. Thus, power spectrum analysis appears to be more effective than the other methods in segregating these populations, suggesting that this method may be useful in categorizing cardiac patients according to risk of sudden cardiac death.",Sudden cardiac death; Heart rate variability; Spectral analysis; Cardiology; Internal medicine; Electrocardiography; Heart rate; Ambulatory; Medicine; Sudden death; Physics; Blood pressure,False,article,True,True,False,doi,,"{'venue': 'crossref', 'volume': 'crossref', 'issue': 'crossref', 'pages': 'crossref', 'publisher': 'crossref', 'url': 'crossref', 'lang': 'heuristic'}","{'crossref': 6, 'heuristic': 1}","X003.R000 resolved | hits:OA,CR | winner:- | filled:venue:CR; lang:HE | missing:-",PASS_CLEAN,,,"H7-5,H7-6",,"{""H7-5"": {""status"": ""MET"", ""decision"": ""not_meet"", ""confidence"": 0.8, ""threshold"": 0.6, ""field"": ""abstract"", ""quote"": """", ""quote_valid"": false, ""span"": null, ""used"": true}, ""H7-6"": {""status"": ""MET"", ""decision"": ""not_meet"", ""confidence"": 0.8, ""threshold"": 0.6, ""field"": ""abstract"", ""quote"": """", ""quote_valid"": false, ""span"": null, ""used"": true}}",PASS_CLEAN: all EL criteria MET.
A119,10116101cir901121,Circadian rhythms of frequency domain measures of heart rate variability in healthy subjects and patients with coronary artery disease. Effects of arousal and upright posture,Heikki V. Huikuri; Matti Niemelä; Satu Ojala; Asko O. Rantala; Markku J. Ikäheimo; Juhani Airaksinen,Heikki V. Huikuri,1994.0,10.1161/01.cir.90.1.121,https://pubmed.ncbi.nlm.nih.gov/8025987,,,Circulation,90,1,121-126,Ovid Technologies (Wolters Kluwer Health),en,https://doi.org/10.1161/01.cir.90.1.121,0.9,resolved,openalex,2026-08-16T22:30:09Z,X003,"BACKGROUND: Altered neural regulation of the cardiovascular system may be an important factor for various manifestations of ischemic heart disease. This research was designed to compare the circadian rhythm of cardiac neural regulation and autonomic responses to arousal and upright posture between patients with uncomplicated coronary artery disease (CAD) and age-matched subjects with no evidence of heart disease. METHODS AND RESULTS: Twenty-four-hour heart rate variability (HRV) in the frequency domain was analyzed in 20 male patients (mean age, 52 +/- 7 years) with angiographic evidence of CAD without prior myocardial infarction and in 20 healthy men (mean age, 51 +/- 8 years) with no clinical, echocardiographic, or exercise ECG evidence of heart disease. None of the 24-hour average frequency-domain components of HRV differed significantly between the two groups. Healthy subjects had a significant circadian rhythm of normalized units of high-frequency (HF) power of HRV with higher values during sleep. Normalized units of low-frequency (LF) power and the LF/HF ratio also showed a significant circadian rhythm in healthy subjects, with higher values during the daytime. No significant circadian rhythms in any of the normalized spectral components of HRV were observed in patients with CAD, and the night-day difference in LF/HF ratio was smaller in the patients with CAD than in the healthy subjects (0.5 +/- 1.4 versus 1.8 +/- 0.7, P < .001). Awakening when in the supine position resulted in a significant increase in the LF/HF ratio (P < .01) in the healthy subjects, but no significant changes in HRV were observed after awakening in patients with CAD. Assumption of upright position resulted in a comparable decrease in the components of HRV between the groups. CONCLUSIONS: The circadian rhythm of cardiac neural regulation is altered in patients with uncomplicated CAD. Reduced autonomic responses to sleep-wake rhythm suggest that the modulation of cardiac autonomic function by stimuli from the central nervous system is impaired in CAD.",Medicine; Circadian rhythm; Supine position; Heart rate variability; Cardiology; Internal medicine; Coronary artery disease; Rhythm; Heart rate; Myocardial infarction; Blood pressure,False,article,True,True,False,doi,,"{'venue': 'crossref', 'volume': 'crossref', 'issue': 'crossref', 'pages': 'crossref', 'publisher': 'crossref', 'url': 'crossref', 'lang': 'crossref'}",{'crossref': 7},"X003.R000 resolved | hits:OA,CR | winner:- | filled:venue:CR; lang:CR | missing:-",PASS_CLEAN,,,"H7-5,H7-6",,"{""H7-5"": {""status"": ""MET"", ""decision"": ""not_meet"", ""confidence"": 0.8, ""threshold"": 0.6, ""field"": ""abstract"", ""quote"": """", ""quote_valid"": false, ""span"": null, ""used"": true}, ""H7-6"": {""status"": ""MET"", ""decision"": ""not_meet"", ""confidence"": 0.8, ""threshold"": 0.6, ""field"": ""abstract"", ""quote"": """", ""quote_valid"": false, ""span"": null, ""used"": true}}",PASS_CLEAN: all EL criteria MET.
A123,101152ajpheart19942665h2152,Dissociation of heart rate variability from parasympathetic tone,Jeffrey J. Goldberger; Mirza W. Ahmed; Michele Parker; Alan H. Kadish,Jeffrey J. Goldberger,1994.0,10.1152/ajpheart.1994.266.5.h2152,https://pubmed.ncbi.nlm.nih.gov/8203614,,,American Journal of Physiology-Heart and Circulatory Physiology,266,5,H2152-H2157,American Physiological Society,en,https://doi.org/10.1152/ajpheart.1994.266.5.h2152,0.9,resolved,openalex,2026-08-16T22:30:10Z,X003,"Time and frequency domain measurements of heart rate variability have been used as indexes of parasympathetic tone. This study evaluates the effects of parasympathetic stimulation on these indexes. Ten normal subjects (5 females, 5 males; age 27.4 +/- 5.1 yr) were evaluated in the Clinical Research Center. Five-minute electrocardiographic recordings were obtained at baseline and during 1) combined alpha-adrenergic stimulation with baroreflex-increased cardiac parasympathetic activity produced by phenylephrine infusion; 2) parasympathetic blockade (atropine 0.04 mg/kg); and 3) isolated alpha-adrenergic stimulation produced by phenylephrine infusion after parasympathetic blockade. The infusion rate of phenylephrine was titrated to increase the systolic blood pressure by 20-30 mmHg. Heart rate variability analysis was performed using standard time and frequency domain parameters. Phenylephrine infusion resulted in a decrease in the time domain measures and in the high-frequency power. After parasympathetic blockade, alpha-adrenergic stimulation had no significant effect on the heart rate variability parameters. These findings suggest that the heart rate variability parameters traditionally associated with parasympathetic tone do not always reliably measure parasympathetic tone, since they decrease with baroreflex parasympathetic stimulation.",Phenylephrine; Baroreflex; Heart rate; Atropine; Medicine; Stimulation; Heart rate variability; Internal medicine; Propranolol; Parasympathetic nervous system; Blood pressure; Anesthesia,False,article,True,True,False,doi,,"{'venue': 'crossref', 'volume': 'crossref', 'issue': 'crossref', 'pages': 'crossref', 'publisher': 'crossref', 'url': 'crossref', 'lang': 'crossref'}",{'crossref': 7},"X003.R000 resolved | hits:OA,CR | winner:- | filled:venue:CR; lang:CR | missing:-",PASS_CLEAN,,,"H7-5,H7-6",,"{""H7-5"": {""status"": ""MET"", ""decision"": ""not_meet"", ""confidence"": 0.8, ""threshold"": 0.6, ""field"": ""abstract"", ""quote"": """", ""quote_valid"": false, ""span"": null, ""used"": true}, ""H7-6"": {""status"": ""MET"", ""decision"": ""not_meet"", ""confidence"": 0.8, ""threshold"": 0.6, ""field"": ""abstract"", ""quote"": """", ""quote_valid"": false, ""span"": null, ""used"": true}}",PASS_CLEAN: all EL criteria MET.
A124,101152ajpheart19932644h1229,Continuous assessment of hemodynamic control by complex demodulation of cardiovascular variability,Junichiro Hayano; J. Andrew Taylor; Akira Yamada; Shizuo Mukai; Reiko Hori; Takeshi Asakawa; Kenichi Yokoyama; Yukio Watanabe; Kazuyuki Takata; T Fujinami,Junichiro Hayano,1993.0,10.1152/ajpheart.1993.264.4.h1229,https://pubmed.ncbi.nlm.nih.gov/8476100,,,American Journal of Physiology-Heart and Circulatory Physiology,264,4,H1229-H1238,American Physiological Society,en,https://doi.org/10.1152/ajpheart.1993.264.4.h1229,0.9,resolved,openalex,2026-08-16T22:30:11Z,X003,"Usefulness of complex demodulation (CDM) in assessing the frequency components of cardiovascular variability was assessed and, subsequently, this technique was utilized to determine the time-dependent responses of the low-frequency (LF) and high-frequency (HF) amplitudes of heart rate and blood pressure variabilities during postural tilt. CDM provides the time-dependent changes in amplitude of a particular frequency component on a continuous basis. Analysis of simulated data showed that CDM has sufficient frequency resolution to separately measure LF and HF amplitudes with a time resolution < 15 s and that CDM is robust to alterations in the frequency of the components. Analysis of actual data during postural tilt test in 23 young healthy subjects demonstrated that the HF amplitude of heart rate, an index of cardiac parasympathetic tone, rapidly decayed with head-up tilt (P < 0.01) and increased quickly showing an overshoot with tilt back to the supine position (P < 0.01). The LF amplitude of blood pressure, an index of vasomotor sympathetic activity, showed marked rhythmic fluctuation at an interval of 48-100 s during head-up tilt (P < 0.01), synchronizing with similar fluctuation in the LF amplitude of heart rate (P < 0.01). These results suggest that CDM can be used to provide a continuous assessment of cardiovascular variability components and that the dynamic responses of autonomic circulatory control to upright posture result in a phasic modulation of LF amplitude.",Supine position; Heart rate; Tilt (camera); Amplitude; Blood pressure; Cardiology; Heart rate variability; Hemodynamics; Baroreflex; Medicine; Internal medicine; Mathematics,False,article,True,True,False,doi,,"{'venue': 'crossref', 'volume': 'crossref', 'issue': 'crossref', 'pages': 'crossref', 'publisher': 'crossref', 'url': 'crossref', 'lang': 'crossref'}",{'crossref': 7},"X003.R000 resolved | hits:OA,CR | winner:- | filled:venue:CR; lang:CR | missing:-",PASS_CLEAN,,,"H7-5,H7-6",,"{""H7-5"": {""status"": ""MET"", ""decision"": ""not_meet"", ""confidence"": 0.8, ""threshold"": 0.6, ""field"": ""abstract"", ""quote"": """", ""quote_valid"": false, ""span"": null, ""used"": true}, ""H7-6"": {""status"": ""MET"", ""decision"": ""not_meet"", ""confidence"": 0.8, ""threshold"": 0.6, ""field"": ""abstract"", ""quote"": """", ""quote_valid"": false, ""span"": null, ""used"": true}}",PASS_CLEAN: all EL criteria MET.
A127,101172jci115176,Respiratory sinus arrhythmia in dogs. Effects of phasic afferents and chemostimulation,Barbara E. Shykoff; Syed Saqib Naqvi; A. S. Menon; Arthur S. Slutsky,Barbara E. Shykoff,1991.0,10.1172/jci115176,https://pubmed.ncbi.nlm.nih.gov/1902491,,,Journal of Clinical Investigation,87,5,1621-1627,American Society for Clinical Investigation,en,https://doi.org/10.1172/jci115176,0.9,resolved,openalex,2026-08-16T22:30:11Z,X003,"We examined the hypothesis that respiratory sinus arrhythmia (RSA) is primarily a central phenomenon and thus that RSA is directly correlated with respiratory controller output. RSA was measured in nine anesthetized dogs, first during spontaneous breathing (SB) and then during constant flow ventilation (CFV), a technique whereby phasic chest wall movements and thoracic pressure swings are eliminated. Measurements of the heart rate and of the moving time averaged (MTA) phrenic neurogram during these two ventilatory modes were made during progressive hypercapnia and progressive hypoxia. RSA divided by the MTA phrenic amplitude (RSAa) showed a power-law relationship with both arterial carbon dioxide partial pressure (PaCO2) and oxygen saturation (SaO2), but with different exponents for different conditions. However, the power-law relation between RSAa and respiratory frequency had an exponent indistinguishable from -2 whether hypoxia or hypercapnia was the stimulus for increased respiratory drive, and during both CFV and spontaneous breathing (-1.9 +/- 0.4, hypoxia, SB; -1.8 +/- 0.7, hypoxia, CFV; -2.1 +/- 0.8, hypercapnia, SB; -1.9 +/- 0.7, hypercapnia, CFV). We conclude that respiratory sinus arrhythmia is centrally mediated and directly related to respiratory drive, and that changes in blood gases and phasic afferent signals affect RSA primarily by influencing respiratory drive.",Hypercapnia; Vagal tone; Respiratory system; Hypoxia (environmental); Anesthesia; Respiratory rate; Ventilation (architecture); Control of respiration; Baroreceptor; Respiration; Cardiology; Heart rate,True,article,True,True,False,doi,,"{'venue': 'crossref', 'volume': 'crossref', 'issue': 'crossref', 'pages': 'crossref', 'publisher': 'crossref', 'url': 'crossref', 'lang': 'crossref'}",{'crossref': 7},"X003.R000 resolved | hits:OA,CR | winner:- | filled:venue:CR; lang:CR | missing:-",PASS_CLEAN,,,"H7-5,H7-6",,"{""H7-5"": {""status"": ""MET"", ""decision"": ""not_meet"", ""confidence"": 0.8, ""threshold"": 0.6, ""field"": ""abstract"", ""quote"": """", ""quote_valid"": false, ""span"": null, ""used"": true}, ""H7-6"": {""status"": ""MET"", ""decision"": ""not_meet"", ""confidence"": 0.8, ""threshold"": 0.6, ""field"": ""abstract"", ""quote"": """", ""quote_valid"": false, ""span"": null, ""used"": true}}",PASS_CLEAN: all EL criteria MET.
A128,101152jappl19957862003,Respiratory-related heart rate variability persists during central apnea in dogs: mechanisms and implications,Richard L. Horner; Deborah Brooks; L. F. Kozar; K. Gan; Eliot A. Phillipson,Richard L. Horner,1995.0,10.1152/jappl.1995.78.6.2003,https://pubmed.ncbi.nlm.nih.gov/7665392,,,Journal of Applied Physiology,78,6,2003-2013,American Physiological Society,en,https://doi.org/10.1152/jappl.1995.78.6.2003,0.9,resolved,openalex,2026-08-16T22:30:12Z,X003,"The aim of this study was to determine the mechanism(s) responsible for the persistence of respiratory sinus arrhythmia (RSA) during central apnea. In five awake dogs, heart rate (HR) was recorded during constant mechanical ventilation (MV) and during central apneas produced by cessation of MV. For each of 10 control ventilator cycles before MV was stopped, instantaneous HR was plotted against the time from the onset of lung inflation; the fundamental and first harmonic of a sine wave (at the ventilator frequency) was then fitted to the HR data. For the control cycles, the mean r2 from the curve fits was 0.57 +/- 0.07, showing that a significant component of the HR variability was linked to the ventilator cycle. After MV was stopped, RSA persisted and only by the third ""phantom"" ventilator cycle during apnea had the degree of fit consistently decreased compared with control dogs (P < 0.02). The persistence of ventilator-linked RSA at the onset of central apnea supports the concept of a ""memory"" in the respiratory system. Toward the end of central apnea, HR variability reappeared and had the periodicity and rhythmic profile of RSA on 81% of occasions. The presence of RSA-like activity toward the end of central apnea suggests that subthreshold rhythmic respiratory-related activity may be present even before the onset of detectable lung volume changes.",Apnea; Respiratory system; Medicine; Cardiology; Anesthesia; Ventilation (architecture); Heart rate; Vagal tone; Respiratory rate; Central sleep apnea; Lung; Control of respiration,False,article,True,True,False,doi,,"{'venue': 'crossref', 'volume': 'crossref', 'issue': 'crossref', 'pages': 'crossref', 'publisher': 'crossref', 'url': 'crossref', 'lang': 'crossref'}",{'crossref': 7},"X003.R000 resolved | hits:OA,CR | winner:- | filled:venue:CR; lang:CR | missing:-",PASS_CLEAN,,,"H7-5,H7-6",,"{""H7-5"": {""status"": ""MET"", ""decision"": ""not_meet"", ""confidence"": 0.8, ""threshold"": 0.6, ""field"": ""abstract"", ""quote"": """", ""quote_valid"": false, ""span"": null, ""used"": true}, ""H7-6"": {""status"": ""MET"", ""decision"": ""not_meet"", ""confidence"": 0.8, ""threshold"": 0.6, ""field"": ""abstract"", ""quote"": """", ""quote_valid"": false, ""span"": null, ""used"": true}}",PASS_CLEAN: all EL criteria MET.
A132,101002cphycp030216,Interactions Between Respiration and Circulation,M. de Burgh Daly,M. de Burgh Daly,1986.0,10.1002/cphy.cp030216,,,,Comprehensive Physiology,,,529-594,Wiley,en,https://doi.org/10.1002/cphy.cp030216,0.9,resolved,openalex,2026-08-16T22:30:13Z,X003,"Abstract The sections in this article are: Spontaneous Respiratory Variations in the Cardiovascular System Arterial Blood Pressure Heart Rate Cardiac Output Systemic Vascular Resistance Pulmonary Hemodynamics Central Nervous Control of Respiration and the Cardiovascular System Receptors and Afferent Pathways Cell Bodies and Efferent Pathways Central Control of Sympathetic Efferent Activity Descending Pathways to Spinal Sympathetic Outflow Central and Local Peripheral Circulatory Control by Blood Gases Central Effects Peripheral Effects Some Reflex Neural Control Mechanisms Arterial Baroreceptors Peripheral Arterial Chemoreceptors Upper Airway Receptors Facial Receptors Cardiopulmonary Receptors Overall Involvement of Cardiopulmonary Receptors Reflex Cardiovascular Effects of Lung Inflation Cardiac Responses Changes in Systemic Vascular Resistance Coronary Circulation Nature of Pulmonary Receptors Mechanisms of Respiratory Modulation Pulmonary Vagal Reflex Central Respiratory Neuronal Activity Hypocapnia Phasic Respiratory Modulation of Reflex Responses Respiration Heart Rate Respiratory Modulation of Specific Inputs to Nervous System Modulation by Hyperventilation Modulation by Reflex Hypoventilation and Apnea Interactions Between Carotid Baroreceptors and Chemoreceptors Respiratory Modulation of Vagal and Sympathetic Efferent Fiber Activity Activity in Cardiac Vagal Efferent Fibers Activity in Sympathetic Efferent Nerves Mechanisms of Central Integration Respiratory Sinus Arrhythmia Mechanisms Some Examples of Respiratory‐Circulatory Integrative Control Effects of Deep Breath Valsalva Maneuver Acute Hypoxia Hypocapnia Hypercapnia Asphyxia and Breath Holding Breath‐Hold Diving Effects of Changes in the Cardiovascular System on Respiration Respiration, Metabolism, and Cardiac Output Hemorrhagic Hypotension Medical Implications of Respiratory‐Cardiovascular Interactions Diving Response Protective Effects of Defense Mechanisms Exaggerated Defense Responses Restoration of Normal Cardiac Rhythm Sudden Infant Death Syndrome",Hypocapnia; Baroreceptor; Medicine; Reflex; Respiratory system; Anesthesia; Heart rate; Internal medicine; Blood pressure; Hypercapnia,False,other,True,True,False,doi,,"{'venue': 'crossref', 'pages': 'crossref', 'publisher': 'crossref', 'url': 'crossref', 'lang': 'crossref'}",{'crossref': 5},"X003.R000 resolved | hits:OA,CR | winner:- | filled:venue:CR; lang:CR | missing:-",PASS_CLEAN,,,"H7-5,H7-6",,"{""H7-5"": {""status"": ""MET"", ""decision"": ""not_meet"", ""confidence"": 0.8, ""threshold"": 0.6, ""field"": ""title"", ""quote"": """", ""quote_valid"": false, ""span"": null, ""used"": true}, ""H7-6"": {""status"": ""MET"", ""decision"": ""not_meet"", ""confidence"": 0.8, ""threshold"": 0.6, ""field"": ""abstract"", ""quote"": """", ""quote_valid"": false, ""span"": null, ""used"": true}}",PASS_CLEAN: all EL criteria MET.
A133,10116101res592178,Power spectral analysis of heart rate and arterial pressure variabilities as a marker of sympatho-vagal interaction in man and conscious dog,M. Pagani; Federico Lombardi; Stefano Guzzetti; Ornella Rimoldi; Raffaello Furlan; Paolo Pizzinelli; Giulia Sandrone; Gabriella Malfatto; Simonetta Dell’Orto; Emanuela Piccaluga,M. Pagani,1986.0,10.1161/01.res.59.2.178,https://pubmed.ncbi.nlm.nih.gov/2874900,,,Circulation Research,59,2,178-193,Ovid Technologies (Wolters Kluwer Health),en,https://doi.org/10.1161/01.res.59.2.178,0.9,resolved,openalex,2026-08-16T22:30:13Z,X003,"In 57 normal subjects (age 20-60 years), we analyzed the spontaneous beat-to-beat oscillation in R-R interval during control recumbent position, 90 degrees upright tilt, controlled respiration (n = 16) and acute (n = 10) and chronic (n = 12) beta-adrenergic receptor blockade. Automatic computer analysis provided the autoregressive power spectral density, as well as the number and relative power of the individual components. The power spectral density of R-R interval variability contained two major components in power, a high frequency at approximately 0.25 Hz and a low frequency at approximately 0.1 Hz, with a normalized low frequency:high frequency ratio of 3.6 +/- 0.7. With tilt, the low-frequency component became largely predominant (90 +/- 1%) with a low frequency:high frequency ratio of 21 +/- 4. Acute beta-adrenergic receptor blockade (0.2 mg/kg IV propranolol) increased variance at rest and markedly blunted the increase in low frequency and low frequency:high frequency ratio induced by tilt. Chronic beta-adrenergic receptor blockade (0.6 mg/kg p.o. propranolol, t.i.d.), in addition, reduced low frequency and increased high frequency at rest, while limiting the low frequency:high frequency ratio increase produced by tilt. Controlled respiration produced at rest a marked increase in the high-frequency component, with a reduction of the low-frequency component and of the low frequency:high frequency ratio (0.7 +/- 0.1); during tilt, the increase in the low frequency:high frequency ratio (8.3 +/- 1.6) was significantly smaller. In seven additional subjects in whom direct high-fidelity arterial pressure was recorded, simultaneous R-R interval and arterial pressure variabilities were examined at rest and during tilt. Also, the power spectral density of arterial pressure variability contained two major components, with a relative low frequency:high frequency ratio at rest of 2.8 +/- 0.7, which became 17 +/- 5 with tilt. These power spectral density components were numerically similar to those observed in R-R variability. Thus, invasive and noninvasive studies provided similar results. More direct information on the role of cardiac sympathetic nerves on R-R and arterial pressure variabilities was derived from a group of experiments in conscious dogs before and after bilateral stellectomy. Under control conditions, high frequency was predominant and low frequency was very small or absent, owing to a predominant vagal tone. During a 9% decrease in arterial pressure obtained with IV nitroglycerin, there was a marked increase in low frequency, as a result of reflex sympathetic activation.(ABSTRACT TRUNCATED AT 400 WORDS)",Propranolol; Beat (acoustics); Blockade; Internal medicine; Heart rate; Supine position; Respiration; Low frequency; Chemistry; Cardiology; Blood pressure; Endocrinology,True,article,True,True,False,doi,,"{'venue': 'crossref', 'volume': 'crossref', 'issue': 'crossref', 'pages': 'crossref', 'publisher': 'crossref', 'url': 'crossref', 'lang': 'crossref'}",{'crossref': 7},"X003.R000 resolved | hits:OA,CR | winner:- | filled:venue:CR; lang:CR | missing:-",PASS_CLEAN,,,"H7-5,H7-6",,"{""H7-5"": {""status"": ""MET"", ""decision"": ""not_meet"", ""confidence"": 0.8, ""threshold"": 0.6, ""field"": ""abstract"", ""quote"": """", ""quote_valid"": false, ""span"": null, ""used"": true}, ""H7-6"": {""status"": ""MET"", ""decision"": ""not_meet"", ""confidence"": 0.8, ""threshold"": 0.6, ""field"": ""abstract"", ""quote"": """", ""quote_valid"": false, ""span"": null, ""used"": true}}",PASS_CLEAN: all EL criteria MET.
A134,101152ajpheart19812414h620,Respiratory sinus arrhythmia in humans: how breathing pattern modulates heart rate,Jules Hirsch; B. Bishop,Jules Hirsch,1981.0,10.1152/ajpheart.1981.241.4.h620,https://pubmed.ncbi.nlm.nih.gov/7315987,,,American Journal of Physiology-Heart and Circulatory Physiology,241,4,H620-H629,American Physiological Society,en,https://doi.org/10.1152/ajpheart.1981.241.4.h620,0.9,resolved,openalex,2026-08-16T22:30:14Z,X003,"The relationship of respiratory sinus arrhythmia amplitude (RSA) to tidal volume and breathing frequency was quantified during voluntarily controlled tidal volume and breathing frequency and spontaneous quiet breathing. Seventeen seated subjects breathed via mouthpiece and nose-clip, maintaining constant tidal volumes at each of several breathing frequencies. Inspiratory breath hold was zero frequency. Log RSA was plotted vs. log frequency for each tidal volume. The large stable RSA for frequencies less than 6 cycles/min was called low-frequency intercept (LFI, 20 +/- 5 beats/min). Low-frequency intercept was inversely proportional to a subject's age only to 35 yr. At higher breathing frequencies above a characteristic corner frequency (fC, 7.2 +/- 1.5 cycles/min) RSA decreased with constant slope (roll-off; 21 +/- 3.4 dB/decade). The RSA-volume relationship was linear permitting normalization of RSA-frequency curves for tidal volume to yield one curve. Spontaneous breathing data points fell on this curve. Voluntarily coupling of heart rate to breathing frequency in integer ratios reduced breath-by-breath variability of RSA without changing mean RSA. In conclusion, low-frequency intercept, corner frequency, and roll-off characterize an individual's RSA-frequency relationship during both voluntarily controlled and spontaneous breathing.",Tidal volume; Vagal tone; Respiratory rate; Mathematics; Mouthpiece; Ventilation (architecture); Breathing; Cardiology; Respiratory system; Medicine; Heart rate variability; Anesthesia,False,article,True,True,False,doi,,"{'venue': 'crossref', 'volume': 'crossref', 'issue': 'crossref', 'pages': 'crossref', 'publisher': 'crossref', 'url': 'crossref', 'lang': 'crossref'}",{'crossref': 7},"X003.R000 resolved | hits:OA,CR | winner:- | filled:venue:CR; lang:CR | missing:-",PASS_CLEAN,,,"H7-5,H7-6",,"{""H7-5"": {""status"": ""MET"", ""decision"": ""not_meet"", ""confidence"": 0.8, ""threshold"": 0.6, ""field"": ""abstract"", ""quote"": """", ""quote_valid"": false, ""span"": null, ""used"": true}, ""H7-6"": {""status"": ""MET"", ""decision"": ""not_meet"", ""confidence"": 0.8, ""threshold"": 0.6, ""field"": ""abstract"", ""quote"": """", ""quote_valid"": false, ""span"": null, ""used"": true}}",PASS_CLEAN: all EL criteria MET.
A137,10116101cir9171918,Heart Rate Variability During Specific Sleep Stages,Emilio Vanoli; Philip B. Adamson; Ba-Lin; Gian Domenico Pinna; Ralph Lazzara; William C. Orr,Emilio Vanoli,1995.0,10.1161/01.cir.91.7.1918,https://pubmed.ncbi.nlm.nih.gov/7895347,,,Circulation,91,7,1918-1922,Ovid Technologies (Wolters Kluwer Health),en,https://doi.org/10.1161/01.cir.91.7.1918,0.9,resolved,openalex,2026-08-16T22:30:15Z,X003,"BACKGROUND: Heart rate variability (HRV) is typically higher during nighttime. This evidence supports the concept that overall, sleep is a condition during which vagal activity is dominant. Myocardial infarction (MI) results in a loss in the overall nocturnal HRV increase. However, the characteristics of HRV during specific sleep stages in normal subjects and, more importantly, after MI, are unknown. This study describes HRV during sleep stages in normal subjects and in patients with a recent MI. METHODS AND RESULTS: HRV was measured from 5 minutes of continuous ECG recording in 8 subjects with no clinical evidence of coronary artery disease (age, 47 +/- 4 years) and in 8 patients with a recent MI (age, 51 +/- 2 years; NS versus control subjects) in the awake state, non-rapid eye movement (REM), and REM sleep. In normal subjects, the low- to high-frequency ratio (LF/HF) derived from power spectral analysis of HRV decreased significantly from the awake state to non-REM sleep (from 4 +/- 1.4 to 1.22 +/- 0.33, P < .01). During REM sleep, the LF/HF increased to 3 +/- 0.74 (P < .01 versus non-REM, NS versus awake). In post-MI patients, the LF/HF showed an opposite trend toward an increase from 2.4 +/- 0.7 to 5.11 +/- 1.4 (NS, P < .01 versus the control subjects). REM sleep produced a further increase in the LF/HF up to 8.9 +/- 1.6 (P < .01 versus awake and versus REM in control subjects). CONCLUSIONS: Myocardial infarction causes a loss in the capability of the vagus to physiologically activate during sleep. This results in a condition of relative sympathetic dominance even in a situation such as sleep, normally described as a condition of vagal dominance and, consequently, low risk for lethal events. The evidence that the sleep-related vagal activation is lost after MI may provide new insights to understanding the nocturnal occurrence of sudden death.",Medicine; Heart rate variability; Internal medicine; Cardiology; Sleep (system call); Myocardial infarction; Sleep Stages; Nocturnal; Non-rapid eye movement sleep; Heart rate; Rapid eye movement sleep; Slow-wave sleep,False,article,True,True,False,doi,,"{'venue': 'crossref', 'volume': 'crossref', 'issue': 'crossref', 'pages': 'crossref', 'publisher': 'crossref', 'url': 'crossref', 'lang': 'crossref'}",{'crossref': 7},"X003.R000 resolved | hits:OA,CR | winner:- | filled:venue:CR; lang:CR | missing:-",PASS_CLEAN,,,"H7-5,H7-6",,"{""H7-5"": {""status"": ""MET"", ""decision"": ""not_meet"", ""confidence"": 0.8, ""threshold"": 0.6, ""field"": ""title"", ""quote"": """", ""quote_valid"": false, ""span"": null, ""used"": true}, ""H7-6"": {""status"": ""MET"", ""decision"": ""not_meet"", ""confidence"": 0.8, ""threshold"": 0.6, ""field"": ""abstract"", ""quote"": """", ""quote_valid"": false, ""span"": null, ""used"": true}}",PASS_CLEAN: all EL criteria MET.
A138,101093cvr267713,Neural regulation of heart rate variability in endurance athletes and sedentary controls,E M Dixon; Markad V. Kamath; Neil McCartney; Ernest L. Fallen,E M Dixon,1992.0,10.1093/cvr/26.7.713,https://pubmed.ncbi.nlm.nih.gov/1423437,,,Cardiovascular Research,26,7,713-719,Oxford University Press (OUP),en,https://doi.org/10.1093/cvr/26.7.713,0.9,resolved,openalex,2026-08-16T22:30:15Z,X003,"OBJECTIVE: The aim was to examine the cardiac autonomic responses to orthostatic stress and recovery from steady state exercise in endurance trained athletes and sedentary subjects. METHODS: The power spectrum of heart rate variability was measured before and after exercise in 10 male long distance runners and 14 male sedentary control subjects. Both groups were comparable in sex, age, and body mass index. Continuous ECG recordings were obtained during the following physiological manoeuvres: 45 min supine rest state; 10 min standing; 15 min steady state exercise at 50% maximum workload, and 15 min while supine during post-exercise recovery. The resting heart rate of athletes was lower than controls, at 52(SD 4.9) v 67(8.7) beats.min-1, p < 0.001. Power spectrum analysis was performed using autoregressive modelling. RESULTS: The resting high frequency (HF) vagal component was higher in athletes than controls, at 62 (10.7) v 44(22.4) beats.min-1.Hz-1, p < 0.05. The resting low frequency (LF) peak power was significantly reduced in athletes, at 54(9.9) v 70(19.5) in control, p < 0.05. Although no group differences were observed during upright posture or exercise, the LF:HF area ratio had already returned to pre-exercise levels within 5 min of recovery in athletes. Conversely, it required up to 15 min of recovery before a noticeable decrease in the LF:HF area ratio was seen in controls. CONCLUSIONS: These data support the hypothesis that endurance training modifies heart rate control in whole or in part through neurocardiac mechanisms.",Supine position; Heart rate; Medicine; Heart rate variability; Cardiology; Internal medicine; Athletes; Endurance training; Orthostatic vital signs; Physical therapy; Blood pressure,False,article,True,True,False,doi,,"{'venue': 'crossref', 'volume': 'crossref', 'issue': 'crossref', 'pages': 'crossref', 'publisher': 'crossref', 'url': 'crossref', 'lang': 'crossref'}",{'crossref': 7},"X003.R000 resolved | hits:OA,CR | winner:- | filled:venue:CR; lang:CR | missing:-",PASS_CLEAN,,,"H7-5,H7-6",,"{""H7-5"": {""status"": ""MET"", ""decision"": ""not_meet"", ""confidence"": 0.8, ""threshold"": 0.6, ""field"": ""abstract"", ""quote"": """", ""quote_valid"": false, ""span"": null, ""used"": true}, ""H7-6"": {""status"": ""MET"", ""decision"": ""not_meet"", ""confidence"": 0.8, ""threshold"": 0.6, ""field"": ""abstract"", ""quote"": """", ""quote_valid"": false, ""span"": null, ""used"": true}}",PASS_CLEAN: all EL criteria MET.
A139,101016073510979290007a,Comparison of 24-hour parasympathetic activity in endurance-trained and untrained young men,Rochelle L. Goldsmith; J. Thomas Bigger; Richard C. Steinman; Joseph L. Fleiss,Rochelle L. Goldsmith,1992.0,10.1016/0735-1097(92)90007-a,https://pubmed.ncbi.nlm.nih.gov/1512332,,,Journal of the American College of Cardiology,20,3,552-558,Elsevier BV,en,https://doi.org/10.1016/0735-1097(92)90007-a,0.9,resolved,openalex,2026-08-16T22:30:15Z,X003,,Medicine; Reflex; Internal medicine; Heart rate; Cardiology; Parasympathetic nervous system; Autonomic nervous system; Heart rate variability; Blood pressure,True,article,True,True,True,doi,,"{'venue': 'crossref', 'volume': 'crossref', 'issue': 'crossref', 'pages': 'crossref', 'publisher': 'crossref', 'url': 'crossref', 'lang': 'crossref'}",{'crossref': 7},"X003.R000 resolved | hits:OA,CR,S2 | winner:- | filled:venue:CR; lang:CR | missing:abstract",PASS_CLEAN,,,"H7-5,H7-6",,"{""H7-5"": {""status"": ""MET"", ""decision"": ""not_meet"", ""confidence"": 0.8, ""threshold"": 0.6, ""field"": ""title"", ""quote"": """", ""quote_valid"": false, ""span"": null, ""used"": true}, ""H7-6"": {""status"": ""MET"", ""decision"": ""not_meet"", ""confidence"": 0.8, ""threshold"": 0.6, ""field"": ""title"", ""quote"": """", ""quote_valid"": false, ""span"": null, ""used"": true}}",PASS_CLEAN: all EL criteria MET.
A140,10116101cir8141217,Decreased magnitude of heart rate spectral components in coronary artery disease. Its relation to angiographic severity,Junichiro Hayano; Y Sakakibara; Masami Yamada; Nobuyuki Ohte; T Fujinami; Kenichi Yokoyama; Yusuke Watanabe; Kazuyuki Takata,Junichiro Hayano,1990.0,10.1161/01.cir.81.4.1217,https://pubmed.ncbi.nlm.nih.gov/2317904,,,Circulation,81,4,1217-1224,Ovid Technologies (Wolters Kluwer Health),en,https://doi.org/10.1161/01.cir.81.4.1217,0.9,resolved,openalex,2026-08-16T22:30:16Z,X003,"We analyzed the spectral components of RR interval variability under controlled respiration (15 breaths/min) in 56 patients (age range, 35-73 years) referred for coronary angiography; 14 patients had multivessel disease (group M), 21 had one-vessel disease (group S), and 21 had nonsignificant disease or normal coronary artery (group N). There were 43 healthy controls (age range, 36-71 years) (group C). The patients had no clinical evidence of heart failure, hypertension, diabetes mellitus, or acute stage of infarction and had taken no medication for 3 days. The autoregressive power spectral density of RR interval variability contains two major components, respiratory sinus arrhythmia (RSA) (0.25 Hz) and Mayer wave-like sinus arrhythmia (MWSA) (0.04-0.15 Hz), which have magnitudes that are quantitative markers of cardiac vagal activity and sympathetic activity with vagal modulation, respectively. We represented the magnitudes by the coefficient of component variance (CCV), which provided the amplitude relative to the mean RR interval. The age- and sex-adjusted mean of CCVRSA significantly decreased with advancing angiographic severity (1.64 +/- 0.09%, 1.66 +/- 0.12%, 1.22 +/- 0.13%, and 0.81 +/- 0.16% for groups C, N, S, and M, respectively) (p = 0.0001). The CCVRSA was unrelated to left ventricular function, previous myocardial infarction, or stenosis of any specific artery including the sinoatrial and atrioventricular node arteries. The CCVMWSA decreased only in group M (p = 0.0462). These results indicate that coronary artery disease is associated with vagal dominant impairment in autonomic cardiac function and that reduction in the vagal cardiac function correlates with the angiographic severity.",Medicine; Cardiology; Internal medicine; Myocardial infarction; Coronary artery disease; Vagal tone; Sinus rhythm; Heart rate variability; Artery; Stenosis; Diabetes mellitus; Heart rate,True,article,True,True,False,doi,,"{'venue': 'crossref', 'volume': 'crossref', 'issue': 'crossref', 'pages': 'crossref', 'publisher': 'crossref', 'url': 'crossref', 'lang': 'crossref'}",{'crossref': 7},"X003.R000 resolved | hits:OA,CR | winner:- | filled:venue:CR; lang:CR | missing:-",PASS_CLEAN,,,"H7-5,H7-6",,"{""H7-5"": {""status"": ""MET"", ""decision"": ""not_meet"", ""confidence"": 0.8, ""threshold"": 0.6, ""field"": ""abstract"", ""quote"": """", ""quote_valid"": false, ""span"": null, ""used"": true}, ""H7-6"": {""status"": ""MET"", ""decision"": ""not_meet"", ""confidence"": 0.8, ""threshold"": 0.6, ""field"": ""abstract"", ""quote"": """", ""quote_valid"": false, ""span"": null, ""used"": true}}",PASS_CLEAN: all EL criteria MET.
A141,101152ajpheart19942671h33,Effects of respiratory interval on vagal modulation of heart rate,Junichiro Hayano; Shizuo Mukai; Masahito Sakakibara; Akiyoshi Okada; Kazuyuki Takata; T Fujinami,Junichiro Hayano,1994.0,10.1152/ajpheart.1994.267.1.h33,https://pubmed.ncbi.nlm.nih.gov/7914066,,,American Journal of Physiology-Heart and Circulatory Physiology,267,1,H33-H40,American Physiological Society,en,https://doi.org/10.1152/ajpheart.1994.267.1.h33,0.9,resolved,openalex,2026-08-16T22:30:16Z,X003,"To determine whether paced breathing (PB) and respiratory interval of PB modify the relationship between spectral components of heart rate variability (HRV) and cardiac vagal tone, we studied seven healthy young males under the condition of beta-adrenergic blockade by intravenous propranolol (0.2 mg/kg). Compared with spontaneous breathing, PB at the same respiratory interval as that of individual spontaneous breathing showed no significant effect on the amplitude of the high-frequency (HF) component or the mean R-R interval in either the supine or tilt position, whereas the PB decreased the amplitude of the low-frequency (LF; 0.04-0.15 Hz) component in both positions (P = 0.004 and 0.042, respectively). When the respiratory interval was increased from 3 to 6 s, the HF amplitude showed a progressive increase in both positions (P = 0.001 and 0.035, respectively), while the LF amplitude and mean R-R interval remained unchanged. These results indicate that the effects of PB and respiratory interval on the spectral components of HRV are not mediated by the changes in mean cardiac vagal tone and support the hypothesis that increased respiratory interval amplifies the respiratory-related vagal modulation of heart rate.",Vagal tone; Supine position; Respiratory rate; Respiratory system; Heart rate; Cardiology; Heart rate variability; Anesthesia; Respiratory frequency; Medicine; Propranolol; Respiration,False,article,True,True,False,doi,,"{'venue': 'crossref', 'volume': 'crossref', 'issue': 'crossref', 'pages': 'crossref', 'publisher': 'crossref', 'url': 'crossref', 'lang': 'crossref'}",{'crossref': 7},"X003.R000 resolved | hits:OA,CR | winner:- | filled:venue:CR; lang:CR | missing:-",PASS_CLEAN,,,"H7-5,H7-6",,"{""H7-5"": {""status"": ""MET"", ""decision"": ""not_meet"", ""confidence"": 0.8, ""threshold"": 0.6, ""field"": ""abstract"", ""quote"": """", ""quote_valid"": false, ""span"": null, ""used"": true}, ""H7-6"": {""status"": ""MET"", ""decision"": ""not_meet"", ""confidence"": 0.8, ""threshold"": 0.6, ""field"": ""abstract"", ""quote"": """", ""quote_valid"": false, ""span"": null, ""used"": true}}",PASS_CLEAN: all EL criteria MET.
A144,1010160165183887900051,"Spectral analysis of heart rate fluctuations. A non-invasive, sensitive method for the early diagnosis of autonomic neuropathy in diabetes mellitus",Michael Lishner; S. Akselrod; V. Mor Avi; O. Oz; M. Y. Divon; Mordchai Ravid,Michael Lishner,1987.0,10.1016/0165-1838(87)90005-1,https://pubmed.ncbi.nlm.nih.gov/3598051,,,Journal of the Autonomic Nervous System,19,2,119-125,Elsevier BV,en,https://doi.org/10.1016/0165-1838(87)90005-1,0.9,resolved,openalex,2026-08-16T22:30:18Z,X003,,Medicine; Cardiology; Internal medicine; Heart rate; Diabetes mellitus; Vasomotor; Heart rate variability; Baroreceptor; Diabetic neuropathy; Sinoatrial node; Autonomic nervous system; Blood pressure,False,article,True,True,True,doi,,"{'venue': 'crossref', 'volume': 'crossref', 'issue': 'crossref', 'pages': 'crossref', 'publisher': 'crossref', 'url': 'crossref', 'lang': 'crossref'}",{'crossref': 7},"X003.R000 resolved | hits:OA,CR,S2 | winner:- | filled:venue:CR; lang:CR | missing:abstract",PASS_CLEAN,,,"H7-5,H7-6",,"{""H7-5"": {""status"": ""MET"", ""decision"": ""not_meet"", ""confidence"": 0.8, ""threshold"": 0.6, ""field"": ""abstract"", ""quote"": """", ""quote_valid"": false, ""span"": null, ""used"": true}, ""H7-6"": {""status"": ""MET"", ""decision"": ""not_meet"", ""confidence"": 0.8, ""threshold"": 0.6, ""field"": ""abstract"", ""quote"": """", ""quote_valid"": false, ""span"": null, ""used"": true}}",PASS_CLEAN: all EL criteria MET.
A145,101126science6372092,The Respiratory Sinus Arrhythmia: A Measure of Cardiac Age,William J.M. Hrushesky; Darrell J. Fader; Otto H. Schmitt; Victor A. Gilbertsen,William J.M. Hrushesky,1984.0,10.1126/science.6372092,https://pubmed.ncbi.nlm.nih.gov/6372092,,,Science,224,4652,1001-1004,American Association for the Advancement of Science (AAAS),en,https://doi.org/10.1126/science.6372092,0.9,resolved,openalex,2026-08-16T22:30:19Z,X003,"A method developed for quantifying respiratory sinus arrhythmia (RSA) during voluntary cardiorespiratory synchronization relies on computer-assisted rhythmometric cosinor analysis of instantaneous heart rate data. The RSA was present in all subjects tested, even those at advanced ages. The amplitude of the RSA falls approximately 10 percent per decade. An individual with a transplanted heart and one with severe diabetic neuropathy each had resting RSA values that were normal for their ages. The shape and amplitude of the RSA during voluntary cardiorespiratory synchronization may reflect the suppleness of the heart and its response to rhythmically changing intrathoracic pressure and the subsequent ebb-and-flow of venous return. Our technology allows objective quantitative assessment of the biologic age of the heart and also the effect of any drug, disease, or behavior that affects the RSA.",Cardiorespiratory fitness; Vagal tone; Medicine; Heart rate; Cardiology; Respiratory system; Internal medicine; Heart disease; Heart rate variability; Blood pressure,False,article,True,True,False,doi,,"{'venue': 'crossref', 'volume': 'crossref', 'issue': 'crossref', 'pages': 'crossref', 'publisher': 'crossref', 'url': 'crossref', 'lang': 'crossref'}",{'crossref': 7},"X003.R000 resolved | hits:OA,CR | winner:- | filled:venue:CR; lang:CR | missing:-",PASS_CLEAN,,,"H7-5,H7-6",,"{""H7-5"": {""status"": ""MET"", ""decision"": ""not_meet"", ""confidence"": 0.8, ""threshold"": 0.6, ""field"": ""abstract"", ""quote"": """", ""quote_valid"": false, ""span"": null, ""used"": true}, ""H7-6"": {""status"": ""MET"", ""decision"": ""not_meet"", ""confidence"": 0.8, ""threshold"": 0.6, ""field"": ""abstract"", ""quote"": """", ""quote_valid"": false, ""span"": null, ""used"": true}}",PASS_CLEAN: all EL criteria MET.
A146,1010970000684219960100000006,Effect of Slowed Respiration on Cardiac Parasympathetic Response to Threat,Masahito Sakakibara; Junichiro Hayano,Masahito Sakakibara,1996.0,10.1097/00006842-199601000-00006,https://pubmed.ncbi.nlm.nih.gov/8677286,,,Psychosomatic Medicine,58,1,32-37,Ovid Technologies (Wolters Kluwer Health),en,https://doi.org/10.1097/00006842-199601000-00006,0.9,resolved,openalex,2026-08-16T22:30:20Z,X003,"The present study was designed to examine the effect of voluntarily slowed respiration on the cardiac parasympathetic response to a threat: the anticipation of an electric shock. Thirty healthy college students were randomly assigned to the slow, fast, and nonpaced breathing groups (10 subjects each). Subjects in the slow and fast paced breathing groups regulated their breathing rate to 8 and 30 cpm, respectively, and those in the nonpaced breathing group breathed spontaneously. Immediately after the period of paced or nonpaced breathing for 5 minutes, the subjects were exposed for 2 minutes to the anticipation of an electric shock during breathing paced at 15 cpm. The amplitude of the high frequency (HF) component of the heart rate variability, an index of cardiac parasympathetic tone, significantly decreased during the threat in the fast and nonpaced breathing groups, whereas it was unchanged in the slow paced breathing group. No significant difference was observed among the three groups in the amplitude of respiration during the threat. Results suggest that a slowed respiration decreases the cardiac parasympathetic withdrawal response to the threat. This study provides a rationale for the therapeutic uses of the slowed respiration maneuver in attenuating the cardiac autonomic responses in patients with anxiety disorder.",Respiration; Breathing; Anticipation (artificial intelligence); Medicine; Heart rate; Heart rate variability; Anesthesia; Vagal tone; Ventilation (architecture); Shock (circulatory); Cardiology; Internal medicine,False,article,True,True,False,doi,,"{'venue': 'crossref', 'volume': 'crossref', 'issue': 'crossref', 'pages': 'crossref', 'publisher': 'crossref', 'url': 'crossref', 'lang': 'crossref'}",{'crossref': 7},"X003.R000 resolved | hits:OA,CR | winner:- | filled:venue:CR; lang:CR | missing:-",PASS_CLEAN,,,"H7-5,H7-6",,"{""H7-5"": {""status"": ""MET"", ""decision"": ""not_meet"", ""confidence"": 0.9, ""threshold"": 0.6, ""field"": ""abstract"", ""quote"": """", ""quote_valid"": false, ""span"": null, ""used"": true}, ""H7-6"": {""status"": ""MET"", ""decision"": ""not_meet"", ""confidence"": 0.9, ""threshold"": 0.6, ""field"": ""abstract"", ""quote"": """", ""quote_valid"": false, ""span"": null, ""used"": true}}",PASS_CLEAN: all EL criteria MET.
A151,101159000195699,Chronotropic Effects of Progressive Hypoxia and Hypercapnia,Mark Sanders; Fernando A. Keller,Mark Sanders,2009.0,10.1159/000195699,https://pubmed.ncbi.nlm.nih.gov/2740637,,,Respiration,,,1-10,S. Karger AG,en,https://doi.org/10.1159/000195699,0.9,resolved,openalex,2026-08-16T22:30:23Z,X003,"The effects of acute, progressive isocapnic hypoxia and hyperoxic hypercapnia on heart rate (HR) were determined in 13 normal individuals. In all subjects there was an inverse linear relationship between hemoglobin oxygen saturation and HR. For the group, the HR (mean +/- SE) increased from 72 +/- 2 to 89.5 +/- 3 beats/min representing a 25% increase. During progressive hypercapnia, the HR increased from 72 +/- 2 to 75 +/- 2 beats/min, representing only a 4% increase. In contrast to the HR response to hypoxia, there was a heterogeneous HR response to hypercapnia, with most subjects having a mild increase in HR, but some showing no response and a few exhibiting a decrease in HR. We conclude that although there is a significant tachycardic response to isocapnic hypoxia, the tachycardic response to hyperoxic hypercapnia is small and clinically insignificant. In addition, while there is uniformly a tachycardic response to isocapnic hypoxia, there is a considerable interindividual variability of the HR response to hyperoxic hypercapnia.",Hypercapnia; Medicine; Hypoxia (environmental); Chronotropic; Anesthesia; Heart rate; Internal medicine; Cardiology; Respiratory system; Oxygen; Chemistry; Blood pressure,False,article,True,True,False,doi,,"{'venue': 'crossref', 'pages': 'crossref', 'publisher': 'crossref', 'url': 'crossref', 'lang': 'crossref'}",{'crossref': 5},"X003.R000 resolved | hits:OA,CR | winner:- | filled:venue:CR; lang:CR | missing:-",PASS_CLEAN,,,"H7-5,H7-6",,"{""H7-5"": {""status"": ""MET"", ""decision"": ""not_meet"", ""confidence"": 0.7, ""threshold"": 0.6, ""field"": ""abstract"", ""quote"": """", ""quote_valid"": false, ""span"": null, ""used"": true}, ""H7-6"": {""status"": ""MET"", ""decision"": ""not_meet"", ""confidence"": 0.7, ""threshold"": 0.6, ""field"": ""abstract"", ""quote"": """", ""quote_valid"": false, ""span"": null, ""used"": true}}",PASS_CLEAN: all EL criteria MET.
A152,10116101cir9351043,Heart Rate Variability,Task Force of the European Society of Cardiology the North A Electrophysiology,Task Force of the European Society of Cardiology the North A Electrophysiology,1996.0,10.1161/01.cir.93.5.1043,,,,Circulation,93,5,1043-1065,Ovid Technologies (Wolters Kluwer Health),en,https://doi.org/10.1161/01.cir.93.5.1043,0.9,resolved,openalex,2026-08-16T22:30:24Z,X003,"Healthy biological systems exhibit complex patterns of variability that can be described by mathematical chaos. Heart rate variability (HRV) consists of changes in the time intervals between consecutive heartbeats called interbeat intervals (IBIs). A healthy heart is not a metronome. The oscillations of a healthy heart are complex and constantly changing, which allow the cardiovascular system to rapidly adjust to sudden physical and psychological challenges to homeostasis. This article briefly reviews current perspectives on the mechanisms that generate 24 h, short-term (~5 min), and ultra-short-term (<5 min) HRV, the importance of HRV, and its implications for health and performance. The authors provide an overview of widely-used HRV time-domain, frequency-domain, and non-linear metrics. Time-domain indices quantify the amount of HRV observed during monitoring periods that may range from ~2 min to 24 h. Frequency-domain values calculate the absolute or relative amount of signal energy within component bands. Non-linear measurements quantify the unpredictability and complexity of a series of IBIs. The authors survey published normative values for clinical, healthy, and optimal performance populations. They stress the importance of measurement context, including recording period length, subject age, and sex, on baseline HRV values. They caution that 24 h, short-term, and ultra-short-term normative values are not interchangeable. They encourage professionals to supplement published norms with findings from their own specialized populations. Finally, the authors provide an overview of HRV assessment strategies for clinical and optimal performance interventions.",Medicine; Cardiology; Internal medicine,False,article,True,True,True,doi,,"{'venue': 'crossref', 'volume': 'crossref', 'issue': 'crossref', 'pages': 'crossref', 'publisher': 'crossref', 'url': 'crossref', 'lang': 'crossref', 'abstract': 'semanticscholar'}","{'crossref': 7, 'semanticscholar': 1}","X003.R000 resolved | hits:OA,CR,S2 | winner:- | filled:venue:CR; lang:CR; abstract:SE | missing:-",PASS_CLEAN,,,"H7-5,H7-6",,"{""H7-5"": {""status"": ""MET"", ""decision"": ""not_meet"", ""confidence"": 0.6, ""threshold"": 0.6, ""field"": ""abstract"", ""quote"": """", ""quote_valid"": false, ""span"": null, ""used"": true}, ""H7-6"": {""status"": ""MET"", ""decision"": ""not_meet"", ""confidence"": 0.6, ""threshold"": 0.6, ""field"": ""abstract"", ""quote"": """", ""quote_valid"": false, ""span"": null, ""used"": true}}",PASS_CLEAN: all EL criteria MET.
A154,101152ajpheart19892561h153,Transfer function analysis of autonomic regulation. II. Respiratory sinus arrhythmia,J. Philip Saul; Ronald D. Berger; M. H. Chen; Richard J. Cohen,J. Philip Saul,1989.0,10.1152/ajpheart.1989.256.1.h153,https://pubmed.ncbi.nlm.nih.gov/2912177,,,American Journal of Physiology-Heart and Circulatory Physiology,256,1,H153-H161,American Physiological Society,en,https://doi.org/10.1152/ajpheart.1989.256.1.h153,0.9,resolved,openalex,2026-08-16T22:30:25Z,X003,"An efficient new technique was developed to investigate heart rate control at all physiologically relevant frequencies by using respiratory activity as a frequency probe of the autonomic nervous response. The transfer function from respiratory activity to heart rate was determined during 6-min periods in which the respiratory rate was voluntarily controlled in a predetermined but erratic fashion. Changes in posture were used to manipulate autonomic balance. Respiratory sinus arrhythmia was determined to be a frequency-dependent phenomenon with the magnitude and phase characteristics of a low-pass filter. In agreement with previous work, at typical respiratory frequencies (greater than 0.15 Hz) increases in heart rate occurred simultaneously with the onset of inspiratory activity; however, at frequencies less than 0.15 Hz the phase relationship was quite different, such that increases in heart rate preceded inspiration. Between 0.15 and 0.45 Hz, the transfer magnitude was consistently lower while the subjects were in the upright posture than when in the supine posture, but below 0.15 Hz, it was equal in both postures. A model for respiratory modulation of heart rate, based on the atrial rate response characteristics determined in the companion paper [Am. J. Physiol. 256 (Heart Circ. Physiol. 25): H142-H152, 1989], suggests that the magnitude and phase characteristics of the subjects in the supine and upright postures differ because of relatively increased sympathetic outflow in the upright posture. A precise and efficient characterization of respiratory sinus arrhythmia can yield considerable insight into the autonomic regulation of the heart.",Supine position; Heart rate; Vagal tone; Respiratory system; Cardiology; Heart rate variability; Autonomic nervous system; Medicine; Electrocardiography; Internal medicine; Anesthesia; Blood pressure,False,article,True,True,False,doi,,"{'venue': 'crossref', 'volume': 'crossref', 'issue': 'crossref', 'pages': 'crossref', 'publisher': 'crossref', 'url': 'crossref', 'lang': 'crossref'}",{'crossref': 7},"X003.R000 resolved | hits:OA,CR | winner:- | filled:venue:CR; lang:CR | missing:-",PASS_CLEAN,,,"H7-5,H7-6",,"{""H7-5"": {""status"": ""MET"", ""decision"": ""not_meet"", ""confidence"": 0.8, ""threshold"": 0.6, ""field"": ""abstract"", ""quote"": """", ""quote_valid"": false, ""span"": null, ""used"": true}, ""H7-6"": {""status"": ""MET"", ""decision"": ""not_meet"", ""confidence"": 0.6, ""threshold"": 0.6, ""field"": ""abstract"", ""quote"": """", ""quote_valid"": false, ""span"": null, ""used"": true}}",PASS_CLEAN: all EL criteria MET.
A157,101111j146989861994tb02210x,Effect of relaxation training on cardiac parasympathetic tone,Masahito Sakakibara; Satoshi Takeuchi; Junichiro Hayano,Masahito Sakakibara,1994.0,10.1111/j.1469-8986.1994.tb02210.x,https://pubmed.ncbi.nlm.nih.gov/8008785,,,Psychophysiology,31,3,223-228,Wiley,en,https://doi.org/10.1111/j.1469-8986.1994.tb02210.x,0.9,resolved,openalex,2026-08-16T22:30:26Z,X003,"To examine the hypothesis that the relaxation response is associated with an increase in cardiac parasympathetic tone, the frequency components of heart rate variability during relaxation training were investigated in 16 college students. Electrocardiograms and pneumograms were recorded during a 5-min baseline period followed by three successive 5-min sessions of the autogenic training (relaxation) or by the same periods of quiet rest (control), while subjects breathed synchronously with a visual pacemaker (0.25 Hz). Although neither the magnitude nor the frequency of respiration showed a significant difference between relaxation and control, the amplitude of the high-frequency component of heart rate variability increased only during relaxation (p = .008). There was no significant difference in the ratio of the low-frequency (0.04-0.15 Hz) to the high-frequency amplitudes. The increased high-frequency amplitude without changes in the respiratory parameters indicates enhanced cardiac parasympathetic tone. Thus, our results support the initial hypothesis of this study. Enhanced cardiac parasympathetic tone may explain an important mechanism underlying the beneficial effect of the relaxation response.",Relaxation (psychology); Vagal tone; Heart rate variability; Heart rate; Audiology; Psychology; Cardiology; Tone (literature); Respiration; QUIET; Amplitude; Internal medicine,False,article,True,True,False,doi,,"{'venue': 'crossref', 'volume': 'crossref', 'issue': 'crossref', 'pages': 'crossref', 'publisher': 'crossref', 'url': 'crossref', 'lang': 'crossref'}",{'crossref': 7},"X003.R000 resolved | hits:OA,CR | winner:- | filled:venue:CR; lang:CR | missing:-",PASS_CLEAN,,,"H7-5,H7-6",,"{""H7-5"": {""status"": ""MET"", ""decision"": ""not_meet"", ""confidence"": 0.8, ""threshold"": 0.6, ""field"": ""abstract"", ""quote"": """", ""quote_valid"": false, ""span"": null, ""used"": true}, ""H7-6"": {""status"": ""MET"", ""decision"": ""not_meet"", ""confidence"": 0.8, ""threshold"": 0.6, ""field"": ""abstract"", ""quote"": """", ""quote_valid"": false, ""span"": null, ""used"": true}}",PASS_CLEAN: all EL criteria MET.
A159,101152jappl19947762879,Assessment of frequency shifts in R-R interval variability and respiration with complex demodulation,Junichiro Hayano; J. Andrew Taylor; Sada‐atsu Mukai; Akiyoshi Okada; Yusuke Watanabe; Kazuyuki Takata; T Fujinami,Junichiro Hayano,1994.0,10.1152/jappl.1994.77.6.2879,https://pubmed.ncbi.nlm.nih.gov/7896636,,,Journal of Applied Physiology,77,6,2879-2888,American Physiological Society,en,https://doi.org/10.1152/jappl.1994.77.6.2879,0.9,resolved,openalex,2026-08-16T22:30:26Z,X003,"A complex demodulation (CDM) method for continuous assessment of frequency shifts and time-dependent changes in amplitude in the rhythmic components existing in predefined frequency bands was proposed and applied to the analysis of high-frequency (HF) and low-frequency (LF) components of the R-R interval and to the analysis of respiration via impedance spirogram. Simulation studies revealed that this CDM technique furnishes mathematical features well suited to the investigation of non-stationary R-R interval signals and can delineate time-dependent fluctuations in both amplitude and frequency, accurately differentiating between HF and LF components. Analysis of data during paced breathing at different respiratory frequencies revealed that the estimated frequency of the HF component and respiration faithfully reflected the frequency of paced breathing. Analysis of data during dynamic exercise with increasing workload (20 W/min) showed that the frequency of the HF component was elevated with exercise and that both HF and LF amplitudes were reduced progressively with advancing load. CDM-derived frequency and amplitude of respiration were highly correlated to direct breath-by-breath respiratory frequency and tidal volume measurements. We conclude that this method could provide a powerful means for continuously assessing time-dependent changes in both cardiovascular and respiratory variations.",Amplitude; Respiration; Demodulation; Breathing; Mathematics; Biological system; Physics; Acoustics; Computer science; Medicine; Telecommunications; Anesthesia,False,article,True,True,False,doi,,"{'venue': 'crossref', 'volume': 'crossref', 'issue': 'crossref', 'pages': 'crossref', 'publisher': 'crossref', 'url': 'crossref', 'lang': 'crossref'}",{'crossref': 7},"X003.R000 resolved | hits:OA,CR | winner:- | filled:venue:CR; lang:CR | missing:-",PASS_CLEAN,,,"H7-5,H7-6",,"{""H7-5"": {""status"": ""MET"", ""decision"": ""not_meet"", ""confidence"": 0.8, ""threshold"": 0.6, ""field"": ""abstract"", ""quote"": """", ""quote_valid"": false, ""span"": null, ""used"": true}, ""H7-6"": {""status"": ""MET"", ""decision"": ""not_meet"", ""confidence"": 0.7, ""threshold"": 0.6, ""field"": ""abstract"", ""quote"": """", ""quote_valid"": false, ""span"": null, ""used"": true}}",PASS_CLEAN: all EL criteria MET.
A160,101152ajplegacy19662102321,Sinus arrhythmia in the dog,Robert L. Hamlin; Smith Cr; Smetzer Dl,Robert L. Hamlin,1966.0,10.1152/ajplegacy.1966.210.2.321,https://pubmed.ncbi.nlm.nih.gov/5901470,,,American Journal of Physiology-Legacy Content,210,2,321-328,American Physiological Society,en,https://doi.org/10.1152/ajplegacy.1966.210.2.321,0.9,resolved,openalex,2026-08-16T22:30:26Z,X003,,Context (archaeology); Heart rate; Medicine; Cardiology; Internal medicine; Heart rate variability; Biology; Blood pressure; Paleontology,False,article,True,True,True,doi,,"{'venue': 'crossref', 'volume': 'crossref', 'issue': 'crossref', 'pages': 'crossref', 'publisher': 'crossref', 'url': 'crossref', 'lang': 'crossref'}",{'crossref': 7},"X003.R000 resolved | hits:OA,CR,S2 | winner:- | filled:venue:CR; lang:CR | missing:abstract",PASS_CLEAN,,,"H7-5,H7-6",,"{""H7-5"": {""status"": ""MET"", ""decision"": ""not_meet"", ""confidence"": 0.8, ""threshold"": 0.6, ""field"": ""title"", ""quote"": """", ""quote_valid"": false, ""span"": null, ""used"": true}, ""H7-6"": {""status"": ""MET"", ""decision"": ""not_meet"", ""confidence"": 0.9, ""threshold"": 0.6, ""field"": ""title"", ""quote"": """", ""quote_valid"": false, ""span"": null, ""used"": true}}",PASS_CLEAN: all EL criteria MET.
A161,101152ajplegacy197021841030,Cardiac vagal efferent activity and heart period in the carotid sinus reflex,P. G. Katona; JW Poitras; GO Barnett; BS Terry,P. G. Katona,1970.0,10.1152/ajplegacy.1970.218.4.1030,https://pubmed.ncbi.nlm.nih.gov/5435400,,,American Journal of Physiology-Legacy Content,218,4,1030-1037,American Physiological Society,en,https://doi.org/10.1152/ajplegacy.1970.218.4.1030,0.9,resolved,openalex,2026-08-16T22:30:28Z,X003,,Vagal tone; Heart rate; Heart rate variability; Medicine; Efferent; Internal medicine; Vagus nerve; Cardiology; Cardiorespiratory fitness; Autonomic nervous system; Vagus nerve stimulation; Reflex,False,article,True,True,True,doi,,"{'venue': 'crossref', 'volume': 'crossref', 'issue': 'crossref', 'pages': 'crossref', 'publisher': 'crossref', 'url': 'crossref', 'lang': 'crossref'}",{'crossref': 7},"X003.R000 resolved | hits:OA,CR,S2 | winner:- | filled:venue:CR; lang:CR | missing:abstract",PASS_CLEAN,,,"H7-5,H7-6",,"{""H7-5"": {""status"": ""MET"", ""decision"": ""not_meet"", ""confidence"": 0.8, ""threshold"": 0.6, ""field"": ""title"", ""quote"": """", ""quote_valid"": false, ""span"": null, ""used"": true}, ""H7-6"": {""status"": ""MET"", ""decision"": ""not_meet"", ""confidence"": 0.9, ""threshold"": 0.6, ""field"": ""abstract"", ""quote"": """", ""quote_valid"": false, ""span"": null, ""used"": true}}",PASS_CLEAN: all EL criteria MET.
A163,101152ajplegacy196821561397,Frequency-response characteristics of vascular resistance vessels,Milton Rosenbaum; D. Race,Milton Rosenbaum,1968.0,10.1152/ajplegacy.1968.215.6.1397,https://pubmed.ncbi.nlm.nih.gov/5723000,,,American Journal of Physiology-Legacy Content,215,6,1397-1402,American Physiological Society,en,https://doi.org/10.1152/ajplegacy.1968.215.6.1397,0.9,resolved,openalex,2026-08-16T22:30:29Z,X003,,Baroreflex; Medicine; Heart rate; Vascular resistance; Cardiology; Internal medicine; Population; Heart rate variability; Psychophysiology; Blood pressure; Psychiatry; Environmental health,False,article,True,True,True,doi,,"{'venue': 'crossref', 'volume': 'crossref', 'issue': 'crossref', 'pages': 'crossref', 'publisher': 'crossref', 'url': 'crossref', 'lang': 'crossref'}",{'crossref': 7},"X003.R000 resolved | hits:OA,CR,S2 | winner:- | filled:venue:CR; lang:CR | missing:abstract",PASS_CLEAN,,,"H7-5,H7-6",,"{""H7-5"": {""status"": ""MET"", ""decision"": ""not_meet"", ""confidence"": 0.8, ""threshold"": 0.6, ""field"": ""title"", ""quote"": """", ""quote_valid"": false, ""span"": null, ""used"": true}, ""H7-6"": {""status"": ""MET"", ""decision"": ""not_meet"", ""confidence"": 0.8, ""threshold"": 0.6, ""field"": ""abstract"", ""quote"": """", ""quote_valid"": false, ""span"": null, ""used"": true}}",PASS_CLEAN: all EL criteria MET.
A165,101152ajpheart20002795h2344,Impact of acute hypoxia on heart rate and blood pressure variability in conscious dogs,Fumihiko Yasuma; Junichiro Hayano,Fumihiko Yasuma,2000.0,10.1152/ajpheart.2000.279.5.h2344,https://pubmed.ncbi.nlm.nih.gov/11045971,,,American Journal of Physiology-Heart and Circulatory Physiology,279,5,H2344-H2349,American Physiological Society,en,https://doi.org/10.1152/ajpheart.2000.279.5.h2344,0.9,resolved,openalex,2026-08-16T22:30:30Z,X003,"To examine whether the impacts of hypoxia on autonomic regulations involve the phasic modulations as well as tonic controls of cardiovascular variables, heart rate, blood pressure, and their variability during isocapnic progressive hypoxia were analyzed in trained conscious dogs prepared with a permanent tracheostomy and an implanted blood pressure telemetry unit. Data were obtained at baseline and when minute ventilation (VI) first reached 10 (VI10), 15 (VI15), and 20 (VI20) l/min during hypoxia. Time-dependent changes in the amplitudes of the high-frequency component of the R-R interval (RRIHF) and the low-frequency component of mean arterial pressure (MAPLF) were analyzed by complex demodulation. In a total of 47 progressive hypoxic runs in three dogs, RRIHF decreased at VI15 and VI20 and MAPLF increased at VI10 and VI15 but not at VI20, whereas heart rate and arterial pressure increased progressively with advancing hypoxia. We conclude that the autonomic responses to isocapnic progressive hypoxia involve tonic controls and phasic modulations of cardiovascular variables; the latter may be characterized by a progressive reduction in respiratory vagal modulation of heart rate and a transient augmentation in low-frequency sympathetic modulation of blood pressure.",Blood pressure; Hypoxia (environmental); Cardiology; Heart rate; Medicine; Internal medicine; Anesthesia; Oxygen; Chemistry; Organic chemistry,False,article,True,True,False,doi,,"{'venue': 'crossref', 'volume': 'crossref', 'issue': 'crossref', 'pages': 'crossref', 'publisher': 'crossref', 'url': 'crossref', 'lang': 'crossref'}",{'crossref': 7},"X003.R000 resolved | hits:OA,CR | winner:- | filled:venue:CR; lang:CR | missing:-",PASS_CLEAN,,,"H7-5,H7-6",,"{""H7-5"": {""status"": ""MET"", ""decision"": ""not_meet"", ""confidence"": 0.8, ""threshold"": 0.6, ""field"": ""abstract"", ""quote"": """", ""quote_valid"": false, ""span"": null, ""used"": true}, ""H7-6"": {""status"": ""MET"", ""decision"": ""not_meet"", ""confidence"": 0.8, ""threshold"": 0.6, ""field"": ""abstract"", ""quote"": """", ""quote_valid"": false, ""span"": null, ""used"": true}}",PASS_CLEAN: all EL criteria MET.
A187,10103710892680103229,Heart Rate Variability as an Index of Regulated Emotional Responding,Bradley M. Appelhans; Linda J. Luecken,Bradley M. Appelhans,2006.0,10.1037/1089-2680.10.3.229,,,,Review of General Psychology,10,3,229-240,SAGE Publications,en,https://doi.org/10.1037/1089-2680.10.3.229,0.9,resolved,openalex,2026-08-16T22:30:46Z,"X006,X008,X013","The study of individual differences in emotional responding can provide considerable insight into interpersonal dynamics and the etiology of psychopathology. Heart rate variability (HRV) analysis is emerging as an objective measure of regulated emotional responding (generating emotional responses of appropriate timing and magnitude). This review provides a theoretical and empirical rationale for the use of HRV as an index of individual differences in regulated emotional responding. Two major theoretical frameworks that articulate the role of HRV in emotional responding are presented, and relevant empirical literature is reviewed. The case is made that HRV is an accessible research tool that can increase the understanding of emotion in social and psychopathological processes.",Psychology; Heart rate variability; Psychopathology; Interpersonal communication; Emotional regulation; Psychophysiology; Empirical research; Index (typography); Cognitive psychology; Developmental psychology; Heart rate; Social psychology,False,article,True,True,False,doi,,"{'venue': 'crossref', 'volume': 'crossref', 'issue': 'crossref', 'pages': 'crossref', 'publisher': 'crossref', 'url': 'crossref', 'lang': 'crossref'}",{'crossref': 7},"X006.R000 resolved | hits:OA,CR | winner:- | filled:venue:CR; lang:CR | missing:-",EXCLUSION_SUPPRESSED,,,H7-5,,"{""H7-5"": {""status"": ""MET"", ""decision"": ""not_meet"", ""confidence"": 0.9, ""threshold"": 0.6, ""field"": ""title"", ""quote"": """", ""quote_valid"": false, ""span"": null, ""used"": true}, ""H7-6"": {""status"": ""SUPPRESSED"", ""decision"": ""meet"", ""confidence"": 0.9, ""threshold"": 0.6, ""field"": ""title"", ""quote"": ""Heart Rate Variability as an Index of Regulated Emotional Responding"", ""quote_valid"": true, ""span"": [0, 39], ""used"": true}}","EXCLUSION_SUPPRESSED: the model returned an excluding verdict on H7-6 which passed the evidence gate. Flag-only is in force for this provider, so the record was NOT excluded and needs human review."
A190,101007s0042100412080,Heart rate variability and its relation to prefrontal cognitive function: the effects of training and detraining,Anita L. Hansen; Bjørn Helge Johnsen; John J. Sollers; Kjetil Stenvik; Julian F. Thayer,Anita L. Hansen,2004.0,10.1007/s00421-004-1208-0,https://pubmed.ncbi.nlm.nih.gov/15338220,,,European Journal of Applied Physiology,93,3,263-272,Springer Science and Business Media LLC,en,https://doi.org/10.1007/s00421-004-1208-0,0.9,resolved,openalex,2026-08-16T22:30:54Z,X006,"The aim of the present study was to investigate the relationship between physical fitness, heart rate variability (HRV) and cognitive function in 37 male sailors from the Royal Norwegian Navy. All subjects participated in an 8-week training program, after which the subjects completed the initial cognitive testing (pre-test). The subjects were assigned into a detrained group (DG) and a trained group (TG) based on their application for further duty. The DG withdrew from the training program for 4 weeks after which all subjects then completed the cognitive testing again (post-test). Physical fitness, measured as maximum oxygen consumption (V̇O2max), resting HRV, and cognitive function, measured using a continuous performance task (CPT) and a working memory test (WMT), were recorded during the pre-test and the post-test, and the data presented as the means and standard deviations. The results showed no between-group differences in V̇O2max or HRV at the pre-test. The DG showed a significant decrease in V̇O2max from the pre- to the post-test and a lower resting HRV than the TG on the post-test. Whereas there were no between-group differences on the CPT or WMT at the pre-test, the TG had faster reaction times and more true positive responses on tests of executive function at the post-test compared to the pre-test. The DG showed faster reaction times on non-executive tasks at the post-test compared to the pre-test. The results are discussed within a neurovisceral integration framework linking parasympathetic outflow to the heart to prefrontal neural functions.",Human physiology; Sports medicine; Cognition; Medicine; Heart rate; Relation (database); Psychology; Heart rate variability; Neurology; Neuroscience; Physical medicine and rehabilitation; Internal medicine,False,article,True,True,True,doi,,"{'venue': 'crossref', 'volume': 'crossref', 'issue': 'crossref', 'pages': 'crossref', 'publisher': 'crossref', 'url': 'crossref', 'lang': 'crossref', 'abstract': 'unpaywall'}","{'crossref': 7, 'unpaywall': 1}","X006.R000 resolved | hits:OA,CR,S2 | winner:- | filled:venue:CR; lang:CR; abstract:UN | missing:-",PASS_CLEAN,,,"H7-5,H7-6",,"{""H7-5"": {""status"": ""MET"", ""decision"": ""not_meet"", ""confidence"": 0.9, ""threshold"": 0.6, ""field"": ""abstract"", ""quote"": """", ""quote_valid"": false, ""span"": null, ""used"": true}, ""H7-6"": {""status"": ""MET"", ""decision"": ""not_meet"", ""confidence"": 0.7, ""threshold"": 0.6, ""field"": ""abstract"", ""quote"": """", ""quote_valid"": false, ""span"": null, ""used"": true}}",PASS_CLEAN: all EL criteria MET.
A192,101016jahj200503015,Heart rate variability biofeedback as a behavioral neurocardiac intervention to enhance vagal heart rate control,Robert P. Nolan; Markad V. Kamath; John S. Floras; Jill Stanley; Clement Chun Cheong Pang; Peter Picton; Quincy R. Young,Robert P. Nolan,2005.0,10.1016/j.ahj.2005.03.015,https://pubmed.ncbi.nlm.nih.gov/15976804,,,American Heart Journal,149,6,1137.e1-1137.e7,Elsevier BV,en,https://doi.org/10.1016/j.ahj.2005.03.015,0.9,resolved,openalex,2026-08-16T22:30:57Z,X006,,Medicine; Heart rate variability; Biofeedback; Depression (economics); Heart rate; Mood; Randomized controlled trial; Internal medicine; Myocardial infarction; Vagal tone; Perceived Stress Scale; Physical therapy,False,article,True,True,True,doi,,"{'venue': 'crossref', 'volume': 'crossref', 'issue': 'crossref', 'pages': 'crossref', 'publisher': 'crossref', 'url': 'crossref', 'lang': 'crossref'}",{'crossref': 7},"X006.R000 resolved | hits:OA,CR,S2 | winner:- | filled:venue:CR; lang:CR | missing:abstract",PASS_CLEAN,,,"H7-5,H7-6",,"{""H7-5"": {""status"": ""MET"", ""decision"": ""not_meet"", ""confidence"": 0.9, ""threshold"": 0.6, ""field"": ""title"", ""quote"": """", ""quote_valid"": false, ""span"": null, ""used"": true}, ""H7-6"": {""status"": ""MET"", ""decision"": ""not_meet"", ""confidence"": 0.6, ""threshold"": 0.6, ""field"": ""title"", ""quote"": """", ""quote_valid"": false, ""span"": null, ""used"": true}}",PASS_CLEAN: all EL criteria MET.
A193,101007s1048401392100,The Effect of a Single Session of Short Duration Biofeedback-Induced Deep Breathing on Measures of Heart Rate Variability During Laboratory-Induced Cognitive Stress: A Pilot Study,Gabriell E. Prinsloo; Wayne Derman; Mike Lambert; H. Rauch,Gabriell E. Prinsloo,2013.0,10.1007/s10484-013-9210-0,https://pubmed.ncbi.nlm.nih.gov/23435801,,,Applied Psychophysiology and Biofeedback,38,2,81-90,Springer Science and Business Media LLC,en,https://doi.org/10.1007/s10484-013-9210-0,0.9,resolved,openalex,2026-08-16T22:30:58Z,X006,"This study examines the acute effect of heart rate variability (HRV) biofeedback on HRV measures during and immediately after biofeedback and during the following laboratory-induced stress. Eighteen healthy males exposed to work-related stress were randomised into an HRV biofeedback group (BIO) or a comparative group (COM). Subjects completed a modified Stroop task before (Stroop 1) and after (Stroop 2) the intervention. Both groups had similar physiological responses to stress in Stroop 1. In Stroop 2, the COM group responded similarly to the way they did to Stroop 1: respiratory frequency (RF) and heart rate (HR) increased, RMSSD and high frequency (HF) power decreased or had a tendency to decrease, while low frequency (LF) power showed no change. The BIO group responded differently in Stroop 2: while RF increased and LF power decreased, HR, RMSSD and HF power showed no change. In the BIO group, RMSSD was higher in Stroop 2 compared to Stroop 1. In conclusion, HRV biofeedback induced a short term carry-over effect during both the following rest period and laboratory-induced stress suggesting maintained HF vagal modulation in the BIO group after the intervention, and maintained LF vagal modulation in the COM group.",Stroop effect; Heart rate variability; Biofeedback; Heart rate; Psychology; Medicine; Audiology; Physical therapy; Cardiology; Internal medicine; Anesthesia; Cognition,False,article,True,True,True,doi,,"{'venue': 'crossref', 'volume': 'crossref', 'issue': 'crossref', 'pages': 'crossref', 'publisher': 'crossref', 'url': 'crossref', 'lang': 'crossref', 'abstract': 'unpaywall'}","{'crossref': 7, 'unpaywall': 1}","X006.R000 resolved | hits:OA,CR,S2 | winner:- | filled:venue:CR; lang:CR; abstract:UN | missing:-",EXCLUSION_SUPPRESSED,,,H7-5,,"{""H7-5"": {""status"": ""MET"", ""decision"": ""not_meet"", ""confidence"": 0.9, ""threshold"": 0.6, ""field"": ""abstract"", ""quote"": """", ""quote_valid"": false, ""span"": null, ""used"": true}, ""H7-6"": {""status"": ""SUPPRESSED"", ""decision"": ""meet"", ""confidence"": 0.8, ""threshold"": 0.6, ""field"": ""title"", ""quote"": ""The Effect of a Single Session of Short Duration Biofeedback-Induced Deep Breathing on Measures of Heart Rate Variability During Laboratory-Induced Cognitive Stress: A Pilot Study"", ""quote_valid"": true, ""span"": [0, 84], ""used"": true}}","EXCLUSION_SUPPRESSED: the model returned an excluding verdict on H7-6 which passed the evidence gate. Flag-only is in force for this provider, so the record was NOT excluded and needs human review."
A196,101111j13652982201101866x,Heart rate variability in the irritable bowel syndrome: a review of the literature,Nazar Mazurak; N.M. Seredyuk; Heinrich Sauer; Martin Teufel; Paul Enck,Nazar Mazurak,2012.0,10.1111/j.1365-2982.2011.01866.x,https://pubmed.ncbi.nlm.nih.gov/22256893,,,Neurogastroenterology &amp; Motility,24,3,206-216,Wiley,en,https://doi.org/10.1111/j.1365-2982.2011.01866.x,0.9,resolved,openalex,2026-08-16T22:31:01Z,X006,"BACKGROUND: Patients with irritable bowel syndrome (IBS) often present with disturbances of bowel habits (diarrhea, constipation) and abdominal pain/discomfort that are modulated by the autonomic nerve system (ANS). In this narrative review, we analyzed studies that measured ANS functioning in IBS by means of heart rate variability (HRV). METHODS: The PUBMED was searched with the keywords 'irritable bowel syndrome' AND ('heart rate variability' OR 'autonomic function'). We included only papers that used 'traditional' HRV indices and diagnosed IBS based on Manning or Rome criteria. Studies were sub-grouped according to methodological features of HRV analysis (24-h monitoring, short-term laboratory records, records during sleep). KEY RESULTS: Most studies reported no difference in HRV when the IBS population was compared to healthy controls. Dividing the IBS sample into subgroups--according to their predominant bowel symptoms, the severity of clinical course, the presence of depressive symptoms, or a history of abuse in the past--revealed changes in autonomic functioning. CONCLUSIONS & INFERENCES: Patients with IBS appear to experience symptoms that may be the result of changes in ANS functioning. HRV measures in clinical routine may allow assessing these changes, but further studies performed in a standardized fashion should improve the validity of HRV measures for clinical research first.",Irritable bowel syndrome; Heart rate variability; Medicine; Constipation; Diarrhea; Abdominal pain; Autonomic function; Population; Internal medicine; Heart rate; Physical therapy; Blood pressure,False,article,True,True,False,doi,,"{'venue': 'crossref', 'volume': 'crossref', 'issue': 'crossref', 'pages': 'crossref', 'publisher': 'crossref', 'url': 'crossref', 'lang': 'crossref'}",{'crossref': 7},"X006.R000 resolved | hits:OA,CR | winner:- | filled:venue:CR; lang:CR | missing:-",PASS_CLEAN,,,"H7-5,H7-6",,"{""H7-5"": {""status"": ""MET"", ""decision"": ""not_meet"", ""confidence"": 0.8, ""threshold"": 0.6, ""field"": ""abstract"", ""quote"": """", ""quote_valid"": false, ""span"": null, ""used"": true}, ""H7-6"": {""status"": ""MET"", ""decision"": ""not_meet"", ""confidence"": 0.8, ""threshold"": 0.6, ""field"": ""abstract"", ""quote"": """", ""quote_valid"": false, ""span"": null, ""used"": true}}",PASS_CLEAN: all EL criteria MET.
A197,101007bf02292769,Time- and frequency-domain estimation of early diabetic cardiovascular autonomic neuropathy,Dan Ziegler; Dominique Laude; Fawaz Akila; Jean‐Luc Elghozi,Dan Ziegler,2001.0,10.1007/bf02292769,https://pubmed.ncbi.nlm.nih.gov/11794718,,,Clinical Autonomic Research,11,6,369-376,Springer Science and Business Media LLC,en,https://doi.org/10.1007/bf02292769,0.9,resolved,openalex,2026-08-16T22:31:01Z,X006,"The risk related to cardiovascular autonomic neuropathy dys-autonomia should lead to a specific assessment of this complication of diabetes. The aim of this study was to estimate the accuracy of a battery of blood pressure (BP) and heart rate (HR) variability indexes obtained in different subgroups of diabetic subjects classified according to the conventional laboratory autonomic function tests (Ewing scores). Blood pressure was measured continuously at the finger level with a Finapres monitor while subjects were in the supine position and again while they were standing. Pulse intervals were derived from BP recordings and were taken as surrogates for R-R intervals. Subjects with borderline or definite cardiovascular autonomic neuropathy showed a similar degree of alterations of both HR and BP variability (spectral measures) and in the relationship between BP and HR (cross-spectral and sequence analysis). Subjects with no evidence of cardiovascular autonomic neuropathy on the basis of the conventional tests showed an altered relationship between BP and HR. This baroreceptor-HR reflex dysfunction could represent an early stage of cardiovascular autonomic neuropathy undetected by the conventional tests. The areas under the receiver operating characteristic plots indicated that the high-frequency peak of pulse interval was highly discriminant in the supine and standing positions. The cross-spectral analysis showed the best discrimination for the gain in the high-frequency range. For the sequence analysis, the slope was the best discriminant factor for any degree of cardiovascular autonomic neuropathy. In conclusion, these estimates of baroreceptor-HR function may provide a powerful tool for assessing cardiovascular autonomic neuropathy at any stage, including the early stage, which is not detected by the conventional tests.",Medicine; Neurology; Diabetes mellitus; Internal medicine; Cardiology; Autonomic neuropathy; Estimation; Diabetic neuropathy; Endocrinology; Psychiatry; Neuroblastoma; Management,False,article,True,True,True,doi,,"{'venue': 'crossref', 'volume': 'crossref', 'issue': 'crossref', 'pages': 'crossref', 'publisher': 'crossref', 'url': 'crossref', 'lang': 'crossref', 'abstract': 'unpaywall'}","{'crossref': 7, 'unpaywall': 1}","X006.R000 resolved | hits:OA,CR,S2 | winner:- | filled:venue:CR; lang:CR; abstract:UN | missing:-",PASS_CLEAN,,,"H7-5,H7-6",,"{""H7-5"": {""status"": ""MET"", ""decision"": ""not_meet"", ""confidence"": 0.9, ""threshold"": 0.6, ""field"": ""abstract"", ""quote"": """", ""quote_valid"": false, ""span"": null, ""used"": true}, ""H7-6"": {""status"": ""MET"", ""decision"": ""not_meet"", ""confidence"": 0.9, ""threshold"": 0.6, ""field"": ""abstract"", ""quote"": """", ""quote_valid"": false, ""span"": null, ""used"": true}}",PASS_CLEAN: all EL criteria MET.
A198,102340165019770172,Perceived disability but not pain is connected with autonomic nervous function among patients with chronic low back pain,Maarit Gockel; Harri Lindholm; Leena Niemistö; Heikki Hurri,Maarit Gockel,2008.0,10.2340/16501977-0172,https://pubmed.ncbi.nlm.nih.gov/18461260,,,Journal of Rehabilitation Medicine,40,5,355-358,Medical Journals Sweden AB,en,https://doi.org/10.2340/16501977-0172,0.9,resolved,openalex,2026-08-16T22:31:03Z,X006,"OBJECTIVE: To assess the association of cardiovascular autonomic balance with perceived functional impairment and pain among patients with chronic low back pain. DESIGN: A cross-sectional analysis of working patients with chronic low back pain. PATIENTS: Forty-six consecutive patients aged 24-45 years with chronic low back pain fulfilling the inclusion criteria. A total of 39 subjects had technically acceptable electrocardiographic recordings during periods of rest and standard provocations. METHODS: Perceived functional disability was assessed with the Oswestry disability index and pain with a numerical rating scale. Autonomic nervous function was assessed by measuring heart rate variability with short recordings. RESULTS: The total power of heart rate variability was lower among those with moderate perceived disability (Oswestry 20-40%) compared with those with minimal disability (Oswestry < 20%). However, heart rate variability did not differ significantly among those with numerical rating scale values < or = 5/10 from those with values > 5/10. The power of the high-frequency component (0.15-0.4 Hz) of heart rate variability was lower among those with moderate perceived functional impairment. CONCLUSION: A significant association existed between heart rate variability and perceived physical impairment, but not between heart rate variability and pain. Proportionally reduced high-frequency activity was found to reflect decreased parasympathetic activity or increased sympathetic activity. This resulted in sympathetic dominance among the patients with higher subjective disability. The possible clinical implications of this observation are discussed.",Heart rate variability; Medicine; Oswestry Disability Index; Physical therapy; Autonomic nervous system; Heart rate; Chronic pain; Balance (ability); Low back pain; Physical medicine and rehabilitation; Internal medicine; Blood pressure,True,article,True,True,False,doi,,"{'venue': 'crossref', 'volume': 'crossref', 'issue': 'crossref', 'pages': 'crossref', 'publisher': 'crossref', 'url': 'crossref', 'lang': 'crossref'}",{'crossref': 7},"X006.R000 resolved | hits:OA,CR | winner:- | filled:venue:CR; lang:CR | missing:-",PASS_CLEAN,,,"H7-5,H7-6",,"{""H7-5"": {""status"": ""MET"", ""decision"": ""not_meet"", ""confidence"": 0.9, ""threshold"": 0.6, ""field"": ""abstract"", ""quote"": """", ""quote_valid"": false, ""span"": null, ""used"": true}, ""H7-6"": {""status"": ""MET"", ""decision"": ""not_meet"", ""confidence"": 0.7, ""threshold"": 0.6, ""field"": ""abstract"", ""quote"": """", ""quote_valid"": false, ""span"": null, ""used"": true}}",PASS_CLEAN: all EL criteria MET.
A199,101016jjpain201301010,Conditioned Pain Modulation in Children and Adolescents: Effects of Sex and Age,Jennie C.I. Tsao; Laura C. Seidman; Subhadra Evans; Kirsten Lung; Lonnie K. Zeltzer; Bruce D. Naliboff,Jennie C.I. Tsao,2013.0,10.1016/j.jpain.2013.01.010,https://pubmed.ncbi.nlm.nih.gov/23541066,,,The Journal of Pain,14,6,558-567,Elsevier BV,en,https://doi.org/10.1016/j.jpain.2013.01.010,0.9,resolved,openalex,2026-08-16T22:31:03Z,X006,"Conditioned pain modulation (CPM) refers to the diminution of perceived pain intensity for a test stimulus following application of a conditioning stimulus to a remote area of the body, and is thought to reflect the descending inhibition of nociceptive signals. Studying CPM in children may inform interventions to enhance central pain inhibition within a developmental framework. We assessed CPM in 133 healthy children (mean age = 13 years; 52.6% girls) and tested the effects of sex and age. Participants were exposed to four trials of a pressure test stimulus before, during, and after the application of a cold water conditioning stimulus. CPM was documented by a reduction in pressure pain ratings during cold water administration. Older children (12–17 years) exhibited greater CPM than younger (8–11 years) children. No sex differences in CPM were found. Lower heart rate variability (HRV) at baseline and after pain induction was associated with less CPM controlling for child age. The findings of greater CPM in the older age cohort suggest a developmental improvement in central pain inhibitory mechanisms. The results highlight the need to examine developmental and contributory factors in central pain inhibitory mechanisms in children to guide effective, age appropriate, pain interventions.",Medicine; Stimulus (psychology); Psychological intervention; Cold pressor test; Heart rate; Chronic pain; Nociception; Conditioning; Audiology; Physical therapy; Blood pressure; Psychology,True,article,True,True,True,doi,,"{'venue': 'crossref', 'volume': 'crossref', 'issue': 'crossref', 'pages': 'crossref', 'publisher': 'crossref', 'url': 'crossref', 'lang': 'crossref', 'abstract': 'semanticscholar'}","{'crossref': 7, 'semanticscholar': 1}","X006.R000 resolved | hits:OA,CR,S2 | winner:- | filled:venue:CR; lang:CR; abstract:SE | missing:-",PASS_CLEAN,,,"H7-5,H7-6",,"{""H7-5"": {""status"": ""MET"", ""decision"": ""not_meet"", ""confidence"": 0.8, ""threshold"": 0.6, ""field"": ""abstract"", ""quote"": """", ""quote_valid"": false, ""span"": null, ""used"": true}, ""H7-6"": {""status"": ""MET"", ""decision"": ""not_meet"", ""confidence"": 0.6, ""threshold"": 0.6, ""field"": ""abstract"", ""quote"": """", ""quote_valid"": false, ""span"": null, ""used"": true}}",PASS_CLEAN: all EL criteria MET.
A200,101016jjpsychores201105007,Health and distress predictors of heart rate variability in fibromyalgia and other forms of chronic pain,Sheeva Mostoufi; Niloofar Afari; Sandra M. Ahumada; Veronica Reis; Julie Loebach Wetherell,Sheeva Mostoufi,2011.0,10.1016/j.jpsychores.2011.05.007,https://pubmed.ncbi.nlm.nih.gov/22200521,,,Journal of Psychosomatic Research,72,1,39-44,Elsevier BV,en,https://doi.org/10.1016/j.jpsychores.2011.05.007,0.9,resolved,openalex,2026-08-16T22:31:04Z,X006,,Fibromyalgia; Heart rate variability; Chronic pain; Autonomic nervous system; Anxiety; Distress; Depression (economics); Heart rate; Physical therapy; Pain catastrophizing; Psychology; Medicine,False,article,True,True,True,doi,,"{'venue': 'crossref', 'volume': 'crossref', 'issue': 'crossref', 'pages': 'crossref', 'publisher': 'crossref', 'url': 'crossref', 'lang': 'crossref'}",{'crossref': 7},"X006.R000 resolved | hits:OA,CR,S2 | winner:- | filled:venue:CR; lang:CR | missing:abstract",PASS_FLAGGED,,,H7-5,H7-6,"{""H7-5"": {""status"": ""MET"", ""decision"": ""not_meet"", ""confidence"": 0.7, ""threshold"": 0.6, ""field"": ""keywords"", ""quote"": """", ""quote_valid"": false, ""span"": null, ""used"": true}, ""H7-6"": {""status"": ""UNCERTAIN"", ""decision"": ""not_meet"", ""confidence"": 0.5, ""threshold"": 0.6, ""field"": ""keywords"", ""quote"": """", ""quote_valid"": false, ""span"": null, ""used"": true}}",PASS_FLAGGED: uncertain H7-6
A201,101016jjpain201202007,Autonomic Nervous System Function in Young Children With Functional Abdominal Pain or Irritable Bowel Syndrome,Monica Jarrett; Margaret Heitkemper; Danita I. Czyzewski; Lonnie K. Zeltzer; Robert J. Shulman,Monica Jarrett,2012.0,10.1016/j.jpain.2012.02.007,https://pubmed.ncbi.nlm.nih.gov/22520688,,,The Journal of Pain,13,5,477-484,Elsevier BV,en,https://doi.org/10.1016/j.jpain.2012.02.007,0.9,resolved,openalex,2026-08-16T22:31:05Z,X006,"Adults with irritable bowel syndrome (IBS) have been reported to have alterations in autonomic nervous system function as measured by vagal activity via heart rate variability. Whether the same is true for children is unknown. We compared young children 7 to 10 years of age with functional abdominal pain (FAP) or IBS to healthy children (HC) and explored the relationship of vagal activity and sympathovagal balance to psychological distress and stool type. Children completed questionnaires, kept a 2-week pain/stool diary, and wore a 24-hour Holter monitor to assess vagal activity. Group comparisons on vagal activity were controlled for age and body mass index. Indicators of vagal activity and sympathovagal balance did not differ between FAP/IBS children (70 girls, 30 boys) and HC (44 girls, 18 boys). Psychological distress measures were generally higher in FAP/IBS than HC, primarily in girls. Exploratory analyses suggest a potential negative correlation between vagal activity and psychological distress in FAP/IBS girls but not boys. In contrast to reports in women, no differences were found in vagal activity between FAP/IBS and HC. Preliminary findings suggest that in girls with FAP/IBS there is an inverse relationship between vagal activity and psychological distress. Perspective The results from this study suggest a possible relationship between emotional state and vagal activity in prepubertal girls (but not boys) with FAP/IBS. Age and/or duration of symptoms may explain our contrasting findings versus adults with IBS.",Irritable bowel syndrome; Medicine; Vagal tone; Autonomic nervous system; Heart rate variability; Abdominal pain; Distress; Balance (ability); Internal medicine; Visceral pain; Heart rate; Physical therapy,True,article,True,True,True,doi,,"{'venue': 'crossref', 'volume': 'crossref', 'issue': 'crossref', 'pages': 'crossref', 'publisher': 'crossref', 'url': 'crossref', 'lang': 'crossref', 'abstract': 'semanticscholar'}","{'crossref': 7, 'semanticscholar': 1}","X006.R000 resolved | hits:OA,CR,S2 | winner:- | filled:venue:CR; lang:CR; abstract:SE | missing:-",PASS_CLEAN,,,"H7-5,H7-6",,"{""H7-5"": {""status"": ""MET"", ""decision"": ""not_meet"", ""confidence"": 0.8, ""threshold"": 0.6, ""field"": ""abstract"", ""quote"": """", ""quote_valid"": false, ""span"": null, ""used"": true}, ""H7-6"": {""status"": ""MET"", ""decision"": ""not_meet"", ""confidence"": 0.8, ""threshold"": 0.6, ""field"": ""abstract"", ""quote"": """", ""quote_valid"": false, ""span"": null, ""used"": true}}",PASS_CLEAN: all EL criteria MET.
A203,101016jjpsychores200902007,Autonomic activity and somatic symptoms in response to success vs. failure on a cognitive task: A comparison of chronic abdominal pain patients and well children,Martina Puzanovova; Patrick G. Arbogast; Craig A. Smith; Julia Anderson; André Diedrich; Lynn S. Walker,Martina Puzanovova,2009.0,10.1016/j.jpsychores.2009.02.007,https://pubmed.ncbi.nlm.nih.gov/19686879,,,Journal of Psychosomatic Research,67,3,235-243,Elsevier BV,en,https://doi.org/10.1016/j.jpsychores.2009.02.007,0.9,resolved,openalex,2026-08-16T22:31:06Z,X006,"Objectives To compare autonomic nervous system (ANS) activity and somatic symptoms in chronic abdominal pain (CAP) patients and well children during (a) resting baseline, (b) training in a cognitive task, and (c) random assignment to success vs. failure on the task. Methods The ECG was continuously recorded with a dual lead system (Biopac) in 45 CAP patients and 22 well children, ages 9–16 years (mean age = 12.3). Heart rate variability (HRV) was analyzed during the 5 minute resting baseline, training, and success/failure on the task. Performance expectations were assessed before the task. Gastrointestinal (GI) and non-GI somatic symptoms were assessed before and after the task. Results Compared to well children, CAP patients reported lower expectations for their task performance and higher GI symptoms (p’s < 0.05). During success, CAP patients exhibited significant increases in both sympathetic (p < 0.05) and parasympathetic (p < 0.05) activity whereas well children exhibited no change in ANS activity. During failure, CAP patients exhibited significant increases in somatic symptoms (< 0.05) but no change in ANS activity. Conclusions The lower performance expectations of CAP patients compared to well children may have influenced their experience of success and contributed to differences in their autonomic activity.",Autonomic nervous system; Heart rate variability; Medicine; Somatic cell; Cognition; Internal medicine; Abdominal pain; Task (project management); Heart failure; Cardiology; Audiology; Heart rate,True,article,True,True,True,doi,,"{'venue': 'crossref', 'volume': 'crossref', 'issue': 'crossref', 'pages': 'crossref', 'publisher': 'crossref', 'url': 'crossref', 'lang': 'crossref', 'abstract': 'semanticscholar'}","{'crossref': 7, 'semanticscholar': 1}","X006.R000 resolved | hits:OA,CR,S2 | winner:- | filled:venue:CR; lang:CR; abstract:SE | missing:-",PASS_CLEAN,,,"H7-5,H7-6",,"{""H7-5"": {""status"": ""MET"", ""decision"": ""not_meet"", ""confidence"": 0.8, ""threshold"": 0.6, ""field"": ""abstract"", ""quote"": """", ""quote_valid"": false, ""span"": null, ""used"": true}, ""H7-6"": {""status"": ""MET"", ""decision"": ""not_meet"", ""confidence"": 0.8, ""threshold"": 0.6, ""field"": ""abstract"", ""quote"": """", ""quote_valid"": false, ""span"": null, ""used"": true}}",PASS_CLEAN: all EL criteria MET.
A205,powerspectrumofheartratevariabilityanoninvasivetestofintegratedneurocardiacfunction,Power spectrum of heart rate variability: a non-invasive test of integrated neurocardiac function,Ernest L. Fallen; M.V. Kamath; Dhanjoo N. Ghista,Ernest L. Fallen,1988.0,https://openalex.org/W5279723,https://pubmed.ncbi.nlm.nih.gov/3180556,,,,,,,,en,,0.9,resolved,openalex,2026-08-16T22:31:07Z,X006,"Under steady state conditions, frequency specific oscillations in the heart rate record reflect beat-to-beat autonomic control of sinus node activity. Using an autoregressive model, samples (2.5 min) of continuous ECG records were analyzed in 36 healthy young adults during supine rest (45 min), orthostatic stress and controlled respiration. In the supine state, constancy of heart rate was achieved (mean HR 62.8 bt/min +/- 4.88 SD). However, the 0.1 Hz peak spectral power varied considerably: average coefficient of variation was 34% compared to only 8% for heart rate. When breathing rates were synchronized to a metronome there was a small insignificant decrease in the peak power at 0.1 Hz compared to spontaneous respiration. Standing produced a significant increase in the peak power at 0.1 Hz especially during synchronized breathing. There was a maximum increase in the low frequency (0.1 Hz) peak power of 40 (bt/min)2. Hz-1 at a controlled breathing frequency of 0.25 Hz in the standing compared to supine position. The data show that reproducibility of the power spectrum heart rate variability is best achieved at controlled but physiologic respiratory rates and, preferably, in the upright position.",Supine position; Heart rate; Heart rate variability; Medicine; Coefficient of variation; Cardiology; Respiration; Orthostatic vital signs; Beat (acoustics); Respiratory rate; Metronome; Breathing,False,article,True,False,False,title,openalex,"{'doi': 'openalex', 'lang': 'heuristic'}","{'openalex': 1, 'heuristic': 1}",X006.R000 resolved | hits:OA | winner:openalex | filled:doi:OP; lang:HE | missing:-,PASS_CLEAN,,,"H7-5,H7-6",,"{""H7-5"": {""status"": ""MET"", ""decision"": ""not_meet"", ""confidence"": 0.8, ""threshold"": 0.6, ""field"": ""abstract"", ""quote"": """", ""quote_valid"": false, ""span"": null, ""used"": true}, ""H7-6"": {""status"": ""MET"", ""decision"": ""not_meet"", ""confidence"": 0.8, ""threshold"": 0.6, ""field"": ""abstract"", ""quote"": """", ""quote_valid"": false, ""span"": null, ""used"": true}}",PASS_CLEAN: all EL criteria MET.
A206,101126science6166045,Power Spectrum Analysis of Heart Rate Fluctuation: A Quantitative Probe of Beat-to-Beat Cardiovascular Control,S. Akselrod; David Gordon; F. Andrew Ubel; Daniel C. Shannon; Alexandre Berger; Richard J. Cohen,S. Akselrod,1981.0,10.1126/science.6166045,https://pubmed.ncbi.nlm.nih.gov/6166045,,,Science,213,4504,220-222,American Association for the Advancement of Science (AAAS),en,https://doi.org/10.1126/science.6166045,0.9,resolved,openalex,2026-08-16T22:31:07Z,X006,"Power spectrum analysis of heart rate fluctuations provides a quantitative noninvasive means of assessing the functioning of the short-term cardiovascular control systems. We show that sympathetic and parasympathetic nervous activity make frequency-specific contributions to the heart rate power spectrum, and that renin-angiotensin system activity strongly modulates the amplitude of the spectral peak located at 0.04 hertz. Our data therefore provide evidence that the renin-angiotensin system plays a significant role in short-term cardiovascular control in the time scale of seconds to minutes.",Heart rate; Spectral density; Renin–angiotensin system; Beat (acoustics); Spectral analysis; Heart rate variability; Internal medicine; Cardiology; Frequency spectrum; Amplitude; Medicine; Blood pressure,False,article,True,True,False,doi,,"{'venue': 'crossref', 'volume': 'crossref', 'issue': 'crossref', 'pages': 'crossref', 'publisher': 'crossref', 'url': 'crossref', 'lang': 'crossref'}",{'crossref': 7},"X006.R000 resolved | hits:OA,CR | winner:- | filled:venue:CR; lang:CR | missing:-",PASS_CLEAN,,,"H7-5,H7-6",,"{""H7-5"": {""status"": ""MET"", ""decision"": ""not_meet"", ""confidence"": 0.8, ""threshold"": 0.6, ""field"": ""abstract"", ""quote"": """", ""quote_valid"": false, ""span"": null, ""used"": true}, ""H7-6"": {""status"": ""MET"", ""decision"": ""not_meet"", ""confidence"": 0.8, ""threshold"": 0.6, ""field"": ""abstract"", ""quote"": """", ""quote_valid"": false, ""span"": null, ""used"": true}}",PASS_CLEAN: all EL criteria MET.
A207,101111j146989861997tb02140x,"Heart rate variability: Origins, methods, and interpretive caveats",Gary G. Berntson; J. Thomas Bigger; Dwain L. Eckberg; Paul Grossman; Peter Kaufmann; Marek Malík; Haikady N. Nagaraja; Stephen W. Porges; J. Philip Saul; Peter H. Stone; MAUROTS W. VAN DER MOLEN,Gary G. Berntson,1997.0,10.1111/j.1469-8986.1997.tb02140.x,https://pubmed.ncbi.nlm.nih.gov/9401419,,,Psychophysiology,34,6,623-648,Wiley,en,https://doi.org/10.1111/j.1469-8986.1997.tb02140.x,0.9,resolved,openalex,2026-08-16T22:31:08Z,X006,"Components of heart rate variability have attracted considerable attention in psychology and medicine and have become important dependent measures in psychophysiology and behavioral medicine. Quantification and interpretation of heart rate variability, however, remain complex issues and are fraught with pitfalls. The present report (a) examines the physiological origins and mechanisms of heart rate variability, (b) considers quantitative approaches to measurement, and (c) highlights important caveats in the interpretation of heart rate variability. Summary guidelines for research in this area are outlined, and suggestions and prospects for future developments are considered.",Psychophysiology; Heart rate variability; Psychology; Interpretation (philosophy); Heart rate; Cognitive psychology; Neuroscience; Blood pressure; Medicine; Internal medicine; Computer science; Programming language,True,article,True,True,False,doi,,"{'venue': 'crossref', 'volume': 'crossref', 'issue': 'crossref', 'pages': 'crossref', 'publisher': 'crossref', 'url': 'crossref', 'lang': 'crossref'}",{'crossref': 7},"X006.R000 resolved | hits:OA,CR | winner:- | filled:venue:CR; lang:CR | missing:-",PASS_CLEAN,,,"H7-5,H7-6",,"{""H7-5"": {""status"": ""MET"", ""decision"": ""not_meet"", ""confidence"": 0.8, ""threshold"": 0.6, ""field"": ""abstract"", ""quote"": """", ""quote_valid"": false, ""span"": null, ""used"": true}, ""H7-6"": {""status"": ""MET"", ""decision"": ""not_meet"", ""confidence"": 0.8, ""threshold"": 0.6, ""field"": ""abstract"", ""quote"": """", ""quote_valid"": false, ""span"": null, ""used"": true}}",PASS_CLEAN: all EL criteria MET.
A209,101016jneubiorev200808004,Claude Bernard and the heart–brain connection: Further elaboration of a model of neurovisceral integration,Julian F. Thayer; Richard D. Lane,Julian F. Thayer,2008.0,10.1016/j.neubiorev.2008.08.004,https://pubmed.ncbi.nlm.nih.gov/18771686,,,Neuroscience &amp; Biobehavioral Reviews,33,2,81-88,Elsevier BV,en,https://doi.org/10.1016/j.neubiorev.2008.08.004,0.9,resolved,openalex,2026-08-16T22:31:10Z,X006,,Neuroscience; Psychology; Endophenotype; Amygdala; Heart rate variability; Prefrontal cortex; Cognition; Heart rate; Medicine; Internal medicine; Blood pressure,False,article,True,True,True,doi,,"{'venue': 'crossref', 'volume': 'crossref', 'issue': 'crossref', 'pages': 'crossref', 'publisher': 'crossref', 'url': 'crossref', 'lang': 'crossref'}",{'crossref': 7},"X006.R000 resolved | hits:OA,CR,S2 | winner:- | filled:venue:CR; lang:CR | missing:abstract",PASS_CLEAN,,,"H7-5,H7-6",,"{""H7-5"": {""status"": ""MET"", ""decision"": ""not_meet"", ""confidence"": 0.8, ""threshold"": 0.6, ""field"": ""keywords"", ""quote"": """", ""quote_valid"": false, ""span"": null, ""used"": true}, ""H7-6"": {""status"": ""MET"", ""decision"": ""not_meet"", ""confidence"": 0.8, ""threshold"": 0.6, ""field"": ""keywords"", ""quote"": """", ""quote_valid"": false, ""span"": null, ""used"": true}}",PASS_CLEAN: all EL criteria MET.
A210,101016jbiopsycho200511013,The role of vagal function in the risk for cardiovascular disease and mortality,Julian F. Thayer; Richard D. Lane,Julian F. Thayer,2006.0,10.1016/j.biopsycho.2005.11.013,https://pubmed.ncbi.nlm.nih.gov/17182165,,,Biological Psychology,74,2,224-242,Elsevier BV,en,https://doi.org/10.1016/j.biopsycho.2005.11.013,0.9,resolved,openalex,2026-08-16T22:31:10Z,X006,,Disease; Medicine; Etiology; Baroreflex; Psychosocial; Intensive care medicine; Mortality rate; Risk factor; Heart disease; Heart rate variability; Internal medicine; Cardiology,False,article,True,True,True,doi,,"{'venue': 'crossref', 'volume': 'crossref', 'issue': 'crossref', 'pages': 'crossref', 'publisher': 'crossref', 'url': 'crossref', 'lang': 'crossref'}",{'crossref': 7},"X006.R000 resolved | hits:OA,CR,S2 | winner:- | filled:venue:CR; lang:CR | missing:abstract",PASS_CLEAN,,,"H7-5,H7-6",,"{""H7-5"": {""status"": ""MET"", ""decision"": ""not_meet"", ""confidence"": 0.8, ""threshold"": 0.6, ""field"": ""keywords"", ""quote"": """", ""quote_valid"": false, ""span"": null, ""used"": true}, ""H7-6"": {""status"": ""MET"", ""decision"": ""not_meet"", ""confidence"": 0.8, ""threshold"": 0.6, ""field"": ""keywords"", ""quote"": """", ""quote_valid"": false, ""span"": null, ""used"": true}}",PASS_CLEAN: all EL criteria MET.
A212,101016jbiopsycho200608005,The many metrics of cardiac chronotropy: A pragmatic primer and a brief comparison of metrics,John J. B. Allen; Andrea S. Chambers; David N. Towers,John J. B. Allen,2006.0,10.1016/j.biopsycho.2006.08.005,https://pubmed.ncbi.nlm.nih.gov/17070982,,,Biological Psychology,74,2,243-262,Elsevier BV,en,https://doi.org/10.1016/j.biopsycho.2006.08.005,0.9,resolved,openalex,2026-08-16T22:31:11Z,X006,,Set (abstract data type); Psychology; Index (typography); Factor (programming language); Heart rate; Heart rate variability; Statistics; Cognitive psychology; Computer science; Mathematics; Medicine; Internal medicine,False,article,True,True,True,doi,,"{'venue': 'crossref', 'volume': 'crossref', 'issue': 'crossref', 'pages': 'crossref', 'publisher': 'crossref', 'url': 'crossref', 'lang': 'crossref'}",{'crossref': 7},"X006.R000 resolved | hits:OA,CR,S2 | winner:- | filled:venue:CR; lang:CR | missing:abstract",PASS_CLEAN,,,"H7-5,H7-6",,"{""H7-5"": {""status"": ""MET"", ""decision"": ""not_meet"", ""confidence"": 0.8, ""threshold"": 0.6, ""field"": ""keywords"", ""quote"": """", ""quote_valid"": false, ""span"": null, ""used"": true}, ""H7-6"": {""status"": ""MET"", ""decision"": ""not_meet"", ""confidence"": 0.8, ""threshold"": 0.6, ""field"": ""keywords"", ""quote"": """", ""quote_valid"": false, ""span"": null, ""used"": true}}",PASS_CLEAN: all EL criteria MET.
A213,101016s0049017200800104,Autonomic dysfunction in patients with fibromyalgia: Application of power spectral analysis of heart rate variability,Hagit Cohen; Lily Neumann; Margarita Shore; Marianne Amir; Y Cassuto; Dan Buskila,Hagit Cohen,2000.0,10.1016/s0049-0172(00)80010-4,https://pubmed.ncbi.nlm.nih.gov/10707990,,,Seminars in Arthritis and Rheumatism,29,4,217-227,Elsevier BV,en,https://doi.org/10.1016/s0049-0172(00)80010-4,0.9,resolved,openalex,2026-08-16T22:31:12Z,X006,,Medicine; Heart rate variability; Fibromyalgia; Supine position; Internal medicine; Cardiology; Heart rate; Anxiety; Autonomic nervous system; Quality of life (healthcare); Physical therapy; Blood pressure,False,article,True,True,True,doi,,"{'venue': 'crossref', 'volume': 'crossref', 'issue': 'crossref', 'pages': 'crossref', 'publisher': 'crossref', 'url': 'crossref', 'lang': 'crossref'}",{'crossref': 7},"X006.R000 resolved | hits:OA,CR,S2 | winner:- | filled:venue:CR; lang:CR | missing:abstract",PASS_CLEAN,,,"H7-5,H7-6",,"{""H7-5"": {""status"": ""MET"", ""decision"": ""not_meet"", ""confidence"": 0.8, ""threshold"": 0.6, ""field"": ""keywords"", ""quote"": """", ""quote_valid"": false, ""span"": null, ""used"": true}, ""H7-6"": {""status"": ""MET"", ""decision"": ""not_meet"", ""confidence"": 0.8, ""threshold"": 0.6, ""field"": ""keywords"", ""quote"": """", ""quote_valid"": false, ""span"": null, ""used"": true}}",PASS_CLEAN: all EL criteria MET.
A214,102337diabetes51123524,Lower Heart Rate Variability Is Associated With the Development of Coronary Heart Disease in Individuals With Diabetes,Duanping Liao; Mercedes R. Carnethon; Gregory W. Evans; Wayne E. Cascio; Gerardo Heiss,Duanping Liao,2002.0,10.2337/diabetes.51.12.3524,https://pubmed.ncbi.nlm.nih.gov/12453910,,,Diabetes,51,12,3524-3531,American Diabetes Association,en,https://doi.org/10.2337/diabetes.51.12.3524,0.9,resolved,openalex,2026-08-16T22:31:13Z,X006,"The objective of this study was to test prospectively in a population sample whether individuals with impaired heart rate variability (HRV) are at increased risk of developing coronary heart disease (CHD) and of non-CHD mortality and to test whether this relationship is more pronounced among individuals with diabetes. We examined the association between HRV and incident CHD and non-CHD mortality in a cohort of 11,654 men and women aged 45-64 years at intake, from the biracial, population-based Atherosclerosis Risk in Communities Study. Supine, resting, 2-min beat-to-beat heart rate data were collected at the baseline examination. High frequency (HF; 0.15-0.40 Hz) and low frequency (LF; 0.04-0.15 Hz) spectral powers, LF/HF ratio, normalized HF and LF, the standard deviation of all normal R-R intervals (SDNN), and the mean of the sum of the squared differences between adjacent normal R-R intervals (MSSD) were used as the conventional indexes of HRV to measure cardiac autonomic control. From this cohort, 635 cases of incident CHD (including 346 cases of incident myocardial infarction [MI] and 82 cases of fatal CHD), and 623 non-CHD deaths were identified and validated after an average of 8 years of follow-up. Among individuals with diabetes, the multivariable adjusted proportional hazards ratios (95% CI) were 2.03 (1.28-3.23), 1.60 (1.12-2.27), 1.50 (0.65-3.42), and 1.27 (0.84-1.91) for incident MI, incident CHD, fatal CHD, and non-CHD deaths, respectively, comparing the lowest quartile to the upper most three quartiles of HF. A similar pattern of associations was found for LF, SDNN, and MSSD. By contrast, there was no consistent pattern of associations among individuals without diabetes. At the population level, a lower HRV (reflective of impaired cardiac autonomic control) is statistically significantly related to the development of CHD among individuals with diabetes, independent of markers of the duration/severity of the glucose metabolism impairment. These data suggest a contribution of an impaired cardiac autonomic control to the risk of CHD among individuals with diabetes.",Medicine; Internal medicine; Diabetes mellitus; Cardiology; Supine position; Cohort; Myocardial infarction; Heart rate variability; Population; Prospective cohort study; Heart rate; Blood pressure,True,article,True,True,False,doi,,"{'venue': 'crossref', 'volume': 'crossref', 'issue': 'crossref', 'pages': 'crossref', 'publisher': 'crossref', 'url': 'crossref', 'lang': 'crossref'}",{'crossref': 7},"X006.R000 resolved | hits:OA,CR | winner:- | filled:venue:CR; lang:CR | missing:-",PASS_CLEAN,,,"H7-5,H7-6",,"{""H7-5"": {""status"": ""MET"", ""decision"": ""not_meet"", ""confidence"": 0.8, ""threshold"": 0.6, ""field"": ""abstract"", ""quote"": ""The objective of this study was to test prospectively in a population sample whether individuals with impaired heart rate variability (HRV) are at increased risk of developing coronary heart disease (CHD) and of non-CHD mortality and to test whether this relationship is more pronounced among individuals with diabetes."", ""quote_valid"": true, ""span"": [11, 101], ""used"": true}, ""H7-6"": {""status"": ""MET"", ""decision"": ""not_meet"", ""confidence"": 0.8, ""threshold"": 0.6, ""field"": ""abstract"", ""quote"": """", ""quote_valid"": false, ""span"": null, ""used"": true}}",PASS_CLEAN: all EL criteria MET.
A216,101007s1048401091288,Restoration of Vagal Tone: A Possible Mechanism for Functional Abdominal Pain,Erik Sowder; Richard Gevirtz; Warren L. Shapiro; Crystal Ebert,Erik Sowder,2010.0,10.1007/s10484-010-9128-8,https://pubmed.ncbi.nlm.nih.gov/20229150,,,Applied Psychophysiology and Biofeedback,35,3,199-206,Springer Science and Business Media LLC,en,https://doi.org/10.1007/s10484-010-9128-8,0.9,resolved,openalex,2026-08-16T22:31:15Z,X006,"Functional abdominal pain (FAP) causes disruption of daily activities/missed school days, over utilization of healthcare, unnecessary surgeries, and anxiety in 10–15% of children. Its etiology is not clearly understood, however the success of several clinical protocols suggests that autonomic dysregulation is a factor. In this study autonomic activity, including heart rate variability (HRV), was compared between children with FAP and a comparison group. Twenty children with FAP and 10 children without FAP between the ages of 5 and 17&nbsp;years old were compared on autonomic regulation using an ambulatory system at baseline and 8&nbsp;weeks later. Children with FAP participated in 6 sessions of HRV biofeedback aimed at normalizing autonomic balance. At baseline, children with FAP appear to have more autonomic dysregulation than children without FAP. After completing HRV biofeedback, the FAP group was able to significantly reduce their symptoms in relation to significantly increasing their autonomic balance. In a sample of children with FAP, it appears that HRV biofeedback treatment improved their symptoms and that a change in vagal tone was a potential mediator for this improvement. The present study appears to point to excessive vagal withdrawal as an underlying mechanism of FAP.",Heart rate variability; Biofeedback; Medicine; Vagal tone; Autonomic nervous system; Ambulatory; Anxiety; Heart rate; Balance (ability); Anesthesia; Abdominal pain; Internal medicine,False,article,True,True,True,doi,,"{'venue': 'crossref', 'volume': 'crossref', 'issue': 'crossref', 'pages': 'crossref', 'publisher': 'crossref', 'url': 'crossref', 'lang': 'crossref', 'abstract': 'unpaywall'}","{'crossref': 7, 'unpaywall': 1}","X006.R000 resolved | hits:OA,CR,S2 | winner:- | filled:venue:CR; lang:CR; abstract:UN | missing:-",PASS_CLEAN,,,"H7-5,H7-6",,"{""H7-5"": {""status"": ""MET"", ""decision"": ""not_meet"", ""confidence"": 0.8, ""threshold"": 0.6, ""field"": ""abstract"", ""quote"": """", ""quote_valid"": false, ""span"": null, ""used"": true}, ""H7-6"": {""status"": ""MET"", ""decision"": ""not_meet"", ""confidence"": 0.8, ""threshold"": 0.6, ""field"": ""abstract"", ""quote"": """", ""quote_valid"": false, ""span"": null, ""used"": true}}",PASS_CLEAN: all EL criteria MET.
A217,101111j16512227200801096x,Playing a violent television game affects heart rate variability,Malena Ivarsson; Martin Anderson; Torbjörn Åkerstedt; Frank Lindblad,Malena Ivarsson,2008.0,10.1111/j.1651-2227.2008.01096.x,https://pubmed.ncbi.nlm.nih.gov/19006532,,,Acta Paediatrica,98,1,166-172,Wiley,en,https://doi.org/10.1111/j.1651-2227.2008.01096.x,0.9,resolved,openalex,2026-08-16T22:31:17Z,X006,"OBJECTIVE: To investigate how playing a violent/nonviolent television game during the evening affects sympathetic and parasympathetic reactions during and after playing as well as sleep quality during the night after playing. SUBJECTS AND METHODS: In total, 19 boys, 12-15 years of age, played television games on two occasions in their homes and participated once without gaming. Heart rate, heart rate variability (HRV) and physical activity were measured during gaming/participating and the night to follow using a portable combined heart rate and movement sensor. A sleep diary and questionnaires about gaming experiences and session-specific experiences were filled in. Criteria for Selection of Games: Violent game involves/rewards direct physical violence (no handguns) against another person, and nonviolent game involves/rewards no violence; same game design ('third-person game'); conducted in the same manner; no differences concerning motor activity; similar sound and light effects; no sexual content, violence against women or racial overtones. RESULTS: During violent (vs. nonviolent) gaming, there was significantly higher activity of the very low frequency component of the HRV and total power. During the night after playing, very low frequency, low frequency and high frequency components were significantly higher during the violent (vs. nonviolent) condition, just as total power. There were no significant differences between the three conditions (violent/nonviolent/no gaming) with respect to an index reflecting subjectively perceived sleep difficulties. Nor was there any difference between violent and nonviolent condition for any single sleep item. CONCLUSION: Violent gaming induces different autonomic responses in boys compared to nonviolent gaming--during playing and during the following night--suggesting different emotional responses. Subjectively perceived sleep quality is not influenced after a single gaming experience. Future studies should address the development of the autonomic balance after gaming over longer time than a night, physiological adaptation to frequent gaming and potential gender differences.",Medicine; Video game; Poison control; Injury prevention; Suicide prevention; Human factors and ergonomics; Medical emergency; Multimedia; Computer science,False,article,True,True,False,doi,,"{'venue': 'crossref', 'volume': 'crossref', 'issue': 'crossref', 'pages': 'crossref', 'publisher': 'crossref', 'url': 'crossref', 'lang': 'crossref'}",{'crossref': 7},"X006.R000 resolved | hits:OA,CR | winner:- | filled:venue:CR; lang:CR | missing:-",EXCLUSION_SUPPRESSED,,,H7-6,,"{""H7-5"": {""status"": ""SUPPRESSED"", ""decision"": ""meet"", ""confidence"": 0.9, ""threshold"": 0.6, ""field"": ""title"", ""quote"": ""Playing a violent television game affects heart rate variability"", ""quote_valid"": true, ""span"": [0, 25], ""used"": true}, ""H7-6"": {""status"": ""MET"", ""decision"": ""not_meet"", ""confidence"": 0.9, ""threshold"": 0.6, ""field"": ""title"", ""quote"": """", ""quote_valid"": false, ""span"": null, ""used"": true}}","EXCLUSION_SUPPRESSED: the model returned an excluding verdict on H7-5 which passed the evidence gate. Flag-only is in force for this provider, so the record was NOT excluded and needs human review."
A218,101017s146114570100236x,Enhanced stress reactivity in paediatric anxiety disorders: implications for future cardiovascular health,Catherine Monk; Pavel Kovelenko; Lauren M. Ellman; Richard P. Sloan; Emilia Bagiella; Jack M. Gorman; Daniel S. Pine,Catherine Monk,2001.0,10.1017/s146114570100236x,https://pubmed.ncbi.nlm.nih.gov/11468091,,,The International Journal of Neuropsychopharmacology,4,02,,Oxford University Press (OUP),en,https://doi.org/10.1017/s146114570100236x,0.9,resolved,openalex,2026-08-16T22:31:18Z,"X006,X013","The aim was to clarify the developmental nature of associations between psychiatric illness and risk for cardiovascular disease by investigating differences in cardiac functioning between youth with anxiety disorders and healthy controls. Twenty-two children meeting DSM-IV criteria for either separation anxiety disorder, overanxious disorder, panic disorder/panic attacks, or social phobia and 12 healthy controls underwent continuous electrocardiogram and respiration rate monitoring during a 15 min baseline period and 15 min of exposure to 5% CO(2). Heart rate (HR) and high frequency heart rate variability (HRV), a non-invasive measure of cardiac parasympathetic control, were calculated. Youth with anxiety disorders had higher and less fluctuating HR during baseline. Data also suggested that probands showed diminished overall changes in HRV during baseline and CO(2) inhalation relative to controls. However, as respiration rate affects HRV, these findings were confounded by changes in respiration elicited by CO(2) inhalation. The data suggest that youth with anxiety disorders experience an elevated and less fluctuating HR in the face of a novel situation, possibly due to a failure to appropriately modulate HRV. In adults, sustained elevations in HR in conjunction with deficient vagal modulation predicts risk for future cardiovascular disease. As such, the current data suggest that the presence of an anxiety disorder may identify youth who exhibit autonomic profiles that place them at risk for cardiac disease.",Anxiety; Heart rate variability; Panic disorder; Heart rate; Vagal tone; Psychology; Depression (economics); Internal medicine; Medicine; Disease; Anxiety disorder; Panic,True,article,True,True,False,doi,,"{'venue': 'crossref', 'volume': 'crossref', 'issue': 'crossref', 'publisher': 'crossref', 'url': 'crossref', 'lang': 'crossref'}",{'crossref': 6},"X006.R000 resolved | hits:OA,CR | winner:- | filled:venue:CR; lang:CR | missing:-",PASS_CLEAN,,,"H7-5,H7-6",,"{""H7-5"": {""status"": ""MET"", ""decision"": ""not_meet"", ""confidence"": 0.7, ""threshold"": 0.6, ""field"": ""abstract"", ""quote"": """", ""quote_valid"": false, ""span"": null, ""used"": true}, ""H7-6"": {""status"": ""MET"", ""decision"": ""not_meet"", ""confidence"": 0.7, ""threshold"": 0.6, ""field"": ""abstract"", ""quote"": """", ""quote_valid"": false, ""span"": null, ""used"": true}}",PASS_CLEAN: all EL criteria MET.
A219,101002dev20582,Sympathetic and parasympathetic responses to social stress across adolescence,Tom Hollenstein; Adrian McNeely; Jenny Eastabrook; Allison R. Mackey; Jessica J. Flynn,Tom Hollenstein,2011.0,10.1002/dev.20582,https://pubmed.ncbi.nlm.nih.gov/21688260,,,Developmental Psychobiology,54,2,207-214,Wiley,en,https://doi.org/10.1002/dev.20582,0.9,resolved,openalex,2026-08-16T22:31:18Z,X006,"Many transformations that occur in adolescence are related to emotion and emotion regulation, yet very little is known about the autonomic underpinnings of these changes. The aim of the study was to document age-related differences in autonomic responses to social stress and relations to emotion regulation. Ninety-nine female adolescents engaged in a paced breathing and a spontaneous speech task while electrocardiography measurements were taken. Spectral decomposition of the heart period data was used to create measures of sympathetic and parasympathetic activity. Results revealed a positive correlation between age and sympathetic activity and a negative correlation between age and parasympathetic activity. These findings contribute to a better understanding of the age-related norms of cardiac variability across adolescence.",Psychology; Vagal tone; Correlation; Parasympathetic nervous system; Heart rate variability; Sympathetic activity; Autonomic nervous system; Developmental psychology; Negative correlation; Stress (linguistics); Audiology; Internal medicine,False,article,True,True,False,doi,,"{'venue': 'crossref', 'volume': 'crossref', 'issue': 'crossref', 'pages': 'crossref', 'publisher': 'crossref', 'url': 'crossref', 'lang': 'crossref'}",{'crossref': 7},"X006.R000 resolved | hits:OA,CR | winner:- | filled:venue:CR; lang:CR | missing:-",PASS_CLEAN,,,"H7-5,H7-6",,"{""H7-5"": {""status"": ""MET"", ""decision"": ""not_meet"", ""confidence"": 0.6, ""threshold"": 0.6, ""field"": ""abstract"", ""quote"": """", ""quote_valid"": false, ""span"": null, ""used"": true}, ""H7-6"": {""status"": ""MET"", ""decision"": ""not_meet"", ""confidence"": 0.6, ""threshold"": 0.6, ""field"": ""abstract"", ""quote"": """", ""quote_valid"": false, ""span"": null, ""used"": true}}",PASS_CLEAN: all EL criteria MET.
A220,101002da1019,Heart rate and QT variability in children with anxiety disorders: A preliminary report,Vikram K. Yeragani; K.A. Radhakrishna Rao; Robert Pohl; V.C. Jampala; Richard Balon,Vikram K. Yeragani,2001.0,10.1002/da.1019,https://pubmed.ncbi.nlm.nih.gov/11301923,,,Depression and Anxiety,13,2,72-77,Hindawi Limited,en,https://doi.org/10.1002/da.1019,0.9,resolved,openalex,2026-08-16T22:31:18Z,X006,"This study compared beat-to-beat heart rate and QT variability in children with anxiety disorders (n = 7) and normal controls (n = 15) by using an automated algorithm to compute QT intervals. An increase in QT variability appears to be associated with a higher risk for sudden cardiac death. A decrease in heart rate variability is also linked to significant cardiovascular events. Supine detrended QT variability, QT variability corrected for mean QT interval, and QTvi (a log ratio of QT variance normalized for mean QT over heart rate variability normalized for mean heart rate) were significantly higher in children with anxiety compared to controls (P < 0.05). The largest Lyapunov Exponent (LLE) of heart rate time series was significantly lower (P < 0.05) in children with anxiety compared to controls. These findings suggest a relative increase in sympathetic activity and a relative decrease in cardiac vagal activity in children with anxiety disorders, and are discussed in the context of the effects of tricyclics on cardiac autonomic function in children, and the rare occurrence of sudden death during tricyclic antidepressant treatment.",Heart rate variability; QT interval; Heart rate; Anxiety; Cardiology; Internal medicine; Medicine; Sudden cardiac death; Supine position; Long QT syndrome; Sudden death; Electrocardiography,False,article,True,True,False,doi,,"{'venue': 'crossref', 'volume': 'crossref', 'issue': 'crossref', 'pages': 'crossref', 'publisher': 'crossref', 'url': 'crossref', 'lang': 'crossref'}",{'crossref': 7},"X006.R000 resolved | hits:OA,CR | winner:- | filled:venue:CR; lang:CR | missing:-",EXCLUSION_SUPPRESSED,,,H7-6,,"{""H7-5"": {""status"": ""SUPPRESSED"", ""decision"": ""meet"", ""confidence"": 0.8, ""threshold"": 0.6, ""field"": ""abstract"", ""quote"": ""This study compared beat-to-beat heart rate and QT variability in children with anxiety disorders (n = 7) and normal controls (n = 15) by using an automated algorithm to compute QT intervals."", ""quote_valid"": true, ""span"": [0, 69], ""used"": true}, ""H7-6"": {""status"": ""MET"", ""decision"": ""not_meet"", ""confidence"": 0.9, ""threshold"": 0.6, ""field"": ""abstract"", ""quote"": """", ""quote_valid"": false, ""span"": null, ""used"": true}}","EXCLUSION_SUPPRESSED: the model returned an excluding verdict on H7-5 which passed the evidence gate. Flag-only is in force for this provider, so the record was NOT excluded and needs human review."
A222,101007s0024600893278,Autonomic Nervous System Function in Infants and Adolescents: Impact of Autonomic Tests on Heart Rate Variability,Elke Longin; Carmen Dimitriadis; S. Shazi; Thorsten Gerstner; Tamara Lenz; Stephan König,Elke Longin,2008.0,10.1007/s00246-008-9327-8,https://pubmed.ncbi.nlm.nih.gov/19037686,,,Pediatric Cardiology,30,3,311-324,Springer Science and Business Media LLC,en,https://doi.org/10.1007/s00246-008-9327-8,0.9,resolved,openalex,2026-08-16T22:31:19Z,X006,"Measurement of heart rate variability (HRV) shows information on the functional state of the autonomic nervous system (ANS). In adults there are standardized autonomic tests and well-established ranges of normal values, which is not the case in children. The aim of the present study was (1) to introduce an ANS test battery, especially for children and adolescents; (2) to establish normative HRV parameters; and (3) to determine the impact of ANS tests on HRV parameters compared with baseline measurements. We investigated 100 healthy children and adolescents between 6 and 15&nbsp;years old. We subdivided the investigated group into a group of children (5–11&nbsp;years old) and adolescents (12–15&nbsp;years old) and measured HRV by time and frequency domain parameters during baseline, rhythmic breathing, Valsalva test, active standing, tilt-table testing, and handgrip test. The normative HRV data are presented by means, SDs, medians, and percentiles. The results described refer to baseline values for each HRV parameter separately to demonstrate the influence of age on HRV parameters. The study results present not only first normative HRV data for an autonomic test battery especially adapted to children and adolescents, but they also quantify the autonomic changes induced by test procedures compared with baseline measurements.",Medicine; Autonomic nervous system; Cardiac surgery; Autonomic function; Heart rate variability; Vascular surgery; Heart rate; Cardiology; Internal medicine; Blood pressure,False,article,True,True,True,doi,,"{'venue': 'crossref', 'volume': 'crossref', 'issue': 'crossref', 'pages': 'crossref', 'publisher': 'crossref', 'url': 'crossref', 'lang': 'crossref', 'abstract': 'unpaywall'}","{'crossref': 7, 'unpaywall': 1}","X006.R000 resolved | hits:OA,CR,S2 | winner:- | filled:venue:CR; lang:CR; abstract:UN | missing:-",PASS_CLEAN,,,"H7-5,H7-6",,"{""H7-5"": {""status"": ""MET"", ""decision"": ""not_meet"", ""confidence"": 0.8, ""threshold"": 0.6, ""field"": ""abstract"", ""quote"": """", ""quote_valid"": false, ""span"": null, ""used"": true}, ""H7-6"": {""status"": ""MET"", ""decision"": ""not_meet"", ""confidence"": 0.8, ""threshold"": 0.6, ""field"": ""title"", ""quote"": """", ""quote_valid"": false, ""span"": null, ""used"": true}}",PASS_CLEAN: all EL criteria MET.
A223,101111j165122272001tb02425x,Personality profiles and heart rate variability (vagal tone) in children with recurrent abdominal pain,E Olafsdottir; Bjørn Ellertsen; Arnold Berstad; G Fluge,E Olafsdottir,2001.0,10.1111/j.1651-2227.2001.tb02425.x,https://pubmed.ncbi.nlm.nih.gov/11440095,,,Acta Paediatrica,90,6,632-637,Wiley,en,https://doi.org/10.1111/j.1651-2227.2001.tb02425.x,0.9,resolved,openalex,2026-08-16T22:31:21Z,X006,"UNLABELLED: The aim of the study was to explore psychological factors and autonomic activity in children with recurrent abdominal pain and to compare them with those in a control group of healthy children. The Personality Inventory for Children was used for assessment of developmental, emotional and psychosocial factors in 25 children with recurrent abdominal pain (age, 7-15 y). Parasympathetic and sympathetic functions in these children and in 23 healthy control subjects (age, 7-13 y) were also investigated, non-invasively using a computerized polygraph. Vagal tone (parasympathetic function) was indexed by calculation of respiratory sinus arrhythmia in beats/min. Skin conductance (sympathetic function) was recorded by the constant current method. On the Personality Inventory for Children, 16 patients had high scores on somatic concern. Several patients had scores in the clinical range for depression, withdrawal and anxiety, but the mean scores for these personality profile scales were well within the normal range of healthy children. Interestingly, there was a spike on the L (Lie)-scale for most of the patients and 15 patients had scores above or close to the clinical cut-off value. As compared with the scores in healthy children, vagal tone and sympathetic tone were normal. CONCLUSION: Many children with recurrent abdominal pain have scores in the clinical range for depression, withdrawal, anxiety and L-scale indicating coping problems, denial and a trend towards somatic concern that may contribute to the evolution of abdominal pain. Autonomic nerve activity was not disturbed in these children.",Vagal tone; Medicine; Eysenck Personality Questionnaire; Anxiety; Heart rate variability; Heart rate; Psychosocial; Personality; Autonomic nervous system; Anesthesia; Internal medicine; Psychiatry,False,article,True,True,False,doi,,"{'venue': 'crossref', 'volume': 'crossref', 'issue': 'crossref', 'pages': 'crossref', 'publisher': 'crossref', 'url': 'crossref', 'lang': 'crossref'}",{'crossref': 7},"X006.R000 resolved | hits:OA,CR | winner:- | filled:venue:CR; lang:CR | missing:-",PASS_FLAGGED,,,H7-5,H7-6,"{""H7-5"": {""status"": ""MET"", ""decision"": ""not_meet"", ""confidence"": 0.8, ""threshold"": 0.6, ""field"": ""abstract"", ""quote"": """", ""quote_valid"": false, ""span"": null, ""used"": true}, ""H7-6"": {""status"": ""UNCERTAIN"", ""decision"": ""meet"", ""confidence"": 0.9, ""threshold"": 0.6, ""field"": ""abstract"", ""quote"": ""Heart rate variability (vagal tone) in children with recurrent abdominal pain"", ""quote_valid"": false, ""span"": [1, 35], ""used"": true}}",PASS_FLAGGED: uncertain H7-6
A224,101093jpepsyjsp010,Exploring Psychophysiological Markers of Vulnerability to Somatic Illnesses in Females,Alison E. Hipwell; Kate Keenan; Anna L. Marsland,Alison E. Hipwell,2009.0,10.1093/jpepsy/jsp010,https://pubmed.ncbi.nlm.nih.gov/19286887,,,Journal of Pediatric Psychology,34,9,1030-1039,Oxford University Press (OUP),en,https://doi.org/10.1093/jpepsy/jsp010,0.9,resolved,openalex,2026-08-16T22:31:21Z,X006,"OBJECTIVE: To examine the association between biological stress regulation and somatic complaints in young girls prior to the onset of clear psychopathology such as somatization disorder. METHODS: Salivary cortisol, heart rate variability (HRV), and negative mood were assessed in 48 12-year-old girls in response to the Trier Social Stress Test for Children (TSST-C). Parent and child report on the Children's Somatization Inventory was used to identify girls with high and low somatic complaints. RESULTS: Girls with high levels of somatic complaints had significantly higher initial levels of cortisol, which decreased over time, and showed a trend for a more limited HRV in response to the TSST-C than girls with low levels of somatic complaints. CONCLUSIONS: High levels of cortisol and possibly low HRV among girls with somatic complaints may interfere with flexibility in responding to typical psychosocial stressors, which may increase vulnerability to the onset of somatic illnesses in females.",Somatization; Somatic cell; Psychology; Stressor; Trier social stress test; Psychopathology; Psychosocial; Clinical psychology; Heart rate variability; Mood; Psychiatry; Anxiety,True,article,True,True,False,doi,,"{'venue': 'crossref', 'volume': 'crossref', 'issue': 'crossref', 'pages': 'crossref', 'publisher': 'crossref', 'url': 'crossref', 'lang': 'crossref'}",{'crossref': 7},"X006.R000 resolved | hits:OA,CR | winner:- | filled:venue:CR; lang:CR | missing:-",PASS_FLAGGED,,,H7-5,H7-6,"{""H7-5"": {""status"": ""MET"", ""decision"": ""not_meet"", ""confidence"": 0.8, ""threshold"": 0.6, ""field"": ""abstract"", ""quote"": """", ""quote_valid"": false, ""span"": null, ""used"": true}, ""H7-6"": {""status"": ""UNCERTAIN"", ""decision"": ""meet"", ""confidence"": 0.9, ""threshold"": 0.6, ""field"": ""abstract"", ""quote"": ""Psychophysiological Markers of Vulnerability to Somatic Illnesses in Females"", ""quote_valid"": false, ""span"": [0, 35], ""used"": true}}",PASS_FLAGGED: uncertain H7-6
A227,1011861751075975,"Relationship between autonomic cardiovascular control, case definition, clinical symptoms, and functional disability in adolescent chronic fatigue syndrome: an exploratory study",Vegard Bruun Wyller; Ingrid B. Helland,Vegard Bruun Wyller,2013.0,10.1186/1751-0759-7-5,https://pubmed.ncbi.nlm.nih.gov/23388153,,,BioPsychoSocial Medicine,7,1,5,Springer Science and Business Media LLC,en,https://doi.org/10.1186/1751-0759-7-5,0.9,resolved,openalex,2026-08-16T22:31:25Z,X006,"Chronic Fatigue Syndrome (CFS) is characterized by severe impairment and multiple symptoms. Autonomic dysregulation has been demonstrated in several studies. We aimed at exploring the relationship between indices of autonomic cardiovascular control, the case definition from Centers for Disease Control and Prevention (CDC criteria), important clinical symptoms, and disability in adolescent chronic fatigue syndrome. 38 CFS patients aged 12-18 years were recruited according to a wide case definition (ie. not requiring accompanying symptoms) and subjected to head-up tilt test (HUT) and a questionnaire. The relationships between variables were explored with multiple linear regression analyses. In the final models, disability was positively associated with symptoms of cognitive impairments (p<0.001), hypersensitivity (p<0.001), fatigue (p=0.003) and age (p=0.007). Symptoms of cognitive impairments were associated with age (p=0.002), heart rate (HR) at baseline (p=0.01), and HR response during HUT (p=0.02). Hypersensitivity was associated with HR response during HUT (p=0.001), high-frequency variability of heart rate (HF-RRI) at baseline (p=0.05), and adherence to the CDC criteria (p=0.005). Fatigue was associated with gender (p=0.007) and adherence to the CDC criteria (p=0.04). In conclusion, a) The disability of CFS patients is not only related to fatigue but to other symptoms as well; b) Altered cardiovascular autonomic control is associated with certain symptoms; c) The CDC criteria are poorly associated with disability, symptoms, and indices of altered autonomic nervous activity.",Medicine; Chronic fatigue syndrome; Heart rate variability; Autonomic nervous system; Heart rate; Internal medicine; Disease; Tilt table test; Cognition; Depression (economics); Physical therapy; Blood pressure,True,article,True,True,False,doi,,"{'venue': 'crossref', 'volume': 'crossref', 'issue': 'crossref', 'pages': 'crossref', 'publisher': 'crossref', 'url': 'crossref', 'lang': 'crossref'}",{'crossref': 7},"X006.R000 resolved | hits:OA,CR | winner:- | filled:venue:CR; lang:CR | missing:-",PASS_CLEAN,,,"H7-5,H7-6",,"{""H7-5"": {""status"": ""MET"", ""decision"": ""not_meet"", ""confidence"": 0.8, ""threshold"": 0.6, ""field"": ""abstract"", ""quote"": """", ""quote_valid"": false, ""span"": null, ""used"": true}, ""H7-6"": {""status"": ""MET"", ""decision"": ""not_meet"", ""confidence"": 0.7, ""threshold"": 0.6, ""field"": ""title"", ""quote"": """", ""quote_valid"": false, ""span"": null, ""used"": true}}",PASS_CLEAN: all EL criteria MET.
A228,101002da1039,"Yeragani VK, Radhakrishna Rao KA, Pohl R, Jampala VC, Balon R. 2001. Heart rate and QT variability in children with anxiety disorders: A preliminary report. Depression and Anxiety 13:72-77",,,2001.0,10.1002/da.1039,,,,Depression and Anxiety,13,4,198-198,Hindawi Limited,en,https://doi.org/10.1002/da.1039,0.9,resolved,openalex,2026-08-16T22:31:25Z,X006,"In Table 3 of the article referenced above, the values of MED and LLE reflect a parallel algorithm used. However the correct values are presented in the following version of Table 3. The authors regret the oversight.",Anxiety; Regret; Depression (economics); Psychology; Psychiatry; Citation; Clinical psychology; Computer science; Library science; Machine learning; Economics; Macroeconomics,True,article,True,True,False,doi,,"{'venue': 'crossref', 'volume': 'crossref', 'issue': 'crossref', 'pages': 'crossref', 'publisher': 'crossref', 'url': 'crossref', 'lang': 'crossref'}",{'crossref': 7},"X006.R000 resolved | hits:OA,CR | winner:- | filled:venue:CR; lang:CR | missing:-",PASS_CLEAN,,,"H7-5,H7-6",,"{""H7-5"": {""status"": ""MET"", ""decision"": ""not_meet"", ""confidence"": 0.8, ""threshold"": 0.6, ""field"": ""title"", ""quote"": """", ""quote_valid"": false, ""span"": null, ""used"": true}, ""H7-6"": {""status"": ""MET"", ""decision"": ""not_meet"", ""confidence"": 0.9, ""threshold"": 0.6, ""field"": ""title"", ""quote"": """", ""quote_valid"": false, ""span"": null, ""used"": true}}",PASS_CLEAN: all EL criteria MET.
A229,101080080352501750258685,Personality profiles and heart rate variability (vagal tone) in children with recurrent abdominal pain,E Olafsdottir; B Ellertsen; Arnold Berstad; G Fluge,E Olafsdottir,2001.0,10.1080/080352501750258685,,,,Acta Paediatrica,90,6,632-637,Wiley,en,https://doi.org/10.1080/080352501750258685,0.9,resolved,openalex,2026-08-16T22:31:26Z,X006,"The aim of the study was to explore psychological factors and autonomic activity in children with recurrent abdominal pain and to compare them with those in a control group of healthy children. The Personality Inventory for Children was used for assessment of developmental, emotional and psychosocial factors in 25 children with recurrent abdominal pain (age, 7–15 y). Parasympathetic and sympathetic functions in these children and in 23 healthy control subjects (age, 7–13 y) were also investigated, non-invasively using a computerized polygraph. Vagal tone (parasympathetic function) was indexed by calculation of respiratory sinus arrhythmia in beats/min. Skin conductance (sympathetic function) was recorded by the constant current method. On the Personality Inventory for Children, 16 patients had high scores on somatic concern. Several patients had scores in the clinical range for depression, withdrawal and anxiety, but the mean scores for these personality profile scales were well within the normal range of healthy children. Interestingly, there was a spike on the L (Lie)-scale for most of the patients and 15 patients had scores above or close to the clinical cut-off value. As compared with the scores in healthy children, vagal tone and sympathetic tone were normal. Conclusion: Many children with recurrent abdominal pain have scores in the clinical range for depression, withdrawal, anxiety and L-scale indicating coping problems, denial and a trend towards somatic concern that may contribute to the evolution of abdominal pain. Autonomic nerve activity was not disturbed in these children.",Vagal tone; Medicine; Eysenck Personality Questionnaire; Anxiety; Heart rate variability; Personality; Psychosocial; Autonomic nervous system; Heart rate; Anesthesia; Internal medicine; Psychiatry,False,article,True,True,False,doi,,"{'venue': 'crossref', 'volume': 'crossref', 'issue': 'crossref', 'pages': 'crossref', 'publisher': 'crossref', 'url': 'crossref', 'lang': 'heuristic'}","{'crossref': 6, 'heuristic': 1}","X006.R000 resolved | hits:OA,CR | winner:- | filled:venue:CR; lang:HE | missing:-",EXCLUSION_SUPPRESSED,,,H7-5,,"{""H7-5"": {""status"": ""MET"", ""decision"": ""not_meet"", ""confidence"": 0.8, ""threshold"": 0.6, ""field"": ""abstract"", ""quote"": """", ""quote_valid"": false, ""span"": null, ""used"": true}, ""H7-6"": {""status"": ""SUPPRESSED"", ""decision"": ""meet"", ""confidence"": 0.85, ""threshold"": 0.6, ""field"": ""abstract"", ""quote"": ""Many children with recurrent abdominal pain have scores in the clinical range for depression, withdrawal, anxiety and L-scale indicating coping problems, denial and a trend towards somatic concern that m"", ""quote_valid"": true, ""span"": [213, 255], ""used"": true}}","EXCLUSION_SUPPRESSED: the model returned an excluding verdict on H7-6 which passed the evidence gate. Flag-only is in force for this provider, so the record was NOT excluded and needs human review."
A235,101016jcmpb201307024,Kubios HRV – Heart rate variability analysis software,Mika P. Tarvainen; Juha‐Pekka Niskanen; Jukka A. Lipponen; Perttu Ranta-aho; Pasi A. Karjalainen,Mika P. Tarvainen,2013.0,10.1016/j.cmpb.2013.07.024,https://pubmed.ncbi.nlm.nih.gov/24054542,,,Computer Methods and Programs in Biomedicine,113,1,210-220,Elsevier BV,en,https://doi.org/10.1016/j.cmpb.2013.07.024,0.9,resolved,openalex,2026-08-16T22:31:35Z,X008,"Кваліфікаційна робота присвячена розробці інформаційної технології аналізу серцевого ритму на основі даних фітнес сенсорів.
В роботі розглядається архітектура та впровадження веб-інструменту для аналізу варіабельності серцевого ритму.
По-перше, цей проект висвітлює необхідність аналізу варіабельності серцевого ритму. Тоді закладіть основи необхідності ефективного інструменту аналізу, доступного для всіх.
По-друге, детально вивчається архітектура веб-програми. Додаток реалізовано з дизайном шаблону, який є варіантом контролера моделі-перегляду. Для ефективності та продуктивності аналіз варіабельності серцевого ритму виконується асинхронно з використанням черги завдань. Система також надає послугу REST для даних GET та POST.
Нарешті, результати використання програми представлені з точки зору користувача веб-браузера.",Computer science; Software; Heart rate variability; ASCII; Graphical user interface; MATLAB; Data mining; Real-time computing; Operating system; Heart rate; Blood pressure; Radiology,True,article,True,True,True,doi,,"{'venue': 'crossref', 'volume': 'crossref', 'issue': 'crossref', 'pages': 'crossref', 'publisher': 'crossref', 'url': 'crossref', 'lang': 'crossref', 'abstract': 'unpaywall'}","{'crossref': 7, 'unpaywall': 1}","X008.R000 resolved | hits:OA,CR,S2 | winner:- | filled:venue:CR; lang:CR; abstract:UN | missing:-",PASS_CLEAN,,,"H7-5,H7-6",,"{""H7-5"": {""status"": ""MET"", ""decision"": ""not_meet"", ""confidence"": 0.9, ""threshold"": 0.6, ""field"": ""title"", ""quote"": """", ""quote_valid"": false, ""span"": null, ""used"": true}, ""H7-6"": {""status"": ""MET"", ""decision"": ""not_meet"", ""confidence"": 0.95, ""threshold"": 0.6, ""field"": ""title"", ""quote"": """", ""quote_valid"": false, ""span"": null, ""used"": true}}",PASS_CLEAN: all EL criteria MET.
A238,10110910979357,An advanced detrending method with application to HRV analysis,Mika P. Tarvainen; Perttu Ranta-aho; Pasi A. Karjalainen,Mika P. Tarvainen,2002.0,10.1109/10.979357,https://pubmed.ncbi.nlm.nih.gov/12066885,,,IEEE Transactions on Biomedical Engineering,49,2,172-175,Institute of Electrical and Electronics Engineers (IEEE),en,https://doi.org/10.1109/10.979357,0.9,resolved,openalex,2026-08-16T22:31:40Z,X008,"An advanced, simple to use, detrending method to be used before heart rate variability analysis (HRV) is presented. The method is based on smoothness priors approach and operates like a time-varying finite-impulse response high-pass filter. The effect of the detrending on time- and frequency-domain analysis of HRV is studied.",Heart rate variability; Smoothness; Impulse response; Low-pass filter; Computer science; Frequency domain; Finite impulse response; Filter (signal processing); Artificial intelligence; Pattern recognition (psychology); Mathematics; Algorithm,False,article,True,True,False,doi,,"{'venue': 'crossref', 'volume': 'crossref', 'issue': 'crossref', 'pages': 'crossref', 'publisher': 'crossref', 'url': 'crossref', 'lang': 'heuristic'}","{'crossref': 6, 'heuristic': 1}","X008.R000 resolved | hits:OA,CR | winner:- | filled:venue:CR; lang:HE | missing:-",EXCLUSION_SUPPRESSED,,,H7-6,,"{""H7-5"": {""status"": ""SUPPRESSED"", ""decision"": ""meet"", ""confidence"": 0.95, ""threshold"": 0.6, ""field"": ""abstract"", ""quote"": ""An advanced, simple to use, detrending method to be used before heart rate variability analysis (HRV) is presented."", ""quote_valid"": true, ""span"": [1, 61], ""used"": true}, ""H7-6"": {""status"": ""MET"", ""decision"": ""not_meet"", ""confidence"": 0.95, ""threshold"": 0.6, ""field"": ""title"", ""quote"": """", ""quote_valid"": false, ""span"": null, ""used"": true}}","EXCLUSION_SUPPRESSED: the model returned an excluding verdict on H7-5 which passed the evidence gate. Flag-only is in force for this provider, so the record was NOT excluded and needs human review."
A240,101016jijpsycho201508004,Heart rate variability as a transdiagnostic biomarker of psychopathology,Theodore P. Beauchaine; Julian F. Thayer,Theodore P. Beauchaine,2015.0,10.1016/j.ijpsycho.2015.08.004,https://pubmed.ncbi.nlm.nih.gov/26272488,,,International Journal of Psychophysiology,98,2,338-350,Elsevier BV,en,https://doi.org/10.1016/j.ijpsycho.2015.08.004,0.9,resolved,openalex,2026-08-16T22:31:41Z,X008,,Research Domain Criteria; Psychopathology; Psychophysiology; Psychology; Biomarker; Cognition; Cognitive psychology; Trait; Clinical psychology; Nosology; Heart rate variability; Neuroscience,False,article,True,True,True,doi,,"{'venue': 'crossref', 'volume': 'crossref', 'issue': 'crossref', 'pages': 'crossref', 'publisher': 'crossref', 'url': 'crossref', 'lang': 'crossref'}",{'crossref': 7},"X008.R000 resolved | hits:OA,CR,S2 | winner:- | filled:venue:CR; lang:CR | missing:abstract",EXCLUSION_SUPPRESSED,,,,,"{""H7-5"": {""status"": ""SUPPRESSED"", ""decision"": ""meet"", ""confidence"": 0.9, ""threshold"": 0.6, ""field"": ""title"", ""quote"": ""Heart rate variability as a transdiagnostic biomarker of psychopathology"", ""quote_valid"": true, ""span"": [0, 55], ""used"": true}, ""H7-6"": {""status"": ""SUPPRESSED"", ""decision"": ""meet"", ""confidence"": 0.9, ""threshold"": 0.6, ""field"": ""title"", ""quote"": ""Heart rate variability as a transdiagnostic biomarker of psychopathology"", ""quote_valid"": true, ""span"": [0, 45], ""used"": true}}","EXCLUSION_SUPPRESSED: the model returned an excluding verdict on H7-5, H7-6 which passed the evidence gate. Flag-only is in force for this provider, so the record was NOT excluded and needs human review."
A246,101016jamjmed200403041,Blunted circadian variation in autonomic regulation of sinus node function in veterans with Gulf War syndrome,Robert W. Haley; Wanpen Vongpatanasin; Gil I. Wolfe; Wilson W. Bryan; Roseanne Armitage; Robert Hoffmann; Frederick Petty; Timothy S. Callahan; Elizabeth Charuvastra; William E. Shell; W. Wesley Marshall; Ronald G. Victor,Robert W. Haley,2004.0,10.1016/j.amjmed.2004.03.041,https://pubmed.ncbi.nlm.nih.gov/15464703,,,The American Journal of Medicine,117,7,469-478,Elsevier BV,en,https://doi.org/10.1016/j.amjmed.2004.03.041,0.9,resolved,openalex,2026-08-16T22:31:45Z,X008,,Medicine; Heart rate; Blood pressure; Circadian rhythm; Heart rate variability; Polysomnography; Valsalva maneuver; Internal medicine; Ambulatory blood pressure; Autonomic nervous system; Veterans Affairs; Morning,False,article,True,True,True,doi,,"{'venue': 'crossref', 'volume': 'crossref', 'issue': 'crossref', 'pages': 'crossref', 'publisher': 'crossref', 'url': 'crossref', 'lang': 'crossref'}",{'crossref': 7},"X008.R000 resolved | hits:OA,CR,S2 | winner:- | filled:venue:CR; lang:CR | missing:abstract",PASS_CLEAN,,,"H7-5,H7-6",,"{""H7-5"": {""status"": ""MET"", ""decision"": ""not_meet"", ""confidence"": 0.8, ""threshold"": 0.6, ""field"": ""title"", ""quote"": """", ""quote_valid"": false, ""span"": null, ""used"": true}, ""H7-6"": {""status"": ""MET"", ""decision"": ""not_meet"", ""confidence"": 0.95, ""threshold"": 0.6, ""field"": ""title"", ""quote"": """", ""quote_valid"": false, ""span"": null, ""used"": true}}",PASS_CLEAN: all EL criteria MET.
A247,101111146989863730302,Effects of paced respiration on heart period and heart period variability,Rudolf Stark; Anne Schienle; Bertram Walter; Dieter Vaitl,Rudolf Stark,2000.0,10.1111/1469-8986.3730302,https://pubmed.ncbi.nlm.nih.gov/10860408,,,Psychophysiology,37,3,302-309,Wiley,en,https://doi.org/10.1111/1469-8986.3730302,0.9,resolved,openalex,2026-08-16T22:31:46Z,X008,"The present study investigated psychophysiological responses to paced respiration of different frequencies. Twenty men and 20 women (mean age: 24.3 years) underwent five breathing conditions (paced with 0.15 Hz, 0.20 Hz, 0.25 Hz, 0.30 Hz, and unpaced), each lasting 5 min. As dependent physiological measures heart period, and different heart period variability (HPV) parameters were assessed. Psychological variables consisted of mood estimates as well as rated accuracy and effort to follow the pacing rhythm. HPV decreased with higher breathing frequencies, under paced and unpaced conditions, whereas mood ratings did not change. Subjects indicated more effort and less accuracy in following the pacing signal, the more its frequency differed from their spontaneous breathing frequency. The comparison of a spontaneous breathing condition with a frequency-matched paced condition revealed that pacing per se provoked a reduction in heart period. Because this decrease was not accompanied by changes in any of the HPV frequency components, their validity as measures of autonomic control needs to be questioned.",Breathing; Psychology; Mood; Respiration; Heart rate; Period (music); Audiology; Heart rate variability; Cardiology; Anesthesia; Developmental psychology; Internal medicine,False,article,True,True,False,doi,,"{'venue': 'crossref', 'volume': 'crossref', 'issue': 'crossref', 'pages': 'crossref', 'publisher': 'crossref', 'url': 'crossref', 'lang': 'crossref'}",{'crossref': 7},"X008.R000 resolved | hits:OA,CR | winner:- | filled:venue:CR; lang:CR | missing:-",PASS_CLEAN,,,"H7-5,H7-6",,"{""H7-5"": {""status"": ""MET"", ""decision"": ""not_meet"", ""confidence"": 0.8, ""threshold"": 0.6, ""field"": ""abstract"", ""quote"": """", ""quote_valid"": false, ""span"": null, ""used"": true}, ""H7-6"": {""status"": ""MET"", ""decision"": ""not_meet"", ""confidence"": 0.8, ""threshold"": 0.6, ""field"": ""abstract"", ""quote"": """", ""quote_valid"": false, ""span"": null, ""used"": true}}",PASS_CLEAN: all EL criteria MET.
A252,10108000401706197310489051,Premium and Protection of Several Procedures For Dealing With Outliers When Sample Sizes Are Moderate to Large,Irwin Guttman,Irwin Guttman,1973.0,10.1080/00401706.1973.10489051,,,,Technometrics,15,2,385-404,Informa UK Limited,en,https://doi.org/10.1080/00401706.1973.10489051,0.9,resolved,openalex,2026-08-16T22:31:52Z,X008,"In a recent paper, Tiao and Guttman (1967) discussed the use of adjusted residuals to analyze the behaviour in moderate to large samples of the premium and protection of Anscombe's rule (herein designated as the A(k)-rule) when sampling is from the N(μ, σ) distribution, μ is to be estimated;and where k outlying observations are suspected of being spurious (k = 1 and 2). A discussion of two other rules, Semi-Winsorization (S (1)-rule) and Winsorization (W (1)-rule), is given in Guttman and Smith (1969, 1971). This paper investigates the behaviour, for moderate to large n, of the A (k)), S (k)) and W (k))- rules, k = 1 and 2. To do this, we define rules based on adjusted residuals, which we shall denote as the A k , S k and W k rules. Expressions for the premium and protection of the S k and W k rules are derived, and contrasted with these characteristics of the A k rule, obtained by Tiao and Guttman (1967). Some discussion of the case when σ2 is unknown is also included. Here we assume that there is an independent estimate of σ2, and we use rules with a different, type of adjusted residual.",Guttman scale; Spurious relationship; Mathematics; Residual; Outlier; Statistics; Sample (material); Sampling (signal processing); Econometrics; Computer science; Algorithm; Physics,False,article,True,True,False,doi,,"{'venue': 'crossref', 'volume': 'crossref', 'issue': 'crossref', 'pages': 'crossref', 'publisher': 'crossref', 'url': 'crossref', 'lang': 'crossref'}",{'crossref': 7},"X008.R000 resolved | hits:OA,CR | winner:- | filled:venue:CR; lang:CR | missing:-",PASS_CLEAN,,,"H7-5,H7-6",,"{""H7-5"": {""status"": ""MET"", ""decision"": ""not_meet"", ""confidence"": 0.9, ""threshold"": 0.6, ""field"": ""abstract"", ""quote"": """", ""quote_valid"": false, ""span"": null, ""used"": true}, ""H7-6"": {""status"": ""MET"", ""decision"": ""not_meet"", ""confidence"": 0.9, ""threshold"": 0.6, ""field"": ""abstract"", ""quote"": """", ""quote_valid"": false, ""span"": null, ""used"": true}}",PASS_CLEAN: all EL criteria MET.
A254,101016jijcard200909543,"The relationship of autonomic imbalance, heart rate variability and cardiovascular disease risk factors",Julian F. Thayer; Shelby Yamamoto; J. F. Brosschot,Julian F. Thayer,2009.0,10.1016/j.ijcard.2009.09.543,https://pubmed.ncbi.nlm.nih.gov/19910061,,,International Journal of Cardiology,141,2,122-131,Elsevier BV,en,https://doi.org/10.1016/j.ijcard.2009.09.543,0.9,resolved,openalex,2026-08-16T22:31:53Z,X008,,Medicine; Disease; Heart rate variability; Etiology; Autonomic nervous system; Risk factor; Obesity; Internal medicine; Cardiology; Intensive care medicine; Heart rate; Blood pressure,False,article,True,True,True,doi,,"{'venue': 'crossref', 'volume': 'crossref', 'issue': 'crossref', 'pages': 'crossref', 'publisher': 'crossref', 'url': 'crossref', 'lang': 'crossref'}",{'crossref': 7},"X008.R000 resolved | hits:OA,CR,S2 | winner:- | filled:venue:CR; lang:CR | missing:abstract",PASS_CLEAN,,,"H7-5,H7-6",,"{""H7-5"": {""status"": ""MET"", ""decision"": ""not_meet"", ""confidence"": 0.7, ""threshold"": 0.6, ""field"": ""title"", ""quote"": """", ""quote_valid"": false, ""span"": null, ""used"": true}, ""H7-6"": {""status"": ""MET"", ""decision"": ""not_meet"", ""confidence"": 0.7, ""threshold"": 0.6, ""field"": ""title"", ""quote"": """", ""quote_valid"": false, ""span"": null, ""used"": true}}",PASS_CLEAN: all EL criteria MET.
A256,101016s0735109797005548,Twenty-Four Hour Time Domain Heart Rate Variability and Heart Rate: Relations to Age and Gender Over Nine Decades,Ken Umetani; Donald H. Singer; Rollin McCraty; Mike Atkinson,Ken Umetani,1998.0,10.1016/s0735-1097(97)00554-8,https://pubmed.ncbi.nlm.nih.gov/9502641,,,Journal of the American College of Cardiology,31,3,593-601,Elsevier BV,en,https://doi.org/10.1016/s0735-1097(97)00554-8,0.9,resolved,openalex,2026-08-16T22:31:55Z,X008,,Heart rate variability; Medicine; Cardiology; Standard deviation; RR interval; Internal medicine; Poincaré plot; Confidence interval; Heart rate; Statistics; Mathematics; Blood pressure,True,article,True,True,True,doi,,"{'venue': 'crossref', 'volume': 'crossref', 'issue': 'crossref', 'pages': 'crossref', 'publisher': 'crossref', 'url': 'crossref', 'lang': 'crossref'}",{'crossref': 7},"X008.R000 resolved | hits:OA,CR,S2 | winner:- | filled:venue:CR; lang:CR | missing:abstract",PASS_CLEAN,,,"H7-5,H7-6",,"{""H7-5"": {""status"": ""MET"", ""decision"": ""not_meet"", ""confidence"": 0.7, ""threshold"": 0.6, ""field"": ""title"", ""quote"": """", ""quote_valid"": false, ""span"": null, ""used"": true}, ""H7-6"": {""status"": ""MET"", ""decision"": ""not_meet"", ""confidence"": 0.7, ""threshold"": 0.6, ""field"": ""title"", ""quote"": """", ""quote_valid"": false, ""span"": null, ""used"": true}}",PASS_CLEAN: all EL criteria MET.
A261,101016jijpsycho201306018,The relationship between mental and physical health: Insights from the study of heart rate variability,Andrew H. Kemp; Daniel Quintana,Andrew H. Kemp,2013.0,10.1016/j.ijpsycho.2013.06.018,https://pubmed.ncbi.nlm.nih.gov/23797149,,,International Journal of Psychophysiology,89,3,288-296,Elsevier BV,en,https://doi.org/10.1016/j.ijpsycho.2013.06.018,0.9,resolved,openalex,2026-08-16T22:31:57Z,X008,,Mood; Anxiety; Context (archaeology); Heart rate variability; Psychological intervention; Psychology; Stressor; Psychiatry; Medicine; Clinical psychology; Heart rate; Blood pressure,False,article,True,True,True,doi,,"{'venue': 'crossref', 'volume': 'crossref', 'issue': 'crossref', 'pages': 'crossref', 'publisher': 'crossref', 'url': 'crossref', 'lang': 'crossref'}",{'crossref': 7},"X008.R000 resolved | hits:OA,CR,S2 | winner:- | filled:venue:CR; lang:CR | missing:abstract",PASS_CLEAN,,,"H7-5,H7-6",,"{""H7-5"": {""status"": ""MET"", ""decision"": ""not_meet"", ""confidence"": 0.8, ""threshold"": 0.6, ""field"": ""title"", ""quote"": """", ""quote_valid"": false, ""span"": null, ""used"": true}, ""H7-6"": {""status"": ""MET"", ""decision"": ""not_meet"", ""confidence"": 0.8, ""threshold"": 0.6, ""field"": ""title"", ""quote"": """", ""quote_valid"": false, ""span"": null, ""used"": true}}",PASS_CLEAN: all EL criteria MET.
A265,103389fpsyg201500261,Resting heart rate variability predicts self-reported difficulties in emotion regulation: a focus on different facets of emotion regulation,DeWayne P. Williams; Claudia S. E. Cash; Cameron Rankin; A. Bernardi; Julian Koenig; Julian F. Thayer,DeWayne P. Williams,2015.0,10.3389/fpsyg.2015.00261,https://pubmed.ncbi.nlm.nih.gov/25806017,,,Frontiers in Psychology,6,,,Frontiers Media SA,en,https://doi.org/10.3389/fpsyg.2015.00261,0.9,resolved,openalex,2026-08-16T22:32:01Z,X008,"The Model of Neurovisceral Integration suggests that vagally mediated heart rate variability (vmHRV) represents a psychophysiological index of inhibitory control and thus, is associated with emotion regulation capacity. Over the past decade, growing empirical evidence supports this notion, showing that those with higher resting vmHRV can regulate negative emotions more adequately. However, to our knowledge, no study has previously examined how resting vmHRV may relate to everyday perceived difficulties in emotion regulation. The present study attempts to examine such relationship in 183 undergraduate students (98 female, 60 minority, mean Age = 19.34). Resting vmHRV was collected during a 5-min resting baseline period, and everyday difficulties in emotion regulation were assessed using the Difficulties in Emotion Regulation Scale (DERS). Controlling for potential covariates (including both trait anxiety and rumination), results revealed a negative relationship between resting vmHRV and DERS such that lower resting vmHRV was associated with greater difficulties in emotional regulation, especially a lack of emotional clarity and impulse control, as indicated by the respective subscales of the DERS. These findings provide further evidence for the Neurovisceral Integration Model, suggesting that emotion regulation and autonomic regulation share neural networks within the brain. Moreover, the present study extends prior research by highlighting two distinct facets of emotion regulation (impulse control and emotional clarity) that should be of particular interest when investigating the link between emotion regulation, resting vmHRV, and related health outcomes including morbidity and mortality.",Psychology; Cognitive reappraisal; Autoregulation; CLARITY; Rumination; Expressive Suppression; RESTING HEART RATE; Developmental psychology; Anxiety; Emotional regulation; Heart rate variability; Clinical psychology,True,article,True,True,False,doi,,"{'venue': 'crossref', 'volume': 'crossref', 'publisher': 'crossref', 'url': 'crossref', 'lang': 'heuristic'}","{'crossref': 4, 'heuristic': 1}","X008.R000 resolved | hits:OA,CR | winner:- | filled:venue:CR; lang:HE | missing:-",EXCLUSION_SUPPRESSED,,,H7-5,,"{""H7-5"": {""status"": ""MET"", ""decision"": ""not_meet"", ""confidence"": 0.8, ""threshold"": 0.6, ""field"": ""title"", ""quote"": """", ""quote_valid"": false, ""span"": null, ""used"": true}, ""H7-6"": {""status"": ""SUPPRESSED"", ""decision"": ""meet"", ""confidence"": 0.9, ""threshold"": 0.6, ""field"": ""abstract"", ""quote"": ""resting vmHRV was associated with greater difficulties in emotional regulation"", ""quote_valid"": true, ""span"": [261, 286], ""used"": true}}","EXCLUSION_SUPPRESSED: the model returned an excluding verdict on H7-6 which passed the evidence gate. Flag-only is in force for this provider, so the record was NOT excluded and needs human review."
A266,101016jbiopsycho201511013,Heart rate variability and cognitive processing: The autonomic response to task demands,Antonio Luque‐Casado; José C. Perales; David Cárdenas Vélez; Daniel Sanabria,Antonio Luque‐Casado,2015.0,10.1016/j.biopsycho.2015.11.013,https://pubmed.ncbi.nlm.nih.gov/26638762,,,Biological Psychology,113,,83-90,Elsevier BV,en,https://doi.org/10.1016/j.biopsycho.2015.11.013,0.9,resolved,openalex,2026-08-16T22:32:01Z,X008,,Heart rate variability; Cognition; Workload; Working memory; Psychology; Audiology; Psychomotor vigilance task; Vigilance (psychology); Stimulus (psychology); Cognitive psychology; Oddball paradigm; Dissociation (chemistry),False,article,True,True,True,doi,,"{'venue': 'crossref', 'volume': 'crossref', 'pages': 'crossref', 'publisher': 'crossref', 'url': 'crossref', 'lang': 'crossref'}",{'crossref': 6},"X008.R000 resolved | hits:OA,CR,S2 | winner:- | filled:venue:CR; lang:CR | missing:abstract",PASS_CLEAN,,,"H7-5,H7-6",,"{""H7-5"": {""status"": ""MET"", ""decision"": ""not_meet"", ""confidence"": 0.9, ""threshold"": 0.6, ""field"": ""title"", ""quote"": """", ""quote_valid"": false, ""span"": null, ""used"": true}, ""H7-6"": {""status"": ""MET"", ""decision"": ""not_meet"", ""confidence"": 0.8, ""threshold"": 0.6, ""field"": ""title"", ""quote"": """", ""quote_valid"": false, ""span"": null, ""used"": true}}",PASS_CLEAN: all EL criteria MET.
A269,101001jamaneurol2013596,Cholinergic Autonomic Dysfunction in Veterans With Gulf War Illness,Robert W. Haley; Elizabeth Charuvastra; William E. Shell; David M. Buhner; W. Wesley Marshall; Melanie M. Biggs; Steve Hopkins; Gil I. Wolfe; Steven Vernino,Robert W. Haley,2012.0,10.1001/jamaneurol.2013.596,https://pubmed.ncbi.nlm.nih.gov/23407784,,,JAMA Neurology,70,2,191,American Medical Association (AMA),en,https://doi.org/10.1001/jamaneurol.2013.596,0.9,resolved,openalex,2026-08-16T22:32:04Z,X008,"BACKGROUND: The authors of prior small studies raised the hypothesis that symptoms in veterans of the 1991 Gulf War, such as chronic diarrhea, dizziness, fatigue, and sexual dysfunction, are due to cholinergic autonomic dysfunction. OBJECTIVE: To perform a confirmatory test of this prestated hypothesis in a larger, representative sample of Gulf War veterans. DESIGN: Nested case-control study. SETTING: Clinical and Translational Research Center, University of Texas Southwestern Medical Center, Dallas. PARTICIPANTS: Representative samples of Gulf War veterans meeting a validated case definition of Gulf War illness with 3 variants (called syndromes 1-3) and a control group, all selected randomly from the US Military Health Survey. MAIN OUTCOME MEASURES: Validated domain scales from the Autonomic Symptom Profile questionnaire, the Composite Autonomic Severity Score, and high-frequency heart rate variability from a 24-hour electrocardiogram. RESULTS: The Autonomic Symptom Profile scales were significantly elevated in all 3 syndrome groups (P< .001), primarily due to elevation of the orthostatic intolerance, secretomotor, upper gastrointestinal dysmotility, sleep dysfunction, urinary, and autonomic diarrhea symptom domains. The Composite Autonomic Severity Score was also higher in the 3 syndrome groups (P= .045), especially in syndrome 2, primarily due to a significant reduction in sudomotor function as measured by the Quantitative Sudomotor Axon Reflex Test, most significantly in the foot; the score was intermediate in the ankle and upper leg and was nonsignificant in the arm, indicating a peripheral nerve length-related deficit. The normal increase in high-frequency heart rate variability at night was absent or blunted in all 3 syndrome groups (P< .001). CONCLUSION: Autonomic symptoms are associated with objective, predominantly cholinergic autonomic deficits in the population of Gulf War veterans.",Sudomotor; Medicine; Heart rate variability; Dysautonomia; Internal medicine; Autonomic nervous system; Heart rate; Cardiology; Psychology; Disease; Blood pressure,False,article,True,True,False,doi,,"{'venue': 'crossref', 'volume': 'crossref', 'issue': 'crossref', 'pages': 'crossref', 'publisher': 'crossref', 'url': 'crossref', 'lang': 'crossref'}",{'crossref': 7},"X008.R000 resolved | hits:OA,CR | winner:- | filled:venue:CR; lang:CR | missing:-",PASS_CLEAN,,,"H7-5,H7-6",,"{""H7-5"": {""status"": ""MET"", ""decision"": ""not_meet"", ""confidence"": 0.7, ""threshold"": 0.6, ""field"": ""title"", ""quote"": """", ""quote_valid"": false, ""span"": null, ""used"": true}, ""H7-6"": {""status"": ""MET"", ""decision"": ""not_meet"", ""confidence"": 0.8, ""threshold"": 0.6, ""field"": ""title"", ""quote"": """", ""quote_valid"": false, ""span"": null, ""used"": true}}",PASS_CLEAN: all EL criteria MET.
A270,103389fpubh201700258,An Overview of Heart Rate Variability Metrics and Norms,Fred Shaffer; J. P. Ginsberg,Fred Shaffer,2017.0,10.3389/fpubh.2017.00258,https://pubmed.ncbi.nlm.nih.gov/29034226,,,Frontiers in Public Health,5,,,Frontiers Media SA,en,https://doi.org/10.3389/fpubh.2017.00258,0.9,resolved,openalex,2026-08-16T22:32:04Z,X008,"Healthy biological systems exhibit complex patterns of variability that can be described by mathematical chaos. Heart rate variability (HRV) consists of changes in the time intervals between consecutive heartbeats called interbeat intervals (IBIs). A healthy heart is not a metronome. The oscillations of a healthy heart are complex and constantly changing, which allow the cardiovascular system to rapidly adjust to sudden physical and psychological challenges to homeostasis. This article briefly reviews current perspectives on the mechanisms that generate 24 h, short-term (~5 min), and ultra-short-term (<5 min) HRV, the importance of HRV, and its implications for health and performance. The authors provide an overview of widely-used HRV time-domain, frequency-domain, and non-linear metrics. Time-domain indices quantify the amount of HRV observed during monitoring periods that may range from ~2 min to 24 h. Frequency-domain values calculate the absolute or relative amount of signal energy within component bands. Non-linear measurements quantify the unpredictability and complexity of a series of IBIs. The authors survey published normative values for clinical, healthy, and optimal performance populations. They stress the importance of measurement context, including recording period length, subject age, and sex, on baseline HRV values. They caution that 24 h, short-term, and ultra-short-term normative values are not interchangeable. They encourage professionals to supplement published norms with findings from their own specialized populations. Finally, the authors provide an overview of HRV assessment strategies for clinical and optimal performance interventions.",Heart rate variability; Context (archaeology); Normative; Computer science; Metronome; Medicine; Psychology; Heart rate; Internal medicine; Biology; Rhythm; Epistemology,True,article,True,True,False,doi,,"{'venue': 'crossref', 'volume': 'crossref', 'publisher': 'crossref', 'url': 'crossref', 'lang': 'heuristic'}","{'crossref': 4, 'heuristic': 1}","X008.R000 resolved | hits:OA,CR | winner:- | filled:venue:CR; lang:HE | missing:-",PASS_CLEAN,,,"H7-5,H7-6",,"{""H7-5"": {""status"": ""MET"", ""decision"": ""not_meet"", ""confidence"": 0.9, ""threshold"": 0.6, ""field"": ""title"", ""quote"": """", ""quote_valid"": false, ""span"": null, ""used"": true}, ""H7-6"": {""status"": ""MET"", ""decision"": ""not_meet"", ""confidence"": 0.8, ""threshold"": 0.6, ""field"": ""title"", ""quote"": """", ""quote_valid"": false, ""span"": null, ""used"": true}}",PASS_CLEAN: all EL criteria MET.
A273,103389fnhum201800353,How Breath-Control Can Change Your Life: A Systematic Review on Psycho-Physiological Correlates of Slow Breathing,Andrea Zaccaro; Andrea Piarulli; Marco Laurino; Erika Garbella; Danilo Menicucci; Bruno Neri; Angelo Gemignani,Andrea Zaccaro,2018.0,10.3389/fnhum.2018.00353,https://pubmed.ncbi.nlm.nih.gov/30245619,,,Frontiers in Human Neuroscience,12,,,Frontiers Media SA,en,https://doi.org/10.3389/fnhum.2018.00353,0.9,resolved,openalex,2026-08-16T22:32:05Z,X008,"Background. The psycho-physiological changes in brain-body interaction observed in most of meditative and relaxing practices rely on voluntary slowing down of breath frequency. However, the identification of mechanisms linking breath control to its psychophysiological effects is still under debate. This systematic review is aimed at unveiling psychophysiological mechanisms underlying slow breathing techniques (<10 breaths/minute) and their effects on healthy subjects. Methods. A systematic search of MEDLINE and SCOPUS databases, using keywords related to both breathing techniques and to their psychophysiological outcomes, focusing on cardio-respiratory and central nervous system, has been conducted. From a pool of 2461 abstracts only 15 articles met eligibility criteria and were included in the review. The present systematic review follows the Preferred Reporting Items for Systematic Reviews and Meta-Analyses (PRISMA) guidelines. Results. The main effects of slow breathing techniques cover autonomic and central nervous systems activities as well as the psychological status. Slow breathing techniques promote autonomic changes increasing Heart Rate Variability and Respiratory Sinus Arrhythmia paralleled by Central Nervous System (CNS) activity modifications. EEG studies show an increase in alpha and a decrease in theta power. Anatomically, the only available fMRI study highlights increased activity in cortical (e.g. prefrontal, motor, and parietal cortices) and subcortical (e.g. pons, thalamus, sub-parabrachial nucleus, periaqueductal grey, and hypothalamus) structures. Psychological/behavioral outputs related to the abovementioned changes are increased comfort, relaxation, pleasantness, vigor and alertness, and reduced symptoms of arousal, anxiety, depression, anger and confusion. Conclusions. Slow breathing techniques act enhancing autonomic, cerebral and psychological flexibility in a scenario of mutual interactions: we found evidence of links between parasympathetic activity (increased HRV and LF power), CNS activities (increased EEG alpha power and decreased EEG theta power) related to emotional control and psychological well-being in healthy subjects. Our hypothesis considers two different mechanisms for explaining psychophysiological changes induced by voluntary control of slow breathing: one is related to a voluntary regulation of internal bodily states (enteroception), the other is associated to the role of mechanoceptors within the nasal vault in translating slow breathing in a modulation of olfactory bulb activity, which in turn tunes the activity of the entire cortical mantle.",Breathing; Arousal; Neuroscience; Anxiety; Psychology; Alertness; Heart rate variability; Vagal tone; Autonomic nervous system; Periaqueductal gray; Thalamus; Medicine,True,article,True,True,False,doi,,"{'venue': 'crossref', 'volume': 'crossref', 'publisher': 'crossref', 'url': 'crossref', 'lang': 'heuristic'}","{'crossref': 4, 'heuristic': 1}","X008.R000 resolved | hits:OA,CR | winner:- | filled:venue:CR; lang:HE | missing:-",PASS_CLEAN,,,"H7-5,H7-6",,"{""H7-5"": {""status"": ""MET"", ""decision"": ""not_meet"", ""confidence"": 0.8, ""threshold"": 0.6, ""field"": ""title"", ""quote"": """", ""quote_valid"": false, ""span"": null, ""used"": true}, ""H7-6"": {""status"": ""MET"", ""decision"": ""not_meet"", ""confidence"": 0.8, ""threshold"": 0.6, ""field"": ""title"", ""quote"": """", ""quote_valid"": false, ""span"": null, ""used"": true}}",PASS_CLEAN: all EL criteria MET.
A275,101016jcobeha201712017,How heart rate variability affects emotion regulation brain networks,Mara Mather; Julian F. Thayer,Mara Mather,2018.0,10.1016/j.cobeha.2017.12.017,https://pubmed.ncbi.nlm.nih.gov/29333483,,,Current Opinion in Behavioral Sciences,19,,98-104,Elsevier BV,en,https://doi.org/10.1016/j.cobeha.2017.12.017,0.9,resolved,openalex,2026-08-16T22:32:06Z,X008,"Individuals with high heart rate variability tend to have better emotional well-being than those with low heart rate variability, but the mechanisms of this association are not yet clear. In this paper, we propose the novel hypothesis that by inducing oscillatory activity in the brain, high amplitude oscillations in heart rate enhance functional connectivity in brain networks associated with emotion regulation. Recent studies using daily biofeedback sessions to increase the amplitude of heart rate oscillations suggest that high amplitude physiological oscillations have a causal impact on emotional well-being. Because blood flow timing helps determine brain network structure and function, slow oscillations in heart rate have the potential to strengthen brain network dynamics, especially in medial prefrontal regulatory regions that are particularly sensitive to physiological oscillations.",Heart rate; Heart rate variability; Biofeedback; Brain function; Neuroscience; Psychology; Brain activity and meditation; Functional connectivity; Electroencephalography; Medicine; Internal medicine; Blood pressure,False,article,True,True,True,doi,,"{'venue': 'crossref', 'volume': 'crossref', 'pages': 'crossref', 'publisher': 'crossref', 'url': 'crossref', 'lang': 'crossref', 'abstract': 'semanticscholar'}","{'crossref': 6, 'semanticscholar': 1}","X008.R000 resolved | hits:OA,CR,S2 | winner:- | filled:venue:CR; lang:CR; abstract:SE | missing:-",PASS_CLEAN,,,"H7-5,H7-6",,"{""H7-5"": {""status"": ""MET"", ""decision"": ""not_meet"", ""confidence"": 0.8, ""threshold"": 0.6, ""field"": ""abstract"", ""quote"": """", ""quote_valid"": false, ""span"": null, ""used"": true}, ""H7-6"": {""status"": ""MET"", ""decision"": ""not_meet"", ""confidence"": 0.8, ""threshold"": 0.6, ""field"": ""abstract"", ""quote"": """", ""quote_valid"": false, ""span"": null, ""used"": true}}",PASS_CLEAN: all EL criteria MET.
A276,101016jneubiorev201612032,Heart rate variability indices as bio-markers of top-down self-regulatory mechanisms: A meta-analytic review,Jacob B. Holzman; David J. Bridgett,Jacob B. Holzman,2017.0,10.1016/j.neubiorev.2016.12.032,https://pubmed.ncbi.nlm.nih.gov/28057463,,,Neuroscience &amp; Biobehavioral Reviews,74,,233-255,Elsevier BV,en,https://doi.org/10.1016/j.neubiorev.2016.12.032,0.9,resolved,openalex,2026-08-16T22:32:06Z,X008,,Heart rate variability; Psychology; Context (archaeology); Meta-analysis; Cognition; Self-control; Executive functions; Emotional regulation; Cognitive psychology; Developmental psychology; Heart rate; Neuroscience,False,article,True,True,True,doi,,"{'venue': 'crossref', 'volume': 'crossref', 'pages': 'crossref', 'publisher': 'crossref', 'url': 'crossref', 'lang': 'crossref'}",{'crossref': 6},"X008.R000 resolved | hits:OA,CR,S2 | winner:- | filled:venue:CR; lang:CR | missing:abstract",PASS_CLEAN,,,"H7-5,H7-6",,"{""H7-5"": {""status"": ""MET"", ""decision"": ""not_meet"", ""confidence"": 0.7, ""threshold"": 0.6, ""field"": ""title"", ""quote"": """", ""quote_valid"": false, ""span"": null, ""used"": true}, ""H7-6"": {""status"": ""MET"", ""decision"": ""not_meet"", ""confidence"": 0.9, ""threshold"": 0.6, ""field"": ""title"", ""quote"": """", ""quote_valid"": false, ""span"": null, ""used"": true}}",PASS_CLEAN: all EL criteria MET.
A279,1010800309190220191640306,A robust algorithm for heart rate variability time series artefact correction using novel beat classification,Jukka A. Lipponen; Mika P. Tarvainen,Jukka A. Lipponen,2019.0,10.1080/03091902.2019.1640306,https://pubmed.ncbi.nlm.nih.gov/31314618,,,Journal of Medical Engineering &amp; Technology,43,3,173-181,Informa UK Limited,en,https://doi.org/10.1080/03091902.2019.1640306,0.9,resolved,openalex,2026-08-16T22:32:08Z,X008,"Purpose: Heart rate variability is a commonly used measurement to evaluate functioning of autonomic nervous system, psychophysiological stress, and exercise intensity and recovery. HRV measurements contain artefacts such as extra, missed or misaligned beat detections, which can produce significant distortion on HRV parameters. In this paper, a robust automatic method for artefact detection from HRV time series is proposed.Methods: The proposed detection method is based on time-varying thresholds estimated from distribution of successive RR-interval differences combined with a novel beat classification scheme. The method is validated using simulated extra, missed and misaligned beat detections as well as real artefacts such as atrial and ventricular ectopic beats.Results: The sensitivity of the algorithm to detect simulated missed/extra beats was 100%. The sensitivity to detect real atrial and ventricular ectopic beats was 96.96%, the corresponding specificity being 99.94%. The mean error in HRV parameters after correction was <2% for missed and extra beats as well as for misaligned beats generated with large displacement factors. Misaligned beats with smallest displacement factor were the most difficult to detect and resulted in largest HRV parameter errors after correction, largest errors being <8%.Conclusions: The HRV artefact correction algorithm presented in this study provided comparable specificity and better sensitivity to detect ectopic beats as compared to state-of-the-art algorithms. The proposed algorithm detects abnormal beats with high accuracy, is relatively easy to implement, and secures reliable HRV analysis by reducing the effect of possible artefacts to tolerable level.",Beat (acoustics); Heart beat; Series (stratigraphy); Computer science; Algorithm; Heart rate variability; Pattern recognition (psychology); Heart rate; Speech recognition; Artificial intelligence; Medicine; Internal medicine,False,article,True,True,False,doi,,"{'venue': 'crossref', 'volume': 'crossref', 'issue': 'crossref', 'pages': 'crossref', 'publisher': 'crossref', 'url': 'crossref', 'lang': 'crossref'}",{'crossref': 7},"X008.R000 resolved | hits:OA,CR | winner:- | filled:venue:CR; lang:CR | missing:-",PASS_CLEAN,,,"H7-5,H7-6",,"{""H7-5"": {""status"": ""MET"", ""decision"": ""not_meet"", ""confidence"": 0.9, ""threshold"": 0.6, ""field"": ""title"", ""quote"": """", ""quote_valid"": false, ""span"": null, ""used"": true}, ""H7-6"": {""status"": ""MET"", ""decision"": ""not_meet"", ""confidence"": 0.9, ""threshold"": 0.6, ""field"": ""title"", ""quote"": """", ""quote_valid"": false, ""span"": null, ""used"": true}}",PASS_CLEAN: all EL criteria MET.
A281,101016jbiopsycho201710008,Cardiac vagal control as a marker of emotion regulation in healthy adults: A review,Stefania Balzarotti; Federica Biassoni; Barbara Colombo; Maria Rita Ciceri,Stefania Balzarotti,2017.0,10.1016/j.biopsycho.2017.10.008,https://pubmed.ncbi.nlm.nih.gov/29079304,,,Biological Psychology,130,,54-66,Elsevier BV,en,https://doi.org/10.1016/j.biopsycho.2017.10.008,0.9,resolved,openalex,2026-08-16T22:32:09Z,X008,,Vagal tone; Psychology; Vagus nerve; Emotional regulation; Affect (linguistics); Reactivity (psychology); Cognition; Autoregulation; Neuroscience; Heart rate variability; Developmental psychology; Medicine,False,article,True,True,True,doi,,"{'venue': 'crossref', 'volume': 'crossref', 'pages': 'crossref', 'publisher': 'crossref', 'url': 'crossref', 'lang': 'crossref'}",{'crossref': 6},"X008.R000 resolved | hits:OA,CR,S2 | winner:- | filled:venue:CR; lang:CR | missing:abstract",PASS_CLEAN,,,"H7-5,H7-6",,"{""H7-5"": {""status"": ""MET"", ""decision"": ""not_meet"", ""confidence"": 0.7, ""threshold"": 0.6, ""field"": ""title"", ""quote"": """", ""quote_valid"": false, ""span"": null, ""used"": true}, ""H7-6"": {""status"": ""MET"", ""decision"": ""not_meet"", ""confidence"": 0.9, ""threshold"": 0.6, ""field"": ""title"", ""quote"": """", ""quote_valid"": false, ""span"": null, ""used"": true}}",PASS_CLEAN: all EL criteria MET.
A284,101016jbiopsycho201902005,Resting respiratory sinus arrhythmia and posttraumatic stress disorder: A meta-analysis,Allison A. Campbell; Blair E. Wisco; Paul J. Silvia; Natalie G. Gay,Allison A. Campbell,2019.0,10.1016/j.biopsycho.2019.02.005,https://pubmed.ncbi.nlm.nih.gov/30779926,,,Biological Psychology,144,,125-135,Elsevier BV,en,https://doi.org/10.1016/j.biopsycho.2019.02.005,0.9,resolved,openalex,2026-08-16T22:32:11Z,X008,"Respiratory sinus arrhythmia (RSA) has been examined as a psychophysiological marker of stress vulnerability. Research indicates that low resting RSA is associated with physical and mental health problems, including posttraumatic stress disorder (PTSD). Some research suggests that people diagnosed with PTSD have lower RSA than people without PTSD, but findings have been mixed and the overall magnitude of this effect is unknown, indicating the need for a comprehensive meta-analysis. This meta-analysis examined the association between PTSD and baseline RSA in 55 studies, including 12 unpublished studies, with a total sample size of 6689. Studies were included if they used a PTSD measure, a baseline measure of RSA, and involved humans. Studies were excluded if they were not available in English, did not present quantitative data, presented duplicate data, were a case series, or did not provide results required for computing an effect size. The meta-analysis indicated there is a small but significant association between PTSD and RSA (g = -0.26; 95% CI = -0.35, -0.16) with moderate heterogeneity. Moderator analyses suggested that effects are larger for adults than for children and for DSM-5 PTSD measures than for non-DSM referenced measures. We found some evidence for publication bias among the meta-analysis findings. Overall, there is a small but reliable association between PTSD and lower resting RSA, providing support for further research examining the complex relationship between parasympathetic activity and PTSD.",Vagal tone; Moderation; Meta-analysis; Psychology; Posttraumatic stress; Clinical psychology; Comorbidity; Publication bias; Association (psychology); Psychiatry; Heart rate variability; Internal medicine,False,article,True,True,True,doi,,"{'venue': 'crossref', 'volume': 'crossref', 'pages': 'crossref', 'publisher': 'crossref', 'url': 'crossref', 'lang': 'crossref', 'abstract': 'semanticscholar'}","{'crossref': 6, 'semanticscholar': 1}","X008.R000 resolved | hits:OA,CR,S2 | winner:- | filled:venue:CR; lang:CR; abstract:SE | missing:-",PASS_CLEAN,,,"H7-5,H7-6",,"{""H7-5"": {""status"": ""MET"", ""decision"": ""not_meet"", ""confidence"": 0.8, ""threshold"": 0.6, ""field"": ""abstract"", ""quote"": """", ""quote_valid"": false, ""span"": null, ""used"": true}, ""H7-6"": {""status"": ""MET"", ""decision"": ""not_meet"", ""confidence"": 0.9, ""threshold"": 0.6, ""field"": ""title"", ""quote"": """", ""quote_valid"": false, ""span"": null, ""used"": true}}",PASS_CLEAN: all EL criteria MET.
A285,1030773pi20190112,Posttraumatic Stress Disorder and Alterations in Resting Heart Rate Variability: A Systematic Review and Meta-Analysis,Fenfen Ge; Minlan Yuan; Ying Li; Wei Zhang,Fenfen Ge,2020.0,10.30773/pi.2019.0112,https://pubmed.ncbi.nlm.nih.gov/31995968,,,Psychiatry Investigation,17,1,9-20,Korean Neuropsychiatric Association,en,https://doi.org/10.30773/pi.2019.0112,0.9,resolved,openalex,2026-08-16T22:32:11Z,X008,"OBJECTIVE: The functions of both the central and peripheral autonomic nervous system, indexed by heart rate variability (HRV), are affected by psychology and physiology. This review summarizes the results of studies comparing the evaluation of HRV parameters between individuals with posttraumatic stress disorder (PTSD) and healthy controls. METHODS: Eligible studies (n=499) were identified through literature searches of the EMBASE, Medline, PubMed and Web of Science databases. Nineteen studies met our inclusion criteria. A random effects model was used, and standardized mean differences for highfrequency HRV(HF-HRV), low-frequency HRV(LF-HRV) and the root mean square of successive R-R interval differences (RMSSD) were calculated. RESULTS: Significant effects were found for HF-HRV [p<0.0001, Z=4.18; Hedges'g=-1.58, 95% confidence interval (CI) (-2.32, -0.84); k=14] and RMSSD [p<0.00001, Z=4.80; Hedges'g=-1.96, 95% CI (-2.76, -1.16); k=9] relative to healthy controls. Considerable heterogeneity was revealed, but the main effects for HF-HRV and RMSSD were robust in subsequent meta-regression and subgroup analyses. CONCLUSION: Given the relationships among low vagal state, inflammation, and alterations in brain structure and function, including executive function and emotion regulation, reduced HRV may be regarded as an endophenotype in PTSD research.",Heart rate variability; Meta-analysis; Confidence interval; Endophenotype; Medicine; Autonomic function; Internal medicine; Autonomic nervous system; Strictly standardized mean difference; Cardiology; Web of science; Clinical psychology,True,article,True,True,False,doi,,"{'venue': 'crossref', 'volume': 'crossref', 'issue': 'crossref', 'pages': 'crossref', 'publisher': 'crossref', 'url': 'crossref', 'lang': 'crossref'}",{'crossref': 7},"X008.R000 resolved | hits:OA,CR | winner:- | filled:venue:CR; lang:CR | missing:-",PASS_CLEAN,,,"H7-5,H7-6",,"{""H7-5"": {""status"": ""MET"", ""decision"": ""not_meet"", ""confidence"": 0.8, ""threshold"": 0.6, ""field"": ""abstract"", ""quote"": """", ""quote_valid"": false, ""span"": null, ""used"": true}, ""H7-6"": {""status"": ""MET"", ""decision"": ""not_meet"", ""confidence"": 0.8, ""threshold"": 0.6, ""field"": ""abstract"", ""quote"": """", ""quote_valid"": false, ""span"": null, ""used"": true}}",PASS_CLEAN: all EL criteria MET.
A286,101186s1290601612711,Heart rate variability in chronic low back pain patients randomized to yoga or standard care,Shirley Telles; Sachin Kumar Sharma; Ram Kumar Gupta; Abhishek Kumar Bhardwaj; Acharya Balkrishna,Shirley Telles,2016.0,10.1186/s12906-016-1271-1,https://pubmed.ncbi.nlm.nih.gov/27514611,,,BMC Complementary and Alternative Medicine,16,1,,Springer Science and Business Media LLC,en,https://doi.org/10.1186/s12906-016-1271-1,0.9,resolved,openalex,2026-08-16T22:32:11Z,X008,"BACKGROUND: Chronic pain can alter the autonomic balance with increased sympathetic activity reflected in altered heart rate variability (HRV). It has been proposed that yoga can be useful to correct the autonomic imbalance in patients with chronic pain who have reduced HRV. METHODS AND DESIGNS: In the present randomized controlled trial 62 patients with chronic low back pain associated with altered alignment of intervertebral discs (aged between 20 and 45 years, 32 males) were randomized to 2 groups. One group received yoga for 3 months while the other group carried out standard medical care based on the physician's advice. The duration was the same, i.e., 3 months. The heart rate variability and rate of respiration were assessed at baseline and at the end of 3 months. RESULTS: There was a significant difference in the baseline (pre) values between groups (p = 0.008) for respiration rate which was higher in the yoga group. The changes reported below are pre-post comparisons within each group. The yoga group showed a significant (p < 0.05; repeated measures ANOVA, post-hoc analyses) decrease in the LF power of HRV, rate of respiration and a significant increase in the HF power of HRV and in the pNN50. CONCLUSION: The results suggest that yoga practice can shift the autonomic balance towards vagal dominance in patients with chronic low back pain associated with altered alignment of intervertebral discs. TRIAL REGISTRATION: The study is registered with the Clinical Trials Registry of India ( CTRI/2012/11/003094 ) and can be accessed at.",Medicine; Heart rate variability; Randomized controlled trial; Heart rate; Balance (ability); Physical therapy; Chronic pain; Respiration; Internal medicine; Blood pressure; Anatomy,True,article,True,True,False,doi,,"{'venue': 'crossref', 'volume': 'crossref', 'issue': 'crossref', 'publisher': 'crossref', 'url': 'crossref', 'lang': 'crossref'}",{'crossref': 6},"X008.R000 resolved | hits:OA,CR | winner:- | filled:venue:CR; lang:CR | missing:-",PASS_CLEAN,,,"H7-5,H7-6",,"{""H7-5"": {""status"": ""MET"", ""decision"": ""not_meet"", ""confidence"": 0.8, ""threshold"": 0.6, ""field"": ""abstract"", ""quote"": """", ""quote_valid"": false, ""span"": null, ""used"": true}, ""H7-6"": {""status"": ""MET"", ""decision"": ""not_meet"", ""confidence"": 0.8, ""threshold"": 0.6, ""field"": ""abstract"", ""quote"": """", ""quote_valid"": false, ""span"": null, ""used"": true}}",PASS_CLEAN: all EL criteria MET.
A287,101016jijcard201808005,Heart rate variability as a marker of healthy ageing,Jason Por How Tan; Jessica E. Beilharz; Uté Vollmer‐Conna; Erin Cvejic,Jason Por How Tan,2018.0,10.1016/j.ijcard.2018.08.005,https://pubmed.ncbi.nlm.nih.gov/30104034,,,International Journal of Cardiology,275,,101-103,Elsevier BV,en,https://doi.org/10.1016/j.ijcard.2018.08.005,0.9,resolved,openalex,2026-08-16T22:32:12Z,X008,"BACKGROUND With population ageing a significant concern, modifiable factors contributing to healthy ageing must be identified. Autonomic responding reflected by heart rate variability (HRV) has well-established links to general health and wellbeing in younger populations; but has yet to be explored in older individuals.   METHODS Forty-five healthy participants (49-82 years old) completed questionnaires about sleep and physical and psychological health. Autonomic activity was measured during rest and whilst completing a computerised battery of cognitive tasks. Participants then wore an ambulatory heart rate monitor overnight, and recorded their sleep and physical activity for one week. HRV parameters reflecting cardiac vagal tone were derived from electrocardiograph recordings.   RESULTS Age and resting HRV were not related; however a positive association was identified between higher HRV in the 2 h prior to sleep and older age. Higher resting HRV, older age, and better sleep quality significantly predicted psychological wellbeing; and fewer somatic and physical health symptoms and older age predicted better average sleep quality ratings. Older age and poorer general health were significant predictors of cognitive performance deficits.   CONCLUSION These findings suggest that an age-related decline in HRV is not inevitable. Longitudinal designs exploring within-individual changes in cardiac vagal tone are required to better understand the factors contributing to healthy ageing.",Medicine; Ageing; Cardiology; Heart rate variability; Internal medicine; Healthy ageing; Heart rate; Blood pressure,False,article,True,True,True,doi,,"{'venue': 'crossref', 'volume': 'crossref', 'pages': 'crossref', 'publisher': 'crossref', 'url': 'crossref', 'lang': 'crossref', 'abstract': 'semanticscholar'}","{'crossref': 6, 'semanticscholar': 1}","X008.R000 resolved | hits:OA,CR,S2 | winner:- | filled:venue:CR; lang:CR; abstract:SE | missing:-",PASS_CLEAN,,,"H7-5,H7-6",,"{""H7-5"": {""status"": ""MET"", ""decision"": ""not_meet"", ""confidence"": 0.8, ""threshold"": 0.6, ""field"": ""abstract"", ""quote"": """", ""quote_valid"": false, ""span"": null, ""used"": true}, ""H7-6"": {""status"": ""MET"", ""decision"": ""not_meet"", ""confidence"": 0.8, ""threshold"": 0.6, ""field"": ""abstract"", ""quote"": """", ""quote_valid"": false, ""span"": null, ""used"": true}}",PASS_CLEAN: all EL criteria MET.
A290,101017s003329172000207x,Autonomic dysfunction in posttraumatic stress disorder indexed by heart rate variability: a meta-analysis,Martha Schneider; Andreas Schwerdtfeger,Martha Schneider,2020.0,10.1017/s003329172000207x,https://pubmed.ncbi.nlm.nih.gov/32854795,,,Psychological Medicine,50,12,1937-1948,Cambridge University Press (CUP),en,https://doi.org/10.1017/s003329172000207x,0.9,resolved,openalex,2026-08-16T22:32:13Z,X008,"BACKGROUND: Changes in autonomic nervous system (ANS) function have been observed in a variety of psychological disorders, including posttraumatic stress disorder (PTSD). Analysis of heart rate variability (HRV) provides insight into the functioning of the ANS. Previous research on PTSD found lower HRV in PTSD patients compared to controls, indicating altered sympathetic and parasympathetic activity, but findings are inconsistent. The purpose of this meta-analysis was to examine differences in HRV indices between individuals with PTSD and healthy controls at baseline and during stress. METHODS: The included primary studies present an aggregate of studies analyzing different HRV indices. Examined HRV indices were standard deviation of the normalized NN-intervals (SDNN), root mean square of successive differences (RMSSD), low-frequency (LF) and high-frequency (HF) spectral components, LF/HF ratio, and heart rate (HR). Moderating effects of study design, HRV and PTSD assessment, and sample characteristics were examined via subgroup-analyses and meta-regressions. RESULTS: Random-effects meta-analyses for HRV parameters at rest revealed significant group differences for RMSSD and HF-HRV, suggesting lower parasympathetic activity in PTSD. The aggregated effect size for SDNN was medium, suggesting diminished total variability in PTSD. A small effect was found for LF-HRV. A higher LF/HF ratio was found in the PTSD sample as compared to controls. Individuals with PTSD showed significantly higher HR. During stress, individuals with PTSD showed higher HR and lower HF-HRV, both indicated by small effect sizes. CONCLUSIONS: Findings suggest that PTSD is associated with ANS dysfunction.",Posttraumatic stress; Meta-analysis; Heart rate variability; Psychology; Clinical psychology; Heart rate; Medicine; Psychiatry; Internal medicine; Blood pressure,True,article,True,True,False,doi,,"{'venue': 'crossref', 'volume': 'crossref', 'issue': 'crossref', 'pages': 'crossref', 'publisher': 'crossref', 'url': 'crossref', 'lang': 'crossref'}",{'crossref': 7},"X008.R000 resolved | hits:OA,CR | winner:- | filled:venue:CR; lang:CR | missing:-",PASS_CLEAN,,,"H7-5,H7-6",,"{""H7-5"": {""status"": ""MET"", ""decision"": ""not_meet"", ""confidence"": 0.8, ""threshold"": 0.6, ""field"": ""abstract"", ""quote"": """", ""quote_valid"": false, ""span"": null, ""used"": true}, ""H7-6"": {""status"": ""MET"", ""decision"": ""not_meet"", ""confidence"": 0.8, ""threshold"": 0.6, ""field"": ""abstract"", ""quote"": """", ""quote_valid"": false, ""span"": null, ""used"": true}}",PASS_CLEAN: all EL criteria MET.
A292,101016jjbct202101004,Utility of Psychophysiological Metrics in Guiding Treatment of Trauma Symptoms: A Systematic Review,Michelle Yang; Noor Mady; Outi Linnaranta,Michelle Yang,2021.0,10.1016/j.jbct.2021.01.004,,,,Journal of Behavioral and Cognitive Therapy,31,3,249-266,Elsevier BV,en,https://doi.org/10.1016/j.jbct.2021.01.004,0.9,resolved,openalex,2026-08-16T22:32:13Z,X008,"Abstract The reliability of gold standard symptom assessments of post-traumatic stress disorder (PTSD) can be compromised by memory, emotional or cultural bias. The use of psychophysiological measures may complement psychometrics in tracking changes during treatment in physiological response and emotion regulation. In this systematic review, we integrate knowledge about the correlation between psychometric and psychophysiological measures in 22 prospective studies with trauma-focused cognitive, exposure, pharmacological and other interventions. Our objective was to determine how physiological resting states and reactivity pre- vs. post-intervention correspond to the effect of intervention on PTSD symptoms. Trends towards normalizing physiological resting states and arousal, as measured before and after treatment, were seen to correlate with a psychometric recovery. In patients with significant changes in trauma symptoms, pre- vs. post-treatment resting heart rate, heart rate reactivity to trauma cues and skin conductance decreased, and heart rate variability increased. Electromyography could measure adaptive decreases in startle responses to exposure content. Both blood pressure raw values and reactivity decreased post-treatment following cognitive therapy. Additional longitudinal studies are needed to explore standard testing paradigms that can be used for psychophysiological measures, and the corresponding cut-off levels that can indicate healthy and abnormal treatment response levels. The current findings stress a need for the development of a psychophysiological methodology that is feasible and reliable during experimental and clinical procedures to elucidate the effects of trauma intervention on emotional processing. Systematic review PROSPERO registration ID:CRD42021227774.",Arousal; Heart rate; Heart rate variability; Psychophysiology; Clinical psychology; Cognition; Psychology; Gold standard (test); Psychological intervention; Startle response; Traumatic stress; Intervention (counseling),False,article,True,True,True,doi,,"{'venue': 'crossref', 'volume': 'crossref', 'issue': 'crossref', 'pages': 'crossref', 'publisher': 'crossref', 'url': 'crossref', 'lang': 'crossref', 'abstract': 'semanticscholar'}","{'crossref': 7, 'semanticscholar': 1}","X008.R000 resolved | hits:OA,CR,S2 | winner:- | filled:venue:CR; lang:CR; abstract:SE | missing:-",PASS_CLEAN,,,"H7-5,H7-6",,"{""H7-5"": {""status"": ""MET"", ""decision"": ""not_meet"", ""confidence"": 0.8, ""threshold"": 0.6, ""field"": ""abstract"", ""quote"": """", ""quote_valid"": false, ""span"": null, ""used"": true}, ""H7-6"": {""status"": ""MET"", ""decision"": ""not_meet"", ""confidence"": 0.8, ""threshold"": 0.6, ""field"": ""abstract"", ""quote"": """", ""quote_valid"": false, ""span"": null, ""used"": true}}",PASS_CLEAN: all EL criteria MET.
A299,101007s1122701310157,Recent progress and challenges in exploiting graphics processors in computational fluid dynamics,Kyle E. Niemeyer; Chih-Jen Sung,Kyle E. Niemeyer,2013.0,10.1007/s11227-013-1015-7,,,1309.3018,The Journal of Supercomputing,67,2,528-564,Springer Science and Business Media LLC,en,https://doi.org/10.1007/s11227-013-1015-7,0.9,resolved,openalex,2026-08-16T22:32:22Z,X012,"The progress made in accelerating simulations of fluid flow using GPUs, and the challenges that remain, are surveyed. The review first provides an introduction to GPU computing and programming, and discusses various considerations for improved performance. Case studies comparing the performance of CPU- and GPU-based solvers for the Laplace and incompressible Navier–Stokes equations are performed in order to demonstrate the potential improvement even with simple codes. Recent efforts to accelerate CFD simulations using GPUs are reviewed for laminar, turbulent, and reactive flow solvers. Also, GPU implementations of the lattice Boltzmann method are reviewed. Finally, recommendations for implementing CFD codes on GPUs are given and remaining challenges are discussed, such as the need to develop new strategies and redesign algorithms to enable GPU acceleration.",Computer science; Computational fluid dynamics; Computational science; Implementation; CUDA; Graphics; Lattice Boltzmann methods; General-purpose computing on graphics processing units; Fluid dynamics; Parallel computing; Graphics processing unit; Symmetric multiprocessor system,True,article,True,True,True,doi,,"{'venue': 'crossref', 'volume': 'crossref', 'issue': 'crossref', 'pages': 'crossref', 'publisher': 'crossref', 'url': 'crossref', 'lang': 'crossref', 'abstract': 'semanticscholar'}","{'crossref': 7, 'semanticscholar': 1}","X012.R000 resolved | hits:OA,CR,S2 | winner:- | filled:venue:CR; lang:CR; abstract:SE | missing:-",PASS_CLEAN,,,"H7-5,H7-6",,"{""H7-5"": {""status"": ""MET"", ""decision"": ""not_meet"", ""confidence"": 0.8, ""threshold"": 0.6, ""field"": ""abstract"", ""quote"": """", ""quote_valid"": false, ""span"": null, ""used"": true}, ""H7-6"": {""status"": ""MET"", ""decision"": ""not_meet"", ""confidence"": 0.9, ""threshold"": 0.6, ""field"": ""title"", ""quote"": """", ""quote_valid"": false, ""span"": null, ""used"": true}}",PASS_CLEAN: all EL criteria MET.
A300,101016jultsonch201408015,Sonochemistry and bubble dynamics,Robert Mettin; Carlos Cairós; Adriano Troia,Robert Mettin,2014.0,10.1016/j.ultsonch.2014.08.015,https://pubmed.ncbi.nlm.nih.gov/25194210,,,Ultrasonics Sonochemistry,25,,24-30,Elsevier BV,en,https://doi.org/10.1016/j.ultsonch.2014.08.015,0.9,resolved,openalex,2026-08-16T22:32:22Z,X012,"The details of bubble behaviour in chemically active cavitation are still not sufficiently well understood. Here we report on experimental high-speed observations of acoustically driven single-bubble and few-bubble systems with the aim of clarification of the connection of their dynamics with chemical activity. Our experiment realises the sonochemical isomerization reaction of maleic acid to fumaric acid, mediated by bromine radicals, in a bubble trap set-up. The main result is that the reaction product can only be observed in a parameter regime where a small bubble cluster occurs, while a single trapped bubble stays passive. Evaluations of individual bubble dynamics for both cases are given in form of radius-time data and numerical fits to a bubble model. A conclusion is that a sufficiently strong collapse has to be accompanied by non-spherical bubble dynamics for the reaction to occur, and that the reason appears to be an efficient mixing of liquid and gas phase. This finding corroborates previous observations and literature reports on high liquid phase sonochemical activity under distinct parameter conditions than strong sonoluminescence emissions.",Bubble; Sonoluminescence; Sonochemistry; Cavitation; Chemical physics; Chemistry; Mixing (physics); Dynamics (music); Bubble point; Bromine; Mechanics; Materials science,True,article,True,True,False,doi,,"{'venue': 'crossref', 'volume': 'crossref', 'pages': 'crossref', 'publisher': 'crossref', 'url': 'crossref', 'lang': 'crossref'}",{'crossref': 6},"X012.R000 resolved | hits:OA,CR | winner:- | filled:venue:CR; lang:CR | missing:-",PASS_FLAGGED,,,H7-6,H7-5,"{""H7-5"": {""status"": ""UNCERTAIN"", ""decision"": ""meet"", ""confidence"": 0.9, ""threshold"": 0.6, ""field"": ""abstract"", ""quote"": ""The reaction product can only be observed in a parameter regime where a small bubble cluster occurs, while a single trapped bubble stays passive."", ""quote_valid"": false, ""span"": [101, 136], ""used"": true}, ""H7-6"": {""status"": ""MET"", ""decision"": ""not_meet"", ""confidence"": 0.9, ""threshold"": 0.6, ""field"": ""title"", ""quote"": """", ""quote_valid"": false, ""span"": null, ""used"": true}}",PASS_FLAGGED: uncertain H7-5
A303,101016s0009250902002713,Modelling and experimental investigation into cavity dynamics and cavitational yield: influence of dual frequency ultrasound sources,Prashant A. Tatake; Aniruddha B. Pandit,Prashant A. Tatake,2002.0,10.1016/s0009-2509(02)00271-3,,,,Chemical Engineering Science,57,22-23,4987-4995,Elsevier BV,en,https://doi.org/10.1016/s0009-2509(02)00271-3,0.9,resolved,openalex,2026-08-16T22:32:24Z,X012,,Acoustics; Ultrasonic sensor; Energy (signal processing); Yield (engineering); Sound wave; Ultrasound; Volume (thermodynamics); Mechanics; Materials science; Physics; Thermodynamics; Quantum mechanics,False,article,True,True,False,doi,,"{'venue': 'crossref', 'volume': 'crossref', 'issue': 'crossref', 'pages': 'crossref', 'publisher': 'crossref', 'url': 'crossref', 'lang': 'crossref'}",{'crossref': 7},"X012.R000 resolved | hits:OA,CR | winner:- | filled:venue:CR; lang:CR | missing:abstract",PASS_CLEAN,,,"H7-5,H7-6",,"{""H7-5"": {""status"": ""MET"", ""decision"": ""not_meet"", ""confidence"": 0.7, ""threshold"": 0.6, ""field"": ""abstract"", ""quote"": """", ""quote_valid"": false, ""span"": null, ""used"": true}, ""H7-6"": {""status"": ""MET"", ""decision"": ""not_meet"", ""confidence"": 0.9, ""threshold"": 0.6, ""field"": ""title"", ""quote"": """", ""quote_valid"": false, ""span"": null, ""used"": true}}",PASS_CLEAN: all EL criteria MET.
A314,101088003448857310106501,Physics of bubble oscillations,Werner Lauterborn; Thomas Kurz,Werner Lauterborn,2010.0,10.1088/0034-4885/73/10/106501,,,,Reports on Progress in Physics,73,10,106501,IOP Publishing,en,https://doi.org/10.1088/0034-4885/73/10/106501,0.9,resolved,openalex,2026-08-16T22:32:31Z,X012,"Bubbles in liquids, soft and squeezy objects made of gas and vapour, yet so strong as to destroy any material and so mysterious as at times turning into tiny light bulbs, are the topic of the present report. Bubbles respond to pressure forces and reveal their full potential when periodically driven by sound waves. The basic equations for nonlinear bubble oscillation in sound fields are given, together with a survey of typical solutions. A bubble in a liquid can be considered as a representative example from nonlinear dynamical systems theory with its resonances, multiple attractors with their basins, bifurcations to chaos and not yet fully describable behaviour due to infinite complexity. Three stability conditions are treated for stable trapping of bubbles in standing sound fields: positional, spherical and diffusional stability. Chemical reactions may become important in that respect, when reacting gases fill the bubble, but the chemistry of bubbles is just touched upon and is beyond the scope of the present report. Bubble collapse, the runaway shrinking of a bubble, is presented in its current state of knowledge. Pressures and temperatures that are reached at this occasion are discussed, as well as the light emission in the form of short flashes. Aspherical bubble collapse, as for instance enforced by boundaries nearby, mitigates most of the phenomena encountered in spherical collapse, but introduces a new effect: jet formation, the self-piercing of a bubble with a high velocity liquid jet. Examples of this phenomenon are given from light induced bubbles. Two oscillating bubbles attract or repel each other, depending on their oscillations and their distance. Upon approaching, attraction may change to repulsion and vice versa. When being close, they also shoot self-piercing jets at each other. Systems of bubbles are treated as they appear after shock wave passage through a liquid and with their branched filaments that they attain in standing sound fields. The N -bubble problem is formulated in the spirit of the n -body problem of astrophysics, but with more complicated interaction forces. Simulations are compared with three-dimensional bubble dynamics obtained by stereoscopic high speed digital videography.",Bubble; Physics; Attractor; Oscillation (cell signaling); Mechanics; Jet (fluid); Classical mechanics; Instability; Genetics; Mathematical analysis; Mathematics; Biology,False,article,True,True,False,doi,,"{'venue': 'crossref', 'volume': 'crossref', 'issue': 'crossref', 'pages': 'crossref', 'publisher': 'crossref', 'url': 'crossref', 'lang': 'heuristic'}","{'crossref': 6, 'heuristic': 1}","X012.R000 resolved | hits:OA,CR | winner:- | filled:venue:CR; lang:HE | missing:-",EXCLUSION_SUPPRESSED,,,H7-6,,"{""H7-5"": {""status"": ""SUPPRESSED"", ""decision"": ""meet"", ""confidence"": 0.9, ""threshold"": 0.6, ""field"": ""title"", ""quote"": ""Physics of bubble oscillations"", ""quote_valid"": true, ""span"": [0, 21], ""used"": true}, ""H7-6"": {""status"": ""MET"", ""decision"": ""not_meet"", ""confidence"": 0.9, ""threshold"": 0.6, ""field"": ""title"", ""quote"": """", ""quote_valid"": false, ""span"": null, ""used"": true}}","EXCLUSION_SUPPRESSED: the model returned an excluding verdict on H7-5 which passed the evidence gate. Flag-only is in force for this provider, so the record was NOT excluded and needs human review."
A320,101016jjlp201504011,Dynamic behaviour of direct spring loaded pressure relief valves in gas service: II reduced order modelling,Csaba Hős; Alan Champneys; K. Paul; M. McNeely,Csaba Hős,2015.0,10.1016/j.jlp.2015.04.011,,,,Journal of Loss Prevention in the Process Industries,36,,1-12,Elsevier BV,en,https://doi.org/10.1016/j.jlp.2015.04.011,0.9,resolved,openalex,2026-08-16T22:32:38Z,X012,,Mechanics; Relief valve; Instability; Dimensionless quantity; Plug flow; Cylinder; Flow (mathematics); Inlet; Mass flow rate; Engineering; Physics; Thermodynamics,False,article,True,True,False,doi,,"{'venue': 'crossref', 'volume': 'crossref', 'pages': 'crossref', 'publisher': 'crossref', 'url': 'crossref', 'lang': 'crossref'}",{'crossref': 6},"X012.R000 resolved | hits:OA,CR | winner:- | filled:venue:CR; lang:CR | missing:abstract",PASS_CLEAN,,,"H7-5,H7-6",,"{""H7-5"": {""status"": ""MET"", ""decision"": ""not_meet"", ""confidence"": 0.6, ""threshold"": 0.6, ""field"": ""abstract"", ""quote"": """", ""quote_valid"": false, ""span"": null, ""used"": true}, ""H7-6"": {""status"": ""MET"", ""decision"": ""not_meet"", ""confidence"": 0.9, ""threshold"": 0.6, ""field"": ""title"", ""quote"": """", ""quote_valid"": false, ""span"": null, ""used"": true}}",PASS_CLEAN: all EL criteria MET.
A322,101016jcpc201210013,GPU-based flow simulation with detailed chemical kinetics,Hai Le; Jean-Luc Cambier; Lord Cole,Hai Le,2012.0,10.1016/j.cpc.2012.10.013,,,,Computer Physics Communications,184,3,596-606,Elsevier BV,en,https://doi.org/10.1016/j.cpc.2012.10.013,0.9,resolved,openalex,2026-08-16T22:32:40Z,X012,,Solver; Computer science; Kinetics; Computational science; Chemical kinetics; Flow (mathematics); Shock (circulatory); Applied mathematics; Finite volume method; Fluid dynamics; Statistical physics; Mechanics,False,article,True,True,False,doi,,"{'venue': 'crossref', 'volume': 'crossref', 'issue': 'crossref', 'pages': 'crossref', 'publisher': 'crossref', 'url': 'crossref', 'lang': 'crossref'}",{'crossref': 7},"X012.R000 resolved | hits:OA,CR | winner:- | filled:venue:CR; lang:CR | missing:abstract",EXCLUSION_SUPPRESSED,,,H7-6,,"{""H7-5"": {""status"": ""SUPPRESSED"", ""decision"": ""meet"", ""confidence"": 0.9, ""threshold"": 0.6, ""field"": ""title"", ""quote"": ""GPU-based flow simulation with detailed chemical kinetics"", ""quote_valid"": true, ""span"": [0, 36], ""used"": true}, ""H7-6"": {""status"": ""MET"", ""decision"": ""not_meet"", ""confidence"": 0.8, ""threshold"": 0.6, ""field"": ""title"", ""quote"": """", ""quote_valid"": false, ""span"": null, ""used"": true}}","EXCLUSION_SUPPRESSED: the model returned an excluding verdict on H7-5 which passed the evidence gate. Flag-only is in force for this provider, so the record was NOT excluded and needs human review."
A328,1010631458780,Bifurcation structure of the classical Morse oscillator,W. Knop; Werner Lauterborn,W. Knop,1990.0,10.1063/1.458780,,,,The Journal of Chemical Physics,93,6,3950-3957,AIP Publishing,en,https://doi.org/10.1063/1.458780,0.9,resolved,openalex,2026-08-16T22:32:43Z,X012,"The classical damped and driven Morse oscillator is investigated with the new tools of nonlinear dynamics. Bifurcation diagrams, fixed-point diagrams, and phase diagrams are given for two damping constants. The fixed-point diagrams include the unstable branches and reveal the connection between bifurcations as well as their recurrent structure.",Morse code; Bifurcation; Bifurcation diagram; Fixed point; Phase diagram; Bifurcation theory; Connection (principal bundle); Heteroclinic bifurcation; Nonlinear system; Period-doubling bifurcation; Biological applications of bifurcation theory; Saddle-node bifurcation,False,article,True,True,False,doi,,"{'venue': 'crossref', 'volume': 'crossref', 'issue': 'crossref', 'pages': 'crossref', 'publisher': 'crossref', 'url': 'crossref', 'lang': 'crossref'}",{'crossref': 7},"X012.R000 resolved | hits:OA,CR | winner:- | filled:venue:CR; lang:CR | missing:-",PASS_CLEAN,,,"H7-5,H7-6",,"{""H7-5"": {""status"": ""MET"", ""decision"": ""not_meet"", ""confidence"": 0.8, ""threshold"": 0.6, ""field"": ""title"", ""quote"": """", ""quote_valid"": false, ""span"": null, ""used"": true}, ""H7-6"": {""status"": ""MET"", ""decision"": ""not_meet"", ""confidence"": 0.9, ""threshold"": 0.6, ""field"": ""title"", ""quote"": """", ""quote_valid"": false, ""span"": null, ""used"": true}}",PASS_CLEAN: all EL criteria MET.
A330,101007s1204301101998,Flip-flop between soft-spring and hard-spring bistabilities in the approximated Toda oscillator analysis,Binoy Krishna Goswami,Binoy Krishna Goswami,2011.0,10.1007/s12043-011-0199-8,,,,Pramana,77,5,987-1005,Springer Science and Business Media LLC,en,https://doi.org/10.1007/s12043-011-0199-8,0.9,resolved,openalex,2026-08-16T22:32:44Z,X012,"We study theoretically the effect of truncating the nonlinear restoring force ( $\exp (\Phi)-1={\sum}_{n=1}^{\infty}\Phi^{n}/n!$ ) in the bistability pattern of the periodically driven, damped one-degree-of-freedom Toda oscillator that originally exhibits soft-spring bistability with counterclockwise hysteresis cycle. We observe that if the truncation is made third order, the harmonic bistability changes to hard-spring type with a clockwise hysteresis cycle. In contrast, for the fourth-order truncation, the bistability again becomes soft-spring type, overriding the effect of third-order nonlinearity. Furthermore, each higher odd-order truncation attempts to introduce hard-spring nature while each even-order truncation turns to soft-spring type of bistability. Overall, the hard-spring effect of every odd-order nonlinear term is weaker in comparison to the soft-spring effect of the next even-order nonlinear term. As a consequence, higher-order approximations ultimately converge to the soft-spring nature. Similar approximate analysis of Toda lattice has in recent past revealed remarkably similar flip-flop pattern between stochasticity (chaotic behaviour) and regularity (integrability).",Bistability; Spring (device); Physics; Nonlinear system; Restoring force; Truncation (statistics); Mathematical analysis; Mathematics; Classical mechanics; Quantum mechanics; Statistics; Thermodynamics,False,article,True,True,False,doi,,"{'venue': 'crossref', 'volume': 'crossref', 'issue': 'crossref', 'pages': 'crossref', 'publisher': 'crossref', 'url': 'crossref', 'lang': 'crossref', 'abstract': 'unpaywall'}","{'crossref': 7, 'unpaywall': 1}","X012.R000 resolved | hits:OA,CR | winner:- | filled:venue:CR; lang:CR; abstract:UN | missing:-",PASS_CLEAN,,,"H7-5,H7-6",,"{""H7-5"": {""status"": ""MET"", ""decision"": ""not_meet"", ""confidence"": 0.8, ""threshold"": 0.6, ""field"": ""title"", ""quote"": """", ""quote_valid"": false, ""span"": null, ""used"": true}, ""H7-6"": {""status"": ""MET"", ""decision"": ""not_meet"", ""confidence"": 0.9, ""threshold"": 0.6, ""field"": ""title"", ""quote"": """", ""quote_valid"": false, ""span"": null, ""used"": true}}",PASS_CLEAN: all EL criteria MET.
A345,101109access20132290623,Solving Large Nonlinear Systems of First-Order Ordinary Differential Equations With Hierarchical Structure Using Multi-GPGPUs and an Adaptive Runge Kutta ODE Solver,Ahmad Al-Omari; Jonathan Arnold; Thiab R. Taha; H.-B. Schüttler,Ahmad Al-Omari,2013.0,10.1109/access.2013.2290623,,,,IEEE Access,1,,770-777,Institute of Electrical and Electronics Engineers (IEEE),en,https://doi.org/10.1109/access.2013.2290623,0.9,resolved,openalex,2026-08-16T22:32:52Z,X012,"The adaptive Runge–Kutta (ARK) method on multi-general-purpose graphical processing units (GPUs) is used for solving large nonlinear systems of first-order ordinary differential equations (ODEs) with over${\sim}{10\, 000}$variables describing a large genetic network in systems biology for the biological clock. To carry out the computation of the trajectory of the system, a hierarchical structure of the ODEs is exploited, and an ARK solver is implemented in compute unified device architecture/C++ (CUDA/C++) on GPUs. The result is a 75-fold speedup for calculations of 2436 independent modules within the genetic network describing clock function relative to a comparable CPU architecture. These 2436 modules span one-quarter of the entire genome of a model fungal system, Neurospora crassa. The power of a GPU can in principle be harnessed by using warp-level parallelism, instruction level parallelism or both of them. Since the ARK ODE solver is entirely sequential, we propose a new parallel processing algorithm using warp-level parallelism for solving${\sim}{10\,000}$ODEs that belong to a large genetic network describing clock genome-level dynamics. A video is attached illustrating the general idea of the method on GPUs that can be used to provide new insights into the biological clock through single cell measurements on the clock.",Computer science; Ode; Parallel computing; Ordinary differential equation; Solver; Runge–Kutta methods; Data parallelism; CUDA; Theoretical computer science; Differential equation; Computational science; Algorithm,True,article,True,True,False,doi,,"{'venue': 'crossref', 'volume': 'crossref', 'pages': 'crossref', 'publisher': 'crossref', 'url': 'crossref', 'lang': 'heuristic'}","{'crossref': 5, 'heuristic': 1}","X012.R000 resolved | hits:OA,CR | winner:- | filled:venue:CR; lang:HE | missing:-",EXCLUSION_SUPPRESSED,,,H7-6,,"{""H7-5"": {""status"": ""SUPPRESSED"", ""decision"": ""meet"", ""confidence"": 0.9, ""threshold"": 0.6, ""field"": ""title"", ""quote"": ""Solving Large Nonlinear Systems of First-Order Ordinary Differential Equations With Hierarchical Structure Using Multi-GPGPUs and an Adaptive Runge Kutta ODE Solver"", ""quote_valid"": true, ""span"": [0, 87], ""used"": true}, ""H7-6"": {""status"": ""MET"", ""decision"": ""not_meet"", ""confidence"": 0.9, ""threshold"": 0.6, ""field"": ""title"", ""quote"": """", ""quote_valid"": false, ""span"": null, ""used"": true}}","EXCLUSION_SUPPRESSED: the model returned an excluding verdict on H7-5 which passed the evidence gate. Flag-only is in force for this provider, so the record was NOT excluded and needs human review."
A350,101371journalpone0009881,A Mathematical Model of Sentimental Dynamics Accounting for Marital Dissolution,José‐Manuel Rey,José‐Manuel Rey,2010.0,10.1371/journal.pone.0009881,https://pubmed.ncbi.nlm.nih.gov/20360987,,,PLoS ONE,5,3,e9881,Public Library of Science (PLoS),en,https://doi.org/10.1371/journal.pone.0009881,0.9,resolved,openalex,2026-08-16T22:32:56Z,X012,"BACKGROUND: Marital dissolution is ubiquitous in western societies. It poses major scientific and sociological problems both in theoretical and therapeutic terms. Scholars and therapists agree on the existence of a sort of second law of thermodynamics for sentimental relationships. Effort is required to sustain them. Love is not enough. METHODOLOGY/PRINCIPAL FINDINGS: Building on a simple version of the second law we use optimal control theory as a novel approach to model sentimental dynamics. Our analysis is consistent with sociological data. We show that, when both partners have similar emotional attributes, there is an optimal effort policy yielding a durable happy union. This policy is prey to structural destabilization resulting from a combination of two factors: there is an effort gap because the optimal policy always entails discomfort and there is a tendency to lower effort to non-sustaining levels due to the instability of the dynamics. CONCLUSIONS/SIGNIFICANCE: These mathematical facts implied by the model unveil an underlying mechanism that may explain couple disruption in real scenarios. Within this framework the apparent paradox that a union consistently planned to last forever will probably break up is explained as a mechanistic consequence of the second law.",Dynamics (music); Accounting; Econometrics; Psychology; Economics; Pedagogy,True,article,True,True,False,doi,,"{'venue': 'crossref', 'volume': 'crossref', 'issue': 'crossref', 'pages': 'crossref', 'publisher': 'crossref', 'url': 'crossref', 'lang': 'crossref'}",{'crossref': 7},"X012.R000 resolved | hits:OA,CR | winner:- | filled:venue:CR; lang:CR | missing:-",PASS_CLEAN,,,"H7-5,H7-6",,"{""H7-5"": {""status"": ""MET"", ""decision"": ""not_meet"", ""confidence"": 0.8, ""threshold"": 0.6, ""field"": ""title"", ""quote"": """", ""quote_valid"": false, ""span"": null, ""used"": true}, ""H7-6"": {""status"": ""MET"", ""decision"": ""not_meet"", ""confidence"": 0.9, ""threshold"": 0.6, ""field"": ""title"", ""quote"": """", ""quote_valid"": false, ""span"": null, ""used"": true}}",PASS_CLEAN: all EL criteria MET.
A351,101098rsta20072104,Attractor selection in a modulated laser and in the Lorenz circuit,R. Meucci; Francesco Salvadori; K. Al Naimee; Stefano Brugioni; Binoy Krishna Goswami; Stefano Boccaletti; F. T. Arecchi,R. Meucci,2007.0,10.1098/rsta.2007.2104,https://pubmed.ncbi.nlm.nih.gov/17673407,,,"Philosophical Transactions of the Royal Society A: Mathematical, Physical and Engineering Sciences",366,1864,475-486,The Royal Society,en,https://doi.org/10.1098/rsta.2007.2104,0.9,resolved,openalex,2026-08-16T22:32:56Z,X012,"By tuning a control parameter, a chaotic system can either display two or more attractors (generalized multistability) or exhibit an interior crisis, whereby a chaotic attractor suddenly expands to include the region of an unstable orbit (bursting regime).Recently, control of multistability and bursting have been experimentally proved in a modulated class B laser by means of a feedback method. In a bistable regime, the method relies on the knowledge of the frequency components of the two attractors. Near an interior crisis, the method requires retrieval of the unstable orbit colliding with the chaotic attractor. We also show that a suitable parameter modulation is able to control bistability in the Lorenz system. We observe that, for every given modulation frequency, the chaotic attractor is destroyed under a boundary crisis. The threshold control amplitude depends on the control frequency and the location of the operating point in the bistable regime. Beyond the boundary crisis, the system remains in the steady state even if the control is switched off, demonstrating control of bistability.",Multistability; Attractor; Bistability; Lorenz system; Chaotic; Boundary (topology); Control theory (sociology); Physics; Bursting; Crisis; Orbit (dynamics); Statistical physics,False,article,True,True,False,doi,,"{'venue': 'crossref', 'volume': 'crossref', 'issue': 'crossref', 'pages': 'crossref', 'publisher': 'crossref', 'url': 'crossref', 'lang': 'crossref'}",{'crossref': 7},"X012.R000 resolved | hits:OA,CR | winner:- | filled:venue:CR; lang:CR | missing:-",PASS_CLEAN,,,"H7-5,H7-6",,"{""H7-5"": {""status"": ""MET"", ""decision"": ""not_meet"", ""confidence"": 0.8, ""threshold"": 0.6, ""field"": ""abstract"", ""quote"": """", ""quote_valid"": false, ""span"": null, ""used"": true}, ""H7-6"": {""status"": ""MET"", ""decision"": ""not_meet"", ""confidence"": 0.9, ""threshold"": 0.6, ""field"": ""title"", ""quote"": """", ""quote_valid"": false, ""span"": null, ""used"": true}}",PASS_CLEAN: all EL criteria MET.
A359,101016jcombustflame201609018,On the merits of extrapolation-based stiff ODE solvers for combustion CFD,Abdurrahman İmren; Daniel C. Haworth,Abdurrahman İmren,2016.0,10.1016/j.combustflame.2016.09.018,,,,Combustion and Flame,174,,1-15,Elsevier BV,en,https://doi.org/10.1016/j.combustflame.2016.09.018,0.9,resolved,openalex,2026-08-16T22:32:59Z,X012,"In applications including compression-ignition engines, there is a need to accommodate more realistic chemistry in computational fluid dynamics (CFD) simulations. Here, we consider approaches where a chemical mechanism is implemented in an application CFD code, an operator-splitting strategy is used to isolate the chemical source terms, and a stiff ordinary differential equation (ODE) solver is used to compute the changes in composition due to chemical reactions for each computational element. Chemical source terms often dominate the computational effort, and reducing the high computational cost associated with realistic chemistry has been the subject of extensive research. This includes work on improved stiff ODE solvers, which in most cases has centered on backward differentiation formula (BDF) methods. Here a different class of solvers is considered, based on extrapolation methods. Key elements of stiff ODE solvers are reviewed briefly, focusing on differences between BDF methods and extrapolation methods. Issues related to using a stiff ODE solver with operator splitting in a CFD code (where the solver is repeatedly stopped and restarted) are emphasized. Homogeneous-reactor results are presented first. There the relationship between user-specified error tolerances and solution accuracy is explored, tradeoffs between accuracy and CPU time are shown, and close-to-linear increase in CPU time with increasing chemical mechanism size is demonstrated. Engine results are presented next, including both homogeneous-charge compression-ignition engines, and direct-injection (nonhomogeneous) compression-ignition engines. There some results are presented where the stiff ODE solver is combined with a dynamic adaptive chemistry scheme. In all cases, it is found that the extrapolation solver offers significant advantages in accuracy and computational efficiency compared to the BDF solver. While the results presented are for one BDF solver (CVODE) and one extrapolation solver (SEULEX), it is anticipated that the insight into how stiff ODE solvers behave in combustion CFD will be broadly applicable to other solvers in these general classes.",Ode; Solver; Extrapolation; Computational fluid dynamics; Stiff equation; Computer science; Applied mathematics; Ordinary differential equation; Computational science; Differential equation; Mathematics; Mechanics,True,article,True,True,False,doi,,"{'venue': 'crossref', 'volume': 'crossref', 'pages': 'crossref', 'publisher': 'crossref', 'url': 'crossref', 'lang': 'crossref'}",{'crossref': 6},"X012.R000 resolved | hits:OA,CR | winner:- | filled:venue:CR; lang:CR | missing:-",PASS_CLEAN,,,"H7-5,H7-6",,"{""H7-5"": {""status"": ""MET"", ""decision"": ""not_meet"", ""confidence"": 0.9, ""threshold"": 0.6, ""field"": ""abstract"", ""quote"": """", ""quote_valid"": false, ""span"": null, ""used"": true}, ""H7-6"": {""status"": ""MET"", ""decision"": ""not_meet"", ""confidence"": 0.9, ""threshold"": 0.6, ""field"": ""title"", ""quote"": """", ""quote_valid"": false, ""span"": null, ""used"": true}}",PASS_CLEAN: all EL criteria MET.
A360,101016jultsonch201703058,Chaotic oscillations of gas bubbles under dual-frequency acoustic excitation,Yuning Zhang; Yuning Zhang,Yuning Zhang,2017.0,10.1016/j.ultsonch.2017.03.058,https://pubmed.ncbi.nlm.nih.gov/28412092,,,Ultrasonics Sonochemistry,40,,151-157,Elsevier BV,en,https://doi.org/10.1016/j.ultsonch.2017.03.058,0.9,resolved,openalex,2026-08-16T22:32:59Z,X012,"Chaotic oscillation of bubbles in liquids reduces the efficiency of the sonochemical system and should be suppressed in the practical applications. In the present paper, a chaos control method based on the dual-frequency approach is numerically investigated and is proved to be an effective method even for cases with intensive energy input. It was found that the chaos could be successfully suppressed by the application of dual-frequency approach in a wide range of parameter zone (even with high acoustic pressure amplitude). Furthermore, influences of power allocation between two waves on the chaos control are quantitatively discussed with clear descriptions of the routes from stable oscillations to chaos.",Chaotic; Oscillation (cell signaling); CHAOS (operating system); Dual (grammatical number); Range (aeronautics); Amplitude; Excitation; Control theory (sociology); Power (physics); Mechanics; Physics; Acoustics,True,article,True,True,False,doi,,"{'venue': 'crossref', 'volume': 'crossref', 'pages': 'crossref', 'publisher': 'crossref', 'url': 'crossref', 'lang': 'crossref'}",{'crossref': 6},"X012.R000 resolved | hits:OA,CR | winner:- | filled:venue:CR; lang:CR | missing:-",PASS_CLEAN,,,"H7-5,H7-6",,"{""H7-5"": {""status"": ""MET"", ""decision"": ""not_meet"", ""confidence"": 0.9, ""threshold"": 0.6, ""field"": ""abstract"", ""quote"": """", ""quote_valid"": false, ""span"": null, ""used"": true}, ""H7-6"": {""status"": ""MET"", ""decision"": ""not_meet"", ""confidence"": 0.9, ""threshold"": 0.6, ""field"": ""title"", ""quote"": """", ""quote_valid"": false, ""span"": null, ""used"": true}}",PASS_CLEAN: all EL criteria MET.
A362,101016jcombustflame201702005,An investigation of GPU-based stiff chemical kinetics integration methods,Nicholas Curtis; Kyle E. Niemeyer; Chih‐Jen Sung,Nicholas Curtis,2017.0,10.1016/j.combustflame.2017.02.005,,,,Combustion and Flame,179,,312-324,Elsevier BV,en,https://doi.org/10.1016/j.combustflame.2017.02.005,0.9,resolved,openalex,2026-08-16T22:33:12Z,X012,"A fifth-order implicit Runge-Kutta method and two fourth-order exponential integration methods equipped with Krylov subspace approximations were implemented for the GPU and paired with the analytical chemical kinetic Jacobian software pyJac. The performance of each algorithm was evaluated by integrating thermochemical state data sampled from stochastic partially stirred reactor simulations and compared with the commonly used CPU-based implicit integrator CVODE. We estimated that the implicit Runge-Kutta method running on a single GPU is equivalent to CVODE running on 12-38 CPU cores for integration of a single global integration time step of 1e-6 s with hydrogen and methane models. In the stiffest case studied---the methane model with a global integration time step of 1e-4 s---thread divergence and higher memory traffic significantly decreased GPU performance to the equivalent of CVODE running on approximately three CPU cores. The exponential integration algorithms performed more slowly than the implicit integrators on both the CPU and GPU. Thread divergence and memory traffic were identified as the main limiters of GPU integrator performance, and techniques to mitigate these issues were discussed. Use of a finite-difference Jacobian on the GPU---in place of the analytical Jacobian provided by pyJac---greatly decreased integrator performance due to thread divergence, resulting in maximum slowdowns of 7.11-240.96 times; in comparison, the corresponding slowdowns on the CPU were just 1.39-2.61 times, underscoring the importance of use of an analytical Jacobian for efficient GPU integration. Finally, future research directions for working towards enabling realistic chemistry in reactive-flow simulations via GPU\slash SIMD accelerated stiff chemical kinetic integration were identified.",Kinetics; Computational science; Chemical kinetics; Computer science; Chemistry; Parallel computing; Thermodynamics; Physics; Classical mechanics,True,article,True,True,False,doi,,"{'venue': 'crossref', 'volume': 'crossref', 'pages': 'crossref', 'publisher': 'crossref', 'url': 'crossref', 'lang': 'crossref', 'abstract': 'unpaywall'}","{'crossref': 6, 'unpaywall': 1}","X012.R000 resolved | hits:OA,CR | winner:- | filled:venue:CR; lang:CR; abstract:UN | missing:-",PASS_CLEAN,,,"H7-5,H7-6",,"{""H7-5"": {""status"": ""MET"", ""decision"": ""not_meet"", ""confidence"": 0.9, ""threshold"": 0.6, ""field"": ""abstract"", ""quote"": """", ""quote_valid"": false, ""span"": null, ""used"": true}, ""H7-6"": {""status"": ""MET"", ""decision"": ""not_meet"", ""confidence"": 0.9, ""threshold"": 0.6, ""field"": ""title"", ""quote"": """", ""quote_valid"": false, ""span"": null, ""used"": true}}",PASS_CLEAN: all EL criteria MET.
A366,101140epjbe2017705296,The effect of temperature on generic stable periodic structures in the parameter space of dissipative relativistic standard map,Ana C. C. Horstmann; Holokx A. Albuquerque; Cesar Manchein,Ana C. C. Horstmann,2017.0,10.1140/epjb/e2017-70529-6,,,,The European Physical Journal B,90,5,,Springer Science and Business Media LLC,en,https://doi.org/10.1140/epjb/e2017-70529-6,0.9,resolved,openalex,2026-08-16T22:33:17Z,X012,"In this work, we have characterized changes in the dynamics of a two-dimensional relativistic standard map in the presence of dissipation and specially when it is submitted to thermal effects modeled by a Gaussian noise reservoir. By the addition of thermal noise in the dissipative relativistic standard map (DRSM) it is possible to suppress typical stable periodic structures (SPSs) embedded in the chaotic domains of parameter space for large enough temperature strengths. Smaller SPSs are first affected by thermal effects, starting from their borders, as a function of temperature. To estimate the necessary temperature strength capable to destroy those SPSs we use the largest Lyapunov exponent to obtain the critical temperature ($T_C$) diagrams. For critical temperatures the chaotic behavior takes place with the suppression of periodic motion, although, the temperature strengths considered in this work are not so large to convert the deterministic features of the underlying system into a stochastic ones.",Dissipative system; Lyapunov exponent; Chaotic; Physics; Noise (video); Dissipation; Work (physics); Standard map; Statistical physics; Parameter space; Space (punctuation); Thermal,True,article,True,True,False,doi,,"{'venue': 'crossref', 'volume': 'crossref', 'issue': 'crossref', 'publisher': 'crossref', 'url': 'crossref', 'lang': 'crossref', 'abstract': 'unpaywall'}","{'crossref': 6, 'unpaywall': 1}","X012.R000 resolved | hits:OA,CR | winner:- | filled:venue:CR; lang:CR; abstract:UN | missing:-",PASS_CLEAN,,,"H7-5,H7-6",,"{""H7-5"": {""status"": ""MET"", ""decision"": ""not_meet"", ""confidence"": 0.9, ""threshold"": 0.6, ""field"": ""abstract"", ""quote"": """", ""quote_valid"": false, ""span"": null, ""used"": true}, ""H7-6"": {""status"": ""MET"", ""decision"": ""not_meet"", ""confidence"": 0.9, ""threshold"": 0.6, ""field"": ""title"", ""quote"": """", ""quote_valid"": false, ""span"": null, ""used"": true}}",PASS_CLEAN: all EL criteria MET.
A367,1010800022250x20161200039,The social diversification of fashion,Pietro Landi; Fabio Dercole,Pietro Landi,2016.0,10.1080/0022250x.2016.1200039,,,,The Journal of Mathematical Sociology,40,3,185-205,Informa UK Limited,en,https://doi.org/10.1080/0022250x.2016.1200039,0.9,resolved,openalex,2026-08-16T22:33:19Z,X012,"Pietro Landiab* & Fabio Dercoleca Department of Mathematical Sciences, Stellenbosch University, Stellenbosch, South Africab Evolution and Ecology Program, International Institute for Applied Systems Analysis, Laxenburg, Austriac Department of Electronics, Information, and Bioengineering, Politecnico di Milano, Milan, ItalyCONTACT Pietro Landi landi@sun.ac.za Department of Mathematical Sciences, Stellenbosch University, Private Bag X1, 7602, Matieland, Stellenbosch, South Africa.ABSTRACTWe propose a model to investigate the dynamics of fashion traits purely driven by social interactions. We assume that people adapt their style to maximize social success, and we describe the interaction as a repeated group game in which the payoffs reflect the social norms dictated by fashion. On one hand, the tendency to imitate the trendy stereotypes opposed to the tendency to diverge from them to proclaim identity; on the other hand, the exploitation of sex appeal for dating success opposed to the moral principles of the society. These opposing forces promote diversity in fashion traits, as predicted by the modeling framework of adaptive dynamics. Our results link the so-called horizontal dynamics—the primary driver of fashion evolution, compared with the vertical dynamics accounting for interclass and economic drivers—to style variety.",Diversification (marketing strategy); Library science; Regional science; Engineering; Geography; Ecology; Political science; Operations research; Computer science; Biology; Business; Marketing,True,article,True,True,False,doi,,"{'venue': 'crossref', 'volume': 'crossref', 'issue': 'crossref', 'pages': 'crossref', 'publisher': 'crossref', 'url': 'crossref', 'lang': 'crossref'}",{'crossref': 7},"X012.R000 resolved | hits:OA,CR | winner:- | filled:venue:CR; lang:CR | missing:-",PASS_CLEAN,,,"H7-5,H7-6",,"{""H7-5"": {""status"": ""MET"", ""decision"": ""not_meet"", ""confidence"": 0.8, ""threshold"": 0.6, ""field"": ""title"", ""quote"": """", ""quote_valid"": false, ""span"": null, ""used"": true}, ""H7-6"": {""status"": ""MET"", ""decision"": ""not_meet"", ""confidence"": 0.8, ""threshold"": 0.6, ""field"": ""title"", ""quote"": """", ""quote_valid"": false, ""span"": null, ""used"": true}}",PASS_CLEAN: all EL criteria MET.
A373,10106315022276,Observing spatio-temporal dynamics of excitable media using reservoir computing,R. Zimmermann; Ulrich Parlitz,R. Zimmermann,2018.0,10.1063/1.5022276,https://pubmed.ncbi.nlm.nih.gov/31906670,,,Chaos: An Interdisciplinary Journal of Nonlinear Science,28,4,,AIP Publishing,en,https://doi.org/10.1063/1.5022276,0.9,resolved,openalex,2026-08-16T22:33:23Z,X012,"We present a dynamical observer for two dimensional partial differential equation models describing excitable media, where the required cross prediction from observed time series to not measured state variables is provided by Echo State Networks receiving input from local regions in space, only. The efficacy of this approach is demonstrated for (noisy) data from a (cubic) Barkley model and the Bueno-Orovio-Cherry-Fenton model describing chaotic electrical wave propagation in cardiac tissue.",Chaotic; Observer (physics); Dynamics (music); Partial differential equation; State space; Computer science; Reservoir computing; Statistical physics; Applied mathematics; Biological system; Mathematics; Physics,False,article,True,True,False,doi,,"{'venue': 'crossref', 'volume': 'crossref', 'issue': 'crossref', 'publisher': 'crossref', 'url': 'crossref', 'lang': 'crossref'}",{'crossref': 6},"X012.R000 resolved | hits:OA,CR | winner:- | filled:venue:CR; lang:CR | missing:-",PASS_CLEAN,,,"H7-5,H7-6",,"{""H7-5"": {""status"": ""MET"", ""decision"": ""not_meet"", ""confidence"": 0.8, ""threshold"": 0.6, ""field"": ""title"", ""quote"": """", ""quote_valid"": false, ""span"": null, ""used"": true}, ""H7-6"": {""status"": ""MET"", ""decision"": ""not_meet"", ""confidence"": 0.8, ""threshold"": 0.6, ""field"": ""title"", ""quote"": """", ""quote_valid"": false, ""span"": null, ""used"": true}}",PASS_CLEAN: all EL criteria MET.
A375,101016jultsonch201901031,Study of non-spherical bubble oscillations under acoustic irradiation in viscous liquid,Kálmán Klapcsik; Ferenc Hegedűs,Kálmán Klapcsik,2019.0,10.1016/j.ultsonch.2019.01.031,https://pubmed.ncbi.nlm.nih.gov/30718178,,,Ultrasonics Sonochemistry,54,,256-273,Elsevier BV,en,https://doi.org/10.1016/j.ultsonch.2019.01.031,0.9,resolved,openalex,2026-08-16T22:33:24Z,X012,"The effect of dissipation on the shape stability of a harmonically excited bubble is investigated. The employed liquid is the highly viscous glycerine. The rate of the dissipation is controlled through the alteration of viscosity of the liquid by varying its temperature. The mean radius of the bubble during its radial oscillation is described by the Keller-Miksis equation. Two approaches are used to describe the surface oscillations. The first model solves the surface dynamics equations of each mode together with the transport equation of the vorticity in the liquid domain. The second model approximates the transport equation, which is a partial differential equation, with a boundary layer approximation reducing the required computational resources significantly. The comparison of the surface models shows qualitative agreement at low dissipation rate; however, at high viscosity the application of the full transport equation is mandatory. The results show that an increasing rate of dissipation can significantly extend the shape stable domains in the excitation frequency-pressure amplitude parameter plane. Nevertheless, the collapse strength is decreasing due to the highly damped oscillations. It has been found that an optimal range of dissipation rate in terms of temperature can be defined expressing a good compromise between the collapse strength and surface stability. The computations are carried out by an in-house GPU accelerated initial value problem solver.",Dissipation; Mechanics; Viscosity; Physics; Oscillation (cell signaling); Bubble; Boundary value problem; RADIUS; Amplitude; Classical mechanics; Thermodynamics; Chemistry,True,article,True,True,False,doi,,"{'venue': 'crossref', 'volume': 'crossref', 'pages': 'crossref', 'publisher': 'crossref', 'url': 'crossref', 'lang': 'crossref'}",{'crossref': 6},"X012.R000 resolved | hits:OA,CR | winner:- | filled:venue:CR; lang:CR | missing:-",PASS_CLEAN,,,"H7-5,H7-6",,"{""H7-5"": {""status"": ""MET"", ""decision"": ""not_meet"", ""confidence"": 0.8, ""threshold"": 0.6, ""field"": ""title"", ""quote"": """", ""quote_valid"": false, ""span"": null, ""used"": true}, ""H7-6"": {""status"": ""MET"", ""decision"": ""not_meet"", ""confidence"": 0.8, ""threshold"": 0.6, ""field"": ""title"", ""quote"": """", ""quote_valid"": false, ""span"": null, ""used"": true}}",PASS_CLEAN: all EL criteria MET.
A376,101016jultsonch201902010,A simple method to analyze the super-harmonic and ultra-harmonic behavior of the acoustically excited bubble oscillator,Amin Jafari Sojahrood; Dana Wegierak; Hossein Haghi; R. Karshfian; Michael C. Kolios,Amin Jafari Sojahrood,2019.0,10.1016/j.ultsonch.2019.02.010,https://pubmed.ncbi.nlm.nih.gov/30827907,,,Ultrasonics Sonochemistry,54,,99-109,Elsevier BV,en,https://doi.org/10.1016/j.ultsonch.2019.02.010,0.9,resolved,openalex,2026-08-16T22:33:24Z,X012,,Bubble; Bifurcation; Bifurcation diagram; Harmonic; Maxima; Oscillation (cell signaling); Nonlinear system; Physics; Control theory (sociology); Chaotic; Mechanics; Statistical physics,False,article,True,True,False,doi,,"{'venue': 'crossref', 'volume': 'crossref', 'pages': 'crossref', 'publisher': 'crossref', 'url': 'crossref', 'lang': 'crossref'}",{'crossref': 6},"X012.R000 resolved | hits:OA,CR | winner:- | filled:venue:CR; lang:CR | missing:abstract",PASS_CLEAN,,,"H7-5,H7-6",,"{""H7-5"": {""status"": ""MET"", ""decision"": ""not_meet"", ""confidence"": 0.8, ""threshold"": 0.6, ""field"": ""title"", ""quote"": """", ""quote_valid"": false, ""span"": null, ""used"": true}, ""H7-6"": {""status"": ""MET"", ""decision"": ""not_meet"", ""confidence"": 0.8, ""threshold"": 0.6, ""field"": ""title"", ""quote"": """", ""quote_valid"": false, ""span"": null, ""used"": true}}",PASS_CLEAN: all EL criteria MET.
A378,101140epjbe201990749x,Tracking multistability in the parameter space of a Chua’s circuit model,Nathan S. Nicolau; Tulio M. Oliveira; Anderson Hoff; Holokx A. Albuquerque; Cesar Manchein,Nathan S. Nicolau,2019.0,10.1140/epjb/e2019-90749-x,,,,The European Physical Journal B,92,5,,Springer Science and Business Media LLC,en,https://doi.org/10.1140/epjb/e2019-90749-x,0.9,resolved,openalex,2026-08-16T22:33:26Z,X012,"Abstract The effect of applying an asymmetric periodic continuous-feedback signal F(x), which is a function of voltage x, across one of the capacitors in the classical Chua’s circuit model is examined. We have performed a numerical investigation on the dynamics of the Chua’s circuit model to discuss a procedure of distorting, suppressing and moving attractors and stable periodic structures (SPSs) in phase and parameter spaces, respectively, by accordingly choosing the control parameters in the function F(x). Increasing the asymmetry strength in F(x), we are able to track and to move overlapped SPSs related to multistability phenomenon in phase space, and to suppress SPSs related to one single attractor. Our results indicate that the methodology used here will have a wide spectrum of applications in generic nonlinear complex dynamical systems presenting multistability, related to both theoretical and experimental issues. Graphical abstract",Multistability; Attractor; Chua's circuit; Parameter space; Control theory (sociology); Phase space; Nonlinear system; Asymmetry; Function (biology); Mathematics; SIGNAL (programming language); Capacitor,True,article,True,True,False,doi,,"{'venue': 'crossref', 'volume': 'crossref', 'issue': 'crossref', 'publisher': 'crossref', 'url': 'crossref', 'lang': 'crossref', 'abstract': 'unpaywall'}","{'crossref': 6, 'unpaywall': 1}","X012.R000 resolved | hits:OA,CR | winner:- | filled:venue:CR; lang:CR; abstract:UN | missing:-",PASS_CLEAN,,,"H7-5,H7-6",,"{""H7-5"": {""status"": ""MET"", ""decision"": ""not_meet"", ""confidence"": 0.8, ""threshold"": 0.6, ""field"": ""title"", ""quote"": """", ""quote_valid"": false, ""span"": null, ""used"": true}, ""H7-6"": {""status"": ""MET"", ""decision"": ""not_meet"", ""confidence"": 0.8, ""threshold"": 0.6, ""field"": ""title"", ""quote"": """", ""quote_valid"": false, ""span"": null, ""used"": true}}",PASS_CLEAN: all EL criteria MET.
A379,10106314999604,Emergent dynamics of spatio-temporal chaos in a heterogeneous excitable medium,Philip Bittihn; Sebastian Berg; Ulrich Parlitz; Stefan Luther,Philip Bittihn,2017.0,10.1063/1.4999604,https://pubmed.ncbi.nlm.nih.gov/28964139,,,Chaos: An Interdisciplinary Journal of Nonlinear Science,27,9,,AIP Publishing,en,https://doi.org/10.1063/1.4999604,0.9,resolved,openalex,2026-08-16T22:33:28Z,X012,"Self-organized activation patterns in excitable media such as spiral waves and spatio-temporal chaos underlie dangerous cardiac arrhythmias. While the interaction of single spiral waves with different types of heterogeneity has been studied extensively, the effect of heterogeneity on fully developed spatio-temporal chaos remains poorly understood. We investigate how the complexity and stability properties of spatio-temporal chaos in the Bär-Eiswirth model of excitable media depend on the heterogeneity of the underlying medium. We employ different measures characterizing the chaoticity of the system and find that the spatial arrangement of multiple discrete lower excitability regions has a strong impact on the complexity of the dynamics. Varying the number, shape, and spatial arrangement of the heterogeneities, we observe strong emergent effects ranging from increases in chaoticity to the complete cessation of chaos, contrasting the expectation from the homogeneous behavior. The implications of our findings for the development and treatment of arrhythmias in the heterogeneous cardiac muscle are discussed.",CHAOS (operating system); Dynamics (music); Statistical physics; Computer science; Physics; Acoustics; Computer security,False,article,True,True,False,doi,,"{'venue': 'crossref', 'volume': 'crossref', 'issue': 'crossref', 'publisher': 'crossref', 'url': 'crossref', 'lang': 'crossref'}",{'crossref': 6},"X012.R000 resolved | hits:OA,CR | winner:- | filled:venue:CR; lang:CR | missing:-",PASS_FLAGGED,,,H7-6,H7-5,"{""H7-5"": {""status"": ""UNCERTAIN"", ""decision"": ""meet"", ""confidence"": 0.9, ""threshold"": 0.6, ""field"": ""abstract"", ""quote"": ""The paper's primary focus is a numerical or computational method with no human participants."", ""quote_valid"": false, ""span"": [111, 151], ""used"": true}, ""H7-6"": {""status"": ""MET"", ""decision"": ""not_meet"", ""confidence"": 0.8, ""threshold"": 0.6, ""field"": ""abstract"", ""quote"": """", ""quote_valid"": false, ""span"": null, ""used"": true}}",PASS_FLAGGED: uncertain H7-5
A380,101007s11071019048898,On the global dynamics of connected vehicle systems,Adam K. Kiss; Sergei S. Avedisov; Dániel Bachrathy; Gábor Orosz,Adam K. Kiss,2019.0,10.1007/s11071-019-04889-8,,,,Nonlinear Dynamics,96,3,1865-1877,Springer Science and Business Media LLC,en,https://doi.org/10.1007/s11071-019-04889-8,0.9,resolved,openalex,2026-08-16T22:33:28Z,X012,"In this contribution, heterogeneous connected vehicle systems, that include human-driven as well as connected automated vehicles, are investigated. The reaction time delay of human drivers as well as the communication and actuation delays of connected automated vehicles is incorporated in the model. Saturations due to the speed limit and limited acceleration capabilities of the vehicles are also taken into account. The arising nonlinear delayed system is studied using analytical and numerical bifurcation analysis. Stability analysis is used to identify regions in parameter space where oscillations arise due to loss of linear stability of the equilibrium. Moreover, with the help of numerical continuation, bistability between the equilibrium and oscillations is shown to exist due to the presence of an isola. It is demonstrated that utilizing long-range wireless vehicle-to-vehicle communication the connected automated vehicle is able to eliminate the oscillations and keep the traffic flow smooth.",Control theory (sociology); Bifurcation; Numerical continuation; Nonlinear system; Bistability; Acceleration; Stability (learning theory); Range (aeronautics); Computer science; Vehicle dynamics; Limit (mathematics); Parameter space,True,article,True,True,False,doi,,"{'venue': 'crossref', 'volume': 'crossref', 'issue': 'crossref', 'pages': 'crossref', 'publisher': 'crossref', 'url': 'crossref', 'lang': 'crossref'}",{'crossref': 7},"X012.R000 resolved | hits:OA,CR | winner:- | filled:venue:CR; lang:CR | missing:-",PASS_CLEAN,,,"H7-5,H7-6",,"{""H7-5"": {""status"": ""MET"", ""decision"": ""not_meet"", ""confidence"": 0.8, ""threshold"": 0.6, ""field"": ""abstract"", ""quote"": """", ""quote_valid"": false, ""span"": null, ""used"": true}, ""H7-6"": {""status"": ""MET"", ""decision"": ""not_meet"", ""confidence"": 0.9, ""threshold"": 0.6, ""field"": ""abstract"", ""quote"": """", ""quote_valid"": false, ""span"": null, ""used"": true}}",PASS_CLEAN: all EL criteria MET.
A382,103389fphy201800039,Spatiotemporal Permutation Entropy as a Measure for Complexity of Cardiac Arrhythmia,Alexander Schlemmer; Sebastian Berg; Thomas Lilienkamp; Stefan Luther; Ulrich Parlitz,Alexander Schlemmer,2018.0,10.3389/fphy.2018.00039,,,,Frontiers in Physics,6,,,Frontiers Media SA,en,https://doi.org/10.3389/fphy.2018.00039,0.9,resolved,openalex,2026-08-16T22:33:29Z,X012,"Permutation entropy (PE) is a robust quantity for measuring the complexity of time series. In the cardiac community it is predominantly used in the context of electrocardiogram (ECG) signal analysis for diagnoses and predictions with a major application found in heart rate variability parameters. In this article we are combining spatial and temporal PE to form a spatiotemporal PE that captures both, complexity of spatial structures and temporal complexity at the same time. We demonstrate that the spatiotemporal PE (STPE) quantifies complexity using two datasets from simulated cardiac arrhythmia and compare it to phase singularity analysis and spatial PE (SPE). These datasets simulate ventricular fibrillation (VF) on a two-dimensional and a three-dimensional medium using the Fenton-Karma model. We show that SPE and STPE are robust against noise and demonstrate its usefulness for extracting complexity features at different spatial scales.",Cardiac arrhythmia; Entropy (arrow of time); Computer science; Context (archaeology); Pattern recognition (psychology); Artificial intelligence; Heart rate variability; Medical diagnosis; Algorithm; Mathematics; Atrial fibrillation; Cardiology,True,article,True,True,False,doi,,"{'venue': 'crossref', 'volume': 'crossref', 'publisher': 'crossref', 'url': 'crossref', 'lang': 'heuristic'}","{'crossref': 4, 'heuristic': 1}","X012.R000 resolved | hits:OA,CR | winner:- | filled:venue:CR; lang:HE | missing:-",PASS_CLEAN,,,"H7-5,H7-6",,"{""H7-5"": {""status"": ""MET"", ""decision"": ""not_meet"", ""confidence"": 0.7, ""threshold"": 0.6, ""field"": ""abstract"", ""quote"": """", ""quote_valid"": false, ""span"": null, ""used"": true}, ""H7-6"": {""status"": ""MET"", ""decision"": ""not_meet"", ""confidence"": 0.7, ""threshold"": 0.6, ""field"": ""title"", ""quote"": """", ""quote_valid"": false, ""span"": null, ""used"": true}}",PASS_CLEAN: all EL criteria MET.
A386,10108817518121aaaabd,Hierarchical collapse of regular islands via dissipation,Carlos Alberto Coelho Jousseph; S. A. Abdulack; Cesar Manchein; Marcus W. Beims,Carlos Alberto Coelho Jousseph,2018.0,10.1088/1751-8121/aaaabd,,,,Journal of Physics A: Mathematical and Theoretical,51,10,105101,IOP Publishing,en,https://doi.org/10.1088/1751-8121/aaaabd,0.9,resolved,openalex,2026-08-16T22:33:32Z,X012,"Abstract In this work we investigate how regular islands localized in a mixed phase-space of generic area-preserving Hamiltonian systems are affected by a small amount of dissipation. Mainly we search for a universality (hierarchy) in the convergence of higher-order resonances and their periods when dissipation increases. One very simple scenario is already known: when subjected to small dissipation, stable periodic points become sinks attracting almost all the surrounding orbits, destroying all invariant curves which divide the phase-space in chaotic and regular domains. However, performing numerical experiments with the paradigmatic Chirikov–Taylor standard mapping we show that this presumably simple scenario can be rather complicated. The first, not trivial, scenario is what happens to chaotic trajectories, since they can be attracted by the sinks or by chaotic attractors, in cases when they exist. We show that this depends very much on how basins of attraction are formed as dissipation increases. In addition, we demonstrate that higher-order resonances are usually first affected by small dissipation when compared to lower-order resonances from the conservative case. Nevertheless, this is not a generic behaviour. We show that a local hierarchical collapse of resonances, as dissipation increases, is related to the area of the islands from the conservative case surrounding the periodic orbits. All observed resonance destructions occur via the bifurcation phenomena and are quantified here by determining the largest finite-time Lyapunov exponent.",Dissipation; Materials science; Mechanics; Physics; Thermodynamics,True,article,True,True,False,doi,,"{'venue': 'crossref', 'volume': 'crossref', 'issue': 'crossref', 'pages': 'crossref', 'publisher': 'crossref', 'url': 'crossref', 'lang': 'heuristic'}","{'crossref': 6, 'heuristic': 1}","X012.R000 resolved | hits:OA,CR | winner:- | filled:venue:CR; lang:HE | missing:-",PASS_CLEAN,,,"H7-5,H7-6",,"{""H7-5"": {""status"": ""MET"", ""decision"": ""not_meet"", ""confidence"": 0.6, ""threshold"": 0.6, ""field"": ""abstract"", ""quote"": """", ""quote_valid"": false, ""span"": null, ""used"": true}, ""H7-6"": {""status"": ""MET"", ""decision"": ""not_meet"", ""confidence"": 0.9, ""threshold"": 0.6, ""field"": ""abstract"", ""quote"": """", ""quote_valid"": false, ""span"": null, ""used"": true}}",PASS_CLEAN: all EL criteria MET.
A389,10112115068280,Experimental and numerical investigation of backscattered signal strength from different concentrations of nanobubble and microbubble clusters,Hossein Haghi; Amin Jafari Sojahrood; Al de Leon; Agata A. Exner; Michael C. Kolios,Hossein Haghi,2018.0,10.1121/1.5068280,,,,The Journal of the Acoustical Society of America,144,3_Supplement,1888-1888,Acoustical Society of America (ASA),en,https://doi.org/10.1121/1.5068280,0.9,resolved,openalex,2026-08-16T22:33:33Z,X012,"Optimizing the clinical performance of Nanobubbles and Microbubbles (MBs and NBs) requires not only a good understanding of their individual bubble dynamics, but how bubble interactions change these dynamics. Here we report our experimental and simulation results showing the changes in backscattered signal strength from different concentrations of NBs or MBs. NBs and MBs are sorted by size to isolate two populations with mean diameters of 200 nm and 1 micron, respectively. Our results show that increasing number density of NBs or MBs is accompanied with an increase in the strength of their backscattered signals up to a certain concentration, above which the strength of the signal decreases. This decrease is not associated with the medium attenuation which was not accounted for. Our numerical simulations that include inter-bubble interactions are in general agreement with our experimental results. Moreover, acquired data show the that concentration at which there is signal saturation for NBs is orders of magnitude higher than that of MBs (1e9 vs 1e6 bubbles per mL), suggesting a potential explanation behind the very strong backscatter observed in NB clusters compared to MBs. Numerical simulations show that increasing the number density of bubbles decreases the individual signal strength of each individual bubbles.",Bubble; Attenuation; Signal strength; SIGNAL (programming language); Materials science; Microbubbles; Saturation (graph theory); Backscatter (email); Computational physics; Target strength; Scattering; Mechanics,False,article,True,True,False,doi,,"{'venue': 'crossref', 'volume': 'crossref', 'issue': 'crossref', 'pages': 'crossref', 'publisher': 'crossref', 'url': 'crossref', 'lang': 'crossref'}",{'crossref': 7},"X012.R000 resolved | hits:OA,CR | winner:- | filled:venue:CR; lang:CR | missing:-",PASS_FLAGGED,,,H7-6,H7-5,"{""H7-5"": {""status"": ""UNCERTAIN"", ""decision"": ""not_meet"", ""confidence"": 0.5, ""threshold"": 0.6, ""field"": ""abstract"", ""quote"": """", ""quote_valid"": false, ""span"": null, ""used"": true}, ""H7-6"": {""status"": ""MET"", ""decision"": ""not_meet"", ""confidence"": 0.8, ""threshold"": 0.6, ""field"": ""abstract"", ""quote"": """", ""quote_valid"": false, ""span"": null, ""used"": true}}",PASS_FLAGGED: uncertain H7-5
A390,10112114987295,Numerical investigation of the subharmonic response of a cloud of interacting microbubbles,Hossein Haghi; Amin Jafari Sojahrood; Raffi Karshafian; Michael C. Kolios,Hossein Haghi,2017.0,10.1121/1.4987295,,,,The Journal of the Acoustical Society of America,141,5_Supplement,3493-3493,Acoustical Society of America (ASA),en,https://doi.org/10.1121/1.4987295,0.9,resolved,openalex,2026-08-16T22:33:33Z,X012,"Microbubbles (MBs) usually exist in polydisperse populations and often strongly interact with each other. Accurate investigation of the dynamics of the MBs requires considering the interaction between Microbubbles. We have developed an efficient method for numerically simulating N interacting MBs. The subharmonic (SH) responses of a polydispersions of 3-52 microbubbles with sizes between 2-5 microns, excited with ultrasound with a frequency and pressure of 1.8-8 MHz and 1-500 kPa were investigated. We show that if the frequency is set to the SH resonance of the larger MBs, the smaller MBs oscillations are controlled by the larger MB and the SH amplitude of the population of MBs increases. For small enough distances between MBs, one large MB may control the oscillations of the rest. If the excitation frequency is equal to the SH resonance of the smaller MBs, there exists two pressure regions. For lower pressures, the oscillations of the larger MB are out of phase with the smaller MBs and the resulting SH amplitude is smaller than the case without the bigger MB. As the pressure increases the oscillations of the larger MB becomes in phase with the smaller MBs and the SH response of the system is enhanced.",Microbubbles; Subharmonic; Amplitude; Phase (matter); Resonance (particle physics); Population; Excitation; Excited state; Acoustics; Materials science; Physics; Mechanics,False,article,True,True,False,doi,,"{'venue': 'crossref', 'volume': 'crossref', 'issue': 'crossref', 'pages': 'crossref', 'publisher': 'crossref', 'url': 'crossref', 'lang': 'crossref'}",{'crossref': 7},"X012.R000 resolved | hits:OA,CR | winner:- | filled:venue:CR; lang:CR | missing:-",EXCLUSION_SUPPRESSED,,,H7-6,,"{""H7-5"": {""status"": ""SUPPRESSED"", ""decision"": ""meet"", ""confidence"": 0.9, ""threshold"": 0.6, ""field"": ""abstract"", ""quote"": ""Accurate investigation of the dynamics of the MBs requires considering the interaction between Microbubbles."", ""quote_valid"": true, ""span"": [101, 121], ""used"": true}, ""H7-6"": {""status"": ""MET"", ""decision"": ""not_meet"", ""confidence"": 0.8, ""threshold"": 0.6, ""field"": ""abstract"", ""quote"": """", ""quote_valid"": false, ""span"": null, ""used"": true}}","EXCLUSION_SUPPRESSED: the model returned an excluding verdict on H7-5 which passed the evidence gate. Flag-only is in force for this provider, so the record was NOT excluded and needs human review."
A391,10112114987297,Towards the accurate characterization of the shell parameters of microbubbles based on attenuation and sound speed measurements,Amin Jafari Sojahrood; Qian Li; Hossein Haghi; Raffi Karshafian; Tyrone M. Porter; Michael C. Kolios,Amin Jafari Sojahrood,2017.0,10.1121/1.4987297,,,,The Journal of the Acoustical Society of America,141,5_Supplement,3493-3493,Acoustical Society of America (ASA),en,https://doi.org/10.1121/1.4987297,0.9,resolved,openalex,2026-08-16T22:33:34Z,X012,"Measurements of microbubble (MB) shell parameters is a challenging task because of the nonlinear dynamics of MBs. Shell parameter estimations that are typically based on solving linear models will generate inaccurate results, especially at higher pressure excitations. These approaches also often ignore the analysis of sound speed which provides useful information about the bulk modulus of the medium. In addition, the effect of MB-MB interaction is neglected. In this work, the attenuation and sound speed of monodisperse MB populations with mean diameters of 4 to 6 micron and peak concentrations of 1000 to 15000 bubbles/ml are measured for a pressure range of 10 to 100 kPa. The subharmonic pressure threshold of the solution was measured by narrowband excitations spanning from 1 to 4 MHz. The subharmonic generation pressure threshold was used to estimate an initial guess for shell viscosity and surface tension. The experimental results were fitted using numerical simulations of the Marmottant model and our recently developed nonlinear model for attenuation and sound speed. The effect of MB-MB interaction was also implemented using simulations of a lattice of interacting MBs (fitted to the measured sizes of MBs) to take into account the effect of concentration.",Attenuation; Acoustics; Speed of sound; Nonlinear system; Subharmonic; Sound pressure; Materials science; Shell (structure); Mechanics; Nonlinear acoustics; Range (aeronautics); Computational physics,False,article,True,True,False,doi,,"{'venue': 'crossref', 'volume': 'crossref', 'issue': 'crossref', 'pages': 'crossref', 'publisher': 'crossref', 'url': 'crossref', 'lang': 'crossref'}",{'crossref': 7},"X012.R000 resolved | hits:OA,CR | winner:- | filled:venue:CR; lang:CR | missing:-",PASS_CLEAN,,,"H7-5,H7-6",,"{""H7-5"": {""status"": ""MET"", ""decision"": ""not_meet"", ""confidence"": 0.8, ""threshold"": 0.6, ""field"": ""abstract"", ""quote"": """", ""quote_valid"": false, ""span"": null, ""used"": true}, ""H7-6"": {""status"": ""MET"", ""decision"": ""not_meet"", ""confidence"": 0.8, ""threshold"": 0.6, ""field"": ""abstract"", ""quote"": """", ""quote_valid"": false, ""span"": null, ""used"": true}}",PASS_CLEAN: all EL criteria MET.
A392,10112115036108,On amplification of radial oscillations of microbubbles due to bubble-bubble interaction in polydisperse microbubble clusters under ultrasound excitation,Hossein Haghi; Amin Jafari Sojahrood; Michael C. Kolios,Hossein Haghi,2018.0,10.1121/1.5036108,,,,The Journal of the Acoustical Society of America,143,3_Supplement,1862-1862,Acoustical Society of America (ASA),en,https://doi.org/10.1121/1.5036108,0.9,resolved,openalex,2026-08-16T22:33:34Z,X012,"Optimizing the performance of microbubbles (MBs) in applications not only requires a good understanding of the dynamics of individual MBs, but also knowledge of their interactions with each other within polydisperse clusters. However, the behavior of acoustically driven MB clusters is not well understood. Most studies have been limited to cases of a few interacting MBs for a limited range of acoustical parameters. We use a numerical method to simulate the dynamics of clusters of (20–50 MBs) randomly distributed MBs. MBs with the size distribution of 2–8 micron were sonicated with pressures between 1 and 250 kPa, frequencies between 0.5 and 10 MHz and concentrations between 2e3 and 2.5e6 MBs/mL. Bifurcation structures of radial oscillations of each MB within a cluster were studied. Results show that in a polydisperse MB cluster, larger MBs (even in small numbers) can amplify the radial oscillations of smaller MBs. Amplification occurs if the resonance peaks of larger MBs coincide with the resonance peaks of smaller MBs. Additionally, there is an optimum number density at which amplification is maximized. Results suggest that the presence of bigger MBs may enhance the superharmonic oscillations of the smaller MBs which can be applied in superhamonic ultrasound imaging using MBs.",Bubble; Microbubbles; Cluster (spacecraft); Excitation; Resonance (particle physics); Materials science; Acoustics; Range (aeronautics); Ultrasound; Molecular physics; Cavitation; Physics,False,article,True,True,False,doi,,"{'venue': 'crossref', 'volume': 'crossref', 'issue': 'crossref', 'pages': 'crossref', 'publisher': 'crossref', 'url': 'crossref', 'lang': 'crossref'}",{'crossref': 7},"X012.R000 resolved | hits:OA,CR | winner:- | filled:venue:CR; lang:CR | missing:-",EXCLUSION_SUPPRESSED,,,H7-6,,"{""H7-5"": {""status"": ""SUPPRESSED"", ""decision"": ""meet"", ""confidence"": 0.9, ""threshold"": 0.6, ""field"": ""abstract"", ""quote"": ""larger MBs (even in small numbers) can amplify the radial oscillations of smaller MBs."", ""quote_valid"": true, ""span"": [123, 153], ""used"": true}, ""H7-6"": {""status"": ""MET"", ""decision"": ""not_meet"", ""confidence"": 0.8, ""threshold"": 0.6, ""field"": ""abstract"", ""quote"": """", ""quote_valid"": false, ""span"": null, ""used"": true}}","EXCLUSION_SUPPRESSED: the model returned an excluding verdict on H7-5 which passed the evidence gate. Flag-only is in force for this provider, so the record was NOT excluded and needs human review."
A395,101016jultsonch2020105067,GPU accelerated study of a dual-frequency driven single bubble in a 6-dimensional parameter space: The active cavitation threshold,Ferenc Hegedűs; Kálmán Klapcsik; Werner Lauterborn; Ulrich Parlitz; Robert Mettin,Ferenc Hegedűs,2020.0,10.1016/j.ultsonch.2020.105067,https://pubmed.ncbi.nlm.nih.gov/32380373,,,Ultrasonics Sonochemistry,67,,105067,Elsevier BV,en,https://doi.org/10.1016/j.ultsonch.2020.105067,0.9,resolved,openalex,2026-08-16T22:33:35Z,X012,,Bubble; RADIUS; Physics; Cavitation; Oscillation (cell signaling); Parameter space; Mechanics; Amplitude; Ordinary differential equation; Atomic physics; Computational physics; Differential equation,False,article,True,True,False,doi,,"{'venue': 'crossref', 'volume': 'crossref', 'pages': 'crossref', 'publisher': 'crossref', 'url': 'crossref', 'lang': 'crossref'}",{'crossref': 6},"X012.R000 resolved | hits:OA,CR | winner:- | filled:venue:CR; lang:CR | missing:abstract",PASS_CLEAN,,,"H7-5,H7-6",,"{""H7-5"": {""status"": ""MET"", ""decision"": ""not_meet"", ""confidence"": 0.7, ""threshold"": 0.6, ""field"": ""abstract"", ""quote"": """", ""quote_valid"": false, ""span"": null, ""used"": true}, ""H7-6"": {""status"": ""MET"", ""decision"": ""not_meet"", ""confidence"": 0.8, ""threshold"": 0.6, ""field"": ""abstract"", ""quote"": """", ""quote_valid"": false, ""span"": null, ""used"": true}}",PASS_CLEAN: all EL criteria MET.
A397,101117122527709,Mathematical simulation of coherent resonance phenomenon in a network of Hodgkin-Huxley biological neurons,Andrey Andreev; Alexander N. Pisarchik,Andrey Andreev,2019.0,10.1117/12.2527709,,,,Saratov Fall Meeting 2018: Computations and Data Analysis: from Nanoscale Tools to Brain Functions,,,42,SPIE,en,https://doi.org/10.1117/12.2527709,0.9,resolved,openalex,2026-08-16T22:33:36Z,X012,In this paper we numerically simulate a two-layer network of coupled Hodgkin-Huxley neurons for modulating a processing visual perception by the human brain. We investigate the influence of the external stimulus amplitude on the dynamics of second layer neurons. We discover coherent resonance phenomenon in the system: there is an area of external stimulus amplitude when both SNR and characteristic correlation time are maximal. We also analyze the influence of internal noise amplitude on the system dynamics.,Hodgkin–Huxley model; Stimulus (psychology); Amplitude; Physics; Phenomenon; Perception; Neurophysiology; Computer science; Statistical physics; Neuroscience; Optics; Quantum mechanics,False,conference,True,True,False,doi,,"{'venue': 'crossref', 'pages': 'crossref', 'publisher': 'crossref', 'url': 'crossref', 'lang': 'heuristic'}","{'crossref': 4, 'heuristic': 1}","X012.R000 resolved | hits:OA,CR | winner:- | filled:venue:CR; lang:HE | missing:-",PASS_CLEAN,,,"H7-5,H7-6",,"{""H7-5"": {""status"": ""MET"", ""decision"": ""not_meet"", ""confidence"": 0.6, ""threshold"": 0.6, ""field"": ""abstract"", ""quote"": """", ""quote_valid"": false, ""span"": null, ""used"": true}, ""H7-6"": {""status"": ""MET"", ""decision"": ""not_meet"", ""confidence"": 0.8, ""threshold"": 0.6, ""field"": ""abstract"", ""quote"": """", ""quote_valid"": false, ""span"": null, ""used"": true}}",PASS_CLEAN: all EL criteria MET.
A410,105451unibasep9423,Analysis of cardiovascular regulation,Frank H. Wilhelm; Paul Grossman; Walton T. Roth,Frank H. Wilhelm,1999.0,10.5451/unibas-ep9423,https://pubmed.ncbi.nlm.nih.gov/11143335,,,,,,,,en,,0.9,resolved,openalex,2026-08-16T22:33:48Z,X013,"Adequate characterization of hemodynamic and autonomic responses to physical and mental stress can elucidate underlying mechanisms of cardiovascular disease or anxiety disorders. We developed a physiological signal processing system for analysis of continuously recorded ECG, arterial blood pressure (BP), and respiratory signals using the programming language Matlab. Data collection devices are a 16-channel digital, physiological recorder (Vitaport), a finger arterial pressure transducer (Finapres), and a respiratory inductance plethysmograph (Respitrace). Besides the conventional analysis of the physiological channels, power spectral density and transfer functions of respiration, heart rate, and blood pressure variability are used to characterize respiratory sinus arrhythmia (RSA), 0.10-Hz BP oscillatory activity (Mayer-waves), and baroreflex sensitivity. The arterial pressure transducer waveforms permit noninvasive estimation of stroke volume, cardiac output, and systemic vascular resistance. Time trends in spectral composition of indices are assessed using complex demodulation. Transient dynamic changes of cardiovascular parameters at the onset of stress and recovery periods are quantified using a regression breakpoint model that optimizes piecewise linear curve fitting. Approximate entropy (ApEn) is computed to quantify the degree of chaos in heartbeat dynamics. Using our signal processing system we found distinct response patterns in subgroups of patients with coronary artery disease or anxiety disorders, which were related to specific pharmacological and behavioral factors.",Blood pressure; Heart rate; Medicine; Vagal tone; Approximate entropy; Hemodynamics; Heart rate variability; Cardiology; Baroreflex; Internal medicine; Stroke volume; Anesthesia,True,article,True,False,False,doi,,{'lang': 'heuristic'},{'heuristic': 1},X013.R000 resolved | hits:OA | winner:- | filled:lang:HE | missing:-,EXCLUSION_SUPPRESSED,,,H7-6,,"{""H7-5"": {""status"": ""SUPPRESSED"", ""decision"": ""meet"", ""confidence"": 0.9, ""threshold"": 0.6, ""field"": ""abstract"", ""quote"": ""Adequate characterization of hemodynamic and autonomic responses to physical and mental stress can elucidate underlying mechanisms of cardiovascular disease or anxiety disorders."", ""quote_valid"": true, ""span"": [11, 52], ""used"": true}, ""H7-6"": {""status"": ""MET"", ""decision"": ""not_meet"", ""confidence"": 0.8, ""threshold"": 0.6, ""field"": ""abstract"", ""quote"": """", ""quote_valid"": false, ""span"": null, ""used"": true}}","EXCLUSION_SUPPRESSED: the model returned an excluding verdict on H7-5 which passed the evidence gate. Flag-only is in force for this provider, so the record was NOT excluded and needs human review."
A412,101002jcop20276,Biosocial bases of reactive and proactive aggression: the roles of community violence exposure and heart rate,Angela Scarpa; Akiho Tanaka; Sara C. Haden,Angela Scarpa,2008.0,10.1002/jcop.20276,,,,Journal of Community Psychology,36,8,969-988,Wiley,en,https://doi.org/10.1002/jcop.20276,0.9,resolved,openalex,2026-08-16T22:33:49Z,X013,"Abstract In order to more fully understand how individual differences influence adaptation to violence, this study examined the moderating influence of resting heart rate (HR) and HR variability (HRV) between community violence (CV) exposure and child reactive/proactive aggression. Forty 7‐13‐year‐old community children self‐reported CV exposure (i.e., victimization, witnessing, or hearing about violence) and were assessed for resting HR and HRV. Parents rated them on reactive/proactive aggression. CV victimization was positively related to proactive aggression only in conditions of low HR, and witnessed CV was positively related to reactive aggression only in conditions of high HRV. Main effects were not found for CV exposure or psychophysiological functioning, suggesting the importance of their interaction. Findings are discussed in terms of HR under‐arousal, emotion dysregulation, fearlessness, and behavioral disinhibition as components that can increase aggression in response to violent contexts. Findings support a biosocial basis for childhood aggression and have implications for prevention and treatment. © 2008 Wiley Periodicals, Inc.",Aggression; Biosocial theory; Disinhibition; Psychology; Developmental psychology; Clinical psychology; Arousal; Heart rate; RESTING HEART RATE; Social psychology; Medicine; Psychiatry,False,article,True,True,False,doi,,"{'venue': 'crossref', 'volume': 'crossref', 'issue': 'crossref', 'pages': 'crossref', 'publisher': 'crossref', 'url': 'crossref', 'lang': 'crossref'}",{'crossref': 7},"X013.R000 resolved | hits:OA,CR | winner:- | filled:venue:CR; lang:CR | missing:-",PASS_CLEAN,,,"H7-5,H7-6",,"{""H7-5"": {""status"": ""MET"", ""decision"": ""not_meet"", ""confidence"": 0.8, ""threshold"": 0.6, ""field"": ""abstract"", ""quote"": """", ""quote_valid"": false, ""span"": null, ""used"": true}, ""H7-6"": {""status"": ""MET"", ""decision"": ""not_meet"", ""confidence"": 0.9, ""threshold"": 0.6, ""field"": ""abstract"", ""quote"": """", ""quote_valid"": false, ""span"": null, ""used"": true}}",PASS_CLEAN: all EL criteria MET.
A416,101111jcpp12175,A prospective study of heart rate and externalising behaviours in young children,Bram Dierckx; Rianne Kok; J.H.M. Tulen; Vincent W. V. Jaddoe; Albert Hofman; Frank C. Verhulst; Marian J. Bakermans‐Kranenburg; Marinus H. van IJzendoorn; Henning Tiemeier,Bram Dierckx,2013.0,10.1111/jcpp.12175,https://pubmed.ncbi.nlm.nih.gov/24795956,,,Journal of Child Psychology and Psychiatry,55,4,402-410,Wiley,en,https://doi.org/10.1111/jcpp.12175,0.9,resolved,openalex,2026-08-16T22:33:51Z,X013,"BACKGROUND: Low heart rate predicts externalising and delinquent behaviour in adults, adolescents and school-age children. In younger children the evidence is less clear. Moreover, the specificity of the relation between the autonomic nervous system and different forms of externalising behaviour is uncertain. We investigated the longitudinal relation between resting mean heart rate and different externalising behaviours. METHODS: In 412 children of the Generation R Study, we measured resting mean heart rate at 14 months. At 3 years, child problem behaviour was assessed by the mother with the Child Behavior Checklist. In a gift delay task, we observed whether children were compliant and whether they lied about their noncompliance. The association of heart rate with behaviour was contrasted with the effect of harsh parenting. RESULTS: In our main analysis, we examined the association between heart rate and reported and observed child behaviour. For comparison, the association of heart rate with behaviour was contrasted with the effect of harsh parenting. Mean heart rate was positively associated with Anxious/Depressed scale scores (β = .1, 95% CI = 0.01; 0.2, p = .04), but not with Aggressive Behaviour (β = .02; 95% CI = −0.1; 0.1, p = .8) nor Attention Problem scale scores (β = .08, 95% CI = −0.3; 0.5, p = .8). We could not demonstrate an association between mean heart rate and noncompliance during the gift delay task (OR = 1.14, 95% CI = 0.9; 1.1, p = .2), but lower heart rate predicted higher odds of the child lying (OR = 0.56, 95% CI = 0.3; 0.9, p = .03). In contrast, harsh parenting was associated with mother-reported Aggressive Behaviour (β = .7, 95% CI = 0.4; 0.9, p < .001) and Attention Problems (β = .2, 95% CI = 0.1; 0.3, p < .001), but not with observed lying (OR = 1.03, 95% CI = 0.8; 1.4, p = .8). CONCLUSIONS: Lower resting mean heart rate at age 14 months predicts low anxiety symptoms and higher odds of lying at age 3 years. Low resting mean heart rate may be less an indicator of early childhood aggression than of fearless behaviour.",Heart rate; Child Behavior Checklist; Psychology; Association (psychology); Odds ratio; Developmental psychology; Autonomic nervous system; Checklist; Heart rate variability; Odds; Cardiology; Pediatrics,True,article,True,True,False,doi,,"{'venue': 'crossref', 'volume': 'crossref', 'issue': 'crossref', 'pages': 'crossref', 'publisher': 'crossref', 'url': 'crossref', 'lang': 'crossref'}",{'crossref': 7},"X013.R000 resolved | hits:OA,CR | winner:- | filled:venue:CR; lang:CR | missing:-",PASS_CLEAN,,,"H7-5,H7-6",,"{""H7-5"": {""status"": ""MET"", ""decision"": ""not_meet"", ""confidence"": 0.8, ""threshold"": 0.6, ""field"": ""abstract"", ""quote"": """", ""quote_valid"": false, ""span"": null, ""used"": true}, ""H7-6"": {""status"": ""MET"", ""decision"": ""not_meet"", ""confidence"": 0.9, ""threshold"": 0.6, ""field"": ""abstract"", ""quote"": """", ""quote_valid"": false, ""span"": null, ""used"": true}}",PASS_CLEAN: all EL criteria MET.
A419,101093biomet883767,Testing the number of components in a normal mixture,Yungtai Lo,Yungtai Lo,2001.0,10.1093/biomet/88.3.767,,,,Biometrika,88,3,767-778,Oxford University Press (OUP),en,https://doi.org/10.1093/biomet/88.3.767,0.9,resolved,openalex,2026-08-16T22:33:52Z,X013,"We demonstrate that, under a theorem proposed by Vuong, the likelihood ratio statistic based on the Kullback–Leibler information criterion of the null hypothesis that a random sample is drawn from a k0‐component normal mixture distribution against the alternative hypothesis that the sample is drawn from a k1‐component normal mixture distribution is asymptotically distributed as a weighted sum of independent chi‐squared random variables with one degree of freedom, under general regularity conditions. We report simulation studies of two cases where we are testing a single normal versus a two‐component normal mixture and a two‐component normal mixture versus a three‐component normal mixture. An empirical adjustment to the likelihood ratio statistic is proposed that appears to improve the rate of convergence to the limiting distribution.",Mathematics; Statistics; Normal distribution; Likelihood-ratio test; Component (thermodynamics); Mixture model; Empirical likelihood; Statistic; Statistical hypothesis testing; Null hypothesis; Empirical distribution function; Null distribution,False,article,True,True,False,doi,,"{'venue': 'crossref', 'volume': 'crossref', 'issue': 'crossref', 'pages': 'crossref', 'publisher': 'crossref', 'url': 'crossref', 'lang': 'crossref'}",{'crossref': 7},"X013.R000 resolved | hits:OA,CR | winner:- | filled:venue:CR; lang:CR | missing:-",PASS_CLEAN,,,"H7-5,H7-6",,"{""H7-5"": {""status"": ""MET"", ""decision"": ""not_meet"", ""confidence"": 0.8, ""threshold"": 0.6, ""field"": ""abstract"", ""quote"": """", ""quote_valid"": false, ""span"": null, ""used"": true}, ""H7-6"": {""status"": ""MET"", ""decision"": ""not_meet"", ""confidence"": 0.9, ""threshold"": 0.6, ""field"": ""abstract"", ""quote"": """", ""quote_valid"": false, ""span"": null, ""used"": true}}",PASS_CLEAN: all EL criteria MET.
A436,101111j146989861993tb02086x,Autonomic activity in boys with disruptive behavior disorders,Theodore P. Zahn; Markus J.P. Kruesi,Theodore P. Zahn,1993.0,10.1111/j.1469-8986.1993.tb02086.x,https://pubmed.ncbi.nlm.nih.gov/8248452,,,Psychophysiology,30,6,605-614,Wiley,en,https://doi.org/10.1111/j.1469-8986.1993.tb02086.x,0.9,resolved,openalex,2026-08-16T22:34:05Z,X013,"Skin conductance (SC) and heart rate (HR) were measured during rest, a series of tones, and a reaction time task in 34 boys with disruptive behavior disorder to ascertain (a) if this broadly defined group differed from control boys (n = 33) and (b) if there were differences within the spectrum related to component diagnoses or to target behaviors. Disruptive boys had higher resting HR than controls, due largely to those without a subdiagnosis of conduct disorder. Disruptive boys showed a smaller increment in SC response frequency for task instructions. They did not show a general deficit in phasic SC reactivity but habituated to signal stimuli at a faster rate than did controls. However, their SC response latencies were shorter despite slower motor reaction time. Responsivity variables were similar in boys with and without a subdiagnosis of conduct disorder. The data are not compatible with the hypothesis of low autonomic nervous system (ANS) baselines in disruptive boys but partially suggest low ANS reactivity. They generally support the validity of the disruptive behavior disorder spectrum. Correlations with measures of aggression and impulsivity suggest that individual differences within the spectrum might be more fruitfully described by behavior dimensions than by conventional subdiagnosis.",Psychology; Impulsivity; Aggression; Developmental psychology; Skin conductance; Conduct disorder; Reactivity (psychology); Audiology; Autonomic nervous system; Heart rate; Clinical psychology; Internal medicine,False,article,True,True,False,doi,,"{'venue': 'crossref', 'volume': 'crossref', 'issue': 'crossref', 'pages': 'crossref', 'publisher': 'crossref', 'url': 'crossref', 'lang': 'crossref'}",{'crossref': 7},"X013.R000 resolved | hits:OA,CR | winner:- | filled:venue:CR; lang:CR | missing:-",PASS_CLEAN,,,"H7-5,H7-6",,"{""H7-5"": {""status"": ""MET"", ""decision"": ""not_meet"", ""confidence"": 0.8, ""threshold"": 0.6, ""field"": ""abstract"", ""quote"": """", ""quote_valid"": false, ""span"": null, ""used"": true}, ""H7-6"": {""status"": ""MET"", ""decision"": ""not_meet"", ""confidence"": 0.9, ""threshold"": 0.6, ""field"": ""abstract"", ""quote"": """", ""quote_valid"": false, ""span"": null, ""used"": true}}",PASS_CLEAN: all EL criteria MET.
A444,101016jneubiorev201609022,Understanding heterogeneity in conduct disorder: A review of psychophysiological studies,Kostas A. Fanti,Kostas A. Fanti,2016.0,10.1016/j.neubiorev.2016.09.022,https://pubmed.ncbi.nlm.nih.gov/27693700,,,Neuroscience &amp; Biobehavioral Reviews,91,,4-20,Elsevier BV,en,https://doi.org/10.1016/j.neubiorev.2016.09.022,0.9,resolved,openalex,2026-08-16T22:34:08Z,X013,,Psychology; Arousal; Moro reflex; Vagal tone; Skin conductance; Facial electromyography; Heart rate variability; Clinical psychology; Psychophysiology; Heart rate; Psychopathology; Empathy,False,article,True,True,False,doi,,"{'venue': 'crossref', 'volume': 'crossref', 'pages': 'crossref', 'publisher': 'crossref', 'url': 'crossref', 'lang': 'crossref'}",{'crossref': 6},"X013.R000 resolved | hits:OA,CR | winner:- | filled:venue:CR; lang:CR | missing:abstract",PASS_FLAGGED,,,H7-5,H7-6,"{""H7-5"": {""status"": ""MET"", ""decision"": ""not_meet"", ""confidence"": 0.9, ""threshold"": 0.6, ""field"": ""keywords"", ""quote"": """", ""quote_valid"": false, ""span"": null, ""used"": true}, ""H7-6"": {""status"": ""UNCERTAIN"", ""decision"": ""meet"", ""confidence"": 0.9, ""threshold"": 0.6, ""field"": ""keywords"", ""quote"": ""Psychology"", ""quote_valid"": true, ""span"": [0, 9], ""used"": true}}",PASS_FLAGGED: uncertain H7-6
A452,101007s0078701507905,Variability in emotional/behavioral problems in boys with oppositional defiant disorder or conduct disorder: the role of arousal,Jantiene Schoorl; Sophie van Rijn; Minet de Wied; Stephanie H.M. van Goozen; Hanna Swaab,Jantiene Schoorl,2015.0,10.1007/s00787-015-0790-5,https://pubmed.ncbi.nlm.nih.gov/26608403,,,European Child &amp; Adolescent Psychiatry,25,8,821-830,Springer Science and Business Media LLC,en,https://doi.org/10.1007/s00787-015-0790-5,0.9,resolved,openalex,2026-08-16T22:34:17Z,X013,"It is often reported that children with oppositional defiant disorder (ODD) or conduct disorder (CD) are under-aroused. However, the evidence is mixed, with some children with ODD/CD displaying high arousal. This has led to the hypothesis that different profiles of arousal dysfunction may exist within children with ODD/CD. This knowledge could explain variability within children with ODD/CD, both in terms of specific types of aggression as well as comorbid symptoms (e.g., other emotional/behavioral problems). We measured heart rate variability (HRV), heart rate (HR) and skin conductance level (SCL) during rest and stress, and obtained parent and teacher reports of aggression, anxiety, attention problems and autism traits in a sample of 66 ODD/CD and 36 non-clinical boys (aged 8-12 years). The ODD/CD group scored significantly higher on aggression, anxiety, attention problems and autism traits than the controls; boys with ODD/CD also had higher resting HRs than controls, but HR stress, HRV and SCL did not differ. Hierarchical regressions showed different physiological profiles in subgroups of boys with ODD/CD based on their type of aggression; a pattern of high baseline HR and SCL, but low stress HRV was related to reactive aggression, whereas the opposite physiological pattern (low HR, low stress SCL, high stress HRV) was related to proactive aggression. Furthermore, high stress SCL was related to anxiety symptoms, whereas low stress SCL was related to attention problems. These findings are important because they indicate heterogeneity within boys with ODD/CD and highlight the importance of using physiology to differentiate boys with different ODD/CD subtypes.",Aggression; Psychology; Arousal; Anxiety; Conduct disorder; Heart rate variability; Autism; Clinical psychology; Developmental psychology; Heart rate; Psychiatry; Internal medicine,True,article,True,True,False,doi,,"{'venue': 'crossref', 'volume': 'crossref', 'issue': 'crossref', 'pages': 'crossref', 'publisher': 'crossref', 'url': 'crossref', 'lang': 'crossref'}",{'crossref': 7},"X013.R000 resolved | hits:OA,CR | winner:- | filled:venue:CR; lang:CR | missing:-",PASS_CLEAN,,,"H7-5,H7-6",,"{""H7-5"": {""status"": ""MET"", ""decision"": ""not_meet"", ""confidence"": 0.9, ""threshold"": 0.6, ""field"": ""title"", ""quote"": """", ""quote_valid"": false, ""span"": null, ""used"": true}, ""H7-6"": {""status"": ""MET"", ""decision"": ""not_meet"", ""confidence"": 0.8, ""threshold"": 0.6, ""field"": ""title"", ""quote"": """", ""quote_valid"": false, ""span"": null, ""used"": true}}",PASS_CLEAN: all EL criteria MET.
A455,101111j15327795200800557x,Problem Behavior and Heart Rate Reactivity in Adopted Adolescents: Longitudinal and Concurrent Relations,Nicole Bimmel; Marinus H. van IJzendoorn; Marian J. Bakermans‐Kranenburg; Femmie Juffer; Eco J. C. de Geus,Nicole Bimmel,2008.0,10.1111/j.1532-7795.2008.00557.x,,,,Journal of Research on Adolescence,18,2,201-214,Wiley,en,https://doi.org/10.1111/j.1532-7795.2008.00557.x,0.9,resolved,openalex,2026-08-16T22:34:19Z,X013,"The present longitudinal study examined resting heart rate and heart rate variability and reactivity to a stressful gambling task in adopted adolescents with aggressive, delinquent, or internalizing behavior problems and adopted adolescents without behavior problems (total N =151). Early‐onset delinquent adolescents showed heart rate hypo reactivity to the stress‐eliciting gambling task compared to late‐onset delinquent adolescents and adolescents without behavior problems. Heart rate, heart rate variability, and reactivity to stress were not related to environmental factors such as early‐childhood parental sensitivity, parental socioeconomic status, or adoptee's health status at arrival. We conclude that the distinction between delinquency and aggression and between childhood‐onset and adolescence‐onset delinquency is important for the study of stress reactivity in adolescents.",Reactivity (psychology); Juvenile delinquency; Psychology; Socioeconomic status; Aggression; Longitudinal study; Developmental psychology; Heart rate; Injury prevention; Poison control; Clinical psychology; Demography,True,article,True,True,False,doi,,"{'venue': 'crossref', 'volume': 'crossref', 'issue': 'crossref', 'pages': 'crossref', 'publisher': 'crossref', 'url': 'crossref', 'lang': 'crossref'}",{'crossref': 7},"X013.R000 resolved | hits:OA,CR | winner:- | filled:venue:CR; lang:CR | missing:-",PASS_CLEAN,,,"H7-5,H7-6",,"{""H7-5"": {""status"": ""MET"", ""decision"": ""not_meet"", ""confidence"": 0.9, ""threshold"": 0.6, ""field"": ""title"", ""quote"": """", ""quote_valid"": false, ""span"": null, ""used"": true}, ""H7-6"": {""status"": ""MET"", ""decision"": ""not_meet"", ""confidence"": 0.8, ""threshold"": 0.6, ""field"": ""title"", ""quote"": """", ""quote_valid"": false, ""span"": null, ""used"": true}}",PASS_CLEAN: all EL criteria MET.
A459,101007s0078701710013,Autonomic arousal in anxious and typically developing youth during a stressor involving error feedback,Michelle Rozenman; Alexandra Sturm; James T. McCracken; John Piacentini,Michelle Rozenman,2017.0,10.1007/s00787-017-1001-3,https://pubmed.ncbi.nlm.nih.gov/28527019,,,European Child &amp; Adolescent Psychiatry,26,12,1423-1432,Springer Science and Business Media LLC,en,https://doi.org/10.1007/s00787-017-1001-3,0.9,resolved,openalex,2026-08-16T22:34:21Z,X013,"Anxiety has been proposed to influence psychophysiological reactivity in children and adolescents. However, the extant empirical literature has not always found physiological reactivity to be associated with anxiety in youth. Further, most investigations have not examined psychophysiological reactivity in real time over the course of acute stress. To test the impact of anxiety disorder status on autonomic arousal in youth, we compared youth with primary anxiety disorders (N&nbsp;=&nbsp;24) to typically developing (TD) youth (N&nbsp;=&nbsp;22) on heart rate (HR), heart rate variability (HRV), and respiratory sinus arrhythmia (RSA) during an acute stressor in which youth received error-related feedback. We also conducted exploratory analyses on youth performance during the task. Youth ages 9–17 participated in the arithmetic portion of the Trier Social Stress Test for Children (Buske-Kirschbaum et al., Psychosom 59:419–426, 1997), during which time they received consecutive, standardized feedback that they made calculation errors. Results indicated that, compared to their TD counterparts, the anxious group demonstrated elevated HR and suppressed HRV during initial provision of error feedback and during the recovery period. No group differences were found for RSA. Additionally, overall TD youth made a greater proportion of errors than anxious youth. Clinically, these findings may provide preliminary support for anxious youth exhibiting physiological reactivity in response to receipt of error-related feedback, and may have implications for understanding biological processes during stress. This work underscores the need for further study of when and how anxiety may influence autonomic reactivity over the course of stress.",Arousal; Child and adolescent psychiatry; Stressor; Psychology; Anxiety; Developmental psychology; Clinical psychology; Psychiatry; Neuroscience,True,article,True,True,False,doi,,"{'venue': 'crossref', 'volume': 'crossref', 'issue': 'crossref', 'pages': 'crossref', 'publisher': 'crossref', 'url': 'crossref', 'lang': 'crossref', 'abstract': 'unpaywall'}","{'crossref': 7, 'unpaywall': 1}","X013.R000 resolved | hits:OA,CR | winner:- | filled:venue:CR; lang:CR; abstract:UN | missing:-",PASS_CLEAN,,,"H7-5,H7-6",,"{""H7-5"": {""status"": ""MET"", ""decision"": ""not_meet"", ""confidence"": 0.9, ""threshold"": 0.6, ""field"": ""title"", ""quote"": """", ""quote_valid"": false, ""span"": null, ""used"": true}, ""H7-6"": {""status"": ""MET"", ""decision"": ""not_meet"", ""confidence"": 0.8, ""threshold"": 0.6, ""field"": ""title"", ""quote"": """", ""quote_valid"": false, ""span"": null, ""used"": true}}",PASS_CLEAN: all EL criteria MET.
