local_id,source_key,title,authors,first_author,year,doi,pmid,pmcid,arxiv,venue,volume,issue,pages,publisher,lang,url,confidence,status,provenance,last_checked,parents,abstract,keywords,open_access,doc_type,hit_openalex,hit_crossref,hit_semanticscholar,match_strategy,winner_source,field_sources,filled_by_source_counts,resolver_notes,el_outcome,el_failed_ids,el_missing_ids,el_met_ids,el_uncertain_ids,el_reason_summary,el_evidence_json
A009,1025304rltv262140,"Learning in virtual reality: Effects on performance, emotion and engagement",Devon Allcoat; Adrian von Mühlenen,Devon Allcoat,2018.0,10.25304/rlt.v26.2140,,,,Research in Learning Technology,26,0,,Association for Learning Technology,en,https://doi.org/10.25304/rlt.v26.2140,0.9,resolved,openalex,2026-01-22T21:47:42Z,"X001,X022","Recent advances in virtual reality (VR) technology allow for potential learning and education applications. For this study, 99 participants were assigned to one of three learning conditions: traditional (textbook style), VR and video (a passive control). The learning materials used the same text and 3D model for all conditions. Each participant was given a knowledge test before and after learning. Participants in the traditional and VR conditions had improved overall performance (i.e. learning, including knowledge acquisition and understanding) compared to those in the video condition. Participants in the VR condition also showed better performance for ‘remembering’ than those in the traditional and the video conditions. Emotion self-ratings before and after the learning phase showed an increase in positive emotions and a decrease in negative emotions for the VR condition. Conversely there was a decrease in positive emotions in both the traditional and video conditions. The Web-based learning tools evaluation scale also found that participants in the VR condition reported higher engagement than those in the other conditions. Overall, VR displayed an improved learning experience when compared to traditional and video learning methods.",Virtual reality; Psychology; Test (biology); Multimedia; Applied psychology; Computer science; Artificial intelligence; Biology; Paleontology,True,article,True,True,False,doi,,"{'venue': 'crossref', 'volume': 'crossref', 'issue': 'crossref', 'publisher': 'crossref', 'url': 'crossref', 'lang': 'heuristic'}","{'crossref': 5, 'heuristic': 1}","X001.R000 resolved | hits:OA,CR | winner:- | filled:venue:CR; lang:HE | missing:-",PASS_CLEAN,,,"EC-2,EC-3",,PASS_CLEAN: all EL criteria MET.,"{""EC-2"": {""status"": ""MET"", ""decision"": ""not_meet"", ""confidence"": 0.8, ""threshold"": 0.6, ""field"": ""keywords"", ""quote"": ""Virtual reality"", ""quote_valid"": true, ""span"": [12, 23], ""used"": true}, ""EC-3"": {""status"": ""MET"", ""decision"": ""not_meet"", ""confidence"": 0.8, ""threshold"": 0.6, ""field"": ""keywords"", ""quote"": ""Virtual reality"", ""quote_valid"": true, ""span"": [12, 23], ""used"": true}}"
A011,103389fpsyg202001743,The Use of Virtual Reality Alone Does Not Promote Training Performance (but Sense of Presence Does),Simone Grassini; Karin Laumann; Martin Rasmussen Skogstad,Simone Grassini,2020.0,10.3389/fpsyg.2020.01743,https://pubmed.ncbi.nlm.nih.gov/32765384,,,Frontiers in Psychology,11,,,Frontiers Media SA,en,https://doi.org/10.3389/fpsyg.2020.01743,0.9,resolved,openalex,2026-01-22T21:47:42Z,X001,"Virtual reality (VR) offers novel ways to develop skills and learning. This technology can be used to enhance the way we educate and train professionals by possibly being more effective, cost-efficient, and reducing training-related risks. However, the potential benefits from virtual training assume that the trained skills can be transferred to the real world. Nevertheless, in the current published scientific literature, there is limited empirical evidence that links VR use to better learning. The present investigation aimed to explore the use of VR as a tool for training procedural skills and compare this modality with traditional instruction methods. To investigate skill development using the two forms of training, participants were randomly divided into two groups. The first group received training through an instructional video, while the second group trained in VR. After the training session, the participants performed the trained task in a real setting, and task performance was measured. Subsequently, the user's experienced sense of presence and simulator sickness (SS) was measured with self-report questionnaires. There were no significant differences between groups for any of the performance measures. There was no gender effect on performance. Importantly, the results of the present study indicate that a high sense of presence during the VR simulation might contribute to increased skill learning. These findings can be used as a starting point that could be of value when further exploring VR as a tool for skill development.",Virtual reality; Task (project management); Session (web analytics); Modality (human–computer interaction); Point (geometry); Psychology; Training (meteorology); Computer science; Virtual training; Instructional simulation; Human–computer interaction; Applied psychology,True,article,True,True,False,doi,,"{'venue': 'crossref', 'volume': 'crossref', 'publisher': 'crossref', 'url': 'crossref', 'lang': 'heuristic'}","{'crossref': 4, 'heuristic': 1}","X001.R000 resolved | hits:OA,CR | winner:- | filled:venue:CR; lang:HE | missing:-",PASS_CLEAN,,,"EC-2,EC-3",,PASS_CLEAN: all EL criteria MET.,"{""EC-2"": {""status"": ""MET"", ""decision"": ""not_meet"", ""confidence"": 0.75, ""threshold"": 0.6, ""field"": ""abstract"", ""quote"": ""Virtual reality (VR) offers novel ways to develop skills and learning."", ""quote_valid"": true, ""span"": [48, 69], ""used"": true}, ""EC-3"": {""status"": ""MET"", ""decision"": ""not_meet"", ""confidence"": 0.75, ""threshold"": 0.6, ""field"": ""keywords"", ""quote"": ""Virtual reality"", ""quote_valid"": true, ""span"": [12, 23], ""used"": true}}"
A013,101007s1005501803641,Verification of the possibility and effectiveness of experiential learning using HMD-based immersive VR technologies,Chongsan Kwon,Chongsan Kwon,2018.0,10.1007/s10055-018-0364-1,,,,Virtual Reality,23,1,101-118,Springer Science and Business Media LLC,en,https://doi.org/10.1007/s10055-018-0364-1,0.9,resolved,openalex,2026-01-22T21:47:43Z,X001,"This paper examines the possibility of experiential learning in a virtual space using head-mounted-display-based immersive virtual reality (VR) technologies. Experiential learning refers to learning through direct experiences in the context of learning. Realistically, experiential learning is impossible in most cases, but VR technologies allowing direct interaction with virtual environments and objects are being developed and commercialized. These technologies are predicted to enhance vividness, interactivity, presence, flow, and experientiality, and increase the expectations of the possibility of experiential learning using VR. Thus, in this study, an experiment was conducted to verify such possibility. The analysis of the experiment results showed that the tactile interactivity and presence improved with the use of enhanced interaction technologies in VR, and in terms of experientiality, the experiment participants became highly aware of the ""exploratory stage,"" referring to the level of experience of being exposed to an interesting site and directly touching an object in the currently enhanced VR in providing direct tactile and locomotive interactivity. Furthermore, the fact that the learning effect is also partially enhanced was discovered. Accordingly, it was determined that experiential learning using VR is possible based on the experiment results, which showed that the enhanced vividness and interactivity of VR technologies allow the users to closely recognize virtual experiences as direct experiences, and that the learning effect is enhanced. It was also determined that experiential learning in a virtual environment that is identical to an experience in reality would be made possible in the near future based on continued technological development.",Interactivity; Experiential learning; Virtual reality; Computer science; Human–computer interaction; Instructional simulation; Multimedia; Context (archaeology); Psychology; Paleontology; Biology; Mathematics education,True,article,True,True,False,doi,,"{'venue': 'crossref', 'volume': 'crossref', 'issue': 'crossref', 'pages': 'crossref', 'publisher': 'crossref', 'url': 'crossref', 'lang': 'crossref'}",{'crossref': 7},"X001.R000 resolved | hits:OA,CR | winner:- | filled:venue:CR; lang:CR | missing:-",PASS_CLEAN,,,"EC-2,EC-3",,PASS_CLEAN: all EL criteria MET.,"{""EC-2"": {""status"": ""MET"", ""decision"": ""not_meet"", ""confidence"": 0.9, ""threshold"": 0.6, ""field"": ""keywords"", ""quote"": ""Virtual reality"", ""quote_valid"": true, ""span"": [12, 23], ""used"": true}, ""EC-3"": {""status"": ""MET"", ""decision"": ""not_meet"", ""confidence"": 0.8, ""threshold"": 0.6, ""field"": ""keywords"", ""quote"": ""Virtual reality"", ""quote_valid"": true, ""span"": [12, 23], ""used"": true}}"
A015,101016jchb201903017,Virtual worlds: A new environment for constructionist learning,Carina Girvan; Timothy Savage,Carina Girvan,2019.0,10.1016/j.chb.2019.03.017,,,,Computers in Human Behavior,99,,396-414,Elsevier BV,en,https://doi.org/10.1016/j.chb.2019.03.017,0.9,resolved,openalex,2026-01-22T21:47:45Z,"X001,X017","Virtual worlds have the potential to provide a new environment in which to engage learners in constructionist activities. However, they were not designed for education and have features and affordances which are not found in traditional constructionist environments. These may limit the pedagogy in action and/or provide new opportunities with which to transform constructionist pedagogy in practice, but to date there has been no research on these issues. To address this, we explore constructionism in action in the virtual world Second Life. This is the first study to examine the theoretical alignment of pedagogy and technology in practice. An exploratory case study of a purpose-built constructionist learning experience was conducted. The experience was designed based on the theoretical alignment of pedagogy and technology and implemented with 24 postgraduate students over four weeks. Open non-directive interviews, chat logs, constructed artefacts, learners’ written reflections and observations were collected and analysed using the constant comparative approach. The findings provide insights into how learners engage in meaningful artefact construction, highlight the role of avatars and draw attention to the importance of the designed space. New opportunities for distributed constructionism are identified. We conclude that virtual worlds are effective environments for constructionist learning.",Constructionism; Strict constructionism; Affordance; Social constructionism; Action (physics); Action research; Sociology; Constructivism (international relations); Pedagogy; Psychology; Computer science; Epistemology,True,article,True,True,False,doi,,"{'venue': 'crossref', 'volume': 'crossref', 'pages': 'crossref', 'publisher': 'crossref', 'url': 'crossref', 'lang': 'crossref'}",{'crossref': 6},"X001.R000 resolved | hits:OA,CR | winner:- | filled:venue:CR; lang:CR | missing:-",PASS_FLAGGED,,,EC-2,EC-3,PASS_FLAGGED: uncertain EC-3,"{""EC-2"": {""status"": ""MET"", ""decision"": ""not_meet"", ""confidence"": 0.7, ""threshold"": 0.6, ""field"": ""abstract"", ""quote"": ""Virtual worlds have the potential to provide a new environment in which to engage learners in constructionist activities."", ""quote_valid"": true, ""span"": [48, 92], ""used"": true}, ""EC-3"": {""status"": ""UNCERTAIN"", ""decision"": ""not_meet"", ""confidence"": 0.7, ""threshold"": 0.6, ""field"": ""keywords"", ""quote"": ""Virtual reality"", ""quote_valid"": false, ""span"": [12, 23], ""used"": true}}"
A016,101007s109560189764y,"Investigating Potential Relationships Between Adolescents’ Cognitive Development and Perceptions of Presence in 3-D, Haptic-Enabled, Virtual Reality Science Instruction",Rebecca Hite; M. Gail Jones; Gina Childers; Megan Ennes; Katherine Chesnutt; Mariana Pereyra; Emily Cayton,Rebecca Hite,2019.0,10.1007/s10956-018-9764-y,,,,Journal of Science Education and Technology,28,3,265-284,Springer Science and Business Media LLC,en,https://doi.org/10.1007/s10956-018-9764-y,0.9,resolved,openalex,2026-01-22T21:47:45Z,X001,"Virtual presence describes a users’ perception of a virtual reality (VR) environment (VRE), specifically, of their involvement (sense of control within a virtual environment with minimal distractions) and immersion (multi-input sensory engagement providing apparent realism of objects and interactions). In education, virtual presence is a significant construct as highly immersive VREs have been linked to users reporting memorable and exciting teaching experiences. Prior research has described that adults and children report different levels of presence when subjected to identical VREs, suggesting cognition may play some role in users’ perceptions of presence. According to Piaget, concrete operational development is a watershed moment when adolescents develop the ability to understand abstract concepts and make assessments what is and is not reality. This period in cognitive development may influence children’s and adolescents’ perceptions of presence. This is an exploratory study of seventy-five 6th-grade and seventy-six 9th-grade students who participated in an instructional module about cardiac anatomy and physiology using a 3-D, haptic-enabled, VR technology. When surveyed on their perceptions of virtual presence, there were no reported differences between grade levels. When assessed using a Piagetian inventory of cognitive development, the analyses indicated that the sixth-grade students’ understanding of spatial rotation and angular geometry was positively correlated with the reported perceived control and negatively correlated with distraction. This study suggests that the spatial acuity of younger learners plays an important role when using VR technologies for science learning. This research raises questions about the relevance of users’ cognitive development when using emergent VR technologies in the K–12 science classroom.",Virtual reality; Cognition; Psychology; Perception; Cognitive development; Haptic technology; Science education; Distraction; Cognitive psychology; Mathematics education; Applied psychology; Human–computer interaction,False,article,True,True,True,doi,,"{'venue': 'crossref', 'volume': 'crossref', 'issue': 'crossref', 'pages': 'crossref', 'publisher': 'crossref', 'url': 'crossref', 'lang': 'crossref', 'abstract': 'unpaywall'}","{'crossref': 7, 'unpaywall': 1}","X001.R000 resolved | hits:OA,CR,S2 | winner:- | filled:venue:CR; lang:CR; abstract:UN | missing:-",PASS_CLEAN,,,"EC-2,EC-3",,PASS_CLEAN: all EL criteria MET.,"{""EC-2"": {""status"": ""MET"", ""decision"": ""not_meet"", ""confidence"": 0.85, ""threshold"": 0.6, ""field"": ""keywords"", ""quote"": ""Virtual reality"", ""quote_valid"": true, ""span"": [12, 23], ""used"": true}, ""EC-3"": {""status"": ""MET"", ""decision"": ""not_meet"", ""confidence"": 0.85, ""threshold"": 0.6, ""field"": ""keywords"", ""quote"": ""Virtual reality"", ""quote_valid"": true, ""span"": [12, 23], ""used"": true}}"
A022,104324978100308264415,Language and culture,Claire Kramsch,Claire Kramsch,2023.0,10.4324/9781003082644-15,,,,The Routledge Handbook of Applied Linguistics,,,177-189,Routledge,en,https://doi.org/10.4324/9781003082644-15,0.9,resolved,openalex,2026-01-22T21:47:55Z,X002,"This paper surveys the research methods and approaches used in the multidisciplinary field of applied language studies or language education over the last fourty years. Drawing on insights gained in psycho- and sociolinguistics, educational linguistics and linguistic anthropology with regard to language and culture, it is organized around five major questions that concern language educators. The first is: How is cultural meaning encoded in the linguistic sign? It discusses how the use of a symbolic system affects thought, how speakers of different languages think differently when speaking, and how speakers of different discourses (across language or in the same language) have different cultural worldviews. The second question is: How is cultural meaning expressed pragmatically through verbal action? It discusses the realization of speech acts across cultures, culturally-inflected conversation analysis, and the use of cultural frames. The third question is: How is culture co-constructed by participants in interaction? It discusses how applied linguistics has moved from a structuralist to a constructivist view of language and culture, from performance to performativity, and from a focus on culture to a focus on historicity and subjectivity. The fourth question is: How is research on language and culture affected by language technologies? The print culture of the book, the virtual culture of the Internet, the online culture of electronic exchanges all have their own ways of redrawing the boundaries of what may be said, written and done within a given discourse community. They are inextricably linked to issues of power and control. The last section explores the current methodological trends in the study of language and culture: the increased questioning and politicization of cultural reality, the increased interdisciplinary nature of research, the growing importance of reflexivity, and the noticeable convergence of intercultural communication studies and applied language studies in the study of language and culture.",Linguistics; Sociology of language; Sociology; Sociolinguistics; Meaning (existential); Anthropological linguistics; Sociocultural linguistics; Language education; Comprehension approach; Applied linguistics; Psychology; Pedagogy,True,chapter,True,True,False,doi,,"{'venue': 'crossref', 'pages': 'crossref', 'publisher': 'crossref', 'url': 'crossref', 'lang': 'crossref'}",{'crossref': 5},"X002.R000 resolved | hits:OA,CR | winner:- | filled:venue:CR; lang:CR | missing:-",PASS_FLAGGED,,,EC-3,EC-2,PASS_FLAGGED: uncertain EC-2,"{""EC-2"": {""status"": ""UNCERTAIN"", ""decision"": ""not_meet"", ""confidence"": 0.8, ""threshold"": 0.6, ""field"": ""abstract"", ""quote"": ""spatial navigation in a virtual maze"", ""quote_valid"": false, ""span"": [1356, 1374], ""used"": true}, ""EC-3"": {""status"": ""MET"", ""decision"": ""not_meet"", ""confidence"": 0.95, ""threshold"": 0.6, ""field"": ""keywords"", ""quote"": ""Linguistics"", ""quote_valid"": true, ""span"": [0, 11], ""used"": true}}"
A158,101201978100376081810,Virtual worlds as arenas for language learning,Patrik Svensson,Patrik Svensson,2025.0,10.1201/9781003760818-10,,,,Language Learning Online: Towards Best Practice,,,123-144,Taylor & Francis,en,https://doi.org/10.1201/9781003760818-10,0.9,resolved,openalex,2026-01-22T21:49:03Z,X005,"Traditionally, technology seems to have had a rather clear function in language learning: for example to practise grammar, provide information about target countries, make long-distance communication possible, bring in the outside world and access digital corpora. The computer can thus be seen as a versatile and widely applicable tool, and the learner could be described using Levi-Strauss’s concept of the bricoleur who ‘is adept at performing a large number of diverse tasks’ (1966:17). This paradigm can be contrasted with a view of technology as an automaton (Skinner 1968), according to which technology plays an important role in giving feedback and reinforcing material that is taught. In language learning, drill-and-practice applications provide good examples of this latter way of using computers. Typically, these programs have a strong sense of what is right and wrong, which might not always correspond to how language is used in the real world, but they do of course, have a clear pedagogical function. In this chapter, we will be concerned with technology used in language learning, not primarily as a tool or an automat, but as an arena for constructivist learning (see Svensson and Ågren 1999). A three-year project, the Virtual Wedding Project (VW Project), carried out at the Department of Modern Languages and HUMlab at Umeå University will serve as a case study. In this recently finished project, advanced students of English constructed collaborative assignments in the target language, contexualised in a graphical virtual environment in which they acted as virtual construction workers, hypertext authors and community builders.",Computer science; Metaverse; Linguistics; Sociology; Artificial intelligence; Virtual reality; Philosophy,False,chapter,True,True,True,doi,,"{'venue': 'crossref', 'pages': 'crossref', 'publisher': 'crossref', 'url': 'crossref', 'lang': 'crossref', 'abstract': 'unpaywall'}","{'crossref': 5, 'unpaywall': 1}","X005.R000 resolved | hits:OA,CR,S2 | winner:- | filled:venue:CR; lang:CR; abstract:UN | missing:-",PASS_CLEAN,,,"EC-2,EC-3",,PASS_CLEAN: all EL criteria MET.,"{""EC-2"": {""status"": ""MET"", ""decision"": ""not_meet"", ""confidence"": 0.9, ""threshold"": 0.6, ""field"": ""keywords"", ""quote"": ""Virtual reality"", ""quote_valid"": true, ""span"": [24, 32], ""used"": true}, ""EC-3"": {""status"": ""MET"", ""decision"": ""not_meet"", ""confidence"": 0.75, ""threshold"": 0.6, ""field"": ""keywords"", ""quote"": ""Computer science"", ""quote_valid"": true, ""span"": [0, 12], ""used"": true}}"
A221,10100797833196831884,Learning Analytics in Mobile Applications Based on Multimodal Interaction,José Miguel Mota; Iván Ruiz‐Rube; Juan Manuel Dodero; Tatiana Person; Inmaculada Arnedillo‐Sánchez,José Miguel Mota,2018.0,10.1007/978-3-319-68318-8_4,,,,Lecture Notes on Data Engineering and Communications Technologies,,,67-92,Springer International Publishing,en,https://doi.org/10.1007/978-3-319-68318-8_4,0.9,resolved,openalex,2026-01-22T21:49:32Z,X008,"One of the most valuable skills for teachers is the ability to produce their own digital solutions, translating teaching concepts into end-user computer systems. This often requires the involvement of computing specialists. As a result, the development of educational...",Computer science; Human–computer interaction; Gesture; Analytics; Multimedia; Learning analytics; Multimodal interaction; Data science; Artificial intelligence,False,chapter,True,True,True,doi,,"{'venue': 'crossref', 'pages': 'crossref', 'publisher': 'crossref', 'url': 'crossref', 'abstract': 'unpaywall', 'lang': 'heuristic'}","{'crossref': 4, 'unpaywall': 1, 'heuristic': 1}","X008.R000 resolved | hits:OA,CR,S2 | winner:- | filled:venue:CR; lang:HE; abstract:UN | missing:-",PASS_FLAGGED,,,EC-3,EC-2,PASS_FLAGGED: uncertain EC-2,"{""EC-2"": {""status"": ""UNCERTAIN"", ""decision"": ""uncertain"", ""confidence"": 0.6, ""threshold"": 0.6, ""field"": ""keywords"", ""quote"": ""Computer science"", ""quote_valid"": true, ""span"": [0, 9], ""used"": true}, ""EC-3"": {""status"": ""MET"", ""decision"": ""not_meet"", ""confidence"": 0.8, ""threshold"": 0.6, ""field"": ""keywords"", ""quote"": ""Computer science"", ""quote_valid"": true, ""span"": [0, 12], ""used"": true}}"
A247,101017s0958344017000350,Computer-assisted learning of communication (CALC): A case study of Japanese learning in a 3D virtual world,Kasumi Yamazaki,Kasumi Yamazaki,2018.0,10.1017/s0958344017000350,,,,ReCALL,30,2,214-231,Cambridge University Press (CUP),en,https://doi.org/10.1017/s0958344017000350,0.9,resolved,openalex,2026-01-22T21:49:40Z,"X009,X017","Abstract This study investigates an instantiation of a 3D virtual world–based Japanese learning curriculum within the context of a Japanese as a foreign language (JFL) classroom. Through a mixed-method case study approach, participants’ natural acquisition of Japanese in a 3D virtual environment was examined. In the present study, four sources of data from 11 university-level JFL students ( n =11) were collected and analyzed to evaluate the learning outcomes from a new instructional approach called computer-assisted learning of communication (CALC). Based on both interpretative and statistical analyses of data, the major finding of the present study was that the participants, when immersed in the 3D virtual world of Tokyo, acquired contextualized communicative competence. More specifically, quantitative analyses revealed statistically significant improvement in the participants’ acquisition of incidentally encountered vocabulary, in particular, kanji pronunciation and vocabulary interpretation. Qualitative analyses revealed participants’ acquisition of various communicative competencies specific to the context, including persuasive talk, awareness of audience, and collaborative communication.",Vocabulary; Computer science; Communicative competence; Language acquisition; Lithuanian; Context (archaeology); Pronunciation; Foreign language; Psychology; Multimedia; Linguistics; Mathematics education,False,article,True,True,False,doi,,"{'venue': 'crossref', 'volume': 'crossref', 'issue': 'crossref', 'pages': 'crossref', 'publisher': 'crossref', 'url': 'crossref', 'lang': 'crossref'}",{'crossref': 7},"X009.R000 resolved | hits:OA,CR | winner:- | filled:venue:CR; lang:CR | missing:-",EXCLUSION_SUPPRESSED,,,EC-3,,"EXCLUSION_SUPPRESSED: the model returned an excluding verdict on EC-2 which passed the evidence gate. Flag-only is in force for this provider, so the record was NOT excluded and needs human review.","{""EC-2"": {""status"": ""SUPPRESSED"", ""decision"": ""meet"", ""confidence"": 0.85, ""threshold"": 0.6, ""field"": ""abstract"", ""quote"": ""computer-assisted learning of communication (CALC)"", ""quote_valid"": true, ""span"": [169, 191], ""used"": true}, ""EC-3"": {""status"": ""MET"", ""decision"": ""not_meet"", ""confidence"": 0.9, ""threshold"": 0.6, ""field"": ""keywords"", ""quote"": ""Vocabulary"", ""quote_valid"": true, ""span"": [0, 10], ""used"": true}}"
A250,101109fg201800083,An Immersive System with Multi-Modal Human-Computer Interaction,Rui Zhao; Kang Wang; Rahul R. Divekar; Robert Rouhani; Hui Su; Qiang Ji,Rui Zhao,2018.0,10.1109/fg.2018.00083,,,,2018 13th IEEE International Conference on Automatic Face &amp; Gesture Recognition (FG 2018),,,517-524,IEEE,en,https://doi.org/10.1109/fg.2018.00083,0.9,resolved,openalex,2026-01-22T21:49:41Z,X009,"We introduce an immersive system prototype that integrates face, gesture and speech recognition techniques to support multi-modal human-computer interaction capability. Embedded in an indoor room setting, a multi-camera system is developed to monitor the user facial behavior, body gesture and spatial location in the room. A server that fuses different sensor inputs in a time-sensitive manner so that our system knows who is doing what at where in real-time. When correlating with speech input, the system can better understand the user intention for interaction purpose. We evaluate the performance of core recognition techniques on both benchmark and self-collected datasets and demonstrate the benefit of the system in various use cases.",Computer science; Gesture; Gesture recognition; Benchmark (surveying); Modal; Human–computer interaction; Facial recognition system; Facial expression; Artificial intelligence; Feature extraction; Polymer chemistry; Geodesy,False,conference,True,True,False,doi,,"{'venue': 'crossref', 'pages': 'crossref', 'publisher': 'crossref', 'url': 'crossref', 'lang': 'heuristic'}","{'crossref': 4, 'heuristic': 1}","X009.R000 resolved | hits:OA,CR | winner:- | filled:venue:CR; lang:HE | missing:-",PASS_FLAGGED,,,EC-3,EC-2,PASS_FLAGGED: uncertain EC-2,"{""EC-2"": {""status"": ""UNCERTAIN"", ""decision"": ""not_meet"", ""confidence"": 0.75, ""threshold"": 0.6, ""field"": ""keywords"", ""quote"": ""Virtual reality"", ""quote_valid"": false, ""span"": [34, 42], ""used"": true}, ""EC-3"": {""status"": ""MET"", ""decision"": ""not_meet"", ""confidence"": 0.85, ""threshold"": 0.6, ""field"": ""keywords"", ""quote"": ""Computer science"", ""quote_valid"": true, ""span"": [0, 12], ""used"": true}}"
A253,10100797830300105777,CIRA: An Architecture for Building Configurable Immersive Smart-Rooms,Rahul R. Divekar; Matthew Peveler; Robert Rouhani; Rui Zhao; Jeffrey O. Kephart; David L. Allen; Wang Kang; Qiang Ji; Hui Su,Rahul R. Divekar,2018.0,10.1007/978-3-030-01057-7_7,,,,Advances in Intelligent Systems and Computing,,,76-95,Springer International Publishing,en,https://doi.org/10.1007/978-3-030-01057-7_7,0.9,resolved,openalex,2026-01-22T21:49:41Z,X009,,Computer science; Architecture; Human–computer interaction; Context (archaeology); Flexibility (engineering); Software architecture; Software; Cognitive architecture; Reference architecture; Multimedia; Software engineering; Cognition,False,chapter,True,True,True,doi,,"{'venue': 'crossref', 'pages': 'crossref', 'publisher': 'crossref', 'url': 'crossref', 'lang': 'heuristic'}","{'crossref': 4, 'heuristic': 1}","X009.R000 resolved | hits:OA,CR,S2 | winner:- | filled:venue:CR; lang:HE | missing:abstract",PASS_CLEAN,,,"EC-2,EC-3",,PASS_CLEAN: all EL criteria MET.,"{""EC-2"": {""status"": ""MET"", ""decision"": ""not_meet"", ""confidence"": 0.8, ""threshold"": 0.6, ""field"": ""keywords"", ""quote"": ""Cognition"", ""quote_valid"": true, ""span"": [146, 151], ""used"": true}, ""EC-3"": {""status"": ""MET"", ""decision"": ""not_meet"", ""confidence"": 0.8, ""threshold"": 0.6, ""field"": ""keywords"", ""quote"": ""Cognition"", ""quote_valid"": true, ""span"": [146, 151], ""used"": true}}"
A284,101109access20182809453,Brain-Computer Interface Control in a Virtual Reality Environment and Applications for the Internet of Things,Christopher Coogan; Bin He,Christopher Coogan,2018.0,10.1109/access.2018.2809453,https://pubmed.ncbi.nlm.nih.gov/30271700,,,IEEE Access,6,,10840-10849,Institute of Electrical and Electronics Engineers (IEEE),en,https://doi.org/10.1109/access.2018.2809453,0.9,resolved,openalex,2026-01-22T21:49:56Z,X010,"Brain-computer interfaces (BCIs) have enabled individuals to control devices such as spellers, robotic arms, drones, and wheelchairs, but often these BCI applications are restricted to research laboratories. With the advent of virtual reality (VR) systems and the internet of things (IoT) we can couple these technologies to offer real-time control of a user's virtual and physical environment. Likewise, BCI applications are often single-use with user's having no control outside of the restrictions placed upon the applications at the time of creation. Therefore, there is a need to create a tool that allows users the flexibility to create and modularize aspects of BCI applications for control of IoT devices and VR environments. Using a popular video game engine, Unity, and coupling it with BCI2000, we can create diverse applications that give the end-user additional autonomy during the task at hand. We demonstrate the validity of controlling a Unity-based VR environment and several commercial IoT devices via direct neural interfacing processed through BCI2000.",Brain–computer interface; Computer science; Interfacing; Human–computer interaction; Flexibility (engineering); Virtual reality; Interface (matter); The Internet; User interface; Virtual machine; Control (management); Multimedia,True,article,True,True,False,doi,,"{'venue': 'crossref', 'volume': 'crossref', 'pages': 'crossref', 'publisher': 'crossref', 'url': 'crossref', 'lang': 'heuristic'}","{'crossref': 5, 'heuristic': 1}","X010.R000 resolved | hits:OA,CR | winner:- | filled:venue:CR; lang:HE | missing:-",PASS_CLEAN,,,"EC-2,EC-3",,PASS_CLEAN: all EL criteria MET.,"{""EC-2"": {""status"": ""MET"", ""decision"": ""not_meet"", ""confidence"": 0.9, ""threshold"": 0.6, ""field"": ""keywords"", ""quote"": ""Virtual reality"", ""quote_valid"": true, ""span"": [37, 47], ""used"": true}, ""EC-3"": {""status"": ""MET"", ""decision"": ""not_meet"", ""confidence"": 0.7, ""threshold"": 0.6, ""field"": ""keywords"", ""quote"": ""Flexibility (engineering)"", ""quote_valid"": true, ""span"": [39, 52], ""used"": true}}"
A286,101109tvcg20182873737,"Towards BCI-Based Interfaces for Augmented Reality: Feasibility, Design and Evaluation",Hakim Si-Mohammed; Jimmy Petit; Camille Jeunet; Ferran Argelaguet; Fabien Spindler; Andéol Évain; Nicolas Roussel; Géry Casiez; Anatole Lécuyer,Hakim Si-Mohammed,2018.0,10.1109/tvcg.2018.2873737,https://pubmed.ncbi.nlm.nih.gov/30295623,,,IEEE Transactions on Visualization and Computer Graphics,26,3,1608-1621,Institute of Electrical and Electronics Engineers (IEEE),en,https://doi.org/10.1109/tvcg.2018.2873737,0.9,resolved,openalex,2026-01-22T21:49:56Z,X010,"Brain-Computer Interfaces (BCIs) enable users to interact with computers without any dedicated movement, bringing new hands-free interaction paradigms. In this paper we study the combination of BCI and Augmented Reality (AR). We first tested the feasibility of using BCI in AR settings based on Optical See-Through Head-Mounted Displays (OST-HMDs). Experimental results showed that a BCI and an OST-HMD equipment (EEG headset and Hololens in our case) are well compatible and that small movements of the head can be tolerated when using the BCI. Second, we introduced a design space for command display strategies based on BCI in AR, when exploiting a famous brain pattern called Steady-State Visually Evoked Potential (SSVEP). Our design space relies on five dimensions concerning the visual layout of the BCI menu; namely: orientation, frame-of-reference, anchorage, size and explicitness. We implemented various BCI-based display strategies and tested them within the context of mobile robot control in AR. Our findings were finally integrated within an operational prototype based on a real mobile robot that is controlled in AR using a BCI and a HoloLens headset. Taken together our results (4 user studies) and our methodology could pave the way to future interaction schemes in Augmented Reality exploiting 3D User Interfaces based on brain activity and BCIs.",Headset; Brain–computer interface; Computer science; Augmented reality; Human–computer interaction; Context (archaeology); Headphones; Visualization; Optical head-mounted display; Interface (matter); Virtual reality; Artificial intelligence,True,article,True,True,False,doi,,"{'venue': 'crossref', 'volume': 'crossref', 'issue': 'crossref', 'pages': 'crossref', 'publisher': 'crossref', 'url': 'crossref', 'lang': 'heuristic'}","{'crossref': 6, 'heuristic': 1}","X010.R000 resolved | hits:OA,CR | winner:- | filled:venue:CR; lang:HE | missing:-",PASS_CLEAN,,,"EC-2,EC-3",,PASS_CLEAN: all EL criteria MET.,"{""EC-2"": {""status"": ""MET"", ""decision"": ""not_meet"", ""confidence"": 0.95, ""threshold"": 0.6, ""field"": ""keywords"", ""quote"": ""Virtual reality"", ""quote_valid"": true, ""span"": [129, 139], ""used"": true}, ""EC-3"": {""status"": ""MET"", ""decision"": ""not_meet"", ""confidence"": 0.9, ""threshold"": 0.6, ""field"": ""keywords"", ""quote"": ""Interface (matter)"", ""quote_valid"": true, ""span"": [147, 158], ""used"": true}}"
A290,10115520184798359,BCI and FES Based Therapy for Stroke Rehabilitation Using VR Facilities,Robert Gabriel Lupu; Dănuț-Constantin Irimia; Florina Ungureanu; Marian-Silviu Poboroniuc; Alin Moldoveanu,Robert Gabriel Lupu,2018.0,10.1155/2018/4798359,,,,Wireless Communications and Mobile Computing,2018,1,,Wiley,en,https://doi.org/10.1155/2018/4798359,0.9,resolved,openalex,2026-01-22T21:49:57Z,X010,"In recent years, the assistive technologies and stroke rehabilitation methods have been empowered by the use of virtual reality environments and the facilities offered by brain computer interface systems and functional electrical stimulators. In this paper, a therapy system for stroke rehabilitation based on these revolutionary techniques is presented. Using a virtual reality Oculus Rift device, the proposed system ushers the patient in a virtual scenario where a virtual therapist coordinates the exercises aimed at restoring brain function. The electrical stimulator helps the patient to perform rehabilitation exercises and the brain computer interface system and an electrooculography device are used to determine if the exercises are executed properly. Laboratory tests on healthy people led to system validation from technical point of view. The clinical tests are in progress, but the preliminary results of the clinical tests have highlighted the good satisfaction degree of patients, the quick accommodation with the proposed therapy, and rapid progress for each user rehabilitation.",Rehabilitation; Computer science; Virtual reality; Brain–computer interface; Interface (matter); Functional electrical stimulation; Human–computer interaction; Telerehabilitation; Physical medicine and rehabilitation; Stroke (engine); Telemedicine; Medicine,True,article,True,True,False,doi,,"{'venue': 'crossref', 'volume': 'crossref', 'issue': 'crossref', 'publisher': 'crossref', 'url': 'crossref', 'lang': 'crossref'}",{'crossref': 6},"X010.R000 resolved | hits:OA,CR | winner:- | filled:venue:CR; lang:CR | missing:-",PASS_CLEAN,,,"EC-2,EC-3",,PASS_CLEAN: all EL criteria MET.,"{""EC-2"": {""status"": ""MET"", ""decision"": ""not_meet"", ""confidence"": 0.85, ""threshold"": 0.6, ""field"": ""keywords"", ""quote"": ""Virtual reality"", ""quote_valid"": true, ""span"": [76, 86], ""used"": true}, ""EC-3"": {""status"": ""MET"", ""decision"": ""not_meet"", ""confidence"": 0.6, ""threshold"": 0.6, ""field"": ""keywords"", ""quote"": ""Functional electrical stimulation"", ""quote_valid"": true, ""span"": [133, 151], ""used"": true}}"
A291,10114532672423267268,PhysioHMD,Guillermo Bernal; Tao Yang; Abhinandan Jain; Pattie Maes,Guillermo Bernal,2018.0,10.1145/3267242.3267268,,,,Proceedings of the 2018 ACM International Symposium on Wearable Computers,,,160-167,ACM,en,https://doi.org/10.1145/3267242.3267268,0.9,resolved,openalex,2026-01-22T21:49:58Z,X010,"Virtual and augmented reality headsets are unique as they have access to our facial area: an area that presents an excellent opportunity for always-available input and insight into the user's state. Their position on the face makes it possible to capture bio-signals as well as facial expressions. This paper introduces the PhysioHMD, a software and hardware modular interface built for collecting affect and physiological data from users wearing a head-mounted display. The PhysioHMD platform is a flexible architecture enables researchers and developers to aggregate and interprets signals in real-time, and use those to develop novel, personalized interactions and evaluate virtual experiences. Offering an interface that is not only easy to extend but also is complemented by a suite of tools for testing and analysis. We hope that PhysioHMD can become a universal, publicly available testbed for VR and AR researchers.",Testbed; Computer science; Suite; Human–computer interaction; Modular design; Interface (matter); Virtual reality; Software; Architecture; Face (sociological concept); User interface; Facial recognition system,False,conference,True,True,False,doi,,"{'venue': 'crossref', 'pages': 'crossref', 'publisher': 'crossref', 'url': 'crossref', 'lang': 'heuristic'}","{'crossref': 4, 'heuristic': 1}","X010.R000 resolved | hits:OA,CR | winner:- | filled:venue:CR; lang:HE | missing:-",PASS_CLEAN,,,"EC-2,EC-3",,PASS_CLEAN: all EL criteria MET.,"{""EC-2"": {""status"": ""MET"", ""decision"": ""not_meet"", ""confidence"": 0.9, ""threshold"": 0.6, ""field"": ""keywords"", ""quote"": ""Virtual reality"", ""quote_valid"": true, ""span"": [113, 123], ""used"": true}, ""EC-3"": {""status"": ""MET"", ""decision"": ""not_meet"", ""confidence"": 0.7, ""threshold"": 0.6, ""field"": ""keywords"", ""quote"": ""Interface (matter)"", ""quote_valid"": true, ""span"": [146, 158], ""used"": true}}"
A301,10108817412552aaf12e,A comprehensive review of EEG-based brain–computer interface paradigms,Reza Abiri; Soheil Borhani; Eric W. Sellers; Yang Jiang; Xiaopeng Zhao,Reza Abiri,2018.0,10.1088/1741-2552/aaf12e,https://pubmed.ncbi.nlm.nih.gov/30523919,,,Journal of Neural Engineering,16,1,011001,IOP Publishing,en,https://doi.org/10.1088/1741-2552/aaf12e,0.9,resolved,openalex,2026-01-22T21:50:02Z,X010,"Advances in brain science and computer technology in the past decade have led to exciting developments in brain-computer interface (BCI), thereby making BCI a top research area in applied science. The renaissance of BCI opens new methods of neurorehabilitation for physically disabled people (e.g. paralyzed patients and amputees) and patients with brain injuries (e.g. stroke patients). Recent technological advances such as wireless recording, machine learning analysis, and real-time temporal resolution have increased interest in electroencephalographic (EEG) based BCI approaches. Many BCI studies have focused on decoding EEG signals associated with whole-body kinematics/kinetics, motor imagery, and various senses. Thus, there is a need to understand the various experimental paradigms used in EEG-based BCI systems. Moreover, given that there are many available options, it is essential to choose the most appropriate BCI application to properly manipulate a neuroprosthetic or neurorehabilitation device. The current review evaluates EEG-based BCI paradigms regarding their advantages and disadvantages from a variety of perspectives. For each paradigm, various EEG decoding algorithms and classification methods are evaluated. The applications of these paradigms with targeted patients are summarized. Finally, potential problems with EEG-based BCI systems are discussed, and possible solutions are proposed.",Brain–computer interface; Neurorehabilitation; Electroencephalography; Computer science; Motor imagery; Interface (matter); Neurofeedback; Human–computer interaction; Artificial intelligence; Neuroscience; Rehabilitation; Psychology,False,article,True,True,False,doi,,"{'venue': 'crossref', 'volume': 'crossref', 'issue': 'crossref', 'pages': 'crossref', 'publisher': 'crossref', 'url': 'crossref', 'lang': 'heuristic'}","{'crossref': 6, 'heuristic': 1}","X010.R000 resolved | hits:OA,CR | winner:- | filled:venue:CR; lang:HE | missing:-",PASS_CLEAN,,,"EC-2,EC-3",,PASS_CLEAN: all EL criteria MET.,"{""EC-2"": {""status"": ""MET"", ""decision"": ""not_meet"", ""confidence"": 0.8, ""threshold"": 0.6, ""field"": ""keywords"", ""quote"": ""Brain–computer interface"", ""quote_valid"": true, ""span"": [24, 56], ""used"": true}, ""EC-3"": {""status"": ""MET"", ""decision"": ""not_meet"", ""confidence"": 0.8, ""threshold"": 0.6, ""field"": ""keywords"", ""quote"": ""Brain–computer interface"", ""quote_valid"": true, ""span"": [26, 45], ""used"": true}}"
A302,10114532906053300767,What is Mixed Reality?,Maximilian Speicher; Brian D. Hall; Michael Nebeling,Maximilian Speicher,2019.0,10.1145/3290605.3300767,,,,Proceedings of the 2019 CHI Conference on Human Factors in Computing Systems,,,1-15,ACM,en,https://doi.org/10.1145/3290605.3300767,0.9,resolved,openalex,2026-01-22T21:50:02Z,X010,"What is Mixed Reality (MR)? To revisit this question given the many recent developments, we conducted interviews with ten AR/VR experts from academia and industry, as well as a literature survey of 68 papers. We find that, while there are prominent examples, there is no universally agreed on, one-size-fits-all definition of MR. Rather, we identified six partially competing notions from the literature and experts' responses. We then started to isolate the different aspects of reality relevant for MR experiences, going beyond the primarily visual notions and extending to audio, motion, haptics, taste, and smell. We distill our findings into a conceptual framework with seven dimensions to characterize MR applications in terms of the number of environments, number of users, level of immersion, level of virtuality, degree of interaction, input, and output. Our goal with this paper is to support classification and discussion of MR applications' design and provide a better means to researchers to contextualize their work within the increasingly fragmented MR landscape.",Mixed reality; Computer science; Immersion (mathematics); Virtuality (gaming); Virtual reality; Human–computer interaction; Artificial intelligence; Mathematics; Pure mathematics,False,conference,True,True,False,doi,,"{'venue': 'crossref', 'pages': 'crossref', 'publisher': 'crossref', 'url': 'crossref', 'lang': 'heuristic'}","{'crossref': 4, 'heuristic': 1}","X010.R000 resolved | hits:OA,CR | winner:- | filled:venue:CR; lang:HE | missing:-",PASS_FLAGGED,,,EC-3,EC-2,PASS_FLAGGED: uncertain EC-2,"{""EC-2"": {""status"": ""UNCERTAIN"", ""decision"": ""not_meet"", ""confidence"": 0.7, ""threshold"": 0.6, ""field"": ""abstract"", ""quote"": ""Mixed reality; Computer science"", ""quote_valid"": false, ""span"": [18, 39], ""used"": true}, ""EC-3"": {""status"": ""MET"", ""decision"": ""not_meet"", ""confidence"": 0.7, ""threshold"": 0.6, ""field"": ""keywords"", ""quote"": ""Mixed reality"", ""quote_valid"": true, ""span"": [18, 30], ""used"": true}}"
A303,103389fnhum201900244,Efficacy and Brain Imaging Correlates of an Immersive Motor Imagery BCI-Driven VR System for Upper Limb Motor Rehabilitation: A Clinical Case Report,Athanasios Vourvopoulos; Carolina Jorge; Rodolfo Abreu; Patrícia Figueiredo; Jean-Claude Fernandes; Sergi Bermúdez i Badia,Athanasios Vourvopoulos,2019.0,10.3389/fnhum.2019.00244,https://pubmed.ncbi.nlm.nih.gov/31354460,,,Frontiers in Human Neuroscience,13,,,Frontiers Media SA,en,https://doi.org/10.3389/fnhum.2019.00244,0.9,resolved,openalex,2026-01-22T21:50:03Z,X010,"To maximize brain plasticity after stroke, a plethora of rehabilitation strategies have been explored. These include the use of intensive motor training, motor-imagery (MI), and action-observation (AO). Growing evidence of the positive impact of virtual reality (VR) techniques on recovery following stroke has been shown. However, most VR tools are designed to exploit active movement, and hence patients with low level of motor control cannot fully benefit from them. Consequently, the idea of directly training the central nervous system has been promoted by utilizing MI with electroencephalography (EEG)-based brain-computer interfaces (BCIs). To date, detailed information on which VR strategies lead to successful functional recovery is still largely missing and very little is known on how to optimally integrate EEG-based BCIs and VR paradigms for stroke rehabilitation. The purpose of this study was to examine the efficacy of an EEG-based BCI-VR system using a MI paradigm for post-stroke upper limb rehabilitation on functional assessments, and related changes in MI ability and brain imaging. To achieve this, a 60 years old male chronic stroke patient was recruited. The patient underwent a 3-week intervention in a clinical environment, resulting in 10 BCI-VR training sessions. The patient was assessed before and after intervention, as well as on a one-month follow-up, in terms of clinical scales and brain imaging using functional MRI (fMRI). Consistent with prior research, we found important improvements in upper extremity scores (Fugl-Meyer) and identified increases in brain activation measured by fMRI that suggest neuroplastic changes in brain motor networks. This study expands on the current body of evidence, as more data are needed on the effect of this type of interventions not only on functional improvement but also on the effect of the intervention on plasticity through brain imaging.",Motor imagery; Brain–computer interface; Rehabilitation; Physical medicine and rehabilitation; Electroencephalography; Neuroplasticity; Stroke (engine); Virtual reality; Psychology; Neuroimaging; Brain activity and meditation; Medicine,True,article,True,True,False,doi,,"{'venue': 'crossref', 'volume': 'crossref', 'publisher': 'crossref', 'url': 'crossref', 'lang': 'heuristic'}","{'crossref': 4, 'heuristic': 1}","X010.R000 resolved | hits:OA,CR | winner:- | filled:venue:CR; lang:HE | missing:-",PASS_CLEAN,,,"EC-2,EC-3",,PASS_CLEAN: all EL criteria MET.,"{""EC-2"": {""status"": ""MET"", ""decision"": ""not_meet"", ""confidence"": 0.65, ""threshold"": 0.6, ""field"": ""keywords"", ""quote"": ""Brain–computer interface"", ""quote_valid"": true, ""span"": [47, 72], ""used"": true}, ""EC-3"": {""status"": ""MET"", ""decision"": ""not_meet"", ""confidence"": 0.9, ""threshold"": 0.6, ""field"": ""keywords"", ""quote"": ""Motor imagery"", ""quote_valid"": true, ""span"": [26, 35], ""used"": true}}"
A304,101109tim20202970846,Wearable Brain–Computer Interface Instrumentation for Robot-Based Rehabilitation by Augmented Reality,Pasquale Arpaïa; Luigi Duraccio; Nicola Moccaldi; Silvia Rossi,Pasquale Arpaïa,2020.0,10.1109/tim.2020.2970846,,,,IEEE Transactions on Instrumentation and Measurement,69,9,6362-6371,Institute of Electrical and Electronics Engineers (IEEE),en,https://doi.org/10.1109/tim.2020.2970846,0.9,resolved,openalex,2026-01-22T21:50:03Z,X010,"An instrument for remote control of the robot by wearable brain-computer interface (BCI) is proposed for rehabilitating children with attention-deficit/hyperactivity disorder (ADHD). Augmented reality (AR) glasses generate flickering stimuli, and a single-channel electroencephalographic BCI detects the elicited steady-state visual evoked potentials (SSVEPs). This allows benefiting from the SSVEP robustness by leaving available the view of robot movements. Together with the lack of training, a single channel maximizes the device's wearability, fundamental for the acceptance by ADHD children. Effectively controlling the movements of a robot through a new channel enhances rehabilitation engagement and effectiveness. A case study at an accredited rehabilitation center on ten healthy adult subjects highlighted an average accuracy higher than 83%, with information transfer rate (ITR) up to 39 b/min. Preliminary further tests on four ADHD patients between six- and eight-years old provided highly positive feedback on device acceptance and attentional performance.",Brain–computer interface; Wearable computer; Robot; Rehabilitation; Computer science; Flicker; Interface (matter); Neurofeedback; Electroencephalography; Robustness (evolution); Human–computer interaction; Simulation,False,article,True,True,False,doi,,"{'venue': 'crossref', 'volume': 'crossref', 'issue': 'crossref', 'pages': 'crossref', 'publisher': 'crossref', 'url': 'crossref', 'lang': 'heuristic'}","{'crossref': 6, 'heuristic': 1}","X010.R000 resolved | hits:OA,CR | winner:- | filled:venue:CR; lang:HE | missing:-",PASS_FLAGGED,,,EC-3,EC-2,PASS_FLAGGED: uncertain EC-2,"{""EC-2"": {""status"": ""UNCERTAIN"", ""decision"": ""not_meet"", ""confidence"": 0.8, ""threshold"": 0.6, ""field"": ""abstract"", ""quote"": ""Brain–computer interface"", ""quote_valid"": false, ""span"": [159, 186], ""used"": true}, ""EC-3"": {""status"": ""MET"", ""decision"": ""not_meet"", ""confidence"": 0.8, ""threshold"": 0.6, ""field"": ""keywords"", ""quote"": ""Brain–computer interface"", ""quote_valid"": true, ""span"": [19, 37], ""used"": true}}"
A305,101109vr20198797840,Exploration of an EEG-Based Cognitively Adaptive Training System in Virtual Reality,Arindam Dey; Alex Chatburn; Mark Billinghurst,Arindam Dey,2019.0,10.1109/vr.2019.8797840,,,,2019 IEEE Conference on Virtual Reality and 3D User Interfaces (VR),,,220-226,IEEE,en,https://doi.org/10.1109/vr.2019.8797840,0.9,resolved,openalex,2026-01-22T21:50:03Z,X010,"Virtual Reality (VR) is effective in various training scenarios across multiple domains, such as education, health and defense. However, most of those applications are not adaptive to the real-time cognitive or subjectively experienced load placed on the trainee. In this paper, we explore a cognitively adaptive training system based on real-time measurement of task related alpha activity in the brain. This measurement was made by a 32-channel mobile Electroencephalography (EEG) system, and was used to adapt the task difficulty to an ideal level which challenged our participants, and thus theoretically induces the best level of performance gains as a result of training. Our system required participants to select target objects in VR and the complexity of the task adapted to the alpha activity in the brain. A total of 14 participants undertook our training and completed 20 levels of increasing complexity. Our study identified significant differences in brain activity in response to increasing levels of task complexity, but response time did not alter as a function of task difficulty. Collectively, we interpret this to indicate the brain's ability to compensate for higher task load without affecting behaviourally measured visuomotor performance.",Electroencephalography; Task (project management); Virtual reality; Computer science; Cognition; Alpha (finance); Brain activity and meditation; Brain–computer interface; Training (meteorology); Cognitive load; Human–computer interaction; Psychology,False,conference,True,True,False,doi,,"{'venue': 'crossref', 'pages': 'crossref', 'publisher': 'crossref', 'url': 'crossref', 'lang': 'heuristic'}","{'crossref': 4, 'heuristic': 1}","X010.R000 resolved | hits:OA,CR | winner:- | filled:venue:CR; lang:HE | missing:-",PASS_CLEAN,,,"EC-2,EC-3",,PASS_CLEAN: all EL criteria MET.,"{""EC-2"": {""status"": ""MET"", ""decision"": ""not_meet"", ""confidence"": 0.75, ""threshold"": 0.6, ""field"": ""keywords"", ""quote"": ""Electroencephalography"", ""quote_valid"": true, ""span"": [24, 45], ""used"": true}, ""EC-3"": {""status"": ""MET"", ""decision"": ""not_meet"", ""confidence"": 0.6, ""threshold"": 0.6, ""field"": ""keywords"", ""quote"": ""Electroencephalography"", ""quote_valid"": true, ""span"": [28, 44], ""used"": true}}"
A306,10114533118233311864,Brain Computer Interface for Neuro-rehabilitation With Deep Learning Classification and Virtual Reality Feedback,Tamás Karácsony; John Paulin Hansen; Helle K. Iversen; Sadasivan Puthusserypady,Tamás Karácsony,2019.0,10.1145/3311823.3311864,,,,Proceedings of the 10th Augmented Human International Conference 2019,,,1-8,ACM,en,https://doi.org/10.1145/3311823.3311864,0.9,resolved,openalex,2026-01-22T21:50:04Z,X010,"Though Motor Imagery (MI) stroke rehabilitation effectively promotes neural reorganization, current therapeutic methods are immeasurable and their repetitiveness can be demotivating. In this work, a real-time electroencephalogram (EEG) based MI-BCI (Brain Computer Interface) system with a virtual reality (VR) game as a motivational feedback has been developed for stroke rehabilitation. If the subject successfully hits one of the targets, it explodes and thus providing feedback on a successfully imagined and virtually executed movement of hands or feet. Novel classification algorithms with deep learning (DL) and convolutional neural network (CNN) architecture with a unique trial onset detection technique was used. Our classifiers performed better than the previous architectures on datasets from PhysioNet offline database. It provided fine classification in the real-time game setting using a 0.5 second 16 channel input for the CNN architectures. Ten participants reported the training to be interesting, fun and immersive. ""It is a bit weird, because it feels like it would be my hands"", was one of the comments from a test person. The VR system induced a slight discomfort and a moderate effort for MI activations was reported. We conclude that MI-BCI-VR systems with classifiers based on DL for real-time game applications should be considered for motivating MI stroke rehabilitation.",Brain–computer interface; Computer science; Virtual reality; Motor imagery; Convolutional neural network; Interface (matter); Rehabilitation; Electroencephalography; Artificial intelligence; Deep learning; Neurofeedback; Human–computer interaction,False,conference,True,True,False,doi,,"{'venue': 'crossref', 'pages': 'crossref', 'publisher': 'crossref', 'url': 'crossref', 'lang': 'heuristic'}","{'crossref': 4, 'heuristic': 1}","X010.R000 resolved | hits:OA,CR | winner:- | filled:venue:CR; lang:HE | missing:-",PASS_CLEAN,,,"EC-2,EC-3",,PASS_CLEAN: all EL criteria MET.,"{""EC-2"": {""status"": ""MET"", ""decision"": ""not_meet"", ""confidence"": 0.85, ""threshold"": 0.6, ""field"": ""keywords"", ""quote"": ""Brain–computer interface; Computer science; Virtual reality; Motor imagery; Convolutional neural network; Interface (matter); Rehabilitation; Electroencephalography; Artificial intelligence; Deep learning; Neurofeedback; Human–computer interaction"", ""quote_valid"": true, ""span"": [16, 39], ""used"": true}, ""EC-3"": {""status"": ""MET"", ""decision"": ""not_meet"", ""confidence"": 0.8, ""threshold"": 0.6, ""field"": ""keywords"", ""quote"": ""Brain–computer interface"", ""quote_valid"": true, ""span"": [12, 29], ""used"": true}}"
A307,101109taffc20192958657,Evoking Physiological Synchrony and Empathy Using Social VR With Biofeedback,Mikko Salminen; Simo Järvelä; Antti Ruonala; Ville Harjunen; Juho Hamari; Giulio Jacucci; Niklas Ravaja,Mikko Salminen,2019.0,10.1109/taffc.2019.2958657,,,,IEEE Transactions on Affective Computing,13,2,746-755,Institute of Electrical and Electronics Engineers (IEEE),en,https://doi.org/10.1109/taffc.2019.2958657,0.9,resolved,openalex,2026-01-22T21:50:04Z,X010,"With the advent of consumer grade virtual reality (VR) headsets and physiological measurement devices, new possibilities for mediated social interaction emerge enabling the immersion to environments where the visual features react to the users' physiological activation. In this study, we investigated whether and how individual and interpersonally shared biofeedback (visualised respiration rate and frontal asymmetry of electroencephalography, EEG) enhance synchrony between the users' physiological activity and perceived empathy towards the other during a compassion meditation exercise carried out in a social VR setting. The study was conducted as a laboratory experiment (N = 72) employing a Unity3D-based Dynecom immersive social meditation environment and two amplifiers to collect the psychophysiological signals for the biofeedback. The biofeedback on empathy-related EEG frontal asymmetry evoked higher self-reported empathy towards the other user than the biofeedback on respiratory activation, but the perceived empathy was highest when both feedbacks were simultaneously presented. In addition, the participants reported more empathy when there was stronger EEG frontal asymmetry synchronization between the users. The presented results inform the field of affective computing on the possibilities that VR offers for different applications of empathic technologies.",Empathy; Biofeedback; Electroencephalography; Computer science; Virtual reality; Asymmetry; Psychology; Artificial intelligence; Cognitive psychology; Social psychology; Neuroscience; Physics,False,article,True,True,False,doi,,"{'venue': 'crossref', 'volume': 'crossref', 'issue': 'crossref', 'pages': 'crossref', 'publisher': 'crossref', 'url': 'crossref', 'lang': 'heuristic'}","{'crossref': 6, 'heuristic': 1}","X010.R000 resolved | hits:OA,CR | winner:- | filled:venue:CR; lang:HE | missing:-",PASS_CLEAN,,,"EC-2,EC-3",,PASS_CLEAN: all EL criteria MET.,"{""EC-2"": {""status"": ""MET"", ""decision"": ""not_meet"", ""confidence"": 0.85, ""threshold"": 0.6, ""field"": ""keywords"", ""quote"": ""Empathy; Biofeedback; Electroencephalography; Computer science; Virtual reality; Asymmetry; Psychology; Artificial intelligence; Cognitive psychology; Social psychology; Neuroscience; Physics"", ""quote_valid"": true, ""span"": [12, 34], ""used"": true}, ""EC-3"": {""status"": ""MET"", ""decision"": ""not_meet"", ""confidence"": 0.65, ""threshold"": 0.6, ""field"": ""abstract"", ""quote"": ""In this study, we investigated whether and how individual and interpersonally shared biofeedback (visualised respiration rate and frontal asymmetry of electroencephalography, EEG) enhance synchrony between the users' physiological activity and perceived empathy towards the other during a compassion meditation exercise carried out in a social VR setting."", ""quote_valid"": true, ""span"": [0, 125], ""used"": true}}"
A308,101109access20192952613,Development of an Online Home Appliance Control System Using Augmented Reality and an SSVEP-Based Brain–Computer Interface,Seonghun Park; Ho‐Seung Cha; Chang‐Hwan Im,Seonghun Park,2019.0,10.1109/access.2019.2952613,,,,IEEE Access,7,,163604-163614,Institute of Electrical and Electronics Engineers (IEEE),en,https://doi.org/10.1109/access.2019.2952613,0.9,resolved,openalex,2026-01-22T21:50:04Z,X010,"In this study, we implemented a new home appliance control system by combining electroencephalography (EEG)-based brain-computer interface (BCI), augmented reality (AR), and internet of things (IoT) technologies. We adopted a steady-state visual evoked potential (SSVEP)-based BCI paradigm for the implementation of a fast and robust BCI system. In the offline experiment, we compared the performances of three BCIs adopting different types of visual stimuli in an AR environment to determine the optimal visual stimulus. In the online experiment, we evaluated the feasibility of the proposed smart home system using the optimal stimulus by controlling three home appliances in real time. The visual stimuli were presented on a see-through head-mounted display (HMD), while the recorded brain activity was analyzed to classify the control command, and the home appliances were controlled through IoT. In the offline experiment, a grow/shrink stimulus (GSS) consisting of a star-shaped flickering object of varying size was selected as the optimal stimulus, eliciting SSVEP responses more effectively than the other options. In the online experiment, all users could turn the BCI-based control system on/off whenever they wanted using the eye-blinking-based electrooculogram (EOG) switch, and could successfully perform all the designated control tasks without difficulty. The average classification accuracy of the SSVEP-BCI-based control system was 92.8%, with an information transfer rate (ITR) of 37.4 bits/min. The proposed system exhibited an excellent performance, surpassing the best results reported in previous studies regarding external device control based on BCI using an HMD as rendering device.",Brain–computer interface; Computer science; Electroencephalography; Information transfer; Augmented reality; Headphones; Stimulus (psychology); Interface (matter); Visualization; Control system; Flicker; Artificial intelligence,True,article,True,True,False,doi,,"{'venue': 'crossref', 'volume': 'crossref', 'pages': 'crossref', 'publisher': 'crossref', 'url': 'crossref', 'lang': 'heuristic'}","{'crossref': 5, 'heuristic': 1}","X010.R000 resolved | hits:OA,CR | winner:- | filled:venue:CR; lang:HE | missing:-",PASS_FLAGGED,,,EC-3,EC-2,PASS_FLAGGED: uncertain EC-2,"{""EC-2"": {""status"": ""UNCERTAIN"", ""decision"": ""not_meet"", ""confidence"": 0.9, ""threshold"": 0.6, ""field"": ""keywords"", ""quote"": ""Brain–computer interface; Computer science; Electroencephalography; Augmented reality; Headphones; Interface (matter); Visualization; Control system; Flicker; Artificial intelligence"", ""quote_valid"": false, ""span"": [16, 35], ""used"": true}, ""EC-3"": {""status"": ""MET"", ""decision"": ""not_meet"", ""confidence"": 0.7, ""threshold"": 0.6, ""field"": ""keywords"", ""quote"": ""Brain–computer interface"", ""quote_valid"": true, ""span"": [12, 29], ""used"": true}}"
A309,101037cns0000176,Increased lucid dream frequency in long-term meditators but not following mindfulness-based stress reduction training,Benjamin Baird; Brady A. Riedner; Melanie Boly; Richard J. Davidson; Giulio Tononi,Benjamin Baird,2018.0,10.1037/cns0000176,https://pubmed.ncbi.nlm.nih.gov/31058200,,,"Psychology of Consciousness: Theory, Research, and Practice",6,1,40-54,American Psychological Association (APA),en,https://doi.org/10.1037/cns0000176,0.9,resolved,openalex,2026-01-22T21:50:05Z,X010,"Strong conceptual and theoretical connections have been made between meditation practice, mindfulness and lucid dreaming. However, only a handful of empirical studies have evaluated the relationship between lucid dreaming and meditation, and conclusions remain tempered by methodological limitations. Here we evaluate the relationship between meditation, mindfulness and lucid dream frequency using several complementary methods. First, using a cross-sectional design, we evaluate differences in lucid dream frequency between long-term meditators and meditation naïve individuals. Second, we evaluate the relationship between lucid dream frequency and specific facets of trait mindfulness in both meditators and non-meditators. Third, using a blinded randomized-controlled design, we evaluate the impact of an 8-week mindfulness course on lucid dreaming frequency. Our results show that lucid dreaming is more frequent in long-term meditators compared to meditation naïve individuals. Additionally, lucid dream frequency in meditation-naïve individuals was associated with a capacity to verbalize experience, while lucid dream frequency in long-term meditators was associated with observational and decentering facets of trait mindfulness. However, an 8-week mindfulness course did not increase the frequency of lucid dreams. Together these results support a continuity between increased awareness of waking and sleeping states, provide a novel form of evidence linking meditation training to meta-awareness, and support an association between meditation practice and lucid dreaming, but leave open the specific nature of this connection.",Meditation; Mindfulness; Lucid dream; Psychology; Dream; Trait; Cognitive psychology; Developmental psychology; Psychotherapist; Medicine; Traditional medicine; Theology,True,article,True,True,False,doi,,"{'venue': 'crossref', 'volume': 'crossref', 'issue': 'crossref', 'pages': 'crossref', 'publisher': 'crossref', 'url': 'crossref', 'lang': 'crossref'}",{'crossref': 7},"X010.R000 resolved | hits:OA,CR | winner:- | filled:venue:CR; lang:CR | missing:-",PASS_CLEAN,,,"EC-2,EC-3",,PASS_CLEAN: all EL criteria MET.,"{""EC-2"": {""status"": ""MET"", ""decision"": ""not_meet"", ""confidence"": 0.75, ""threshold"": 0.6, ""field"": ""keywords"", ""quote"": ""Meditation; Mindfulness; Lucid dream; Psychology; Dream; Trait; Cognitive psychology; Developmental psychology; Psychotherapist; Medicine; Traditional medicine; Theology"", ""quote_valid"": true, ""span"": [12, 34], ""used"": true}, ""EC-3"": {""status"": ""MET"", ""decision"": ""not_meet"", ""confidence"": 0.6, ""threshold"": 0.6, ""field"": ""abstract"", ""quote"": ""Here we evaluate the relationship between meditation, mindfulness and lucid dream frequency using several complementary methods."", ""quote_valid"": true, ""span"": [15, 48], ""used"": true}}"
A310,101109access20182886271,The TRAVEE System for a Multimodal Neuromotor Rehabilitation,Alin Moldoveanu; Oana-Maria Ferche; Florica Moldoveanu; Robert Gabriel Lupu; Delia Cinteză; Dănuț-Constantin Irimia; Corneliu Toader,Alin Moldoveanu,2019.0,10.1109/access.2018.2886271,,,,IEEE Access,7,,8151-8171,Institute of Electrical and Electronics Engineers (IEEE),en,https://doi.org/10.1109/access.2018.2886271,0.9,resolved,openalex,2026-01-22T21:50:05Z,X010,"As more and more people are left disabled by stroke each year, it is of vital importance to progress in the research of new ways to improve their condition and to ensure that they maintain their independence as much as possible in everyday life. A step in this direction of research was taken with TRAVEE, a system dedicated to neuromotor rehabilitation after stroke. To reach this goal, the TRAVEE has benefited from several innovative ideas and technologies&#x2014;virtual reality, brain&#x2013;computer interfaces, functional electrical stimulation, robotics, haptics, multimodal feedback, and a novel idea in information and communications technology systems for rehabilitation&#x2014;visual augmentation as a form of feedback to the patient. Through visual augmentation, the TRAVEE immerses the patient in a virtual environment where his movements are rendered as being better than in the real world, and in this way diminishing his disability. We believe that this process&#x2014;that is pending for patent&#x2014;will greatly impact the recovery process after stroke, by providing more motivating sessions, while supporting the cortical reorganization process. This paper presents an overview of the TRAVEE system, the perspectives that supported it, details regarding its development, as well as the results of the clinical tests that were performed with the system.",Process (computing); Haptic technology; Rehabilitation; Computer science; Virtual reality; Human–computer interaction; Independence (probability theory); Robotics; Physical medicine and rehabilitation; Robot; Artificial intelligence; Psychology,True,article,True,True,False,doi,,"{'venue': 'crossref', 'volume': 'crossref', 'pages': 'crossref', 'publisher': 'crossref', 'url': 'crossref', 'lang': 'heuristic'}","{'crossref': 5, 'heuristic': 1}","X010.R000 resolved | hits:OA,CR | winner:- | filled:venue:CR; lang:HE | missing:-",PASS_FLAGGED,,,EC-2,EC-3,PASS_FLAGGED: uncertain EC-3,"{""EC-2"": {""status"": ""MET"", ""decision"": ""not_meet"", ""confidence"": 0.85, ""threshold"": 0.6, ""field"": ""keywords"", ""quote"": ""Process (computing); Haptic technology; Rehabilitation; Computer science; Virtual reality; Human–computer interaction; Independence (probability theory); Robotics; Physical medicine and rehabilitation; Robot; Artificial intelligence; Psychology"", ""quote_valid"": true, ""span"": [16, 37], ""used"": true}, ""EC-3"": {""status"": ""UNCERTAIN"", ""decision"": ""not_meet"", ""confidence"": 0.75, ""threshold"": 0.6, ""field"": ""abstract"", ""quote"": ""To reach this goal, the TRAVEE has benefited from several innovative ideas and technologies—virtual reality, brain-computer interfaces, functional electrical stimulation, robotics, haptics, multimodal feedback, and a novel idea in information and communications technology systems for rehabilitation—visual augmentation as a form of feedback to the patient."", ""quote_valid"": false, ""span"": [53, 168], ""used"": true}}"
A311,1010801044731820191604473,A Dynamic User Interface Based BCI Environmental Control System,Saisai Zhong; Yadong Liu; Yang Yu; Jingsheng Tang; Zongtan Zhou; Dewen Hu,Saisai Zhong,2019.0,10.1080/10447318.2019.1604473,,,,International Journal of Human–Computer Interaction,36,1,55-66,Informa UK Limited,en,https://doi.org/10.1080/10447318.2019.1604473,0.9,resolved,openalex,2026-01-22T21:50:05Z,X010,"In this study, a dynamic user interface (UI) is proposed in visual P300 Brain-Computer Interface (BCI) based environmental control system. A head-mounted Augmented Reality (AR) glass is used as the interactive media, which is used to assists the BCI system to build the dynamic UI with the scene in subject's field of view. In the dynamic UI, based on the objects detected by the AR glass, options are dynamically generated. The subject can assign tasks by selecting different options in the dynamic UI. Five subjects successfully completed the task of controlling household appliances and navigating wheelchairs to designated destinations. Compared to static UI, the proposed dynamic UI has a 17.4% improvement in time delay. On average, only 1.9% of the commands resulted in incorrect operations. The dynamic UI makes progress in reducing time delay and incorrect operations. The proposed system provides a brand-new interactive method in BCI based applications.",Brain–computer interface; Computer science; Interface (matter); Task (project management); Human–computer interaction; User interface; Control (management); Multimedia; Artificial intelligence; Operating system; Engineering; Systems engineering,False,article,True,True,False,doi,,"{'venue': 'crossref', 'volume': 'crossref', 'issue': 'crossref', 'pages': 'crossref', 'publisher': 'crossref', 'url': 'crossref', 'lang': 'crossref'}",{'crossref': 7},"X010.R000 resolved | hits:OA,CR | winner:- | filled:venue:CR; lang:CR | missing:-",PASS_CLEAN,,,"EC-2,EC-3",,PASS_CLEAN: all EL criteria MET.,"{""EC-2"": {""status"": ""MET"", ""decision"": ""not_meet"", ""confidence"": 0.85, ""threshold"": 0.6, ""field"": ""keywords"", ""quote"": ""Brain–computer interface"", ""quote_valid"": true, ""span"": [24, 46], ""used"": true}, ""EC-3"": {""status"": ""MET"", ""decision"": ""not_meet"", ""confidence"": 0.8, ""threshold"": 0.6, ""field"": ""keywords"", ""quote"": ""Brain–computer interface"", ""quote_valid"": true, ""span"": [26, 45], ""used"": true}}"
A312,103390electronics9010174,Motor Imagery Based Continuous Teleoperation Robot Control with Tactile Feedback,XU Bao-guo; Wenlong Li; Xiaohang He; Zhiwei Wei; Dalin Zhang; Changcheng Wu; Aiguo Song,XU Bao-guo,2020.0,10.3390/electronics9010174,,,,Electronics,9,1,174,MDPI AG,en,https://doi.org/10.3390/electronics9010174,0.9,resolved,openalex,2026-01-22T21:50:06Z,X010,"Brain computer interface (BCI) adopts human brain signals to control external devices directly without using normal neural pathway. Recent study has explored many applications, such as controlling a teleoperation robot by electroencephalography (EEG) signals. However, utilizing the motor imagery EEG-based BCI to perform teleoperation for reach and grasp task still has many difficulties, especially in continuous multidimensional control of robot and tactile feedback. In this research, a motor imagery EEG-based continuous teleoperation robot control system with tactile feedback was proposed. Firstly, mental imagination of different hand movements was translated into continuous command to control the remote robotic arm to reach the hover area of the target through a wireless local area network (LAN). Then, the robotic arm automatically completed the task of grasping the target. Meanwhile, the tactile information of remote robotic gripper was detected and converted to the feedback command. Finally, the vibrotactile stimulus was supplied to users to improve their telepresence. Experimental results demonstrate the feasibility of using the motor imagery EEG acquired by wireless portable equipment to realize the continuous teleoperation robot control system to finish the reach and grasp task. The average two-dimensional continuous control success rates for online Task 1 and Task 2 of the six subjects were 78.0% ± 6.1% and 66.2% ± 6.0%, respectively. Furthermore, compared with the traditional EEG triggered robot control using the predefined trajectory, the continuous fully two-dimensional control can not only improve the teleoperation robot system’s efficiency but also give the subject a more natural control which is critical to human–machine interaction (HMI). In addition, vibrotactile stimulus can improve the operator’s telepresence and task performance.",Teleoperation; Brain–computer interface; GRASP; Motor imagery; Robot; Computer science; Electroencephalography; Haptic technology; Task (project management); Artificial intelligence; Tactile sensor; Telerobotics,True,article,True,True,False,doi,,"{'venue': 'crossref', 'volume': 'crossref', 'issue': 'crossref', 'pages': 'crossref', 'publisher': 'crossref', 'url': 'crossref', 'lang': 'crossref'}",{'crossref': 7},"X010.R000 resolved | hits:OA,CR | winner:- | filled:venue:CR; lang:CR | missing:-",PASS_CLEAN,,,"EC-2,EC-3",,PASS_CLEAN: all EL criteria MET.,"{""EC-2"": {""status"": ""MET"", ""decision"": ""not_meet"", ""confidence"": 0.9, ""threshold"": 0.6, ""field"": ""keywords"", ""quote"": ""Teleoperation; Brain–computer interface"", ""quote_valid"": true, ""span"": [0, 25], ""used"": true}, ""EC-3"": {""status"": ""MET"", ""decision"": ""not_meet"", ""confidence"": 0.7, ""threshold"": 0.6, ""field"": ""keywords"", ""quote"": ""Brain–computer interface"", ""quote_valid"": true, ""span"": [89, 108], ""used"": true}}"
A313,101109smc201800179,Immersive Virtual Reality Feedback in a Brain Computer Interface for Upper Limb Rehabilitation,David Achanccaray; Kevin Pacheco; Erick Carranza; Mitsuhiro Hayashibe,David Achanccaray,2018.0,10.1109/smc.2018.00179,,,,"2018 IEEE International Conference on Systems, Man, and Cybernetics (SMC)",,,1006-1010,IEEE,en,https://doi.org/10.1109/smc.2018.00179,0.9,resolved,openalex,2026-01-22T21:50:06Z,X010,"Visual feedback in a brain computer interface (BCI) influences significantly in its performance; but when this BCI will be applied in a rehabilitation therapy for post stroke patients, it will be a determining factor to enhance the neuroplasticity process. Many studies have demonstrated the efficiency of virtual reality (VR) in a BCI, motor cortex increases its activation levels due to be an immersive environment for the subject; specifically, a BCI based on motor imagery (MI) with VR feedback has positive effects in patients. This work proposes to apply a BCI with VR to support an upper limb rehabilitation therapy for post stroke patients, but it has been tested with eighteen healthy subjects, they performed MI tasks of flexion and extension of their arms, then they could see a virtual arm in 3D performing the same requested movement. Comparison of power spectral density (PSD) estimation is done during MI tasks in training and online test sessions, and feedback in online test sessions; and it is possible to observe the brain activity in alpha and beta bands remained during online sessions, topographic map shows activated premotor and motor cortex areas, it is significant evidence for the application of this system to motor disable patients.",Brain–computer interface; Virtual reality; Motor imagery; Rehabilitation; Computer science; Physical medicine and rehabilitation; Electroencephalography; Premotor cortex; Interface (matter); Neuroplasticity; Brain activity and meditation; Psychology,False,conference,True,True,False,doi,,"{'venue': 'crossref', 'pages': 'crossref', 'publisher': 'crossref', 'url': 'crossref', 'lang': 'heuristic'}","{'crossref': 4, 'heuristic': 1}","X010.R000 resolved | hits:OA,CR | winner:- | filled:venue:CR; lang:HE | missing:-",PASS_CLEAN,,,"EC-2,EC-3",,PASS_CLEAN: all EL criteria MET.,"{""EC-2"": {""status"": ""MET"", ""decision"": ""not_meet"", ""confidence"": 0.8, ""threshold"": 0.6, ""field"": ""keywords"", ""quote"": ""Brain–computer interface"", ""quote_valid"": true, ""span"": [24, 46], ""used"": true}, ""EC-3"": {""status"": ""MET"", ""decision"": ""not_meet"", ""confidence"": 0.65, ""threshold"": 0.6, ""field"": ""keywords"", ""quote"": ""Brain–computer interface"", ""quote_valid"": true, ""span"": [27, 46], ""used"": true}}"
A314,101109smc201800749,SSVEP-Based BCI in Virtual Reality - Control of a Vacuum Cleaner Robot,Piotr Stawicki; Felix Gembler; Cheuk Yin Chan; Mihaly Benda; Aya Rezeika; Abdul Saboor; Roland Grichnik; Ivan Volosyak,Piotr Stawicki,2018.0,10.1109/smc.2018.00749,,,,"2018 IEEE International Conference on Systems, Man, and Cybernetics (SMC)",,,534-537,IEEE,en,https://doi.org/10.1109/smc.2018.00749,0.9,resolved,openalex,2026-01-22T21:50:06Z,X010,"Brain-Computer Interfaces (BCIs) allow communication and control of the environment without the use of peripheral muscles. One of the standard BCI paradigms is based on steady state visual evoked potentials (SSVEPs), brain signals induced by gazing at a constantly flickering target. In this article, a VR SSVEP-based steering simulation is presented and evaluated in comparison to a standard desktop version. Three control classes were used to control the application. The experimental task was to steer a virtual vacuum robot and collect 10 dust piles (for this, at least 31 command classifications were required). Participants were instructed to complete the task twice, using a head mounted display (HMD) and the laptop screen for visual stimulation. All participants were able to complete the task in both scenarios. Mean accuracies of 98.91% and 97.48% and mean ITRs of 23.96 and 20.71 bits/min were achieved for the HMD and desktop control, respectively. On average, the number of commands needed to complete the task in the online experiment was 32.00 and 32.75, for the HMD and desktop scenario, respectively.",Brain–computer interface; Laptop; Computer science; Task (project management); Virtual reality; Robot; Simulation; Virtual machine; Human–computer interaction; Electroencephalography; Artificial intelligence; Engineering,False,conference,True,True,False,doi,,"{'venue': 'crossref', 'pages': 'crossref', 'publisher': 'crossref', 'url': 'crossref', 'lang': 'heuristic'}","{'crossref': 4, 'heuristic': 1}","X010.R000 resolved | hits:OA,CR | winner:- | filled:venue:CR; lang:HE | missing:-",PASS_FLAGGED,,,EC-3,EC-2,PASS_FLAGGED: uncertain EC-2,"{""EC-2"": {""status"": ""UNCERTAIN"", ""decision"": ""not_meet"", ""confidence"": 0.95, ""threshold"": 0.6, ""field"": ""keywords"", ""quote"": ""Brain-Computer Interfaces (BCIs)"", ""quote_valid"": false, ""span"": [8, 27], ""used"": true}, ""EC-3"": {""status"": ""MET"", ""decision"": ""not_meet"", ""confidence"": 0.8, ""threshold"": 0.6, ""field"": ""keywords"", ""quote"": ""Brain–computer interface"", ""quote_valid"": true, ""span"": [59, 78], ""used"": true}}"
A315,101109issc20188585373,"A low-cost, open-source, BCI-VR prototype for real-time signal processing of EEG to manipulate 3D VR objects as a form of neurofeedback",Michael McMahon; Michael Schukat,Michael McMahon,2018.0,10.1109/issc.2018.8585373,,,,2018 29th Irish Signals and Systems Conference (ISSC),,,1-6,IEEE,en,https://doi.org/10.1109/issc.2018.8585373,0.9,resolved,openalex,2026-01-22T21:50:06Z,X010,"In this paper we present a low-cost and open-source brain-computer interface (BCI) virtual-reality (VR) prototype for real-time signal processing of Electroencephalography (EEG) event-related desynchronization and synchronization changes (ERD/ERS) within the Precentral Gyrus (Motor Cortex), which allows the user to manipulate a 3D object within a Virtual Reality Environment as a form of immersive neurofeedback. This BCI-VR system prototype was functionally tested on multiple participants and demonstrated live before an audience during the 2017 `Hack the Brain' at the Dublin Science Gallery. The availability of a low cost, effective, BCI-VR solution targeted at researchers and developers, which is capable of analysing a subject's BCI performance and presenting neurofeedback VR to a level acceptable for academic and industry experimentation, has the potential to open up this field to much wider range of researchers and could help increase the functional outcomes for stroke rehabilitation.",Brain–computer interface; Neurofeedback; Electroencephalography; Virtual reality; Computer science; Interface (matter); Human–computer interaction; Synchronization (alternating current); Brain activity and meditation; Motor imagery; Psychology; Neuroscience,False,conference,True,True,False,doi,,"{'venue': 'crossref', 'pages': 'crossref', 'publisher': 'crossref', 'url': 'crossref', 'lang': 'heuristic'}","{'crossref': 4, 'heuristic': 1}","X010.R000 resolved | hits:OA,CR | winner:- | filled:venue:CR; lang:HE | missing:-",PASS_CLEAN,,,"EC-2,EC-3",,PASS_CLEAN: all EL criteria MET.,"{""EC-2"": {""status"": ""MET"", ""decision"": ""not_meet"", ""confidence"": 0.85, ""threshold"": 0.6, ""field"": ""keywords"", ""quote"": ""Brain–computer interface"", ""quote_valid"": true, ""span"": [24, 46], ""used"": true}, ""EC-3"": {""status"": ""MET"", ""decision"": ""not_meet"", ""confidence"": 0.65, ""threshold"": 0.6, ""field"": ""keywords"", ""quote"": ""Brain–computer interface"", ""quote_valid"": true, ""span"": [24, 43], ""used"": true}}"
A316,10114532906073312968,P300-Based 3D Brain Painting in Virtual Reality,Willie McClinton; Derek Caprio; Denis Laesker; Blanche Pinto; Sarah García; Marvin Andujar,Willie McClinton,2019.0,10.1145/3290607.3312968,,,,Extended Abstracts of the 2019 CHI Conference on Human Factors in Computing Systems,,,1-6,ACM,en,https://doi.org/10.1145/3290607.3312968,0.9,resolved,openalex,2026-01-22T21:50:07Z,X010,"Brain Painting is a brain-computer interface (BCI) application that gives users the ability to paint on a virtual canvas without requiring physical movement [1-2]. Brain Painting has shown to improve the Quality of Life (QOL) of patients with Amyotrophic lateral sclerosis (ALS), by giving patients a way to express themselves and affect society through their art [1]. Although there is currently no known cure for ALS, through such outlets we can help mitigate the physical and psychological impairments of those living with ALS. This paper discusses the development and testing of an immersive Brain Painting application using a Google brush-like tool in a 3D Environment, for able-bodied users. It also discusses how it can help provide a more immersive medium for users to express themselves creatively. In addition, we also discuss feedback received from a preliminary study on how the brush and application can be improved to better allow users to paint in VR using their brain.",Painting; Virtual reality; Computer science; Human–computer interaction; Affect (linguistics); Brain–computer interface; Interface (matter); Psychology; Visual arts; Art; Neuroscience; Electroencephalography,False,conference,True,True,False,doi,,"{'venue': 'crossref', 'pages': 'crossref', 'publisher': 'crossref', 'url': 'crossref', 'lang': 'heuristic'}","{'crossref': 4, 'heuristic': 1}","X010.R000 resolved | hits:OA,CR | winner:- | filled:venue:CR; lang:HE | missing:-",PASS_CLEAN,,,"EC-2,EC-3",,PASS_CLEAN: all EL criteria MET.,"{""EC-2"": {""status"": ""MET"", ""decision"": ""not_meet"", ""confidence"": 0.9, ""threshold"": 0.6, ""field"": ""keywords"", ""quote"": ""Painting; Virtual reality; Computer science; Human–computer interaction; Affect (linguistics); Brain–computer interface; Interface (matter); Psychology; Visual arts; Art"", ""quote_valid"": true, ""span"": [12, 36], ""used"": true}, ""EC-3"": {""status"": ""MET"", ""decision"": ""not_meet"", ""confidence"": 0.9, ""threshold"": 0.6, ""field"": ""keywords"", ""quote"": ""Painting"", ""quote_valid"": true, ""span"": [7, 12], ""used"": true}}"
A317,10114533407643344884,MindTrain,Ravi Kanth Kosuru; Katharina Lingelbach; Michael Bui; Mathias Vukelić,Ravi Kanth Kosuru,2019.0,10.1145/3340764.3344884,,,,Proceedings of Mensch und Computer 2019,,,643-647,ACM,en,https://doi.org/10.1145/3340764.3344884,0.9,resolved,openalex,2026-01-22T21:50:07Z,X010,"Technological products for training the mind that support subjective well-being are gaining popularity in our daily lives. Using Electroencephalographic (EEG) signals for neurofeedback is helpful for learning and a promising approach to train the mind. We introduce MindTrain, a novel, gamified neurofeedback training environment that allows users to learn the skill to voluntarily self-regulate their brain activity in Virtual Reality (VR). MindTrain combines the concept of implicit control with a mobile consumer EEG-wearable in an interactive and immersive VR-environment for visualising the feedback. We tested the feasibility of MindTrain for training to control states of relaxation and concentration. Our results prove that MindTrain is a promising novel method that warrants further investigation within a larger study. Furthermore, the use of the mobile EEG-wearable demonstrates the potential for bringing MindTrain out of the laboratory into a real-world context.",Neurofeedback; Electroencephalography; Computer science; Virtual reality; Human–computer interaction; Wearable computer; Context (archaeology); Popularity; Brain–computer interface; Relaxation (psychology); Multimedia; Psychology,False,conference,True,True,False,doi,,"{'venue': 'crossref', 'pages': 'crossref', 'publisher': 'crossref', 'url': 'crossref', 'lang': 'heuristic'}","{'crossref': 4, 'heuristic': 1}","X010.R000 resolved | hits:OA,CR | winner:- | filled:venue:CR; lang:HE | missing:-",PASS_FLAGGED,,,EC-2,EC-3,PASS_FLAGGED: uncertain EC-3,"{""EC-2"": {""status"": ""MET"", ""decision"": ""not_meet"", ""confidence"": 0.85, ""threshold"": 0.6, ""field"": ""keywords"", ""quote"": ""Neurofeedback; Electroencephalography; Computer science; Virtual reality; Human–computer interaction; Wearable computer; Context (archaeology); Popularity; Brain–computer interface; Relaxation (psychology); Multimedia; Psychology"", ""quote_valid"": true, ""span"": [0, 41], ""used"": true}, ""EC-3"": {""status"": ""UNCERTAIN"", ""decision"": ""not_meet"", ""confidence"": 0.8, ""threshold"": 0.6, ""field"": ""keywords"", ""quote"": """", ""quote_valid"": false, ""span"": [-1, -1], ""used"": true}}"
A318,101007978303022419631,An Immersive Brain Painting: The Effects of Brain Painting in a Virtual Reality Environment,Willie McClinton; Sarah García; Marvin Andujar,Willie McClinton,2019.0,10.1007/978-3-030-22419-6_31,,,,Lecture Notes in Computer Science,,,436-445,Springer International Publishing,en,https://doi.org/10.1007/978-3-030-22419-6_31,0.9,resolved,openalex,2026-01-22T21:50:07Z,X010,,Painting; Computer science; Virtual reality; Brain–computer interface; Exhibition; Human–computer interaction; Cognition; Affect (linguistics); Interface (matter); Visual arts; Psychology; Art,False,chapter,True,True,True,doi,,"{'venue': 'crossref', 'pages': 'crossref', 'publisher': 'crossref', 'url': 'crossref', 'lang': 'crossref'}",{'crossref': 5},"X010.R000 resolved | hits:OA,CR,S2 | winner:- | filled:venue:CR; lang:CR | missing:abstract",EXCLUSION_SUPPRESSED,,,EC-2,,"EXCLUSION_SUPPRESSED: the model returned an excluding verdict on EC-3 which passed the evidence gate. Flag-only is in force for this provider, so the record was NOT excluded and needs human review.","{""EC-2"": {""status"": ""MET"", ""decision"": ""not_meet"", ""confidence"": 0.95, ""threshold"": 0.6, ""field"": ""keywords"", ""quote"": ""Painting; Computer science; Virtual reality; Brain–computer interface; Exhibition; Human–computer interaction; Cognition; Affect (linguistics); Interface (matter); Visual arts; Psychology; Art"", ""quote_valid"": true, ""span"": [12, 36], ""used"": true}, ""EC-3"": {""status"": ""SUPPRESSED"", ""decision"": ""meet"", ""confidence"": 1.0, ""threshold"": 0.6, ""field"": ""keywords"", ""quote"": ""Painting"", ""quote_valid"": true, ""span"": [6, 11], ""used"": true}}"
A319,101109gcce20188574845,Game Systems by Using a Brain Computer Interface and Mixed Reality,Ryota Horie; Koujiro Goto; Yuya Ootsuka,Ryota Horie,2018.0,10.1109/gcce.2018.8574845,,,,2018 IEEE 7th Global Conference on Consumer Electronics (GCCE),,,431-432,IEEE,en,https://doi.org/10.1109/gcce.2018.8574845,0.9,resolved,openalex,2026-01-22T21:50:10Z,X010,"We developed game systems combining an EEG (β/α ratio)-based brain-computer interface and mixed reality technology. We reported development and experimental evaluation of a shooting game in which users try to hit targets placed in the mixed reality space with the bullets operated by hand gesture and concentration. We also reported development of a fighting game in which the beta/alpha ratios decide offensive power in the game. In this study, we discussed the results of the experimental evaluation for the shooting game from the view point of cognitive science, and then we report experimental evaluation of the fighting game.",Offensive; Brain–computer interface; Computer science; Human–computer interaction; Game design; Interface (matter); Gesture; Mixed reality; Computer game; Space (punctuation); Game play; Point (geometry),False,conference,True,True,False,doi,,"{'venue': 'crossref', 'pages': 'crossref', 'publisher': 'crossref', 'url': 'crossref', 'lang': 'heuristic'}","{'crossref': 4, 'heuristic': 1}","X010.R000 resolved | hits:OA,CR | winner:- | filled:venue:CR; lang:HE | missing:-",PASS_FLAGGED,,,EC-2,EC-3,PASS_FLAGGED: uncertain EC-3,"{""EC-2"": {""status"": ""MET"", ""decision"": ""not_meet"", ""confidence"": 0.8, ""threshold"": 0.6, ""field"": ""keywords"", ""quote"": ""Offensive; Brain–computer interface; Computer science; Human–computer interaction; Game design; Interface (matter); Gesture; Mixed reality; Computer game; Space (punctuation); Game play; Point (geometry)"", ""quote_valid"": true, ""span"": [12, 36], ""used"": true}, ""EC-3"": {""status"": ""UNCERTAIN"", ""decision"": ""not_meet"", ""confidence"": 0.95, ""threshold"": 0.6, ""field"": ""keywords"", ""quote"": """", ""quote_valid"": false, ""span"": [-1, -1], ""used"": true}}"
A320,10114532906073312754,BrainShare,Sarah Faltaous; Gabriel Haas; Liliana Barrios; Andreas Seiderer; Sebastian Felix Rauh; Han Joo Chae; Stefan Schneegaß; Florian Alt,Sarah Faltaous,2019.0,10.1145/3290607.3312754,,,,Extended Abstracts of the 2019 CHI Conference on Human Factors in Computing Systems,,,1-6,ACM,en,https://doi.org/10.1145/3290607.3312754,0.9,resolved,openalex,2026-01-22T21:50:10Z,X010,"Locked-in syndrome (LIS) patients are partially or entirely paralyzed but fully conscious. Those patients report a high quality of life and desire to remain active in their society and families. We propose a system for enhancing social interactions of LIS patients with their families and friends with the goal of improving their overall quality of life. Our system comprises a Brain-Computer Interface (BCI), augmented-reality glasses, and a screen that shares the view of a caretaker with the patient. This setting targets both patients and caretakers: (1) it allows the patient to experience the outside world through the eyes of the caretaker and (2) it creates a way of active communication between patient and caretaker to convey needs and advice. To validate our approach, we showcased our prototype and conducted interviews that demonstrate the potential benefit for affected patients.",Quality of life (healthcare); Interface (matter); Computer science; Quality (philosophy); Psychology; Human–computer interaction; Multimedia; Internet privacy; Psychotherapist; Epistemology; Parallel computing; Philosophy,True,conference,True,True,False,doi,,"{'venue': 'crossref', 'pages': 'crossref', 'publisher': 'crossref', 'url': 'crossref', 'lang': 'heuristic'}","{'crossref': 4, 'heuristic': 1}","X010.R000 resolved | hits:OA,CR | winner:- | filled:venue:CR; lang:HE | missing:-",PASS_FLAGGED,,,EC-2,EC-3,PASS_FLAGGED: uncertain EC-3,"{""EC-2"": {""status"": ""MET"", ""decision"": ""not_meet"", ""confidence"": 0.75, ""threshold"": 0.6, ""field"": ""keywords"", ""quote"": ""Quality of life (healthcare); Interface (matter); Computer science; Quality (philosophy); Psychology; Human–computer interaction; Multimedia; Internet privacy; Psychotherapist; Epistemology; Parallel computing; Philosophy"", ""quote_valid"": true, ""span"": [12, 36], ""used"": true}, ""EC-3"": {""status"": ""UNCERTAIN"", ""decision"": ""not_meet"", ""confidence"": 0.95, ""threshold"": 0.6, ""field"": ""keywords"", ""quote"": """", ""quote_valid"": false, ""span"": [-1, -1], ""used"": true}}"
A321,10114534117643446866,Grand Challenges in Immersive Analytics,Barrett Ens; Benjamin Bach; Maxime Cordeil; Ulrich Engelke; Marcos Serrano; Wesley Willett; Arnaud Prouzeau; Christoph Anthes; Wolfgang Büschel; Cody Dunne; Tim Dwyer; Jens Grubert; Jason Haga; Nurit Kirshenbaum; Dylan Kobayashi; Tica Lin; Monsurat Olaosebikan; Fabian Pointecker; David Saffo; Nazmus Saquib; Dieter Schmalstieg; Danielle Albers Szafir; Matt Whitlock; Yalong Yang,Barrett Ens,2021.0,10.1145/3411764.3446866,,,,Proceedings of the 2021 CHI Conference on Human Factors in Computing Systems,,,1-17,ACM,en,https://doi.org/10.1145/3411764.3446866,0.9,resolved,openalex,2026-01-22T21:50:10Z,X010,"Immersive Analytics is a quickly evolving field that unites several areas such as visualisation, immersive environments, and human-computer interaction to support human data analysis with emerging technologies. This research has thrived over the past years with multiple workshops, seminars, and a growing body of publications, spanning several conferences. Given the rapid advancement of interaction technologies and novel application domains, this paper aims toward a broader research agenda to enable widespread adoption. We present 17 key research challenges developed over multiple sessions by a diverse group of 24 international experts, initiated from a virtual scientific workshop at ACM CHI 2020. These challenges aim to coordinate future work by providing a systematic roadmap of current directions and impending hurdles to facilitate productive and effective applications for Immersive Analytics.",Analytics; Computer science; Data science; Grand Challenges; Field (mathematics); Visualization; Visual analytics; Virtual reality; Work (physics); Emerging technologies; Key (lock); Cultural analytics,True,conference,True,True,False,doi,,"{'venue': 'crossref', 'pages': 'crossref', 'publisher': 'crossref', 'url': 'crossref', 'lang': 'heuristic'}","{'crossref': 4, 'heuristic': 1}","X010.R000 resolved | hits:OA,CR | winner:- | filled:venue:CR; lang:HE | missing:-",PASS_FLAGGED,,,,"EC-2,EC-3","PASS_FLAGGED: uncertain EC-2, EC-3","{""EC-2"": {""status"": ""UNCERTAIN"", ""decision"": ""not_meet"", ""confidence"": 0.8, ""threshold"": 0.6, ""field"": ""keywords"", ""quote"": ""Immersive Analytics"", ""quote_valid"": false, ""span"": [0, 14], ""used"": true}, ""EC-3"": {""status"": ""UNCERTAIN"", ""decision"": ""not_meet"", ""confidence"": 0.8, ""threshold"": 0.6, ""field"": ""keywords"", ""quote"": ""Immersive Analytics"", ""quote_valid"": false, ""span"": [0, 14], ""used"": true}}"
A322,101109tnsre20203038209,Combination of Augmented Reality Based Brain- Computer Interface and Computer Vision for High-Level Control of a Robotic Arm,Xiaogang Chen; Xiaoshan Huang; Yijun Wang; Xiaorong Gao,Xiaogang Chen,2020.0,10.1109/tnsre.2020.3038209,https://pubmed.ncbi.nlm.nih.gov/33196442,,,IEEE Transactions on Neural Systems and Rehabilitation Engineering,28,12,3140-3147,Institute of Electrical and Electronics Engineers (IEEE),en,https://doi.org/10.1109/tnsre.2020.3038209,0.9,resolved,openalex,2026-01-22T21:50:10Z,X010,"Recent advances in robotics, neuroscience, and signal processing make it possible to operate a robot through electroencephalography (EEG)-based brain-computer interface (BCI). Although some successful attempts have been made in recent years, the practicality of the entire system still has much room for improvement. The present study designed and realized a robotic arm control system by combing augmented reality (AR), computer vision, and steady-state visual evoked potential (SSVEP)-BCI. AR environment was implemented by a Microsoft HoloLens. Flickering stimuli for eliciting SSVEPs were presented on the HoloLens, which allowed users to see both the robotic arm and the user interface of the BCI. Thus users did not need to switch attention between the visual stimulator and the robotic arm. A four-command SSVEP-BCI was built for users to choose the specific object to be operated by the robotic arm. Once an object was selected, the computer vision would provide the location and color of the object in the workspace. Subsequently, the object was autonomously picked up and placed by the robotic arm. According to the online results obtained from twelve participants, the mean classification accuracy of the proposed system was 93.96 ± 5.05%. Moreover, all subjects could utilize the proposed system to successfully pick and place objects in a specific order. These results demonstrated the potential of combining AR-BCI and computer vision to control robotic arms, which is expected to further promote the practicality of BCI-controlled robots.",Brain–computer interface; Robotic arm; Computer science; Interface (matter); Workspace; Artificial intelligence; Computer vision; Robot; Robotics; Human–computer interaction; Augmented reality; Object (grammar),False,article,True,True,False,doi,,"{'venue': 'crossref', 'volume': 'crossref', 'issue': 'crossref', 'pages': 'crossref', 'publisher': 'crossref', 'url': 'crossref', 'lang': 'heuristic'}","{'crossref': 6, 'heuristic': 1}","X010.R000 resolved | hits:OA,CR | winner:- | filled:venue:CR; lang:HE | missing:-",PASS_FLAGGED,,,EC-3,EC-2,PASS_FLAGGED: uncertain EC-2,"{""EC-2"": {""status"": ""UNCERTAIN"", ""decision"": ""not_meet"", ""confidence"": 0.7, ""threshold"": 0.6, ""field"": ""abstract"", ""quote"": ""operating a robot through electroencephalography (EEG)-based brain-computer interface (BCI)"", ""quote_valid"": false, ""span"": [168, 204], ""used"": true}, ""EC-3"": {""status"": ""MET"", ""decision"": ""not_meet"", ""confidence"": 0.7, ""threshold"": 0.6, ""field"": ""keywords"", ""quote"": ""Brain–computer interface"", ""quote_valid"": true, ""span"": [0, 25], ""used"": true}}"
A323,103390s20041204,Embodiment Is Related to Better Performance on a Brain–Computer Interface in Immersive Virtual Reality: A Pilot Study,Julia M. Juliano; Ryan Spicer; Athanasios Vourvopoulos; Stéphanie Lefebvre; Kay Jann; Tyler Ard; Emiliano Santarnecchi; David M. Krum; Sook‐Lei Liew,Julia M. Juliano,2020.0,10.3390/s20041204,https://pubmed.ncbi.nlm.nih.gov/32098317,,,Sensors,20,4,1204,MDPI AG,en,https://doi.org/10.3390/s20041204,0.9,resolved,openalex,2026-01-22T21:50:11Z,X010,"Electroencephalography (EEG)-based brain–computer interfaces (BCIs) for motor rehabilitation aim to “close the loop” between attempted motor commands and sensory feedback by providing supplemental information when individuals successfully achieve specific brain patterns. Existing EEG-based BCIs use various displays to provide feedback, ranging from displays considered more immersive (e.g., head-mounted display virtual reality (HMD-VR)) to displays considered less immersive (e.g., computer screens). However, it is not clear whether more immersive displays improve neurofeedback performance and whether there are individual performance differences in HMD-VR versus screen-based neurofeedback. In this pilot study, we compared neurofeedback performance in HMD-VR versus a computer screen in 12 healthy individuals and examined whether individual differences on two measures (i.e., presence, embodiment) were related to neurofeedback performance in either environment. We found that, while participants’ performance on the BCI was similar between display conditions, the participants’ reported levels of embodiment were significantly different. Specifically, participants experienced higher levels of embodiment in HMD-VR compared to a computer screen. We further found that reported levels of embodiment positively correlated with neurofeedback performance only in HMD-VR. Overall, these preliminary results suggest that embodiment may relate to better performance on EEG-based BCIs and that HMD-VR may increase embodiment compared to computer screens.",Neurofeedback; Brain–computer interface; Virtual reality; Electroencephalography; Computer science; Sensorimotor rhythm; Motor imagery; Brain activity and meditation; Human–computer interaction; Psychology; Neuroscience,True,article,True,True,False,doi,,"{'venue': 'crossref', 'volume': 'crossref', 'issue': 'crossref', 'pages': 'crossref', 'publisher': 'crossref', 'url': 'crossref', 'lang': 'crossref'}",{'crossref': 7},"X010.R000 resolved | hits:OA,CR | winner:- | filled:venue:CR; lang:CR | missing:-",PASS_CLEAN,,,"EC-2,EC-3",,PASS_CLEAN: all EL criteria MET.,"{""EC-2"": {""status"": ""MET"", ""decision"": ""not_meet"", ""confidence"": 0.9, ""threshold"": 0.6, ""field"": ""abstract"", ""quote"": ""Electroencephalography (EEG)-based brain–computer interfaces (BCIs) for motor rehabilitation"", ""quote_valid"": true, ""span"": [16, 85], ""used"": true}, ""EC-3"": {""status"": ""MET"", ""decision"": ""not_meet"", ""confidence"": 0.9, ""threshold"": 0.6, ""field"": ""keywords"", ""quote"": ""Neurofeedback; Brain–computer interface; Virtual reality"", ""quote_valid"": true, ""span"": [0, 41], ""used"": true}}"
A324,101016jcompbiomed2020104079,Improving performance in motor imagery BCI-based control applications via virtually embodied feedback,Jin Woo Choi; Sejoon Huh; Sungho Jo,Jin Woo Choi,2020.0,10.1016/j.compbiomed.2020.104079,https://pubmed.ncbi.nlm.nih.gov/33126130,,,Computers in Biology and Medicine,127,,104079,Elsevier BV,en,https://doi.org/10.1016/j.compbiomed.2020.104079,0.9,resolved,openalex,2026-01-22T21:50:11Z,X010,,Brain–computer interface; Motor imagery; Virtual reality; Computer science; Embodied cognition; Electroencephalography; Control (management); Human–computer interaction; Interface (matter); Neurofeedback; Motor control; Brain activity and meditation,False,article,True,True,True,doi,,"{'venue': 'crossref', 'volume': 'crossref', 'pages': 'crossref', 'publisher': 'crossref', 'url': 'crossref', 'lang': 'crossref'}",{'crossref': 6},"X010.R000 resolved | hits:OA,CR,S2 | winner:- | filled:venue:CR; lang:CR | missing:abstract",PASS_FLAGGED,,,EC-2,EC-3,PASS_FLAGGED: uncertain EC-3,"{""EC-2"": {""status"": ""MET"", ""decision"": ""not_meet"", ""confidence"": 0.7, ""threshold"": 0.6, ""field"": ""keywords"", ""quote"": ""Brain–computer interface; Motor imagery; Virtual reality"", ""quote_valid"": true, ""span"": [0, 39], ""used"": true}, ""EC-3"": {""status"": ""UNCERTAIN"", ""decision"": ""not_meet"", ""confidence"": 0.65, ""threshold"": 0.6, ""field"": ""abstract"", ""quote"": """", ""quote_valid"": false, ""span"": [-1, -1], ""used"": true}}"
A325,10114533138313376599,Neo-Noumena,Nathan Semertzidis; Michaela Vranic‐Peters; Josh Andrés; Brahmi Dwivedi; Yutika Chandrashekhar Kulwe; Fabio Zambetta; Florian Mueller,Nathan Semertzidis,2020.0,10.1145/3313831.3376599,,,,Proceedings of the 2020 CHI Conference on Human Factors in Computing Systems,,,1-13,ACM,en,https://doi.org/10.1145/3313831.3376599,0.9,resolved,openalex,2026-01-22T21:50:12Z,X010,"The subjective experience of emotion is notoriously difficult to interpersonally communicate. We believe that technology can challenge this notion through the design of neuroresponsive systems for interpersonal communication. We explore this through ""Neo-Noumena"", a communicative neuroresponsive system that uses brain-computer interfacing and artificial intelligence to read one's emotional states and dynamically represent them to others in mixed reality through two head-mounted displays. In our study five participant pairs were given Neo-Noumena for three days, using the system freely. Measures of emotional competence demonstrated a statistically significant increase in participants' ability to interpersonally regulate emotions. Furthermore, participant interviews revealed themes regarding Spatiotemporal Actualization, Objective Representation, and Preternatural Transmission. We also suggest design strategies for future augmented emotion communication systems. We intend that work gives guidance towards a future in which our ability to interpersonally communicate emotion is augmented beyond traditional experience.",Interfacing; Interpersonal communication; Psychology; Emotional intelligence; Competence (human resources); Human–computer interaction; Computer science; Communicative competence; Social psychology; Pedagogy; Computer hardware,False,conference,True,True,False,doi,,"{'venue': 'crossref', 'pages': 'crossref', 'publisher': 'crossref', 'url': 'crossref', 'lang': 'heuristic'}","{'crossref': 4, 'heuristic': 1}","X010.R000 resolved | hits:OA,CR | winner:- | filled:venue:CR; lang:HE | missing:-",PASS_FLAGGED,,,,"EC-2,EC-3","PASS_FLAGGED: uncertain EC-2, EC-3","{""EC-2"": {""status"": ""UNCERTAIN"", ""decision"": ""not_meet"", ""confidence"": 0.8, ""threshold"": 0.6, ""field"": ""abstract"", ""quote"": ""Neo-Noumena, a communicative neuroresponsive system that uses brain-computer interfacing and artificial intelligence to read one's emotional states and dynamically represent them to others in mixed reality through two head-mounted displays."", ""quote_valid"": false, ""span"": [123, 304], ""used"": true}, ""EC-3"": {""status"": ""UNCERTAIN"", ""decision"": ""not_meet"", ""confidence"": 0.85, ""threshold"": 0.6, ""field"": ""keywords"", ""quote"": ""Interpersonal communication; Human–computer interaction"", ""quote_valid"": false, ""span"": [46, 71], ""used"": true}}"
A326,101109jbhi20203047836,The Current Research of Combining Multi-Modal Brain-Computer Interfaces With Virtual Reality,Wen Dong; Bingbing Liang; Yanhong Zhou; Hongqian Chen; Tzyy‐Ping Jung,Wen Dong,2020.0,10.1109/jbhi.2020.3047836,https://pubmed.ncbi.nlm.nih.gov/33373308,,,IEEE Journal of Biomedical and Health Informatics,25,9,3278-3287,Institute of Electrical and Electronics Engineers (IEEE),en,https://doi.org/10.1109/jbhi.2020.3047836,0.9,resolved,openalex,2026-01-22T21:50:13Z,X010,"Combing brain-computer interfaces (BCI) and virtual reality (VR) is a novel technique in the field of medical rehabilitation and game entertainment. However, the limitations of BCI such as a limited number of action commands and low accuracy hinder the widespread use of BCI-VR. Recent studies have used hybrid BCIs that combine multiple BCI paradigms and/or the multi-modal biosensors to alleviate these issues, which may become the mainstream of BCIs in the future. The main purpose of this review is to discuss the current status of multi-modal BCI-VR. This study first reviewed the development of the BCI-VR, and explored the advantages and disadvantages of incorporating eye tracking, motor capture, and myoelectric sensing into the BCI-VR system. Then, this study discussed the development trend of the multi-modal BCI-VR, hoping to provide a pathway for further research in this field.",Brain–computer interface; Virtual reality; Computer science; Human–computer interaction; Modal; Field (mathematics); Interface (matter); Electroencephalography; Psychology; Chemistry; Maximum bubble pressure method; Psychiatry,False,article,True,True,False,doi,,"{'venue': 'crossref', 'volume': 'crossref', 'issue': 'crossref', 'pages': 'crossref', 'publisher': 'crossref', 'url': 'crossref', 'lang': 'heuristic'}","{'crossref': 6, 'heuristic': 1}","X010.R000 resolved | hits:OA,CR | winner:- | filled:venue:CR; lang:HE | missing:-",PASS_CLEAN,,,"EC-2,EC-3",,PASS_CLEAN: all EL criteria MET.,"{""EC-2"": {""status"": ""MET"", ""decision"": ""not_meet"", ""confidence"": 0.8, ""threshold"": 0.6, ""field"": ""keywords"", ""quote"": ""Brain–computer interface; Virtual reality"", ""quote_valid"": true, ""span"": [14, 25], ""used"": true}, ""EC-3"": {""status"": ""MET"", ""decision"": ""not_meet"", ""confidence"": 0.8, ""threshold"": 0.6, ""field"": ""keywords"", ""quote"": ""Modal"", ""quote_valid"": true, ""span"": [15, 17], ""used"": true}}"
A327,10114533344803382889,Attention-Aware Brain Computer Interface to Avoid Distractions in Augmented Reality,Lisa-Marie Vortmann; Felix Putze,Lisa-Marie Vortmann,2020.0,10.1145/3334480.3382889,,,,Extended Abstracts of the 2020 CHI Conference on Human Factors in Computing Systems,,,1-8,ACM,en,https://doi.org/10.1145/3334480.3382889,0.9,resolved,openalex,2026-01-22T21:50:13Z,X010,"Recently, the idea of using BCIs in Augmented Reality settings to operate systems has emerged. One problem of such head-mounted displays is the distraction caused by an unavoidable display of control elements even when focused on internal thoughts. In this project, we reduced this distraction by including information about the current attentional state. A multimodal smart-home environment was altered to adapt to the user's state of attention. The system only responded if the attentional orientation was classified as ""external"". The classification was based on multimodal EEG and eye tracking data. Seven users tested the attention-aware system in comparison to the unaware system. We show that the adaptation of the interface improved the usability of the system. We conclude that more systems would benefit from awareness of the user's ongoing attentional state.",Distraction; Computer science; Human–computer interaction; Augmented reality; Usability; Interface (matter); Adaptation (eye); Orientation (vector space); Eye tracking; Brain–computer interface; User interface; State (computer science),False,conference,True,True,False,doi,,"{'venue': 'crossref', 'pages': 'crossref', 'publisher': 'crossref', 'url': 'crossref', 'lang': 'heuristic'}","{'crossref': 4, 'heuristic': 1}","X010.R000 resolved | hits:OA,CR | winner:- | filled:venue:CR; lang:HE | missing:-",PASS_FLAGGED,,,EC-3,EC-2,PASS_FLAGGED: uncertain EC-2,"{""EC-2"": {""status"": ""UNCERTAIN"", ""decision"": ""not_meet"", ""confidence"": 0.9, ""threshold"": 0.6, ""field"": ""abstract"", ""quote"": ""The idea of using BCIs in Augmented Reality settings to operate systems has emerged."", ""quote_valid"": false, ""span"": [61, 84], ""used"": true}, ""EC-3"": {""status"": ""MET"", ""decision"": ""not_meet"", ""confidence"": 0.9, ""threshold"": 0.6, ""field"": ""abstract"", ""quote"": ""The classification was based on multimodal EEG and eye tracking data."", ""quote_valid"": true, ""span"": [68, 84], ""used"": true}}"
A328,1026599bsa20209050021,Subject inefficiency phenomenon of motor imagery brain-computer interface: Influence factors and potential solutions,Rui Zhang; Fali Li; Tao Zhang; Dezhong Yao; Peng Xu,Rui Zhang,2020.0,10.26599/bsa.2020.9050021,,,,Brain Science Advances,6,3,224-241,Tsinghua University Press,en,https://doi.org/10.26599/bsa.2020.9050021,0.9,resolved,openalex,2026-01-22T21:50:13Z,X010,"Motor imagery brain–computer interfaces (MI‐BCIs) have great potential value in prosthetics control, neurorehabilitation, and gaming; however, currently, most such systems only operate in controlled laboratory environments. One of the most important obstacles is the MI‐BCI inefficiency phenomenon. The accuracy of MI‐BCI control varies significantly (from chance level to 100% accuracy) across subjects due to the not easily induced and unstable MI‐related EEG features. An MI‐BCI inefficient subject is defined as a subject who cannot achieve greater than 70% accuracy after sufficient training time, and multiple survey results indicate that inefficient subjects account for 10%–50% of the experimental population. The widespread use of MI‐BCI has been seriously limited due to these large percentages of inefficient subjects. In this review, we summarize recent findings of the cause of MI‐BCI inefficiency from resting‐state brain function, task‐related brain activity, brain structure, and psychological perspectives. These factors help understand the reasons for inter‐subject MI‐BCI control performance variability, and it can be concluded that the lower resting‐state sensorimotor rhythm (SMR) is the key factor in MI‐BCI inefficiency, which has been confirmed by multiple independent laboratories. We then propose to divide MI‐BCI inefficient subjects into three categories according to the resting‐state SMR and offline/online accuracy to apply more accurate approaches to solve the inefficiency problem. The potential solutions include developing transfer learning algorithms, new experimental paradigms, mindfulness meditation practice, novel training strategies, and identifying new motor imagery‐related EEG features. To date, few studies have focused on improving the control accuracy of MI‐BCI inefficient subjects; thus, we appeal to the BCI community to focus more on this research area. Only by reducing the percentage of inefficient subjects can we create the opportunity to expand the value and influence of MI‐BCI.",Brain–computer interface; Motor imagery; Inefficiency; Electroencephalography; Computer science; Brain activity and meditation; Sensorimotor rhythm; Population; Resting state fMRI; Interface (matter); Artificial intelligence; Machine learning,True,article,True,True,False,doi,,"{'venue': 'crossref', 'volume': 'crossref', 'issue': 'crossref', 'pages': 'crossref', 'publisher': 'crossref', 'url': 'crossref', 'lang': 'crossref'}",{'crossref': 7},"X010.R000 resolved | hits:OA,CR | winner:- | filled:venue:CR; lang:CR | missing:-",PASS_CLEAN,,,"EC-2,EC-3",,PASS_CLEAN: all EL criteria MET.,"{""EC-2"": {""status"": ""MET"", ""decision"": ""not_meet"", ""confidence"": 0.75, ""threshold"": 0.6, ""field"": ""title"", ""quote"": ""Subject inefficiency phenomenon of motor imagery brain-computer interface: Influence factors and potential solutions"", ""quote_valid"": true, ""span"": [0, 61], ""used"": true}, ""EC-3"": {""status"": ""MET"", ""decision"": ""not_meet"", ""confidence"": 0.75, ""threshold"": 0.6, ""field"": ""keywords"", ""quote"": ""Brain–computer interface"", ""quote_valid"": true, ""span"": [19, 32], ""used"": true}}"
A329,10114533859563422122,AffectivelyVR: Towards VR Personalized Emotion Recognition,Kunal Gupta; Jovana Lazarević; Yun Suen Pai; Mark Billinghurst,Kunal Gupta,2020.0,10.1145/3385956.3422122,,,,26th ACM Symposium on Virtual Reality Software and Technology,,,1-3,ACM,en,https://doi.org/10.1145/3385956.3422122,0.9,resolved,openalex,2026-01-22T21:50:14Z,X010,"We present AffectivelyVR, a personalized real-time emotion recognition system in Virtual Reality (VR) that enables an emotion-adaptive virtual environment. We used off-the-shelf Electroencephalogram (EEG) and Galvanic Skin Response (GSR) physiological sensors to train user-specific machine learning models while exposing users to affective 360° VR videos. Since emotions are largely dependent on interpersonal experiences and expressed in different ways for different people, we personalize the model instead of generalizing it. By doing this, we achieved an emotion recognition rate of 96.5% using the personalized KNN algorithm, and 83.7% using the generalized SVM algorithm.",Computer science; Emotion recognition; Virtual reality; Support vector machine; Electroencephalography; Human–computer interaction; Emotion detection; Artificial intelligence; Speech recognition; Psychology; Psychiatry,False,conference,True,True,False,doi,,"{'venue': 'crossref', 'pages': 'crossref', 'publisher': 'crossref', 'url': 'crossref', 'lang': 'heuristic'}","{'crossref': 4, 'heuristic': 1}","X010.R000 resolved | hits:OA,CR | winner:- | filled:venue:CR; lang:HE | missing:-",PASS_CLEAN,,,"EC-2,EC-3",,PASS_CLEAN: all EL criteria MET.,"{""EC-2"": {""status"": ""MET"", ""decision"": ""not_meet"", ""confidence"": 0.85, ""threshold"": 0.6, ""field"": ""abstract"", ""quote"": ""We used off-the-shelf Electroencephalogram (EEG) and Galvanic Skin Response (GSR) physiological sensors to train user-specific machine learning models while exposing users to affective 360° VR videos."", ""quote_valid"": true, ""span"": [45, 128], ""used"": true}, ""EC-3"": {""status"": ""MET"", ""decision"": ""not_meet"", ""confidence"": 0.85, ""threshold"": 0.6, ""field"": ""abstract"", ""quote"": ""We used off-the-shelf Electroencephalogram (EEG) and Galvanic Skin Response (GSR) physiological sensors to train user-specific machine learning models while exposing users to affective 360° VR videos."", ""quote_valid"": true, ""span"": [45, 78], ""used"": true}}"
A330,101109memea4912020209137144,Robotic Autism Rehabilitation by Wearable Brain-Computer Interface and Augmented Reality,Pasquale Arpaïa; Carmela Bravaccio; Giuseppina Corrado; Luigi Duraccio; Nicola Moccaldi; Silvia Rossi,Pasquale Arpaïa,2020.0,10.1109/memea49120.2020.9137144,,,,2020 IEEE International Symposium on Medical Measurements and Applications (MeMeA),,,1-6,IEEE,en,https://doi.org/10.1109/memea49120.2020.9137144,0.9,resolved,openalex,2026-01-22T21:50:14Z,X010,"An instrument based on the integration of Brain Computer Interface (BCI) and Augmented Reality (AR) is proposed for robotic autism rehabilitation. Flickering stimuli at fixed frequencies appear on the display of Augmented Reality (AR) glasses. When the user focuses on one of the stimuli a Steady State Visual Evoked Potentials (SSVEP) occurs on his occipital region. A single-channel electroencephalographic Brain Computer Interface detects the elicited SSVEP and sends the corresponding commands to a mobile robot. The device's high wearability (single channel and dry electrodes), and the trainingless usability are fundamental for the acceptance by Autism Spectrum Disorder (ASD) children. Effectively controlling the movements of a robot through a new channel enhances rehabilitation engagement and effectiveness. A case study at an accredited rehabilitation center on 10 healthy adult subjects highlighted an average accuracy higher than 83%. Preliminary further tests at the Department of Translational Medical Sciences of University of Naples Federico II on 3 ASD patients between 8 and 10 years old provided positive feedback on device acceptance and attentional performance.",Wearable computer; Augmented reality; Autism; Human–computer interaction; Computer science; Interface (matter); Rehabilitation; Brain–computer interface; Psychology; Neuroscience; Embedded system; Electroencephalography,False,conference,True,True,False,doi,,"{'venue': 'crossref', 'pages': 'crossref', 'publisher': 'crossref', 'url': 'crossref', 'lang': 'heuristic'}","{'crossref': 4, 'heuristic': 1}","X010.R000 resolved | hits:OA,CR | winner:- | filled:venue:CR; lang:HE | missing:-",PASS_CLEAN,,,"EC-2,EC-3",,PASS_CLEAN: all EL criteria MET.,"{""EC-2"": {""status"": ""MET"", ""decision"": ""not_meet"", ""confidence"": 0.95, ""threshold"": 0.6, ""field"": ""abstract"", ""quote"": ""An instrument based on the integration of Brain Computer Interface (BCI) and Augmented Reality (AR) is proposed for robotic autism rehabilitation."", ""quote_valid"": true, ""span"": [28, 103], ""used"": true}, ""EC-3"": {""status"": ""MET"", ""decision"": ""not_meet"", ""confidence"": 0.92, ""threshold"": 0.6, ""field"": ""keywords"", ""quote"": ""Brain–computer interface"", ""quote_valid"": true, ""span"": [21, 34], ""used"": true}}"
A331,101007s11257020092860,BARGAIN: behavioral affective rule-based games adaptation interface–towards emotionally intelligent games: application on a virtual reality environment for socio-moral development,Mohamed S. Benlamine; Aude Dufresne; Miriam H. Beauchamp; Claude Frasson,Mohamed S. Benlamine,2021.0,10.1007/s11257-020-09286-0,,,,User Modeling and User-Adapted Interaction,31,2,287-321,Springer Science and Business Media LLC,en,https://doi.org/10.1007/s11257-020-09286-0,0.9,resolved,openalex,2026-01-22T21:50:14Z,X010,"This paper presents a framework for adapting game elements to the player’s affective state and the integration of the framework in a virtual reality environment for moral development. These game elements include gestural and facial expressions of avatars during dialogues with the player, background music, the score, game mechanics, aesthetics and learning. The framework BARGAIN (Behavioral Affective Rule-based Games Adaptation Interface) is an authoring tool for affective game design providing a visual interface based on finite state machine (FSM) technique to represent the affective rules as state transitions graph dependent on the player emotional state assessed using facial expression recognition system based on electroencephalography (EEG) data. We conducted a user study (n = 29) examining the effects of the resulting affective virtual reality game on players’ experience using the Game experience Questionnaire (GEQ) (IJsselsteijn et al. in The game experience questionnaire, Technische Universiteit Eindhoven, Eindhoven, 2013). The results show significant correlation between the GEQ dimensions and the player's facial expressions during his interaction with the Non-Player Characters (NPCs) within the VR game. These findings highlight that adapting games to user's emotions enhance the players’ experience.",Adaptation (eye); Virtual reality; Human–computer interaction; Psychology; Interface (matter); Computer science; Cognitive psychology; Social psychology; Parallel computing; Maximum bubble pressure method; Neuroscience; Bubble,False,article,True,True,True,doi,,"{'venue': 'crossref', 'volume': 'crossref', 'issue': 'crossref', 'pages': 'crossref', 'publisher': 'crossref', 'url': 'crossref', 'lang': 'crossref', 'abstract': 'unpaywall'}","{'crossref': 7, 'unpaywall': 1}","X010.R000 resolved | hits:OA,CR,S2 | winner:- | filled:venue:CR; lang:CR; abstract:UN | missing:-",PASS_CLEAN,,,"EC-2,EC-3",,PASS_CLEAN: all EL criteria MET.,"{""EC-2"": {""status"": ""MET"", ""decision"": ""not_meet"", ""confidence"": 0.95, ""threshold"": 0.6, ""field"": ""keywords"", ""quote"": ""Virtual reality"", ""quote_valid"": true, ""span"": [26, 34], ""used"": true}, ""EC-3"": {""status"": ""MET"", ""decision"": ""not_meet"", ""confidence"": 0.8, ""threshold"": 0.6, ""field"": ""keywords"", ""quote"": ""Virtual reality"", ""quote_valid"": true, ""span"": [26, 35], ""used"": true}}"
A332,10115520215531176,Mitigating Psychological Trauma on Adult Burn Patients Based on Virtual Reality Technology of Smart Medical Treatment,Hong‐Li Ren; Yunpeng Du; Xiaofen Feng; Jiamin Pu; Xiaoyan Xiang,Hong‐Li Ren,2021.0,10.1155/2021/5531176,https://pubmed.ncbi.nlm.nih.gov/33833857,,,Journal of Healthcare Engineering,2021,,1-11,Wiley,en,https://doi.org/10.1155/2021/5531176,0.9,resolved,openalex,2026-01-22T21:50:16Z,X010,"Virtual reality (VR) is one of the hot spots in the computer network world in recent years, which has attracted more and more people’s attention. This study mainly explores the effect of mitigating the psychological trauma of adult burn patients based on the VR technology of smart medical treatment. First, the EEG data are sent to the data processing module through a wireless protocol; then, the data processing module denoises the EEG data and performs feature extraction and feedback parameter calculation; after that, these parameters will be sent to the VR interaction engine; based on this, these parameters change the VR scene to capture and reflect the physiological activities of the patient’s brain in real time; finally, the patient uses the VR scene content presented by the real-time feedback of the captured EEG signal as a guide to making self-adjustment in time, and the electrical signal of captured brain at this time is again transmitted to the next work cycle and continues to feed back and present new VR interactive scenes to guide and intervene in the patient’s self-regulation behavior. The VR feedback training module is responsible for receiving the characteristic data calculated from the EEG acquisition and processing module and converts it into parameter variables that control the VR intervention system. The system user adjusts the state according to the feedback information displayed in the VR scene and generates new EEG signals to promote the realization of self-adjustment. The biofeedback training based on EEG feeds back the intuitive EEG state to the patient, prompting them to learn how to realize self-regulation and achieve the purpose of adjusting the level of mental health. The degree of itching and pain in the VR treatment group was alleviated, and compared with the normal training treatment results, it was statistically significant ( <a:math xmlns:a=""http://www.w3.org/1998/Math/MathML"" id=""M1""><a:mi>P</a:mi><a:mo>&gt;</a:mo><a:mn>0.05</a:mn></a:math> ). This study has a positive effect on the psychological intervention of patients with facial injuries.",Virtual reality; Electroencephalography; Computer science; Biofeedback; Realization (probability); Human–computer interaction; Feature (linguistics); Data acquisition; Brain–computer interface; Protocol (science); Simulation; Artificial intelligence,True,article,True,True,False,doi,,"{'venue': 'crossref', 'volume': 'crossref', 'pages': 'crossref', 'publisher': 'crossref', 'url': 'crossref', 'lang': 'crossref'}",{'crossref': 6},"X010.R000 resolved | hits:OA,CR | winner:- | filled:venue:CR; lang:CR | missing:-",EXCLUSION_SUPPRESSED,,,EC-3,,"EXCLUSION_SUPPRESSED: the model returned an excluding verdict on EC-2 which passed the evidence gate. Flag-only is in force for this provider, so the record was NOT excluded and needs human review.","{""EC-2"": {""status"": ""SUPPRESSED"", ""decision"": ""meet"", ""confidence"": 0.85, ""threshold"": 0.6, ""field"": ""keywords"", ""quote"": ""Virtual reality"", ""quote_valid"": true, ""span"": [19, 27], ""used"": true}, ""EC-3"": {""status"": ""MET"", ""decision"": ""not_meet"", ""confidence"": 0.9, ""threshold"": 0.6, ""field"": ""keywords"", ""quote"": ""Virtual reality"", ""quote_valid"": true, ""span"": [14, 23], ""used"": true}}"
A333,10114534045553404625,Humanoid Robot Control System Based on AR-SSVEP,Yao Wang; Xiang Zhang; Kun Li; Jinhai Wang; Xiaogang Chen,Yao Wang,2020.0,10.1145/3404555.3404625,,,,Proceedings of the 2020 6th International Conference on Computing and Artificial Intelligence,,,529-533,ACM,en,https://doi.org/10.1145/3404555.3404625,0.9,resolved,openalex,2026-01-22T21:50:17Z,X010,"In the brain computer interface (BCI), steady-state visual evoked potential (SSVEP) is a relatively common input signal of human-computer interaction systems. However, it often requires a fixed computer screen as a visual stimulator, which limits the flexibility of its application. In this research, HoloLens glasses are used as visual stimulators in a BCI system based on augmented reality to control the humanoid robot NAO to recognize and grasp objects. The system uses augmented reality device to induce steady-state visual evoked potential. The user does not need to perform visual stimulation at a fixed position, which can enhance the applicability in complex environments, thereby achieving more natural human-computer interaction. In order to achieve grasping, this study uses robot monocular vision recognition and establish forward and inverse kinematics models of the robot arms. EEG experiments have been performed to verify the accuracy of the system, it is more flexible and convenient for using augmented reality as stimulators in a humanoid robot control system based on SSVEP-BCI.",Brain–computer interface; Computer science; Humanoid robot; GRASP; Artificial intelligence; Robot; Interface (matter); Computer vision; Flexibility (engineering); Augmented reality; Visualization; Inverse kinematics,False,conference,True,True,False,doi,,"{'venue': 'crossref', 'pages': 'crossref', 'publisher': 'crossref', 'url': 'crossref', 'lang': 'heuristic'}","{'crossref': 4, 'heuristic': 1}","X010.R000 resolved | hits:OA,CR | winner:- | filled:venue:CR; lang:HE | missing:-",PASS_CLEAN,,,"EC-2,EC-3",,PASS_CLEAN: all EL criteria MET.,"{""EC-2"": {""status"": ""MET"", ""decision"": ""not_meet"", ""confidence"": 0.9, ""threshold"": 0.6, ""field"": ""keywords"", ""quote"": ""Augmented reality"", ""quote_valid"": true, ""span"": [46, 54], ""used"": true}, ""EC-3"": {""status"": ""MET"", ""decision"": ""not_meet"", ""confidence"": 0.75, ""threshold"": 0.6, ""field"": ""keywords"", ""quote"": ""Augmented reality"", ""quote_valid"": true, ""span"": [69, 80], ""used"": true}}"
A334,10114534604213480420,A Pilot Study using Covert Visuospatial Attention as an EEG-based Brain Computer Interface to Enhance AR Interaction,Nataliya Kosmyna; Chi-Yun Hu; Yujie Wang; Qiuxuan Wu; C. James Scheirer; Pattie Maes,Nataliya Kosmyna,2021.0,10.1145/3460421.3480420,,,,2021 International Symposium on Wearable Computers,,,43-47,ACM,en,https://doi.org/10.1145/3460421.3480420,0.9,resolved,openalex,2026-01-22T21:50:17Z,X010,"In this work we propose a prototype which combines an existing augmented reality (AR) headset, the Microsoft HoloLens 2, with an electroencephalogram (EEG) Brain-Computer Interface (BCI) system based on covert visuospatial attention (CVSA) – a process of focusing attention on different regions of the visual field without overt eye movements. In this work we did not rely on any stimulus-driven responses. Fourteen participants were able to test the system over the course of two days. To the best of our knowledge, this system is the first AR EEG-BCI integrated prototype that explores the complementary features of the AR headset like HoloLens 2 and the CVSA paradigm.",Headset; Brain–computer interface; Electroencephalography; Covert; Computer science; Headphones; Human–computer interaction; Stimulus (psychology); Augmented reality; Interface (matter); Psychology; Cognitive psychology,True,conference,True,True,False,doi,,"{'venue': 'crossref', 'pages': 'crossref', 'publisher': 'crossref', 'url': 'crossref', 'lang': 'heuristic'}","{'crossref': 4, 'heuristic': 1}","X010.R000 resolved | hits:OA,CR | winner:- | filled:venue:CR; lang:HE | missing:-",EXCLUSION_SUPPRESSED,,,EC-3,,"EXCLUSION_SUPPRESSED: the model returned an excluding verdict on EC-2 which passed the evidence gate. Flag-only is in force for this provider, so the record was NOT excluded and needs human review.","{""EC-2"": {""status"": ""SUPPRESSED"", ""decision"": ""meet"", ""confidence"": 0.8, ""threshold"": 0.6, ""field"": ""keywords"", ""quote"": ""Augmented reality"", ""quote_valid"": true, ""span"": [71, 79], ""used"": true}, ""EC-3"": {""status"": ""MET"", ""decision"": ""not_meet"", ""confidence"": 0.85, ""threshold"": 0.6, ""field"": ""keywords"", ""quote"": ""Augmented reality"", ""quote_valid"": true, ""span"": [71, 82], ""used"": true}}"
A335,10114533950353425207,SmartHelm: Towards Multimodal Detection of Attention in an Outdoor Augmented Reality Biking Scenario,Sromona Chatterjee; Kevin Scheck; Dennis Küster; Felix Putze; Harish Moturu; Johannes Schering; Jorge Marx Gómez; Tanja Schultz,Sromona Chatterjee,2020.0,10.1145/3395035.3425207,,,,Companion Publication of the 2020 International Conference on Multimodal Interaction,,,426-432,ACM,en,https://doi.org/10.1145/3395035.3425207,0.9,resolved,openalex,2026-01-22T21:50:17Z,X010,Driving and biking are complex and attention-demanding tasks for which distractions are a major safety hazard.,Augmented reality; Computer science; Human–computer interaction; Hazard; Organic chemistry; Chemistry,False,conference,True,True,False,doi,,"{'venue': 'crossref', 'pages': 'crossref', 'publisher': 'crossref', 'url': 'crossref', 'lang': 'heuristic'}","{'crossref': 4, 'heuristic': 1}","X010.R000 resolved | hits:OA,CR | winner:- | filled:venue:CR; lang:HE | missing:-",EXCLUSION_SUPPRESSED,,,EC-3,,"EXCLUSION_SUPPRESSED: the model returned an excluding verdict on EC-2 which passed the evidence gate. Flag-only is in force for this provider, so the record was NOT excluded and needs human review.","{""EC-2"": {""status"": ""SUPPRESSED"", ""decision"": ""meet"", ""confidence"": 0.8, ""threshold"": 0.6, ""field"": ""keywords"", ""quote"": ""Augmented reality"", ""quote_valid"": true, ""span"": [26, 34], ""used"": true}, ""EC-3"": {""status"": ""MET"", ""decision"": ""not_meet"", ""confidence"": 0.95, ""threshold"": 0.6, ""field"": ""keywords"", ""quote"": ""Augmented reality"", ""quote_valid"": true, ""span"": [64, 75], ""used"": true}}"
A336,101109bci5127220219385365,Development of an Online Home Appliance Control System for the Elderly Based on SSVEP-Based Brain-Computer Interface: A Feasibility Study,Seonghun Park; Jisoo Ha; Ho‐Seung Cha; Kyeong-Gu Lee; Chang‐Hwan Im,Seonghun Park,2021.0,10.1109/bci51272.2021.9385365,,,,2021 9th International Winter Conference on Brain-Computer Interface (BCI),,,1-2,IEEE,en,https://doi.org/10.1109/bci51272.2021.9385365,0.9,resolved,openalex,2026-01-22T21:50:18Z,X010,"Brain-computer interface (BCI) is a technology that provides a direct communication channel between a user and the external environment using the user's brain activity. For the past decades, however, most BCI systems were tested with young people, even though the elderly are the primary target users of the BCI systems. Moreover, it has been frequently reported that a BCI system with the elderly showed significantly lower performance than that with young people. In the present study, to evaluate the feasibility of a steady-state visual evoked potential (SSVEP)-BCI-based home appliance control system, seventeen people over the age of 65 were recruited in an offline experiment in which their SSVEP responses were recorded while the visual stimuli were presented in an augmented reality (AR) environment via a see-through head-mounted display (HMD). The average classification accuracy of 94.1% and an information transfer rate (ITR) of 46.5 bits/min were achieved with respect to the window size of 3 s. Based on the results from the offline experiment, we tested the proposed online home appliance control system with a 65-year-aged female while the online experiment is still ongoing, increasing the number of the participants.",Brain–computer interface; Computer science; Interface (matter); Information transfer; Channel (broadcasting); Window (computing); Visualization; Human–computer interaction; Transfer (computing); Electroencephalography; Artificial intelligence; Psychology,False,conference,True,True,False,doi,,"{'venue': 'crossref', 'pages': 'crossref', 'publisher': 'crossref', 'url': 'crossref', 'lang': 'heuristic'}","{'crossref': 4, 'heuristic': 1}","X010.R000 resolved | hits:OA,CR | winner:- | filled:venue:CR; lang:HE | missing:-",PASS_CLEAN,,,"EC-2,EC-3",,PASS_CLEAN: all EL criteria MET.,"{""EC-2"": {""status"": ""MET"", ""decision"": ""not_meet"", ""confidence"": 0.8, ""threshold"": 0.6, ""field"": ""keywords"", ""quote"": ""Brain–computer interface"", ""quote_valid"": true, ""span"": [12, 29], ""used"": true}, ""EC-3"": {""status"": ""MET"", ""decision"": ""not_meet"", ""confidence"": 0.8, ""threshold"": 0.6, ""field"": ""keywords"", ""quote"": ""Brain–computer interface"", ""quote_valid"": true, ""span"": [12, 27], ""used"": true}}"
A337,101109vrw52623202100206,The Royal Game of Ur: Virtual Reality Prototype of the Board Game Played in Ancient Mesopotamia,Krzysztof Pietroszek; Zaki Agraraharja; Christian Eckhardt,Krzysztof Pietroszek,2021.0,10.1109/vrw52623.2021.00206,,,,2021 IEEE Conference on Virtual Reality and 3D User Interfaces Abstracts and Workshops (VRW),,,647-648,IEEE,en,https://doi.org/10.1109/vrw52623.2021.00206,0.9,resolved,openalex,2026-01-22T21:50:18Z,X010,"We present a virtual reality implementation of the ""Royal Game of Ur"", an ancient board game played by the people of Akkadian empire since around 3000 BC. The game's rules recently deciphered from the cuneiform's tablets have been implemented using MinMax approach with alpha-beta pruning optimization, allowing for a highly competitive game-play against even the most skilled human players. The game utilizes freehand interaction and, experimentally, a brain computer interface to roll the dice and move the pieces.",Mesopotamia; Computer science; Dice; Akkadian; Game Developer; Video game design; Minimax; Game tree; Game design; Human–computer interaction; Game theory; Sequential game,False,conference,True,True,False,doi,,"{'venue': 'crossref', 'pages': 'crossref', 'publisher': 'crossref', 'url': 'crossref', 'lang': 'heuristic'}","{'crossref': 4, 'heuristic': 1}","X010.R000 resolved | hits:OA,CR | winner:- | filled:venue:CR; lang:HE | missing:-",PASS_CLEAN,,,"EC-2,EC-3",,PASS_CLEAN: all EL criteria MET.,"{""EC-2"": {""status"": ""MET"", ""decision"": ""not_meet"", ""confidence"": 0.65, ""threshold"": 0.6, ""field"": ""abstract"", ""quote"": ""freehand interaction and, experimentally, a brain computer interface to roll the dice and move the pieces."", ""quote_valid"": true, ""span"": [128, 164], ""used"": true}, ""EC-3"": {""status"": ""MET"", ""decision"": ""not_meet"", ""confidence"": 0.9, ""threshold"": 0.6, ""field"": ""abstract"", ""quote"": ""using MinMax approach with alpha-beta pruning optimization"", ""quote_valid"": true, ""span"": [45, 86], ""used"": true}}"
A338,101162leona02145,Transformation of Buddhist Mandalas into a Virtual Reality Installation,Julia A. Scott; Max H. Sims; Lee Harrold; Nicole Jacobus; Cecilia Avelar; Jeffrey Durham,Julia A. Scott,2021.0,10.1162/leon_a_02145,,,,Leonardo,55,3,219-224,MIT Press,en,https://doi.org/10.1162/leon_a_02145,0.9,resolved,openalex,2026-01-22T21:50:18Z,X010,"Abstract Technology can translocate traditional art into interactive, immersive experiences. At the Asian Art Museum of San Francisco, the authors transformed Tibetan Buddhist mandalas into a 3D virtual reality mandala installation. Furthering this project, they externalized an analog of the meditative experience by recording electroencephalograms that dynamically modulated the visual scene. The use of neurofeedback allowed fluctuations in the alpha power to drive the intensity of the fog obscuring the mandala. This aimed to give a sense of clearing the fog with one’s mind in a meditation-like state. The collaboration demonstrated how technology intended for scientific use may be adapted to an artistic installation that enriches the visitor experience.",Mandala; Buddhism; Meditation; Visitor pattern; Virtual reality; Scroll; Visual arts; Art; Aesthetics; Computer science; Human–computer interaction; Engineering,True,article,True,True,False,doi,,"{'venue': 'crossref', 'volume': 'crossref', 'issue': 'crossref', 'pages': 'crossref', 'publisher': 'crossref', 'url': 'crossref', 'lang': 'crossref'}",{'crossref': 7},"X010.R000 resolved | hits:OA,CR | winner:- | filled:venue:CR; lang:CR | missing:-",PASS_CLEAN,,,"EC-2,EC-3",,PASS_CLEAN: all EL criteria MET.,"{""EC-2"": {""status"": ""MET"", ""decision"": ""not_meet"", ""confidence"": 0.75, ""threshold"": 0.6, ""field"": ""abstract"", ""quote"": ""Technology can translocate traditional art into interactive, immersive experiences."", ""quote_valid"": true, ""span"": [19, 52], ""used"": true}, ""EC-3"": {""status"": ""MET"", ""decision"": ""not_meet"", ""confidence"": 0.7, ""threshold"": 0.6, ""field"": ""keywords"", ""quote"": ""Human–computer interaction"", ""quote_valid"": true, ""span"": [129, 148], ""used"": true}}"
A339,10114534529183467671,Exploring Affect Recognition in a Virtual Reality Environment,Brandon Hang; Sara Loucks; Pooja Patel; Kimberly D. Wiseman; Javier Gonzalez-Sanchez,Brandon Hang,2021.0,10.1145/3452918.3467671,,,,ACM International Conference on Interactive Media Experiences,,,326-328,ACM,en,https://doi.org/10.1145/3452918.3467671,0.9,resolved,openalex,2026-01-22T21:50:18Z,X010,"The current global pandemic has resulted in increased social isolation for many. To combat worsening mental states including increased stress and boredom resulting from loneliness, we present a virtual environment designed to simulate social interaction and improve mood. The virtual environment takes the form of a restaurant in which users hold a conversation with a virtual patron. Built in the Unity3D engine and experienced in an Oculus Quest virtual reality headset, our program communicates with an off-the-shelf electroencephalogram (EEG) headset to gather user affective states. Affective states trigger changes in lighting, sound, and conversation topics in real-time based on the user's emotions. The changes made to the environment reflect relevant psychology research to potentially improve the user's mood.",Headset; Boredom; Virtual reality; Mood; Affect (linguistics); Conversation; Loneliness; Virtual machine; Human–computer interaction; Computer science; Psychology; Applied psychology,False,conference,True,True,False,doi,,"{'venue': 'crossref', 'pages': 'crossref', 'publisher': 'crossref', 'url': 'crossref', 'lang': 'heuristic'}","{'crossref': 4, 'heuristic': 1}","X010.R000 resolved | hits:OA,CR | winner:- | filled:venue:CR; lang:HE | missing:-",EXCLUSION_SUPPRESSED,,,EC-3,,"EXCLUSION_SUPPRESSED: the model returned an excluding verdict on EC-2 which passed the evidence gate. Flag-only is in force for this provider, so the record was NOT excluded and needs human review.","{""EC-2"": {""status"": ""SUPPRESSED"", ""decision"": ""meet"", ""confidence"": 0.6, ""threshold"": 0.6, ""field"": ""abstract"", ""quote"": ""virtual environment designed to simulate social interaction and improve mood."", ""quote_valid"": true, ""span"": [48, 76], ""used"": true}, ""EC-3"": {""status"": ""MET"", ""decision"": ""not_meet"", ""confidence"": 0.65, ""threshold"": 0.6, ""field"": ""abstract"", ""quote"": ""virtual environment designed to simulate social interaction and improve mood"", ""quote_valid"": true, ""span"": [73, 128], ""used"": true}}"
A341,101109iccakm5472120229990098,Frontiers in Artificial Intelligence and Applications,Jaya Yadav; Shruti Shukla; Kanika Sharma; Nupur Soni; Shruti Agarwal; Prabhash Chandra Pathak,Jaya Yadav,2022.0,10.1109/iccakm54721.2022.9990098,,,,"2022 3rd International Conference on Computation, Automation and Knowledge Management (ICCAKM)",,,1-6,IEEE,en,https://doi.org/10.1109/iccakm54721.2022.9990098,0.9,resolved,openalex,2026-01-22T21:50:19Z,X010,"The industrial revolution has been the main cause ever since tremendous technological advancement was observed. The ubiquitous deployment of recent information and communication technologies (ICT), namely Artificial Intelligence (AI), Internet of Things (IoT), and Blockchain technology, is hastening the world's industrial and technological transformation. This technical aggrandizement enhances the working culture and has a favorable impact on the workplace, as per the progressivist perspective. The breakneck pace of technological advancement, as well as AI, has enabled humans to replace manual labor in various industries. As being a domain of science and technology, AI develops machines and programs for computers that are intelligent and can accomplish tasks that would normally require human intelligence abilities. This paper mainly explores the frontiers of artificial intelligence and its applications in various fields. The AI Frontiers promulgate methodical concepts that are peer-reviewed cutting-edge research on the disruptive technological revolution of Artificial Intelligence. Additionally, some key viewpoints in the field of AI have been listed along with the main frontiers, including Machine Learning (ML), Deep Learning (DL), Fuzzy Logic (FL), Natural Language Processor (NLP), and Genetic Algorithm (GA). Furthermore, this paper discussed some common AI applications and a briefing about the current scenario in the worldwide market for artificial intelligence.",Computer science; Artificial intelligence,False,conference,True,True,False,doi,,"{'venue': 'crossref', 'pages': 'crossref', 'publisher': 'crossref', 'url': 'crossref', 'lang': 'heuristic'}","{'crossref': 4, 'heuristic': 1}","X010.R000 resolved | hits:OA,CR | winner:- | filled:venue:CR; lang:HE | missing:-",PASS_CLEAN,,,"EC-2,EC-3",,PASS_CLEAN: all EL criteria MET.,"{""EC-2"": {""status"": ""MET"", ""decision"": ""not_meet"", ""confidence"": 0.9, ""threshold"": 0.6, ""field"": ""keywords"", ""quote"": ""Computer science"", ""quote_valid"": true, ""span"": [25, 36], ""used"": true}, ""EC-3"": {""status"": ""MET"", ""decision"": ""not_meet"", ""confidence"": 0.9, ""threshold"": 0.6, ""field"": ""keywords"", ""quote"": ""Computer science"", ""quote_valid"": true, ""span"": [12, 25], ""used"": true}}"
A344,10108817412552ac3044,Adaptive asynchronous control system of robotic arm based on augmented reality-assisted brain–computer interface,Lingling Chen; Pengfei Chen; Shaokai Zhao; Zhiguo Luo; Wei Chen; Yu Pei; Hongyu Zhao; Jing Jiang; Minpeng Xu; Ye Yan; Erwei Yin,Lingling Chen,2021.0,10.1088/1741-2552/ac3044,,,,Journal of Neural Engineering,18,6,066005,IOP Publishing,en,https://doi.org/10.1088/1741-2552/ac3044,0.9,resolved,openalex,2026-01-22T21:50:22Z,X010,"Abstract Objective . Brain-controlled robotic arms have shown broad application prospects with the development of robotics, science and information decoding. However, disadvantages, such as poor flexibility restrict its wide application. Approach . In order to alleviate these drawbacks, this study proposed a robotic arm asynchronous control system based on steady-state visual evoked potential (SSVEP) in an augmented reality (AR) environment. In the AR environment, the participants were able to concurrently see the robot arm and visual stimulation interface through the AR device. Therefore, there was no need to switch attention frequently between the visual stimulation interface and the robotic arm. This study proposed a multi-template algorithm based on canonical correlation analysis and task-related component analysis to identify 12 targets. An optimization strategy based on dynamic window was adopted to adjust the duration of visual stimulation adaptively. Main results . Experimental results of this study found that the high-frequency SSVEP-based brain–computer interface (BCI) realized the switch of the system state, which controlled the robotic arm asynchronously. The average accuracy of the offline experiment was 94.97 <mml:math xmlns:mml=""http://www.w3.org/1998/Math/MathML"" overflow=""scroll""> <mml:mi mathvariant=""normal"">%</mml:mi> </mml:math> , whereas the average information translate rate was 67.37 ± 14.27 bits·min −1 . The online results from ten healthy subjects showed that the average selection time of a single online command was 2.04 s, which effectively reduced the visual fatigue of the subjects. Each subject could quickly complete the puzzle task. Significance . The experimental results demonstrated the feasibility and potential of this human-computer interaction strategy and provided new ideas for BCI-controlled robots.",Brain–computer interface; Computer science; Interface (matter); Asynchronous communication; Robotic arm; Robotics; Artificial intelligence; Flexibility (engineering); Task (project management); Visualization; Augmented reality; Human–computer interaction,True,article,True,True,False,doi,,"{'venue': 'crossref', 'volume': 'crossref', 'issue': 'crossref', 'pages': 'crossref', 'publisher': 'crossref', 'url': 'crossref', 'lang': 'heuristic'}","{'crossref': 6, 'heuristic': 1}","X010.R000 resolved | hits:OA,CR | winner:- | filled:venue:CR; lang:HE | missing:-",PASS_FLAGGED,,,EC-2,EC-3,PASS_FLAGGED: uncertain EC-3,"{""EC-2"": {""status"": ""MET"", ""decision"": ""not_meet"", ""confidence"": 0.8, ""threshold"": 0.6, ""field"": ""keywords"", ""quote"": ""Robotics"", ""quote_valid"": true, ""span"": [125, 131], ""used"": true}, ""EC-3"": {""status"": ""UNCERTAIN"", ""decision"": ""not_meet"", ""confidence"": 0.8, ""threshold"": 0.6, ""field"": ""keywords"", ""quote"": ""robotic arm"", ""quote_valid"": false, ""span"": [127, 135], ""used"": true}}"
A345,101109tcds20223194603,Brain–Computer Interface Integrated With Augmented Reality for Human–Robot Interaction,Bin Fang; Wenlong Ding; Fuchun Sun; Jianhua Shan; Xiaojia Wang; Chengyin Wang; Xinyu Zhang,Bin Fang,2022.0,10.1109/tcds.2022.3194603,,,,IEEE Transactions on Cognitive and Developmental Systems,15,4,1702-1711,Institute of Electrical and Electronics Engineers (IEEE),en,https://doi.org/10.1109/tcds.2022.3194603,0.9,resolved,openalex,2026-01-22T21:50:22Z,X010,"Brain–computer interface (BCI) has been gradually used in human–robot interaction systems. Steady-state visual evoked potential (SSVEP) as a paradigm of electroencephalography (EEG) has attracted more attention in the BCI system research due to its stability and efficiency. However, an independent monitor is needed in the traditional SSVEP-BCI system to display stimulus targets, and the stimulus targets map fixedly to some preset commands. These limit the development of the SSVEP-BCI application system in complex and changeable scenarios. In this study, the SSVEP-BCI system integrated with augmented reality (AR) is proposed. Furthermore, a stimulation interface is made by merging the visual information of the objects with stimulus targets, which can update the mapping relationship between stimulus targets and objects automatically to adapt to the change of the objects in the workspace. During the online experiment of the AR-based SSVEP-BCI cue-guided task with the robotic arm, the success rate of grasping is 87.50 ±3.10% with the SSVEP-EEG data recognition time of 0.5 s based on FB-tCNN. The proposed AR-based SSVEP-BCI system enables the users to select intention targets more ecologically and can grasp more kinds of different objects with a limited number of stimulus targets, resulting in the potential to be used in complex and changeable scenarios.",Brain–computer interface; Computer science; Electroencephalography; Workspace; Stimulus (psychology); GRASP; Visualization; Artificial intelligence; Robot; Computer vision; Human–computer interaction; Neuroscience,False,article,True,True,False,doi,,"{'venue': 'crossref', 'volume': 'crossref', 'issue': 'crossref', 'pages': 'crossref', 'publisher': 'crossref', 'url': 'crossref', 'lang': 'heuristic'}","{'crossref': 6, 'heuristic': 1}","X010.R000 resolved | hits:OA,CR | winner:- | filled:venue:CR; lang:HE | missing:-",PASS_FLAGGED,,,EC-2,EC-3,PASS_FLAGGED: uncertain EC-3,"{""EC-2"": {""status"": ""MET"", ""decision"": ""not_meet"", ""confidence"": 0.9, ""threshold"": 0.6, ""field"": ""abstract"", ""quote"": ""human–robot interaction systems"", ""quote_valid"": true, ""span"": [68, 87], ""used"": true}, ""EC-3"": {""status"": ""UNCERTAIN"", ""decision"": ""not_meet"", ""confidence"": 0.9, ""threshold"": 0.6, ""field"": ""keywords"", ""quote"": ""robotic arm"", ""quote_valid"": false, ""span"": [86, 95], ""used"": true}}"
A346,103390bios12121134,A Systematic Review of Virtual Reality and Robot Therapy as Recent Rehabilitation Technologies Using EEG-Brain–Computer Interface Based on Movement-Related Cortical Potentials,Ramadhan Rashid Said; Md Belal Bin Heyat; Keer Song; Chao Tian; Zhe Wu,Ramadhan Rashid Said,2022.0,10.3390/bios12121134,https://pubmed.ncbi.nlm.nih.gov/36551100,,,Biosensors,12,12,1134,MDPI AG,en,https://doi.org/10.3390/bios12121134,0.9,resolved,openalex,2026-01-22T21:50:22Z,X010,"To enhance the treatment of motor function impairment, patients’ brain signals for self-control as an external tool may be an extraordinarily hopeful option. For the past 10 years, researchers and clinicians in the brain–computer interface (BCI) field have been using movement-related cortical potential (MRCP) as a control signal in neurorehabilitation applications to induce plasticity by monitoring the intention of action and feedback. Here, we reviewed the research on robot therapy (RT) and virtual reality (VR)-MRCP-based BCI rehabilitation technologies as recent advancements in human healthcare. A list of 18 full-text studies suitable for qualitative review out of 322 articles published between 2000 and 2022 was identified based on inclusion and exclusion criteria. We used PRISMA guidelines for the systematic review, while the PEDro scale was used for quality evaluation. Bibliometric analysis was conducted using the VOSviewer software to identify the relationship and trends of key items. In this review, 4 studies used VR-MRCP, while 14 used RT-MRCP-based BCI neurorehabilitation approaches. The total number of subjects in all identified studies was 107, whereby 4.375 ± 6.3627 were patient subjects and 6.5455 ± 3.0855 were healthy subjects. The type of electrodes, the epoch, classifiers, and the performance information that are being used in the RT- and VR-MRCP-based BCI rehabilitation application are provided in this review. Furthermore, this review also describes the challenges facing this field, solutions, and future directions of these smart human health rehabilitation technologies. By key items relationship and trends analysis, we found that motor control, rehabilitation, and upper limb are important key items in the MRCP-based BCI field. Despite the potential of these rehabilitation technologies, there is a great scarcity of literature related to RT and VR-MRCP-based BCI. However, the information on these rehabilitation methods can be beneficial in developing RT and VR-MRCP-based BCI rehabilitation devices to induce brain plasticity and restore motor impairment. Therefore, this review will provide the basis and references of the MRCP-based BCI used in rehabilitation applications for further clinical and research development.",Neurorehabilitation; Brain–computer interface; Rehabilitation; Physical medicine and rehabilitation; Virtual reality; Medicine; Inclusion and exclusion criteria; Electroencephalography; Computer science; Human–computer interaction; Psychology; Physical therapy,True,article,True,True,False,doi,,"{'venue': 'crossref', 'volume': 'crossref', 'issue': 'crossref', 'pages': 'crossref', 'publisher': 'crossref', 'url': 'crossref', 'lang': 'crossref'}",{'crossref': 7},"X010.R000 resolved | hits:OA,CR | winner:- | filled:venue:CR; lang:CR | missing:-",PASS_FLAGGED,,,EC-2,EC-3,PASS_FLAGGED: uncertain EC-3,"{""EC-2"": {""status"": ""MET"", ""decision"": ""not_meet"", ""confidence"": 0.7, ""threshold"": 0.6, ""field"": ""title"", ""quote"": ""Virtual Reality and Robot Therapy as Recent Rehabilitation Technologies Using EEG-Brain–Computer Interface Based on Movement-Related Cortical Potentials"", ""quote_valid"": true, ""span"": [12, 85], ""used"": true}, ""EC-3"": {""status"": ""UNCERTAIN"", ""decision"": ""not_meet"", ""confidence"": 0.7, ""threshold"": 0.6, ""field"": ""keywords"", ""quote"": ""Robot"", ""quote_valid"": false, ""span"": [124, 128], ""used"": true}}"
A347,101186s12938022010208,A novel brain-controlled wheelchair combined with computer vision and augmented reality,Kaixuan Liu; Yang Yu; Yadong Liu; Jingsheng Tang; Xinbin Liang; Xingxing Chu; Zongtan Zhou,Kaixuan Liu,2022.0,10.1186/s12938-022-01020-8,https://pubmed.ncbi.nlm.nih.gov/35883092,,,BioMedical Engineering OnLine,21,1,,Springer Science and Business Media LLC,en,https://doi.org/10.1186/s12938-022-01020-8,0.9,resolved,openalex,2026-01-22T21:50:23Z,X010,"Abstract  
                 Background 
                 Brain-controlled wheelchairs (BCWs) are important applications of brain–computer interfaces (BCIs). Currently, most BCWs are semiautomatic. When users want to reach a target of interest in their immediate environment, this semiautomatic interaction strategy is slow. 
                
                 Methods 
                 To this end, we combined computer vision (CV) and augmented reality (AR) with a BCW and proposed the CVAR-BCW: a BCW with a novel automatic interaction strategy. The proposed CVAR-BCW uses a translucent head-mounted display (HMD) as the user interface, uses CV to automatically detect environments, and shows the detected targets through AR technology. Once a user has chosen a target, the CVAR-BCW can automatically navigate to it. For a few scenarios, the semiautomatic strategy might be useful. We integrated a semiautomatic interaction framework into the CVAR-BCW. The user can switch between the automatic and semiautomatic strategies. 
                
                 Results 
                 We recruited 20 non-disabled subjects for this study and used the accuracy, information transfer rate (ITR), and average time required for the CVAR-BCW to reach each designated target as performance metrics. The experimental results showed that our CVAR-BCW performed well in indoor environments: the average accuracies across all subjects were 83.6% (automatic) and 84.1% (semiautomatic), the average ITRs were 8.2 bits/min (automatic) and 8.3 bits/min (semiautomatic), the average times required to reach a target were 42.4 s (automatic) and 93.4 s (semiautomatic), and the average workloads and degrees of fatigue for the two strategies were both approximately 20. 
                
                 Conclusions 
                 Our CVAR-BCW provides a user-centric interaction approach and a good framework for integrating more advanced artificial intelligence technologies, which may be useful in the field of disability assistance.",CVAR; Computer science; Augmented reality; Computer vision; Artificial intelligence; Human–computer interaction; Economics; Risk management; Expected shortfall; Management,True,article,True,True,False,doi,,"{'venue': 'crossref', 'volume': 'crossref', 'issue': 'crossref', 'publisher': 'crossref', 'url': 'crossref', 'lang': 'crossref', 'abstract': 'crossref'}",{'crossref': 7},"X010.R000 resolved | hits:OA,CR | winner:- | filled:venue:CR; lang:CR; abstract:CR | missing:-",PASS_FLAGGED,,,,"EC-2,EC-3","PASS_FLAGGED: uncertain EC-2, EC-3","{""EC-2"": {""status"": ""UNCERTAIN"", ""decision"": ""not_meet"", ""confidence"": 0.9, ""threshold"": 0.6, ""field"": ""abstract"", ""quote"": ""brain-controlled wheelchairs (BCWs)"", ""quote_valid"": false, ""span"": [62, 76], ""used"": true}, ""EC-3"": {""status"": ""UNCERTAIN"", ""decision"": ""not_meet"", ""confidence"": 0.9, ""threshold"": 0.6, ""field"": ""keywords"", ""quote"": ""BCW"", ""quote_valid"": false, ""span"": [65, 68], ""used"": true}}"
A348,101109thms20213134555,A Multiplayer VR Live Concert With Information Exchange Through Feedback Modulated by EEG Signals,Ángel Muñoz-González; Shohei Kobayashi; Ryota Horie,Ángel Muñoz-González,2022.0,10.1109/thms.2021.3134555,,,,IEEE Transactions on Human-Machine Systems,52,2,248-255,Institute of Electrical and Electronics Engineers (IEEE),en,https://doi.org/10.1109/thms.2021.3134555,0.9,resolved,openalex,2026-01-22T21:50:23Z,X010,"Despite the emergence of brain-computer interfaces, social applications of this technology wherein users interact with each other are infrequent. Thus, we develop a novel system consisting of a multiplayer virtual reality live concert in which the brain activity of the audience is used to elicit visual effects, based on the <inline-formula xmlns:mml=""http://www.w3.org/1998/Math/MathML"" xmlns:xlink=""http://www.w3.org/1999/xlink""><tex-math notation=""LaTeX"">$\beta$</tex-math></inline-formula> / <inline-formula xmlns:mml=""http://www.w3.org/1998/Math/MathML"" xmlns:xlink=""http://www.w3.org/1999/xlink""><tex-math notation=""LaTeX"">$\alpha$</tex-math></inline-formula> ratio signal obtained from the single-channel electroencephalogram (EEG) recorder. In this way, the system interconnects users through neurofeedback that can potentially be used to cause a “sense of unity” between users. In this work, we introduce the configuration, implementation and specifications of the system, proposing a local configuration and a client configuration. Function testing of the system performance for generating visual effects and quality control of the signal is conducted. A preliminary study to test the system is also shown, and the <inline-formula xmlns:mml=""http://www.w3.org/1998/Math/MathML"" xmlns:xlink=""http://www.w3.org/1999/xlink""><tex-math notation=""LaTeX"">$\beta$</tex-math></inline-formula> / <inline-formula xmlns:mml=""http://www.w3.org/1998/Math/MathML"" xmlns:xlink=""http://www.w3.org/1999/xlink""><tex-math notation=""LaTeX"">$\alpha$</tex-math></inline-formula> ratio signal and questionnaire are briefly analyzed. We propose the usability of the system for future research on the influence of music and emotions on group interactions.",Notation; Computer science; SIGNAL (programming language); Function (biology); Mathematics; Programming language; Arithmetic; Biology; Evolutionary biology,False,article,True,True,False,doi,,"{'venue': 'crossref', 'volume': 'crossref', 'issue': 'crossref', 'pages': 'crossref', 'publisher': 'crossref', 'url': 'crossref', 'lang': 'heuristic'}","{'crossref': 6, 'heuristic': 1}","X010.R000 resolved | hits:OA,CR | winner:- | filled:venue:CR; lang:HE | missing:-",PASS_FLAGGED,,,EC-2,EC-3,PASS_FLAGGED: uncertain EC-3,"{""EC-2"": {""status"": ""MET"", ""decision"": ""not_meet"", ""confidence"": 0.85, ""threshold"": 0.6, ""field"": ""keywords"", ""quote"": ""Computer science"", ""quote_valid"": true, ""span"": [19, 28], ""used"": true}, ""EC-3"": {""status"": ""UNCERTAIN"", ""decision"": ""not_meet"", ""confidence"": 0.7, ""threshold"": 0.6, ""field"": ""keywords"", ""quote"": ""EEG"", ""quote_valid"": false, ""span"": [129, 132], ""used"": true}}"
A349,103389fnhum2022908050,Humanoid Robot Walking in Maze Controlled by SSVEP-BCI Based on Augmented Reality Stimulus,Shangen Zhang; Xiaorong Gao; Xiaogang Chen,Shangen Zhang,2022.0,10.3389/fnhum.2022.908050,https://pubmed.ncbi.nlm.nih.gov/35911600,,,Frontiers in Human Neuroscience,16,,,Frontiers Media SA,en,https://doi.org/10.3389/fnhum.2022.908050,0.9,resolved,openalex,2026-01-22T21:50:23Z,X010,"The application study of robot control based brain-computer interface (BCI) not only helps to promote the practicality of BCI but also helps to promote the advancement of robot technology, which is of great significance. Among the many obstacles, the importability of the stimulator brings much inconvenience to the robot control task. In this study, augmented reality (AR) technology was employed as the visual stimulator of steady-state visual evoked potential (SSVEP)-BCI and the robot walking experiment in the maze was designed to testify the applicability of the AR-BCI system. The online experiment was designed to complete the robot maze walking task and the robot walking commands were sent out by BCI system, in which human intentions were decoded by Filter Bank Canonical Correlation Analysis (FBCCA) algorithm. The results showed that all the 12 subjects could complete the robot walking task in the maze, which verified the feasibility of the AR-SSVEP-NAO system. This study provided an application demonstration for the robot control base on brain–computer interface, and further provided a new method for the future portable BCI system.",Brain–computer interface; Stimulus (psychology); Augmented reality; Computer science; Humanoid robot; Robot; Psychology; Human–computer interaction; Artificial intelligence; Neuroscience; Cognitive psychology; Electroencephalography,True,article,True,True,False,doi,,"{'venue': 'crossref', 'volume': 'crossref', 'publisher': 'crossref', 'url': 'crossref', 'lang': 'heuristic'}","{'crossref': 4, 'heuristic': 1}","X010.R000 resolved | hits:OA,CR | winner:- | filled:venue:CR; lang:HE | missing:-",PASS_FLAGGED,,,EC-3,EC-2,PASS_FLAGGED: uncertain EC-2,"{""EC-2"": {""status"": ""UNCERTAIN"", ""decision"": ""not_meet"", ""confidence"": 0.8, ""threshold"": 0.6, ""field"": ""keywords"", ""quote"": ""humanoid robot"", ""quote_valid"": false, ""span"": [127, 135], ""used"": true}, ""EC-3"": {""status"": ""MET"", ""decision"": ""not_meet"", ""confidence"": 0.8, ""threshold"": 0.6, ""field"": ""keywords"", ""quote"": ""Brain–computer interface"", ""quote_valid"": true, ""span"": [16, 27], ""used"": true}}"
A350,101109telsiks5205820219606352,A Wearable AR-based BCI for Robot Control in ADHD Treatment: Preliminary Evaluation of Adherence to Therapy,Pasquale Arpaïa; Sabatina Criscuolo; Egidio De Benedetto; Nicola Donato; Luigi Duraccio,Pasquale Arpaïa,2021.0,10.1109/telsiks52058.2021.9606352,,,,"2021 15th International Conference on Advanced Technologies, Systems and Services in Telecommunications (TELSIKS)",,,321-324,IEEE,en,https://doi.org/10.1109/telsiks52058.2021.9606352,0.9,resolved,openalex,2026-01-22T21:50:23Z,X010,"A wearable, single-channel Brain-Computer Interface (BCI) based on Augmented Reality (AR) and Steady-State Visually Evoked Potentials (SSVEPs) for robot control is proposed as an innovative therapy for robot-based Attention Deficit Hyperactivity Disorder (ADHD) rehabilitation of children. The system manages to overcome the challenges regarding immersivity and wearability, providing a direct path between human brain and social robots, already successfully employed for ADHD treatment. Through the proposed system, even without training, the user can drive a robot, in real-time, by brain signals. A preliminary evaluation of the children adherence to the therapy was conducted as a case study on 18 subjects, at an accredited rehabilitation center. After investigating the children acceptance of the proposed system, different tasks were assigned to the volunteers aiming to observe their level of involvement. The experimental activity showed encouraging results, where almost all the participants were satisfied with the experience and keen to repeat it again in the future.",Brain–computer interface; Wearable computer; Robot; Rehabilitation; Computer science; Interface (matter); Human–computer interaction; Control (management); Human–robot interaction; Physical medicine and rehabilitation; Psychology; Artificial intelligence,False,conference,True,True,False,doi,,"{'venue': 'crossref', 'pages': 'crossref', 'publisher': 'crossref', 'url': 'crossref', 'lang': 'heuristic'}","{'crossref': 4, 'heuristic': 1}","X010.R000 resolved | hits:OA,CR | winner:- | filled:venue:CR; lang:HE | missing:-",PASS_FLAGGED,,,EC-3,EC-2,PASS_FLAGGED: uncertain EC-2,"{""EC-2"": {""status"": ""UNCERTAIN"", ""decision"": ""not_meet"", ""confidence"": 0.9, ""threshold"": 0.6, ""field"": ""abstract"", ""quote"": ""robot control based brain-computer interface (BCI)"", ""quote_valid"": false, ""span"": [46, 80], ""used"": true}, ""EC-3"": {""status"": ""MET"", ""decision"": ""not_meet"", ""confidence"": 0.9, ""threshold"": 0.6, ""field"": ""keywords"", ""quote"": ""Brain–computer interface"", ""quote_valid"": true, ""span"": [16, 27], ""used"": true}}"
A351,103389fninf2022758537,Novel Hybrid Brain-Computer Interface for Virtual Reality Applications Using Steady-State Visual-Evoked Potential-Based Brain–Computer Interface and Electrooculogram-Based Eye Tracking for Increased Information Transfer Rate,Jisoo Ha; Seonghun Park; Chang‐Hwan Im,Jisoo Ha,2022.0,10.3389/fninf.2022.758537,https://pubmed.ncbi.nlm.nih.gov/35281718,,,Frontiers in Neuroinformatics,16,,,Frontiers Media SA,en,https://doi.org/10.3389/fninf.2022.758537,0.9,resolved,openalex,2026-01-22T21:50:24Z,X010,"Brain–computer interfaces (BCIs) based on electroencephalogram (EEG) have recently attracted increasing attention in virtual reality (VR) applications as a promising tool for controlling virtual objects or generating commands in a “hands-free” manner. Video-oculography (VOG) has been frequently used as a tool to improve BCI performance by identifying the gaze location on the screen, however, current VOG devices are generally too expensive to be embedded in practical low-cost VR head-mounted display (HMD) systems. In this study, we proposed a novel calibration-free hybrid BCI system combining steady-state visual-evoked potential (SSVEP)-based BCI and electrooculogram (EOG)-based eye tracking to increase the information transfer rate (ITR) of a nine-target SSVEP-based BCI in VR environment. Experiments were repeated on three different frequency configurations of pattern-reversal checkerboard stimuli arranged in a 3 × 3 matrix. When a user was staring at one of the nine visual stimuli, the column containing the target stimulus was first identified based on the user’s horizontal eye movement direction (left, middle, or right) classified using horizontal EOG recorded from a pair of electrodes that can be readily incorporated with any existing VR-HMD systems. Note that the EOG can be recorded using the same amplifier for recording SSVEP, unlike the VOG system. Then, the target visual stimulus was identified among the three visual stimuli vertically arranged in the selected column using the extension of multivariate synchronization index (EMSI) algorithm, one of the widely used SSVEP detection algorithms. In our experiments with 20 participants wearing a commercial VR-HMD system, it was shown that both the accuracy and ITR of the proposed hybrid BCI were significantly increased compared to those of the traditional SSVEP-based BCI in VR environment.",Brain–computer interface; Computer science; Electrooculography; Stimulus (psychology); Virtual reality; Visualization; Artificial intelligence; Computer vision; Interface (matter); Eye movement; Gaze; Eye tracking,True,article,True,True,False,doi,,"{'venue': 'crossref', 'volume': 'crossref', 'publisher': 'crossref', 'url': 'crossref', 'lang': 'heuristic'}","{'crossref': 4, 'heuristic': 1}","X010.R000 resolved | hits:OA,CR | winner:- | filled:venue:CR; lang:HE | missing:-",PASS_CLEAN,,,"EC-2,EC-3",,PASS_CLEAN: all EL criteria MET.,"{""EC-2"": {""status"": ""MET"", ""decision"": ""not_meet"", ""confidence"": 0.7, ""threshold"": 0.6, ""field"": ""keywords"", ""quote"": ""Brain–computer interface"", ""quote_valid"": true, ""span"": [29, 48], ""used"": true}, ""EC-3"": {""status"": ""MET"", ""decision"": ""not_meet"", ""confidence"": 0.8, ""threshold"": 0.6, ""field"": ""keywords"", ""quote"": ""Brain–computer interface"", ""quote_valid"": true, ""span"": [16, 27], ""used"": true}}"
A352,10114535052843529964,Augmented and Virtual Reality-Driven Interventions for Healthy Behavior Change: A Systematic Review,Ifeanyi Paul Odenigbo; Alaa Alslaity; Rita Orji,Ifeanyi Paul Odenigbo,2022.0,10.1145/3505284.3529964,,,,ACM International Conference on Interactive Media Experiences,,,53-68,ACM,en,https://doi.org/10.1145/3505284.3529964,0.9,resolved,openalex,2026-01-22T21:50:24Z,X010,"Augmented Reality (AR) and Virtual Reality (VR) have shown potential benefits in managing healthy behavior. This paper presents a systematic review of AR- or VR-driven interventions for promoting healthy behaviors. The review investigates the design, implementations of the intervention, persuasive strategies, intervention platforms, underlying technologies, current trends, and research gaps. Our review of the past 10-years' work in the area reveals that 1) the considered papers focused on seven main healthy behaviors, where ""alcohol use"" emerged as the most commonly considered behavior; 2) trustworthiness emerged as the most commonly used persuasive strategy; 3) youth are the most targeted audience; 4) VR is more common than AR; and 5) most AR- or VR-driven interventions are perceived to be effective in motivating healthy behavior in people. We also uncover how they use Artificial Intelligence and Object Tracking in this space. Finally, we identify gaps and offer recommendations for advancing research in this area.",Psychological intervention; Augmented reality; Intervention (counseling); Virtual reality; Trustworthiness; Computer science; Behavior change; Psychology; Implementation; Systematic review; Human–computer interaction; Applied psychology,False,conference,True,True,False,doi,,"{'venue': 'crossref', 'pages': 'crossref', 'publisher': 'crossref', 'url': 'crossref', 'lang': 'heuristic'}","{'crossref': 4, 'heuristic': 1}","X010.R000 resolved | hits:OA,CR | winner:- | filled:venue:CR; lang:HE | missing:-",PASS_CLEAN,,,"EC-2,EC-3",,PASS_CLEAN: all EL criteria MET.,"{""EC-2"": {""status"": ""MET"", ""decision"": ""not_meet"", ""confidence"": 0.6, ""threshold"": 0.6, ""field"": ""abstract"", ""quote"": ""Augmented Reality (AR) and Virtual Reality (VR)"", ""quote_valid"": true, ""span"": [17, 42], ""used"": true}, ""EC-3"": {""status"": ""MET"", ""decision"": ""not_meet"", ""confidence"": 0.9, ""threshold"": 0.6, ""field"": ""keywords"", ""quote"": ""Psychological intervention"", ""quote_valid"": true, ""span"": [8, 19], ""used"": true}}"
A353,10114534898493489862,Enhancing In-game Immersion Using BCI-controlled Mechanics,Mikołaj P. Woźniak; Piotr Sikorski; Magdalena Wróbel-Lachowska; Natalia Bartłomiejczyk; Julia Dominiak; Krzysztof Grudzień; Andrzej Romanowski,Mikołaj P. Woźniak,2021.0,10.1145/3489849.3489862,,,,Proceedings of the 27th ACM Symposium on Virtual Reality Software and Technology,,,1-6,ACM,en,https://doi.org/10.1145/3489849.3489862,0.9,resolved,openalex,2026-01-22T21:50:24Z,X010,"Due to multimodal approach, the virtual reality experiences become increasingly more immersive and entertaining. New control modalities, such as brain-computer interfaces (BCIs), enable the players to engage in the game with both their bodies and minds. In our work, we investigate the influence of employing BCI-driven mechanics on player's in-game immersion. We designed and implemented an escape room-themed game which employed player's mental states of focus and relaxation as input for selected game mechanisms. Through a between-subject user study, we found that controlling the game with mental states enhances the in-game immersion and attracts the player's engagement. At the same time, using BCIs did not impose additional cognitive workload. Our work contributes qualitative insights on psychocognitive effects of using BCIs in gaming and describing immersive gaming experiences.",Immersion (mathematics); Brain–computer interface; Human–computer interaction; Computer science; Modalities; Virtual reality; Multimedia; Workload; Game mechanics; Psychology; Electroencephalography; Social science,False,conference,True,True,False,doi,,"{'venue': 'crossref', 'pages': 'crossref', 'publisher': 'crossref', 'url': 'crossref', 'lang': 'heuristic'}","{'crossref': 4, 'heuristic': 1}","X010.R000 resolved | hits:OA,CR | winner:- | filled:venue:CR; lang:HE | missing:-",PASS_CLEAN,,,"EC-2,EC-3",,PASS_CLEAN: all EL criteria MET.,"{""EC-2"": {""status"": ""MET"", ""decision"": ""not_meet"", ""confidence"": 0.9, ""threshold"": 0.6, ""field"": ""keywords"", ""quote"": ""Brain–computer interface"", ""quote_valid"": true, ""span"": [68, 87], ""used"": true}, ""EC-3"": {""status"": ""MET"", ""decision"": ""not_meet"", ""confidence"": 0.7, ""threshold"": 0.6, ""field"": ""keywords"", ""quote"": ""Brain–computer interface"", ""quote_valid"": true, ""span"": [24, 35], ""used"": true}}"
A354,101109ssci5045120219659932,A Closed-Loop AR-based BCI for Real-World System Control,Campbell Gorman; Yu–Kai Wang,Campbell Gorman,2021.0,10.1109/ssci50451.2021.9659932,,,,2021 IEEE Symposium Series on Computational Intelligence (SSCI),,,1-7,IEEE,en,https://doi.org/10.1109/ssci50451.2021.9659932,0.9,resolved,openalex,2026-01-22T21:50:25Z,X010,"Both Augmented Reality (AR) and Brain-Computer Interfaces (BCI) have drawn a lot of attention in recent applications. These two new technologies will significantly impact and develop interactions between human and intelligent agents. While there are several studies already conducted in the control of devices using AR based, steady state visually evoked potentials (SSVEP) control systems in a lab environment, this study seeks to implement a portable, closed-loop, AR-based BCI to assess the feasibility of controlling a physical device through SSVEP. This portable, closed-loop AR-based BCI provides users with the unique opportunity to simultaneously interact with the surrounding environment and control autonomous agents with an 88% accuracy. The potential benefits of this application include reduced restrictions on handicapped individuals or concurrent control of multiple devices through a single AR interface. Ultimately, we hope this outcome can bridge the BCI field with further real-world, practical applications.",Brain–computer interface; Computer science; Augmented reality; Interface (matter); Human–computer interaction; Bridge (graph theory); Control (management); Closed loop; Control system; Field (mathematics); Artificial intelligence; Control engineering,False,conference,True,True,False,doi,,"{'venue': 'crossref', 'pages': 'crossref', 'publisher': 'crossref', 'url': 'crossref', 'lang': 'heuristic'}","{'crossref': 4, 'heuristic': 1}","X010.R000 resolved | hits:OA,CR | winner:- | filled:venue:CR; lang:HE | missing:-",EXCLUSION_SUPPRESSED,,,EC-3,,"EXCLUSION_SUPPRESSED: the model returned an excluding verdict on EC-2 which passed the evidence gate. Flag-only is in force for this provider, so the record was NOT excluded and needs human review.","{""EC-2"": {""status"": ""SUPPRESSED"", ""decision"": ""meet"", ""confidence"": 0.8, ""threshold"": 0.6, ""field"": ""keywords"", ""quote"": ""Brain–computer interface; Computer science; Augmented reality; Interface (matter); Human–computer interaction"", ""quote_valid"": true, ""span"": [12, 26], ""used"": true}, ""EC-3"": {""status"": ""MET"", ""decision"": ""not_meet"", ""confidence"": 0.8, ""threshold"": 0.6, ""field"": ""keywords"", ""quote"": ""Brain–computer interface"", ""quote_valid"": true, ""span"": [21, 36], ""used"": true}}"
A355,101109cog5262120219619123,BCIManager: A library for development of brain-computer interfacing applications in Unity,Filip Škola; Fotis Liarokapis,Filip Škola,2021.0,10.1109/cog52621.2021.9619123,,,,2021 IEEE Conference on Games (CoG),,,1-4,IEEE,en,https://doi.org/10.1109/cog52621.2021.9619123,0.9,resolved,openalex,2026-01-22T21:50:25Z,X010,"BCIManager is a customizable library helping with the development of brain-computer interfaces (BCIs) with 3D graphics scenes, suitable for virtual reality (VR) BCI feedback, gamified BCI training, using BCIs as game inputs, and similar use cases. The library forms a layer between Unity game engine and Openvibe (software for development of BCIs) that provides control of the EEG recording process from applications made with Unity. The main feature of the BCIManager is the interface for bi-directional data exchange between Unity and Openvibe; for sending markers (stimulations) from the experimental 3D applications to the EEG recordings, and for sending classification results, features, or other data from Openvibe to the 3D applications. BCIManager also wraps around the process of starting Openvibe and can be used for arbitrary scenarios that include EEG recording with 3D/VR applications. This project is an open source, freely available at https://github.com/xskola/BCIManager.",Brain–computer interface; Interfacing; Computer science; Process (computing); Interface (matter); Virtual reality; Software; Human–computer interaction; Motor imagery; Graphics; Electroencephalography; Computer graphics (images),False,conference,True,True,False,doi,,"{'venue': 'crossref', 'pages': 'crossref', 'publisher': 'crossref', 'url': 'crossref', 'lang': 'heuristic'}","{'crossref': 4, 'heuristic': 1}","X010.R000 resolved | hits:OA,CR | winner:- | filled:venue:CR; lang:HE | missing:-",PASS_FLAGGED,,,EC-3,EC-2,PASS_FLAGGED: uncertain EC-2,"{""EC-2"": {""status"": ""UNCERTAIN"", ""decision"": ""not_meet"", ""confidence"": 0.9, ""threshold"": 0.6, ""field"": ""keywords"", ""quote"": """", ""quote_valid"": false, ""span"": [-1, -1], ""used"": true}, ""EC-3"": {""status"": ""MET"", ""decision"": ""not_meet"", ""confidence"": 0.7, ""threshold"": 0.6, ""field"": ""keywords"", ""quote"": ""Brain–computer interface"", ""quote_valid"": true, ""span"": [21, 36], ""used"": true}}"
A359,1010079783030105761300187,Digital Game-Based Learning,Arthur Tatnall,Arthur Tatnall,2020.0,10.1007/978-3-030-10576-1_300187,,,,Encyclopedia of Education and Information Technologies,,,552-552,Springer International Publishing,en,https://doi.org/10.1007/978-3-030-10576-1_300187,0.9,resolved,openalex,2026-01-22T21:50:29Z,X012,,Game based learning; Computer science; Multimedia,False,chapter,True,True,True,doi,,"{'venue': 'crossref', 'pages': 'crossref', 'publisher': 'crossref', 'url': 'crossref', 'lang': 'crossref'}",{'crossref': 5},"X012.R000 resolved | hits:OA,CR,S2 | winner:- | filled:venue:CR; lang:CR | missing:abstract",PASS_FLAGGED,,,EC-3,EC-2,PASS_FLAGGED: uncertain EC-2,"{""EC-2"": {""status"": ""UNCERTAIN"", ""decision"": ""not_meet"", ""confidence"": 0.9, ""threshold"": 0.6, ""field"": ""keywords"", ""quote"": """", ""quote_valid"": false, ""span"": [-1, -1], ""used"": true}, ""EC-3"": {""status"": ""MET"", ""decision"": ""not_meet"", ""confidence"": 0.6, ""threshold"": 0.6, ""field"": ""title"", ""quote"": ""Digital Game-Based Learning"", ""quote_valid"": true, ""span"": [0, 24], ""used"": true}}"
A369,101007978331974500865,Learners’ Motivation Analysis in Serious Games,Othman Bakkali Yedri; Lotfi El Aachak; Amine Belahbib; Hassan Zili; Mohammed Bouhorma,Othman Bakkali Yedri,2018.0,10.1007/978-3-319-74500-8_65,,,,Lecture Notes in Networks and Systems,,,710-723,Springer International Publishing,en,https://doi.org/10.1007/978-3-319-74500-8_65,0.9,resolved,openalex,2026-01-22T21:50:37Z,X012,,Feeling; Computer science; Learning analytics; Key (lock); Psychology; Mathematics education; Knowledge management; Data science; Social psychology; Computer security,False,chapter,True,True,True,doi,,"{'venue': 'crossref', 'pages': 'crossref', 'publisher': 'crossref', 'url': 'crossref', 'lang': 'heuristic'}","{'crossref': 4, 'heuristic': 1}","X012.R000 resolved | hits:OA,CR,S2 | winner:- | filled:venue:CR; lang:HE | missing:abstract",PASS_FLAGGED,,,,"EC-2,EC-3","PASS_FLAGGED: uncertain EC-2, EC-3","{""EC-2"": {""status"": ""UNCERTAIN"", ""decision"": ""not_meet"", ""confidence"": 0.9, ""threshold"": 0.6, ""field"": ""keywords"", ""quote"": """", ""quote_valid"": false, ""span"": [-1, -1], ""used"": true}, ""EC-3"": {""status"": ""UNCERTAIN"", ""decision"": ""not_meet"", ""confidence"": 0.5, ""threshold"": 0.6, ""field"": ""abstract"", ""quote"": """", ""quote_valid"": false, ""span"": [-1, -1], ""used"": true}}"
A371,smartphoneseriousgamesasamotivatingresourceinthelspclassroom,Smartphone Serious Games as a Motivating Resource in the LSP Classroom,Ricardo Casañ Pitarch,Ricardo Casañ Pitarch,2018.0,https://openalex.org/W2799713770,,,,,,,,,en,,0.9,resolved,openalex,2026-01-22T21:50:39Z,X012,"The use of technologies in the educational field tends to be discussed every time a new gadget is launched regardless of the subject or content area in which it could be applied. In this sense, the goal of these continuous discussions on technology use is to balance the advantages and disadvantages of each new gadget and consider the possible effects in the learning process. This paper introduces a bibliographical review on the application of serious games as a pedagogical resource and on the responsible use of mobile phones in the classroom; and it aims at discussing how the use of these games played with Smartphones can raise students’ motivation and their interest in the process of learning languages for specific purposes in tertiary education. In conclusion, it seems that the application of these educational gadgets could be advantageous for the students in their learning process if they are used correctly with a well established protocol.",Gadget; Process (computing); Computer science; Resource (disambiguation); Field (mathematics); Protocol (science); Multimedia; Subject (documents); Mathematics education; Psychology; World Wide Web; Operating system,False,article,True,False,False,title,openalex,"{'doi': 'openalex', 'lang': 'heuristic'}","{'openalex': 1, 'heuristic': 1}",X012.R000 resolved | hits:OA | winner:openalex | filled:doi:OP; lang:HE | missing:-,PASS_FLAGGED,,,,"EC-2,EC-3","PASS_FLAGGED: uncertain EC-2, EC-3","{""EC-2"": {""status"": ""UNCERTAIN"", ""decision"": ""not_meet"", ""confidence"": 0.9, ""threshold"": 0.6, ""field"": ""keywords"", ""quote"": """", ""quote_valid"": false, ""span"": [-1, -1], ""used"": true}, ""EC-3"": {""status"": ""UNCERTAIN"", ""decision"": ""not_meet"", ""confidence"": 0.4, ""threshold"": 0.6, ""field"": ""keywords"", ""quote"": ""Gadget"", ""quote_valid"": true, ""span"": [25, 29], ""used"": true}}"
A372,1043249781351035866,Teaching in the Fourth Industrial Revolution,Armand Doucet; Jelmer Evers; Elisa Guerra; Nadia Lopez; Michael Soskil; Koen Timmers,Armand Doucet,2018.0,10.4324/9781351035866,,,,"European Journal of Applied Science, Engineering and Technology",,,,Routledge,en,https://doi.org/10.4324/9781351035866,0.9,resolved,openalex,2026-01-22T21:50:39Z,X013,"In the era of the Fourth Industrial Revolution (4IR), characterized by rapid advancements in Information Technology (IT), the integration of these technologies into higher education has become imperative. This paper explores the transformative impact of IT on teaching methodologies at the university and college levels. Through a comprehensive review of literature, case studies, and qualitative analysis, the study examines how institutions are leveraging IT tools such as artificial intelligence, big data analytics, and immersive technologies to enhance learning experiences. Key findings highlight the benefits of IT adoption, including improved student engagement, personalized learning paths, and the cultivation of future-ready skills essential in a digital economy. However, challenges such as infrastructure readiness and faculty training remain significant barriers. By addressing these challenges and embracing innovative teaching strategies, higher education can effectively navigate the complexities of the 4IR, ensuring graduates are equipped to thrive in an increasingly digital and interconnected world.",Industrial Revolution; History; Mathematics education; Engineering; Psychology; Archaeology,False,book,True,True,True,doi,,"{'publisher': 'crossref', 'url': 'crossref', 'lang': 'crossref', 'venue': 'semanticscholar', 'abstract': 'semanticscholar'}","{'crossref': 3, 'semanticscholar': 2}","X013.R000 resolved | hits:OA,CR,S2 | winner:- | filled:venue:SE; lang:CR; abstract:SE | missing:-",PASS_CLEAN,,,"EC-2,EC-3",,PASS_CLEAN: all EL criteria MET.,"{""EC-2"": {""status"": ""MET"", ""decision"": ""not_meet"", ""confidence"": 0.9, ""threshold"": 0.6, ""field"": ""keywords"", ""quote"": ""Industrial Revolution"", ""quote_valid"": true, ""span"": [16, 28], ""used"": true}, ""EC-3"": {""status"": ""MET"", ""decision"": ""not_meet"", ""confidence"": 0.9, ""threshold"": 0.6, ""field"": ""keywords"", ""quote"": ""Industrial Revolution"", ""quote_valid"": true, ""span"": [16, 28], ""used"": true}}"
A373,101109wevr20198809593,"Low-Cost VR Applications to Experience Real Word Places Anytime, Anywhere, and with Anyone",Jan Oliver Wallgrün; Arif Masrur; Jiayan Zhao; Alan H. Taylor; Eric E. Knapp; Jack Shen-Kuen Chang; Alexander Klippel,Jan Oliver Wallgrün,2019.0,10.1109/wevr.2019.8809593,,,,2019 IEEE 5th Workshop on Everyday Virtual Reality (WEVR),,,,IEEE,en,https://doi.org/10.1109/wevr.2019.8809593,0.9,resolved,openalex,2026-01-22T21:50:39Z,X013,"Low-cost VR applications in our understanding are applications that run on inexpensive hardware, such as mobile solutions based on a combination of smartphone and VR viewer, and that can be created with relatively low costs, efforts, and VR expertise involved. We present our approach for creating such low-cost applications of real world places, developed with the goal of putting the content creation into the hands of the domain experts rather than of VR experts. Since the target audience of such authors often consists of groups of people, our aim, furthermore, is to go beyond typical single user experiences by incorporating a joint VR component that allows users to not only use the applications anywhere and anytime but also together with anyone they want to share it with, resulting in new design decisions and challenges that need to be addressed. While our focus is on joint educational experiences, such as the example of an application to learn about fire ecology in the Ishi Wilderness in California used throughout this article, the approach can just as well be applied in business, entertainment, or social media oriented contexts.",Computer science; Focus (optics); Entertainment; Multimedia; Domain (mathematical analysis); Social media; Human–computer interaction; Component (thermodynamics); World Wide Web; Physics; Optics; Art,False,conference,True,True,False,doi,,"{'venue': 'crossref', 'publisher': 'crossref', 'url': 'crossref', 'lang': 'heuristic'}","{'crossref': 3, 'heuristic': 1}","X013.R000 resolved | hits:OA,CR | winner:- | filled:venue:CR; lang:HE | missing:-",PASS_FLAGGED,,,,"EC-2,EC-3","PASS_FLAGGED: uncertain EC-2, EC-3","{""EC-2"": {""status"": ""UNCERTAIN"", ""decision"": ""meet"", ""confidence"": 1.0, ""threshold"": 0.6, ""field"": ""keywords"", ""quote"": ""Virtual"", ""quote_valid"": false, ""span"": [0, 5], ""used"": true}, ""EC-3"": {""status"": ""UNCERTAIN"", ""decision"": ""meet"", ""confidence"": 1.0, ""threshold"": 0.6, ""field"": ""keywords"", ""quote"": ""VR"", ""quote_valid"": false, ""span"": [24, 26], ""used"": true}}"
A395,103166ts35303316,Reconstruction of 3D building model based on the information in floor plan,Qingshuang Wu; Peng Meng; Gang Liu,Qingshuang Wu,2018.0,10.3166/ts.35.303-316,,,,Traitement du signal,35,3-4,303-316,International Information and Engineering Technology Association,en,https://doi.org/10.3166/ts.35.303-316,0.9,resolved,openalex,2026-01-22T21:50:54Z,X015,"ABSTRACT. This paper attempts to reconstruct the 3D model of buildings based on the information of building components and internal space in the floor plan. For this purpose, a pre-processing algorithm was designed to eliminate the redundancy lines in the floor plan. Then, the window and door extraction methods were put forward to obtain the parameters of building components and restore the wall integrity. After that, the internal subspace was detected through the closed-loop self-check algorithm. Finally, the proposed reconstruction method was verified through a case study on a hotel floor plan. The results show that our method can effectively reconstruct 3D models of buildings in smart cities.",Plan (archaeology); Computer science; Floor plan; Artificial intelligence; Geology; Engineering drawing; Engineering; Paleontology,False,article,True,True,True,doi,,"{'venue': 'crossref', 'volume': 'crossref', 'issue': 'crossref', 'pages': 'crossref', 'publisher': 'crossref', 'url': 'crossref', 'abstract': 'semanticscholar', 'lang': 'heuristic'}","{'crossref': 6, 'semanticscholar': 1, 'heuristic': 1}","X015.R000 resolved | hits:OA,CR,S2 | winner:- | filled:venue:CR; lang:HE; abstract:SE | missing:-",PASS_CLEAN,,,"EC-2,EC-3",,PASS_CLEAN: all EL criteria MET.,"{""EC-2"": {""status"": ""MET"", ""decision"": ""not_meet"", ""confidence"": 0.8, ""threshold"": 0.6, ""field"": ""keywords"", ""quote"": ""Plan (archaeology)"", ""quote_valid"": true, ""span"": [16, 27], ""used"": true}, ""EC-3"": {""status"": ""MET"", ""decision"": ""not_meet"", ""confidence"": 0.8, ""threshold"": 0.6, ""field"": ""keywords"", ""quote"": ""Plan (archaeology)"", ""quote_valid"": true, ""span"": [17, 31], ""used"": true}}"
A423,teenssocialmediatechnology2018,"Teens, Social Media & Technology 2018",Monica Anderson; Jingjing Jiang,Monica Anderson,2018.0,https://openalex.org/W2806900377,,,,,,,,,en,,0.9,resolved,openalex,2026-01-22T21:51:05Z,X016,,Social media; Internet privacy; Advertising; Computer science; Business; Public relations; Political science; World Wide Web,False,article,True,False,False,title,openalex,"{'doi': 'openalex', 'lang': 'heuristic'}","{'openalex': 1, 'heuristic': 1}",X016.R000 resolved | hits:OA | winner:openalex | filled:doi:OP; lang:HE | missing:abstract,PASS_CLEAN,,,"EC-2,EC-3",,PASS_CLEAN: all EL criteria MET.,"{""EC-2"": {""status"": ""MET"", ""decision"": ""not_meet"", ""confidence"": 0.95, ""threshold"": 0.6, ""field"": ""title"", ""quote"": ""Teens, Social Media & Technology 2018"", ""quote_valid"": true, ""span"": [0, 25], ""used"": true}, ""EC-3"": {""status"": ""MET"", ""decision"": ""not_meet"", ""confidence"": 0.75, ""threshold"": 0.6, ""field"": ""keywords"", ""quote"": ""Social media"", ""quote_valid"": true, ""span"": [0, 9], ""used"": true}}"
A430,1011171jmi51015501,Virtual assessment of stereoscopic viewing of digital breast tomosynthesis projection images,Gezheng Wen; Ho-chang Chang; Jacob C. Reinhold; Joseph Y. Lo; Mia K. Markey,Gezheng Wen,2018.0,10.1117/1.jmi.5.1.015501,https://pubmed.ncbi.nlm.nih.gov/29376103,,,Journal of Medical Imaging,5,01,1,SPIE-Intl Soc Optical Eng,en,https://doi.org/10.1117/1.jmi.5.1.015501,0.9,resolved,openalex,2026-01-22T21:51:05Z,X016,"Digital breast tomosynthesis (DBT) acquires a series of projection images from different angles as an x-ray source rotates around the breast. Such imaging geometry lends DBT naturally to stereoscopic viewing as two projection images with a reasonable separation angle can easily form a stereo pair. This simulation study assessed the efficacy of stereo viewing of DBT projection images. Three-dimensional computational breast phantoms with realistically shaped synthetic lesions were scanned by three simulated DBT systems. The projection images were combined into a sequence of stereo pairs and presented to a stereomatching-based model observer for deciding lesion presence. Signal-to-noise ratio was estimated, and the detection performance with stack viewing of reconstructed slices was the benchmark. We have shown that: (1) stereo viewing of projection images may underperform stack viewing of reconstructed slices for current DBT geometries; (2) DBT geometries may impact the efficacy of the two viewing modes differently: narrow-arc and wide-arc geometries may be better for stereo viewing and stack viewing, respectively; (3) the efficacy of stereo viewing may be more robust than stack viewing to reductions in dose. While in principle stereo viewing is potentially effective for visualizing DBT data, effective stereo viewing may require specifically optimized DBT image acquisition.",Computer vision; Artificial intelligence; Stereoscopy; Projection (relational algebra); Viewing angle; Tomosynthesis; Oblique projection; Computer science; Computer graphics (images); Orthographic projection; Medicine; Mammography,False,article,True,True,False,doi,,"{'venue': 'crossref', 'volume': 'crossref', 'issue': 'crossref', 'pages': 'crossref', 'publisher': 'crossref', 'url': 'crossref', 'lang': 'heuristic'}","{'crossref': 6, 'heuristic': 1}","X016.R000 resolved | hits:OA,CR | winner:- | filled:venue:CR; lang:HE | missing:-",PASS_CLEAN,,,"EC-2,EC-3",,PASS_CLEAN: all EL criteria MET.,"{""EC-2"": {""status"": ""MET"", ""decision"": ""not_meet"", ""confidence"": 0.75, ""threshold"": 0.6, ""field"": ""keywords"", ""quote"": ""Computer science"", ""quote_valid"": true, ""span"": [26, 39], ""used"": true}, ""EC-3"": {""status"": ""MET"", ""decision"": ""not_meet"", ""confidence"": 0.65, ""threshold"": 0.6, ""field"": ""keywords"", ""quote"": ""Computer science"", ""quote_valid"": true, ""span"": [28, 39], ""used"": true}}"
A447,101504ijlt201810017162,The use of 3D multi-user virtual environments in computer assisted second language learning: a systematic literature review,Konstantinos Tarabanis; Stefania Borona; Efthimios Tambouris,Konstantinos Tarabanis,2018.0,10.1504/ijlt.2018.10017162,,,,International Journal of Learning Technology,13,3,249,Inderscience Publishers,en,https://doi.org/10.1504/ijlt.2018.095963,0.9,resolved,openalex,2026-01-22T21:51:10Z,X017,"The rapid development of information and communication technologies (ICTs) is influencing the way we learn. 3D multi-user virtual environments (3D MUVEs) are emerging technology that is increasingly used in computer assisted language learning (CALL). Virtual environments are immersive, virtual worlds that could enhance second language learning (SLL). However, due to the novelty of the medium, the field lacks of a complete, systematic literature review that can support or reject the argument that '3D MUVE can enhance SLL'. The aim of this paper is to map this emerging research field. For this purpose, a published method for conducting systematic literature reviews was employed. Using this method, we identified 128 relevant papers. From these, we selected 32 that included case study results and employed general purpose virtual worlds (e.g., Second Life) rather than games (e.g., Warcraft). The results suggest there is evidence of improvement in learning outcomes, communication skills and motivation. In addition, this paper sheds light on areas requiring further research, such as the instructor's role in a 3D MUVE.",Novelty; Computer science; Metaverse; Field (mathematics); Human–computer interaction; Argument (complex analysis); Multimedia; Virtual learning environment; Virtual machine; Virtual reality; Psychology; Mathematics,False,article,True,True,False,doi,,"{'venue': 'crossref', 'volume': 'crossref', 'issue': 'crossref', 'pages': 'crossref', 'publisher': 'crossref', 'url': 'crossref', 'lang': 'crossref'}",{'crossref': 7},"X017.R000 resolved | hits:OA,CR | winner:- | filled:venue:CR; lang:CR | missing:-",PASS_CLEAN,,,"EC-2,EC-3",,PASS_CLEAN: all EL criteria MET.,"{""EC-2"": {""status"": ""MET"", ""decision"": ""not_meet"", ""confidence"": 0.8, ""threshold"": 0.6, ""field"": ""keywords"", ""quote"": ""Virtual machine"", ""quote_valid"": true, ""span"": [123, 135], ""used"": true}, ""EC-3"": {""status"": ""MET"", ""decision"": ""not_meet"", ""confidence"": 0.8, ""threshold"": 0.6, ""field"": ""keywords"", ""quote"": ""Virtual machine"", ""quote_valid"": true, ""span"": [123, 135], ""used"": true}}"
A452,1013016m2t5ecyena,What are the digital wilds?,Shannon Sauro; Katerina Zourou,Shannon Sauro,2019.0,10.13016/m2t5ec-yena,,,,,,,,,en,,0.9,resolved,openalex,2026-01-22T21:51:11Z,X017,"The scope of this special issue of Language Learning &amp; Technology is to explore and deepen our understanding of computer-assisted language learning (CALL) practices in the digital wilds, including, but not limited to, their manifestations, processes, and outcomes (linguistic, sociocultural, cognitive, or didactic). While digitally enhanced, instructed language learning and classroom language learning research are well established fields of study, there remain fewer empirical studies of informal or beyond-the-class digital language learning. This special issue bridges this gap by exploring CALL in the digital wilds. Before moving on to the definition of the digital wilds, it may be worth justifying the selection of this term in the conceptual framing of this special issue.",Computer science; World Wide Web; Mathematics education; Multimedia; Linguistics; Psychology; Philosophy,True,article,True,False,False,doi,,{'lang': 'heuristic'},{'heuristic': 1},X017.R000 resolved | hits:OA | winner:- | filled:lang:HE | missing:-,PASS_CLEAN,,,"EC-2,EC-3",,PASS_CLEAN: all EL criteria MET.,"{""EC-2"": {""status"": ""MET"", ""decision"": ""not_meet"", ""confidence"": 0.7, ""threshold"": 0.6, ""field"": ""title"", ""quote"": ""What are the digital wilds?"", ""quote_valid"": true, ""span"": [0, 26], ""used"": true}, ""EC-3"": {""status"": ""MET"", ""decision"": ""not_meet"", ""confidence"": 0.7, ""threshold"": 0.6, ""field"": ""keywords"", ""quote"": ""Computer science"", ""quote_valid"": true, ""span"": [69, 81], ""used"": true}}"
A455,101504ijlt2018095963,The use of 3D multi-user virtual environments in computer assisted second language learning: a systematic literature review,Stefania Borona; Efthimios Tambouris; Konstantinos Tarabanis,Stefania Borona,2018.0,10.1504/ijlt.2018.095963,,,,International Journal of Learning Technology,13,3,249,Inderscience Publishers,en,https://doi.org/10.1504/ijlt.2018.095963,0.9,resolved,openalex,2026-01-22T21:51:12Z,X017,"The rapid development of information and communication technologies (ICTs) is influencing the way we learn. 3D multi-user virtual environments (3D MUVEs) are emerging technology that is increasingly used in computer assisted language learning (CALL). Virtual environments are immersive, virtual worlds that could enhance second language learning (SLL). However, due to the novelty of the medium, the field lacks of a complete, systematic literature review that can support or reject the argument that '3D MUVE can enhance SLL'. The aim of this paper is to map this emerging research field. For this purpose, a published method for conducting systematic literature reviews was employed. Using this method, we identified 128 relevant papers. From these, we selected 32 that included case study results and employed general purpose virtual worlds (e.g., Second Life) rather than games (e.g., Warcraft). The results suggest there is evidence of improvement in learning outcomes, communication skills and motivation. In addition, this paper sheds light on areas requiring further research, such as the instructor's role in a 3D MUVE.",Novelty; Computer science; Field (mathematics); Metaverse; Human–computer interaction; Multimedia; Argument (complex analysis); Virtual reality; Psychology; Biochemistry; Pure mathematics; Mathematics,False,article,True,True,False,doi,,"{'venue': 'crossref', 'volume': 'crossref', 'issue': 'crossref', 'pages': 'crossref', 'publisher': 'crossref', 'url': 'crossref', 'lang': 'crossref'}",{'crossref': 7},"X017.R000 resolved | hits:OA,CR | winner:- | filled:venue:CR; lang:CR | missing:-",PASS_FLAGGED,,,EC-3,EC-2,PASS_FLAGGED: uncertain EC-2,"{""EC-2"": {""status"": ""UNCERTAIN"", ""decision"": ""not_meet"", ""confidence"": 0.8, ""threshold"": 0.6, ""field"": ""keywords"", ""quote"": ""Virtual machine"", ""quote_valid"": false, ""span"": [123, 135], ""used"": true}, ""EC-3"": {""status"": ""MET"", ""decision"": ""not_meet"", ""confidence"": 0.8, ""threshold"": 0.6, ""field"": ""keywords"", ""quote"": ""Field (mathematics)"", ""quote_valid"": true, ""span"": [73, 88], ""used"": true}}"
A457,101109ismaradjunct57072202200174,Multi-modal Transformer-based Tactile Signal Generation for Haptic Texture Simulation of Materials in Virtual and Augmented Reality,Shaoyu Cai; Kening Zhu,Shaoyu Cai,2022.0,10.1109/ismar-adjunct57072.2022.00174,,,,2022 IEEE International Symposium on Mixed and Augmented Reality Adjunct (ISMAR-Adjunct),,,810-811,IEEE,en,https://doi.org/10.1109/ismar-adjunct57072.2022.00174,0.9,resolved,openalex,2026-01-22T21:51:13Z,X018,"Current haptic devices can generate haptic texture sensations through replaying the recorded tactile signals, allowing for texture interaction of different materials in virtual reality (VR) and augmented reality (AR). As humans enable to feel different texture sensations under various scanning parameters (i.e., applied normal forces, scanning velocities and stroking directions/positions) on the material surface towards the same texture, such methods cannot support rendering natural haptic textures under various scanning parameters. To this end, we proposed a deep-learning-based approach for multi-modal tactile signal generation leveraging the framework of a transformer-based network. Our system takes the visual image of a material surface as the visual data and the acceleration signals with the scanning parameters induced by the pen-sliding movement on the surface as tactile data through a transformer-based generative model with the multi-modal feature embedding module for acceleration signals synthesis. We aim to synthesize dynamic acceleration signals based on the images of material surfaces and the users' scanning states to create natural and realistic texture sensations in VR/AR.",Haptic technology; Computer science; Artificial intelligence; Computer vision; Virtual reality; Modal; Transformer; Augmented reality; Acoustics; Engineering; Materials science; Physics,False,conference,True,True,False,doi,,"{'venue': 'crossref', 'pages': 'crossref', 'publisher': 'crossref', 'url': 'crossref', 'lang': 'heuristic'}","{'crossref': 4, 'heuristic': 1}","X018.R000 resolved | hits:OA,CR | winner:- | filled:venue:CR; lang:HE | missing:-",PASS_FLAGGED,,,EC-3,EC-2,PASS_FLAGGED: uncertain EC-2,"{""EC-2"": {""status"": ""UNCERTAIN"", ""decision"": ""not_meet"", ""confidence"": 0.9, ""threshold"": 0.6, ""field"": ""abstract"", ""quote"": ""Virtual reality (VR) and augmented reality (AR)"", ""quote_valid"": false, ""span"": [68, 82], ""used"": true}, ""EC-3"": {""status"": ""MET"", ""decision"": ""not_meet"", ""confidence"": 0.9, ""threshold"": 0.6, ""field"": ""keywords"", ""quote"": ""Computer science"", ""quote_valid"": true, ""span"": [62, 74], ""used"": true}}"
A458,101109ismaradjunct57072202200129,Optimizing Performance through Stress and Induction Levels in Virtual Reality Using Autonomic Responses,Dan Archer; Anthony Steed,Dan Archer,2022.0,10.1109/ismar-adjunct57072.2022.00129,,,,2022 IEEE International Symposium on Mixed and Augmented Reality Adjunct (ISMAR-Adjunct),,,622-627,IEEE,en,https://doi.org/10.1109/ismar-adjunct57072.2022.00129,0.9,resolved,openalex,2026-01-22T21:51:13Z,X018,"Virtual reality (VR) is now a consumer technology, but individuals' experience with systems or different applications varies enormously. This means that most consumer applications need to consider how to train naive users in the application's operation. We examine three different ways of imparting on-boarding instructions to users: first-person audio guidance, second-person non-player character (NPC) diegetic guidance or written instruction. Our primary hypothesis is that the second-person condition will induce a higher stress level on the user, given the perceived presence of a supervising NPC. Our secondary hypothesis is that there is a correlation between stress and performance, meaning that participants with elevated stress levels within a certain margin will complete their tasks faster and more successfully. By extension, participants whose stress levels are either above or below this optimal margin will under-perform on the same tasks. The tasks in question are an interaction test (IT), designed to test participants' abilities to pick up and manipulate virtual objects, and a mental rotation test (MRT), designed to place them under cognitive load. During these tasks we measure the users' level of stress from their bio signals via a mobile wearable device that tracks their heart rate (HR), galvanic skin response (GSR) and body temperature in real-time. Statistical significance was not found in the stress or performance levels between the instruction conditions, but the secondary hypothesis was supported and a correlation was found between stress and performance levels across the conditions in both HR and GSR.",Stress (linguistics); Computer science; Virtual reality; Test (biology); Human–computer interaction; Wearable computer; Mental effort; Margin (machine learning); Cognitive load; Contrast (vision); Skin conductance; Cognition,False,conference,True,True,False,doi,,"{'venue': 'crossref', 'pages': 'crossref', 'publisher': 'crossref', 'url': 'crossref', 'lang': 'heuristic'}","{'crossref': 4, 'heuristic': 1}","X018.R000 resolved | hits:OA,CR | winner:- | filled:venue:CR; lang:HE | missing:-",PASS_CLEAN,,,"EC-2,EC-3",,PASS_CLEAN: all EL criteria MET.,"{""EC-2"": {""status"": ""MET"", ""decision"": ""not_meet"", ""confidence"": 0.7, ""threshold"": 0.6, ""field"": ""keywords"", ""quote"": ""Virtual reality"", ""quote_valid"": true, ""span"": [139, 149], ""used"": true}, ""EC-3"": {""status"": ""MET"", ""decision"": ""not_meet"", ""confidence"": 0.7, ""threshold"": 0.6, ""field"": ""keywords"", ""quote"": ""Stress (linguistics)"", ""quote_valid"": true, ""span"": [61, 73], ""used"": true}}"
A459,101109ismaradjunct57072202200207,Developing a Methodology for Co-creation using Extended Reality Technologies,Sandhya Santhosh,Sandhya Santhosh,2022.0,10.1109/ismar-adjunct57072.2022.00207,,,,2022 IEEE International Symposium on Mixed and Augmented Reality Adjunct (ISMAR-Adjunct),,,927-930,IEEE,en,https://doi.org/10.1109/ismar-adjunct57072.2022.00207,0.9,resolved,openalex,2026-01-22T21:51:13Z,X018,"In the past decades there is a lot of heed towards Human Centered Design (HCD) Approach in which users are involved for needs collection or validation sessions of the prototypes for problem identification. A successful design relies also on how well different stakeholders are proactively involved since the beginning or even in the creative phase of product development. Therefore, in the recent times, innovative organizations are shifting their ideation strategies towards the concept of “co-creation” in order to improve their creative businesses. Co-creation is known to draw in final users or customers in the design process to collaborate and interact in jointly generating solutions and creating value. Thus, the platform where co-creators engage plays an influential role in improving the creative participation and thus user experience. Traditional co-creation platforms limit a user in various forms. The immense growth of innovative technologies such as Extended Reality (XR) tools have expanded to interactive and collaborative environment developments regulating new ways of working. My PhD research proposes XR tools as potential digital co-creation platforms and focuses on establishing the key factors that influence “co-creation” process in XR by laying out a methodology and developing number of applications fulfilling these factors during product development process promoting the idea. This paper describes the principles of co-creation, the importance of cocreation platforms, elements of co-creation and outlines few application scenarios developed in the context of product development process striving to demonstrate XR environment as a co-creation space. The research will also provide interesting insights into emerging design practices and expects to study the factors that affect a user in this innovative co-creative XR world and collect practical recommendations. Through ISMAR'22 Doctoral Consortium, I would like to gain expert inputs on validation methods for the applications developed that can strengthen the concept proposal.",Co-creation; Ideation; Process (computing); Computer science; Context (archaeology); Product (mathematics); New product development; Knowledge management; Process management; Collaborative engineering; Product design; Identification (biology),False,conference,True,True,False,doi,,"{'venue': 'crossref', 'pages': 'crossref', 'publisher': 'crossref', 'url': 'crossref', 'lang': 'heuristic'}","{'crossref': 4, 'heuristic': 1}","X018.R000 resolved | hits:OA,CR | winner:- | filled:venue:CR; lang:HE | missing:-",PASS_CLEAN,,,"EC-2,EC-3",,PASS_CLEAN: all EL criteria MET.,"{""EC-2"": {""status"": ""MET"", ""decision"": ""not_meet"", ""confidence"": 0.8, ""threshold"": 0.6, ""field"": ""keywords"", ""quote"": ""Co-creation"", ""quote_valid"": true, ""span"": [12, 17], ""used"": true}, ""EC-3"": {""status"": ""MET"", ""decision"": ""not_meet"", ""confidence"": 0.8, ""threshold"": 0.6, ""field"": ""keywords"", ""quote"": ""Co-creation"", ""quote_valid"": true, ""span"": [12, 17], ""used"": true}}"
A460,101109ismaradjunct57072202200167,Reimagining the Stadium Spectator Experience using Augmented Reality and Visual Positioning System,Kelvin Cheng; Kensuke Koda; Soh Masuko,Kelvin Cheng,2022.0,10.1109/ismar-adjunct57072.2022.00167,,,,2022 IEEE International Symposium on Mixed and Augmented Reality Adjunct (ISMAR-Adjunct),,,786-787,IEEE,en,https://doi.org/10.1109/ismar-adjunct57072.2022.00167,0.9,resolved,openalex,2026-01-22T21:51:14Z,X018,"Professional sports clubs around the world have been looking for ways to innovate and engage fans with novel sports watching experiences at the stadium. Augmented reality is often used to offer an immersive and interactive experience at a specific place, connecting virtual artefacts with the physical location in meaningful ways. In this work, we introduce the practical use of Visual Positioning System, combined with our unique AR design, together with novel placement of content, interaction with live sports data, and linking them directly to e-commerce services on-demand to create a unique, immersive, and interactive sports watching experience at the stadium.",Stadium; Augmented reality; Human–computer interaction; Computer science; Virtual reality; Spectator sport; Multimedia; Mixed reality; Advertising; Business; Geometry; Mathematics,False,conference,True,True,False,doi,,"{'venue': 'crossref', 'pages': 'crossref', 'publisher': 'crossref', 'url': 'crossref', 'lang': 'heuristic'}","{'crossref': 4, 'heuristic': 1}","X018.R000 resolved | hits:OA,CR | winner:- | filled:venue:CR; lang:HE | missing:-",PASS_CLEAN,,,"EC-2,EC-3",,PASS_CLEAN: all EL criteria MET.,"{""EC-2"": {""status"": ""MET"", ""decision"": ""not_meet"", ""confidence"": 0.9, ""threshold"": 0.6, ""field"": ""abstract"", ""quote"": ""Augmented reality is often used to offer an immersive and interactive experience at a specific place, connecting virtual artefacts with the physical location in meaningful ways."", ""quote_valid"": true, ""span"": [53, 124], ""used"": true}, ""EC-3"": {""status"": ""MET"", ""decision"": ""not_meet"", ""confidence"": 0.9, ""threshold"": 0.6, ""field"": ""abstract"", ""quote"": ""Augmented reality is often used to offer an immersive and interactive experience at a specific place"", ""quote_valid"": true, ""span"": [53, 81], ""used"": true}}"
A461,101109ismaradjunct57072202200157,A Comparative Study of the User Experience of Controller and Hand-Tracking Interactions in a Virtual Environment,Aelee Kim,Aelee Kim,2022.0,10.1109/ismar-adjunct57072.2022.00157,,,,2022 IEEE International Symposium on Mixed and Augmented Reality Adjunct (ISMAR-Adjunct),,,744-748,IEEE,en,https://doi.org/10.1109/ismar-adjunct57072.2022.00157,0.9,resolved,openalex,2026-01-22T21:51:14Z,X018,"In this study, we compared controller and hand-tracking interaction conditions for both browsing and object manipulation tasks to explore the relationship between the interaction method and user experience in a virtual environment (VE), as measured by their sense of agency (SoA), body ownership (BO), interaction fidelity (IF), immersion, usability, and workload. In the first of two experiments, a browsing task was investigated, with the participants in the controller condition experiencing greater SoA, IF, immersion, and usability than those in the hand-tracking condition, while the overall workload was higher for the hand-tracking condition. In experiment 2, we tested an object manipulation task and found a significant difference between the controller and hand-tracking conditions. Participants in the hand-tracking condition experienced higher BO, IF, immersion, and usability, though no meaningful difference was found for SoA and overall workload between the two conditions. Overall, this research confirmed the importance of the association between the interaction method and user experience in a VE.",Usability; Workload; Immersion (mathematics); Computer science; Human–computer interaction; Task (project management); Significant difference; User experience design; Controller (irrigation); Operating system; Engineering; Pure mathematics,False,conference,True,True,False,doi,,"{'venue': 'crossref', 'pages': 'crossref', 'publisher': 'crossref', 'url': 'crossref', 'lang': 'heuristic'}","{'crossref': 4, 'heuristic': 1}","X018.R000 resolved | hits:OA,CR | winner:- | filled:venue:CR; lang:HE | missing:-",PASS_CLEAN,,,"EC-2,EC-3",,PASS_CLEAN: all EL criteria MET.,"{""EC-2"": {""status"": ""MET"", ""decision"": ""not_meet"", ""confidence"": 0.7, ""threshold"": 0.6, ""field"": ""abstract"", ""quote"": ""In this study, we compared controller and hand-tracking interaction conditions for both browsing and object manipulation tasks to explore the relationship between the interaction method and user experience in a virtual environment (VE), as measured by their sense of agency (SoA), body ownership (BO), interaction fidelity (IF), immersion, usability, and workload."", ""quote_valid"": true, ""span"": [0, 215], ""used"": true}, ""EC-3"": {""status"": ""MET"", ""decision"": ""not_meet"", ""confidence"": 0.7, ""threshold"": 0.6, ""field"": ""abstract"", ""quote"": ""In this study, we compared controller and hand-tracking interaction conditions for both browsing and object manipulation tasks to explore the relationship between the interaction method and user experience in a virtual environment (VE)"", ""quote_valid"": true, ""span"": [12, 95], ""used"": true}}"
A462,101109ismaradjunct57072202200190,The ARgus Designer: Supporting experts while conducting user studies of AR/MR applications,Helen Stefanidi; Asterios Leonidis; Maria Korozi; George Papagiannakis,Helen Stefanidi,2022.0,10.1109/ismar-adjunct57072.2022.00190,,,,2022 IEEE International Symposium on Mixed and Augmented Reality Adjunct (ISMAR-Adjunct),,,885-890,IEEE,en,https://doi.org/10.1109/ismar-adjunct57072.2022.00190,0.9,resolved,openalex,2026-01-22T21:51:14Z,X018,"Augmented reality (AR) and mixed reality (MR) applications have gained momentum the past couple of years among researchers. Even though many approaches have addressed the challenges and opportunities of evaluating such applications and some have even used these technologies as evaluation methods, only a few attempts have been made in creating tools to support their overall evaluation process. This work aims to contribute to this gap by proposing the ARgus Designer System whose objective is to assist evaluators in conducting user studies for assessing the usability and User Experience of AR/MR applications. In the proposed evaluation tool, the experts' cognition is enhanced in real-time during testing with various metrics and features, while wearing an MR device (specifically the HoloLens 2), in an effort to facilitate the evaluation process. Focusing primarily on the domain of prototyping for Intelligent Environments (IEs), the first instantiation of the envisioned system augments the user's surroundings by overlaying virtual interactive artifacts, 3D objects and digital user interfaces (UIs) on top of the real-world environment, while at the same time enhancing the evaluators' field of view by projecting experiment-related data.",Computer science; Augmented reality; Usability; Human–computer interaction; Process (computing); User interface; Argus; Field (mathematics); Domain (mathematical analysis); User experience design; USable; Multimedia,False,conference,True,True,False,doi,,"{'venue': 'crossref', 'pages': 'crossref', 'publisher': 'crossref', 'url': 'crossref', 'lang': 'heuristic'}","{'crossref': 4, 'heuristic': 1}","X018.R000 resolved | hits:OA,CR | winner:- | filled:venue:CR; lang:HE | missing:-",PASS_FLAGGED,,,EC-3,EC-2,PASS_FLAGGED: uncertain EC-2,"{""EC-2"": {""status"": ""UNCERTAIN"", ""decision"": ""not_meet"", ""confidence"": 0.9, ""threshold"": 0.6, ""field"": ""abstract"", ""quote"": ""In the proposed evaluation tool, the experts' cognition is enhanced in real-time during testing with various metrics and features, while wearing an MR device (specifically the HoloLens 2), in effort to facilitate the evaluation process."", ""quote_valid"": false, ""span"": [103, 265], ""used"": true}, ""EC-3"": {""status"": ""MET"", ""decision"": ""not_meet"", ""confidence"": 0.8, ""threshold"": 0.6, ""field"": ""abstract"", ""quote"": ""This work aims to contribute to this gap by proposing the ARgus Designer System whose objective is to assist evaluators in conducting user studies for assessing the usability and User Experience of AR/MR applications"", ""quote_valid"": true, ""span"": [53, 126], ""used"": true}}"
A463,101109ismaradjunct57072202200208,From Lab to Reality: Optimization of Industrial Augmented Reality Interfaces,Enricoandrea Laviola; Antonio Emmanuele Uva,Enricoandrea Laviola,2022.0,10.1109/ismar-adjunct57072.2022.00208,,,,2022 IEEE International Symposium on Mixed and Augmented Reality Adjunct (ISMAR-Adjunct),,,931-934,IEEE,en,https://doi.org/10.1109/ismar-adjunct57072.2022.00208,0.9,resolved,openalex,2026-01-22T21:51:15Z,X018,"My thesis work is focused on the creation of guidelines for the authoring of the next-generation Industrial Augmented Reality Technical Documentation. The research project aims to provide clear recommendations to optimize the template presentation related to the instruction authoring in an industrial context focusing attention in assessing the real economic impact that AR can offer for companies. This optimization not only will improve the operators' performance by providing them with more easily interpretable information, but also will reduce developers' computational costs to companies in both programming and 3D modeling. Finally, the outcomes obtained will provide guidelines that can make the authoring of AR technical documentation accessible even to technical writers who are not particularly skilled in AR.",Augmented reality; Documentation; Computer science; Presentation (obstetrics); Context (archaeology); Technical documentation; Work (physics); Human–computer interaction; Application programming interface; Multimedia; Software engineering; Engineering management,False,conference,True,True,False,doi,,"{'venue': 'crossref', 'pages': 'crossref', 'publisher': 'crossref', 'url': 'crossref', 'lang': 'heuristic'}","{'crossref': 4, 'heuristic': 1}","X018.R000 resolved | hits:OA,CR | winner:- | filled:venue:CR; lang:HE | missing:-",PASS_CLEAN,,,"EC-2,EC-3",,PASS_CLEAN: all EL criteria MET.,"{""EC-2"": {""status"": ""MET"", ""decision"": ""not_meet"", ""confidence"": 0.8, ""threshold"": 0.6, ""field"": ""abstract"", ""quote"": ""My thesis work is focused on the creation of guidelines for the authoring of the next-generation Industrial Augmented Reality Technical Documentation."", ""quote_valid"": true, ""span"": [12, 154], ""used"": true}, ""EC-3"": {""status"": ""MET"", ""decision"": ""not_meet"", ""confidence"": 0.9, ""threshold"": 0.6, ""field"": ""abstract"", ""quote"": ""My thesis work is focused on the creation of guidelines for the authoring of the next-generation Industrial Augmented Reality Technical Documentation"", ""quote_valid"": true, ""span"": [28, 105], ""used"": true}}"
A464,101109ismaradjunct57072202200177,Virtual Club Shadow: A Real-time Projection of Golf Club Trajectory,Chen-Chieh Liao; Haruki Kikuchi; Dong-Hyun Hwang; Hideki Koike,Chen-Chieh Liao,2022.0,10.1109/ismar-adjunct57072.2022.00177,,,,2022 IEEE International Symposium on Mixed and Augmented Reality Adjunct (ISMAR-Adjunct),,,816-820,IEEE,en,https://doi.org/10.1109/ismar-adjunct57072.2022.00177,0.9,resolved,openalex,2026-01-22T21:51:15Z,X018,"In sports like golf, the motion of a club or racket determines the outcome significantly, and it is essential to consistently move such properties with the correct forms to achieve high scores during competitions. This paper proposes a novel projection method that provides real-time visualization of golf club trajectories on the ground. The system can render the trajectory of a golf club along with conventional face-to-path angle information in real-time using an optical motion capture system and a video projector. Furthermore, the system utilizes dynamic changes of color to provide more detailed information about the pose of the golf club. This color-changing method aims to help users understand their club motion trajectories and explicitly adjust their form based on the visualization results.",Computer science; Visualization; Projection (relational algebra); Computer vision; Trajectory; Club; Shadow (psychology); Computer graphics (images); Racket; Projector; Artificial intelligence; Path (computing),False,conference,True,True,False,doi,,"{'venue': 'crossref', 'pages': 'crossref', 'publisher': 'crossref', 'url': 'crossref', 'lang': 'heuristic'}","{'crossref': 4, 'heuristic': 1}","X018.R000 resolved | hits:OA,CR | winner:- | filled:venue:CR; lang:HE | missing:-",PASS_CLEAN,,,"EC-2,EC-3",,PASS_CLEAN: all EL criteria MET.,"{""EC-2"": {""status"": ""MET"", ""decision"": ""not_meet"", ""confidence"": 0.8, ""threshold"": 0.6, ""field"": ""keywords"", ""quote"": ""Computer science"", ""quote_valid"": true, ""span"": [12, 23], ""used"": true}, ""EC-3"": {""status"": ""MET"", ""decision"": ""not_meet"", ""confidence"": 0.8, ""threshold"": 0.6, ""field"": ""keywords"", ""quote"": ""Shadow (psychology)"", ""quote_valid"": true, ""span"": [29, 37], ""used"": true}}"
A465,101109ismaradjunct57072202200136,Mixed Reality for Engineering Design Review Using Finite Element Analysis,Emran Poh; Kyrin Liong; Jeannie S.A. Lee,Emran Poh,2022.0,10.1109/ismar-adjunct57072.2022.00136,,,,2022 IEEE International Symposium on Mixed and Augmented Reality Adjunct (ISMAR-Adjunct),,,657-662,IEEE,en,https://doi.org/10.1109/ismar-adjunct57072.2022.00136,0.9,resolved,openalex,2026-01-22T21:51:15Z,X018,"&lt;p dir=""ltr""&gt;Mixed Reality (MR) provides a unique environment for engineers to visualize a virtual CAD model's structural characteristics within a real physical environment. Existing implementations have explored conducting structural design reviews in virtual environments. However, more can be done to explore conducting virtual structural reviews on assemblies using MR. A MR-based application is developed, for engineers to conduct structural design reviews with support for complete assemblies and visualizing adjacent structural behaviors, using Finite Element Analysis (FEA). A preliminary evaluation study conducted an engineering design review with participants in either MR or on a conventional desktop computer, measuring the usability, sense of flow, and workload. The pilot study results suggest that MR is an intuitive platform with higher absorption of activity and flow experience, despite incurring a higher physical demand than the desktop environment. Based on the findings, we discuss the current potential and challenges faced when conducting design reviews within a MR environment, suggest improvements that can be made when designing MR-based engineering tools, and discuss the significant benefits that MR can offer over traditional desktop monitor based applications.&lt;/p&gt;",Usability; Workload; Computer science; Finite element method; Virtual reality; Implementation; CAD; Human–computer interaction; Design flow; Software engineering; Systems engineering; Engineering drawing,True,conference,True,True,False,doi,,"{'venue': 'crossref', 'pages': 'crossref', 'publisher': 'crossref', 'url': 'crossref', 'lang': 'heuristic'}","{'crossref': 4, 'heuristic': 1}","X018.R000 resolved | hits:OA,CR | winner:- | filled:venue:CR; lang:HE | missing:-",PASS_CLEAN,,,"EC-2,EC-3",,PASS_CLEAN: all EL criteria MET.,"{""EC-2"": {""status"": ""MET"", ""decision"": ""not_meet"", ""confidence"": 0.7, ""threshold"": 0.6, ""field"": ""abstract"", ""quote"": ""Mixed Reality (MR) provides a unique environment for engineers to visualize a virtual CAD model's structural characteristics within a real physical environment."", ""quote_valid"": true, ""span"": [12, 83], ""used"": true}, ""EC-3"": {""status"": ""MET"", ""decision"": ""not_meet"", ""confidence"": 0.7, ""threshold"": 0.6, ""field"": ""abstract"", ""quote"": ""Mixed Reality (MR) provides a unique environment for engineers to visualize a virtual CAD model's structural characteristics within a real physical environment."", ""quote_valid"": true, ""span"": [12, 38], ""used"": true}}"
A466,101109ismaradjunct57072202200142,Geometric simplification for reducing optic flow in VR,Ruding Lou; Frédéric Mérienne; Richard H. Y. So; Tsz Tai Chan; Dominique Bechmann,Ruding Lou,2022.0,10.1109/ismar-adjunct57072.2022.00142,,,,2022 IEEE International Symposium on Mixed and Augmented Reality Adjunct (ISMAR-Adjunct),,,682-685,IEEE,en,https://doi.org/10.1109/ismar-adjunct57072.2022.00142,0.9,resolved,openalex,2026-01-22T21:51:15Z,X018,"Today virtual reality (VR) technologies became more and more&#13;\nwidespread and found strong applications in various domains. However&#13;\nthe fear to experience motion sickness is still an important&#13;\nbarrier for new VR users. Instead of moving physically, VR users experience&#13;\nvirtual locomotion but their vestibular systems do not sense&#13;\nthe self-motion that are visually induced by immersive displays. The&#13;\nmismatch in visual and vestibular senses causes sickness. Previous&#13;\nsolutions actively reduce user’s field-of-view, introduce intruder in&#13;\nthe view or alter their navigation. In this paper we propose a passive&#13;\napproach that partially simplify the virtual environment according&#13;\nto user navigation. One manual simplification approach has been&#13;\nproposed and prototyped to simplify the scene seen in the peripheral&#13;\nfield of view. The optic flow is analyzed on the rendered images&#13;\nseen by users. The result shows that the simplification reduces the&#13;\nperceived optic flow which is the main cause of the visually induced&#13;\nmotion sickness (VIMS). This pilot study confirm the potential efficiency&#13;\nof reducing cybersickness through geometric simplification.",Virtual reality; Simulator sickness; Motion sickness; Computer science; Computer vision; Motion (physics); Vestibular system; Optical flow; Human–computer interaction; Field (mathematics); Artificial intelligence; Virtual machine,True,conference,True,True,False,doi,,"{'venue': 'crossref', 'pages': 'crossref', 'publisher': 'crossref', 'url': 'crossref', 'lang': 'heuristic'}","{'crossref': 4, 'heuristic': 1}","X018.R000 resolved | hits:OA,CR | winner:- | filled:venue:CR; lang:HE | missing:-",PASS_FLAGGED,,,,"EC-2,EC-3","PASS_FLAGGED: uncertain EC-2, EC-3","{""EC-2"": {""status"": ""UNCERTAIN"", ""decision"": ""not_meet"", ""confidence"": 0.9, ""threshold"": 0.6, ""field"": ""abstract"", ""quote"": ""However the fear to experience motion sickness is still an important barrier for new VR users."", ""quote_valid"": false, ""span"": [51, 78], ""used"": true}, ""EC-3"": {""status"": ""UNCERTAIN"", ""decision"": ""not_meet"", ""confidence"": 0.9, ""threshold"": 0.6, ""field"": ""abstract"", ""quote"": ""However the fear to experience motion sickness is still an important barrier for new VR users."", ""quote_valid"": false, ""span"": [51, 72], ""used"": true}}"
A467,101109ismaradjunct57072202200137,PSCVR: Physiological Sensing in Collaborative Virtual Reality,Prasanth Sasikumar; Yun Suen Pai; Huidong Bai; Mark Billinghurst,Prasanth Sasikumar,2022.0,10.1109/ismar-adjunct57072.2022.00137,,,,2022 IEEE International Symposium on Mixed and Augmented Reality Adjunct (ISMAR-Adjunct),,,663-666,IEEE,en,https://doi.org/10.1109/ismar-adjunct57072.2022.00137,0.9,resolved,openalex,2026-01-22T21:51:16Z,X018,"In a collaborative environment where more than a single user need to complete a task together, being able to understand each other's emotional status is essential for a successful outcome. This is especially evident in remote collaboration tasks where the physical distance may create a lack of understanding, empathy, and comprehension be-tween the partners. Typical remote collaboration systems share less information than that can be communicated in a physical interaction, which makes supporting awareness very challenging. Our proposed visual representation allows users to infer emotional patterns from physiological data, which could impact their communication style towards a more forceful or inactive and calm association. We investigate the potential effects of the proposed visual rep-resentation to support empathetic communication during remote collaboration, as well as the design guidelines for building such systems.",Empathy; Human–computer interaction; Computer science; Task (project management); Comprehension; Virtual reality; Representation (politics); Psychology; Social psychology; Engineering; Politics; Programming language,False,conference,True,True,False,doi,,"{'venue': 'crossref', 'pages': 'crossref', 'publisher': 'crossref', 'url': 'crossref', 'lang': 'heuristic'}","{'crossref': 4, 'heuristic': 1}","X018.R000 resolved | hits:OA,CR | winner:- | filled:venue:CR; lang:HE | missing:-",EXCLUSION_SUPPRESSED,,,EC-3,,"EXCLUSION_SUPPRESSED: the model returned an excluding verdict on EC-2 which passed the evidence gate. Flag-only is in force for this provider, so the record was NOT excluded and needs human review.","{""EC-2"": {""status"": ""SUPPRESSED"", ""decision"": ""meet"", ""confidence"": 0.95, ""threshold"": 0.6, ""field"": ""keywords"", ""quote"": ""Virtual reality"", ""quote_valid"": true, ""span"": [23, 35], ""used"": true}, ""EC-3"": {""status"": ""MET"", ""decision"": ""not_meet"", ""confidence"": 0.85, ""threshold"": 0.6, ""field"": ""abstract"", ""quote"": ""Typical remote collaboration systems share less information than that can be communicated in a physical interaction, which makes supporting awareness very challenging."", ""quote_valid"": true, ""span"": [123, 164], ""used"": true}}"
A468,101109ismaradjunct57072202200165,Towards a Quantitative Approach for Monitoring and Evaluating Construction Defect Management Inspection Performance using Eye-tracking Technologies,Kieran May; Allison Jing; James A. Walsh; Ross Smith; Ning Gu; Bruce H. Thomas,Kieran May,2022.0,10.1109/ismar-adjunct57072.2022.00165,,,,2022 IEEE International Symposium on Mixed and Augmented Reality Adjunct (ISMAR-Adjunct),,,776-781,IEEE,en,https://doi.org/10.1109/ismar-adjunct57072.2022.00165,0.9,resolved,openalex,2026-01-22T21:51:16Z,X018,"Defect management (DM) inspections play an important role in the overall performance of construction projects. Identifying defects early within the construction project life cycle leads to mitigating significant reworks and potential hazards from occurring later in the building life cycle. Despite the importance of DM inspections in construction, currently, minimal approaches exist to evaluate or assess the performance quality of on-site DM inspectors. To address these issues, we present a novel data analysis tool that incorporates Building Information Modelling technologies to evaluate DM in-spection performance using eye gaze data captured during the DM inspection. This paper presents an overview of our proposed data analysis tool, which consists of a four-dimensional (4D) playback visualisation system and a quantitative data analysis simulator. We also present our findings from a pilot study that uses our proposed data analysis tool to comparatively evaluate the performance of two types of DM inspection approaches: conventional paper-based methods, and an experimental Augmented Reality (AR) system. We release our DM data analysis software as an open-source project under the MIT license.",Computer science; Visualization; Software; License; Building information modeling; Systems engineering; Engineering; Data mining; Chemical engineering; Operating system; Compatibility (geochemistry); Programming language,False,conference,True,True,False,doi,,"{'venue': 'crossref', 'pages': 'crossref', 'publisher': 'crossref', 'url': 'crossref', 'lang': 'heuristic'}","{'crossref': 4, 'heuristic': 1}","X018.R000 resolved | hits:OA,CR | winner:- | filled:venue:CR; lang:HE | missing:-",PASS_CLEAN,,,"EC-2,EC-3",,PASS_CLEAN: all EL criteria MET.,"{""EC-2"": {""status"": ""MET"", ""decision"": ""not_meet"", ""confidence"": 0.75, ""threshold"": 0.6, ""field"": ""abstract"", ""quote"": ""Despite the importance of DM inspections in construction, currently, minimal approaches exist to evaluate or assess the performance quality of on-site DM inspectors."", ""quote_valid"": true, ""span"": [123, 164], ""used"": true}, ""EC-3"": {""status"": ""MET"", ""decision"": ""not_meet"", ""confidence"": 0.75, ""threshold"": 0.6, ""field"": ""abstract"", ""quote"": ""Despite the importance of DM inspections in construction, currently, minimal approaches exist to evaluate or assess the performance quality of on-site DM inspectors."", ""quote_valid"": true, ""span"": [123, 164], ""used"": true}}"
A469,101109ismaradjunct57072202200133,Transcutaneous Electrical Nerve Stimulation along the Base of the Finger to Modify the Location of Tactile Sensation at the Finger,Shuto Ogihara; Tomohiro Amemiya; Kazuma Aoyama,Shuto Ogihara,2022.0,10.1109/ismar-adjunct57072.2022.00133,,,,2022 IEEE International Symposium on Mixed and Augmented Reality Adjunct (ISMAR-Adjunct),,,646-647,IEEE,en,https://doi.org/10.1109/ismar-adjunct57072.2022.00133,0.9,resolved,openalex,2026-01-22T21:51:16Z,X018,"We propose transcutaneous electrical nerve stimulation along the finger's base to achieve induction of tactile sensation at the finger. Unlike many other methods, our method can superimpose tactile sensation on natural perception through interaction with real objects because the finger is left uncovered with a device. We conducted a psychophysical experiment to demonstrate that the location of the induced tactile sensation could be modified by altering the position of stimulation along the base of the finger. Our method solves the problem of inducing tactile sensation in various locations without covering the targeted position.",Sensation; Perception; Computer science; Stimulation; Base (topology); Position (finance); Tactile perception; Sensory stimulation therapy; Transcutaneous electrical nerve stimulation; Computer vision; Tactile display; Artificial intelligence,False,conference,True,True,False,doi,,"{'venue': 'crossref', 'pages': 'crossref', 'publisher': 'crossref', 'url': 'crossref', 'lang': 'heuristic'}","{'crossref': 4, 'heuristic': 1}","X018.R000 resolved | hits:OA,CR | winner:- | filled:venue:CR; lang:HE | missing:-",PASS_CLEAN,,,"EC-2,EC-3",,PASS_CLEAN: all EL criteria MET.,"{""EC-2"": {""status"": ""MET"", ""decision"": ""not_meet"", ""confidence"": 0.8, ""threshold"": 0.6, ""field"": ""keywords"", ""quote"": ""Tactile perception; Sensory stimulation therapy; Transcutaneous electrical nerve stimulation"", ""quote_valid"": true, ""span"": [15, 32], ""used"": true}, ""EC-3"": {""status"": ""MET"", ""decision"": ""not_meet"", ""confidence"": 0.8, ""threshold"": 0.6, ""field"": ""keywords"", ""quote"": ""Base (topology)"", ""quote_valid"": true, ""span"": [15, 23], ""used"": true}}"
A470,101109ismaradjunct57072202200206,Cross Reality Authoring: A Mixed Reality Editor approach,Christoph Holtmann; Johann Habakuk Israel; Thomas Jung,Christoph Holtmann,2022.0,10.1109/ismar-adjunct57072.2022.00206,,,,2022 IEEE International Symposium on Mixed and Augmented Reality Adjunct (ISMAR-Adjunct),,,923-926,IEEE,en,https://doi.org/10.1109/ismar-adjunct57072.2022.00206,0.9,resolved,openalex,2026-01-22T21:51:17Z,X018,"The development of Mixed Reality (MR) applications with today's tools and approaches brings various challenges. A key problem is the difference and lack of connectivity between development plat-form and target platform. Not only does this make designing and testing of immersive experiences challenging, but it also puts exces-sive demands on the imagination, abstraction power, and patience of developers. This paper summarizes related research topics and high-lights a cross-device approach to MR development. The topics and research questions described form the basis for further investigations in the context of a dissertation.",Computer science; Patience; Abstraction; Key (lock); Mixed reality; Context (archaeology); Human–computer interaction; Virtual reality; Data science; Epistemology; Psychology; Computer security,False,conference,True,True,False,doi,,"{'venue': 'crossref', 'pages': 'crossref', 'publisher': 'crossref', 'url': 'crossref', 'lang': 'heuristic'}","{'crossref': 4, 'heuristic': 1}","X018.R000 resolved | hits:OA,CR | winner:- | filled:venue:CR; lang:HE | missing:-",PASS_CLEAN,,,"EC-2,EC-3",,PASS_CLEAN: all EL criteria MET.,"{""EC-2"": {""status"": ""MET"", ""decision"": ""not_meet"", ""confidence"": 0.9, ""threshold"": 0.6, ""field"": ""abstract"", ""quote"": ""Mixed Reality (MR) applications with today's tools and approaches brings various challenges."", ""quote_valid"": true, ""span"": [68, 103], ""used"": true}, ""EC-3"": {""status"": ""MET"", ""decision"": ""not_meet"", ""confidence"": 0.9, ""threshold"": 0.6, ""field"": ""keywords"", ""quote"": ""Mixed reality"", ""quote_valid"": true, ""span"": [16, 25], ""used"": true}}"
A471,101109ismaradjunct57072202200149,Focused Area of Movement as an Effective Rest Frame for Reducing VR Sickness,Mu-Hyeon Park; Kwan Yun; Gerard Jounghyun Kim,Mu-Hyeon Park,2022.0,10.1109/ismar-adjunct57072.2022.00149,,,,2022 IEEE International Symposium on Mixed and Augmented Reality Adjunct (ISMAR-Adjunct),,,712-713,IEEE,en,https://doi.org/10.1109/ismar-adjunct57072.2022.00149,0.9,resolved,openalex,2026-01-22T21:51:17Z,X018,"Sickness is one major obstacle in proliferating the use of virtual reality. The sensory mismatch between the visual and vestibular senses about user motion is attributed as the main cause. One effective method has been the use of rest frame such as the virtual nose, which is the reference object that remain fixed in relation to the real world and do not move as the user moves around. We propose the ""Focused Area of Movement"" as an alternative rest frame, which is a small moving area within the screen space, where there is little relative motion (or optical flow) with respect to the user - thereby causing less sensory conflict, but with naturally directed attention and less content intrusion. Our pilot experiment has shown its potential in significantly reducing the level of VR sickness without much degradation in the sense of presence/immersion.",Motion sickness; Computer science; Rest (music); Virtual reality; Computer vision; Simulator sickness; Intrusion; Motion (physics); Optical flow; Frame (networking); Reference frame; Rest frame,False,conference,True,True,False,doi,,"{'venue': 'crossref', 'pages': 'crossref', 'publisher': 'crossref', 'url': 'crossref', 'lang': 'heuristic'}","{'crossref': 4, 'heuristic': 1}","X018.R000 resolved | hits:OA,CR | winner:- | filled:venue:CR; lang:HE | missing:-",PASS_CLEAN,,,"EC-2,EC-3",,PASS_CLEAN: all EL criteria MET.,"{""EC-2"": {""status"": ""MET"", ""decision"": ""not_meet"", ""confidence"": 0.95, ""threshold"": 0.6, ""field"": ""abstract"", ""quote"": ""Sickness is one major obstacle in proliferating the use of virtual reality."", ""quote_valid"": true, ""span"": [26, 80], ""used"": true}, ""EC-3"": {""status"": ""MET"", ""decision"": ""not_meet"", ""confidence"": 0.7, ""threshold"": 0.6, ""field"": ""keywords"", ""quote"": ""Virtual reality"", ""quote_valid"": true, ""span"": [38, 49], ""used"": true}}"
A472,101109ismaradjunct57072202200188,Robust Planar Optimization for General 3D Room Layout Estimation,Konstantinos-Nektarios Lianos; Luis Puig; Ajaykumar Unagar; Salma Jiddi,Konstantinos-Nektarios Lianos,2022.0,10.1109/ismar-adjunct57072.2022.00188,,,,2022 IEEE International Symposium on Mixed and Augmented Reality Adjunct (ISMAR-Adjunct),,,,IEEE,en,https://doi.org/10.1109/ismar-adjunct57072.2022.00188,0.9,resolved,openalex,2026-01-22T21:51:17Z,X018,"With the advent of deep networks and availability of open source datasets, single-view room layout estimation and planar reconstruction methods have seen significant progress in recent years. To improve accuracy and maximize generalizability, previous methods make significant simplification assumptions that might not capture the full spectrum of real-world environments. In this work, we present a framework that does not make such assumptions and can model general and complex room geometries. This is achieved by strategically segmenting layout planes using a two-step method, followed by a planar optimization with connectivity and Manhattan constraints. We evaluate against the state-of-the-art general layout estimation methods, on a dataset of diverse real-home photographs and show significant improvements, towards the goal of room layout estimation in the wild.",Generalizability theory; Computer science; Planar; Estimation; Mathematical optimization; Artificial intelligence; Data mining; Computer graphics (images); Mathematics; Engineering; Statistics; Systems engineering,False,conference,True,True,False,doi,,"{'venue': 'crossref', 'publisher': 'crossref', 'url': 'crossref', 'lang': 'heuristic'}","{'crossref': 3, 'heuristic': 1}","X018.R000 resolved | hits:OA,CR | winner:- | filled:venue:CR; lang:HE | missing:-",PASS_CLEAN,,,"EC-2,EC-3",,PASS_CLEAN: all EL criteria MET.,"{""EC-2"": {""status"": ""MET"", ""decision"": ""not_meet"", ""confidence"": 0.9, ""threshold"": 0.6, ""field"": ""keywords"", ""quote"": ""Computer science; Planar; Estimation; Mathematical optimization; Artificial intelligence; Data mining; Computer graphics (images); Mathematics; Engineering; Statistics; Systems engineering"", ""quote_valid"": true, ""span"": [15, 64], ""used"": true}, ""EC-3"": {""status"": ""MET"", ""decision"": ""not_meet"", ""confidence"": 0.65, ""threshold"": 0.6, ""field"": ""keywords"", ""quote"": ""Computer science"", ""quote_valid"": true, ""span"": [11, 22], ""used"": true}}"
A473,101109ismaradjunct57072202200215,Augmented Reality Support for Performance and Decision-Making in Collaborative Time-Critical Tasks,Jamie Gower; James Baumeister; Matthew M. Knight; Bruce H. Thomas; Joanne Zucco,Jamie Gower,2022.0,10.1109/ismar-adjunct57072.2022.00215,,,,2022 IEEE International Symposium on Mixed and Augmented Reality Adjunct (ISMAR-Adjunct),,,958-963,IEEE,en,https://doi.org/10.1109/ismar-adjunct57072.2022.00215,0.9,resolved,openalex,2026-01-22T21:51:18Z,X018,"This research explores augmented reality (AR) as a tool for supporting performance and decision-making in a collaborative time-critical task. To this end, we conducted a user study comparing traditional <tex xmlns:mml=""http://www.w3.org/1998/Math/MathML"" xmlns:xlink=""http://www.w3.org/1999/xlink"">$2\mathrm{D}$</tex> displays to traditional 2D displays supplemented with AR. The study results indicate that AR is a promising tool for supporting collaborative time-critical tasks. The results revealed that AR enhanced primary task performance and indicates that traditional 2D displays supplemented with AR can be used as an alternative to standard 2D displays for collaborative time-critical tasks.",Augmented reality; Task (project management); Computer science; Human–computer interaction; Engineering; Systems engineering,False,conference,True,True,False,doi,,"{'venue': 'crossref', 'pages': 'crossref', 'publisher': 'crossref', 'url': 'crossref', 'lang': 'heuristic'}","{'crossref': 4, 'heuristic': 1}","X018.R000 resolved | hits:OA,CR | winner:- | filled:venue:CR; lang:HE | missing:-",PASS_CLEAN,,,"EC-2,EC-3",,PASS_CLEAN: all EL criteria MET.,"{""EC-2"": {""status"": ""MET"", ""decision"": ""not_meet"", ""confidence"": 0.95, ""threshold"": 0.6, ""field"": ""abstract"", ""quote"": ""This research explores augmented reality (AR) as a tool for supporting performance and decision-making in a collaborative time-critical task."", ""quote_valid"": true, ""span"": [26, 147], ""used"": true}, ""EC-3"": {""status"": ""MET"", ""decision"": ""not_meet"", ""confidence"": 0.85, ""threshold"": 0.6, ""field"": ""keywords"", ""quote"": ""Augmented reality"", ""quote_valid"": true, ""span"": [0, 16], ""used"": true}}"
A474,101109ismaradjunct57072202200211,Towards a HOI application for digital home assistants,Megani Rajendran; Chek Tien Tan; Indriyati Atmosukarto; Aik Beng Ng; Simon See,Megani Rajendran,2022.0,10.1109/ismar-adjunct57072.2022.00211,,,,2022 IEEE International Symposium on Mixed and Augmented Reality Adjunct (ISMAR-Adjunct),,,942-945,IEEE,en,https://doi.org/10.1109/ismar-adjunct57072.2022.00211,0.9,resolved,openalex,2026-01-22T21:51:18Z,X018,"Human-object interaction detection (HOI) aims to visually deduce how people interact with surrounding objects. Although there is significant progress in advancing classification models for HOI, data remains a key problem limiting the application of HOI for real-world problems, which in turn results in insufficient applied research in HOI. In this position paper, we hence present a research agenda to aid the creation of this system - a data-centric HOI-based digital home assistant framework. The eventual goal of this digital home assistant is to understand how to apply HOI to enhance daily living experiences for the elderly. The research will embark in two phases - (1) create varied relevant HOI datasets through a novel synthetic data generator, and (2) iteratively develop the digital assistant software artifact using a system-based, user-focused design approach.",Artifact (error); Computer science; Key (lock); Limiting; Object (grammar); Software; Position paper; Generator (circuit theory); Human–computer interaction; Data science; Artificial intelligence; World Wide Web,False,conference,True,True,False,doi,,"{'venue': 'crossref', 'pages': 'crossref', 'publisher': 'crossref', 'url': 'crossref', 'lang': 'heuristic'}","{'crossref': 4, 'heuristic': 1}","X018.R000 resolved | hits:OA,CR | winner:- | filled:venue:CR; lang:HE | missing:-",PASS_FLAGGED,,,,"EC-2,EC-3","PASS_FLAGGED: uncertain EC-2, EC-3","{""EC-2"": {""status"": ""UNCERTAIN"", ""decision"": ""not_meet"", ""confidence"": 0.8, ""threshold"": 0.6, ""field"": ""keywords"", ""quote"": ""digital home assistant framework"", ""quote_valid"": false, ""span"": [36, 51], ""used"": true}, ""EC-3"": {""status"": ""UNCERTAIN"", ""decision"": ""not_meet"", ""confidence"": 0.8, ""threshold"": 0.6, ""field"": ""keywords"", ""quote"": ""HOI-based digital home assistant framework"", ""quote_valid"": false, ""span"": [36, 59], ""used"": true}}"
A475,101109ismaradjunct57072202200172,Study on the Influence of Upper Limb Representations and Haptic Feedback in Virtual Reality,Natalie Hube; Alexander Achberger; Philipp Liepert; Jonas Vogelsang; Krešimir Vidačković; Michael Sedlmair,Natalie Hube,2022.0,10.1109/ismar-adjunct57072.2022.00172,,,,2022 IEEE International Symposium on Mixed and Augmented Reality Adjunct (ISMAR-Adjunct),,,802-807,IEEE,en,https://doi.org/10.1109/ismar-adjunct57072.2022.00172,0.9,resolved,openalex,2026-01-22T21:51:18Z,X018,"Visual representations are used in various digitization processes to display objects in immersive environments. In industrial environments, the self-representation can be very helpful when reviewing 3D models to conform realistic proportions, particularly in combi-nation with haptic feedback that goes beyond vibrating controllers. For instance, haptic feedback in combination with a virtual representation supports working on use cases where collision is an important part to maintain data quality. To understand the dependency of both, we conducted a pilot study with 15 users from the automotive sector to examine the influence of upper limb representations on haptic feedback in Virtual Reality. Each participant was assigned with one of three upper limb representations which was used in different scenarios using haptic feedback devices. Overall, we found that the realistic arm representation was rated highest in terms of perceived realism and achieved the best task performance.",Haptic technology; Virtual reality; Computer science; Virtual representation; Digitization; Representation (politics); Human–computer interaction; Task (project management); Stereotaxy; Artificial intelligence; Simulation; Computer vision,False,conference,True,True,False,doi,,"{'venue': 'crossref', 'pages': 'crossref', 'publisher': 'crossref', 'url': 'crossref', 'lang': 'heuristic'}","{'crossref': 4, 'heuristic': 1}","X018.R000 resolved | hits:OA,CR | winner:- | filled:venue:CR; lang:HE | missing:-",PASS_CLEAN,,,"EC-2,EC-3",,PASS_CLEAN: all EL criteria MET.,"{""EC-2"": {""status"": ""MET"", ""decision"": ""not_meet"", ""confidence"": 0.9, ""threshold"": 0.6, ""field"": ""abstract"", ""quote"": ""Virtual Reality."", ""quote_valid"": true, ""span"": [281, 290], ""used"": true}, ""EC-3"": {""status"": ""MET"", ""decision"": ""not_meet"", ""confidence"": 0.9, ""threshold"": 0.6, ""field"": ""keywords"", ""quote"": ""Haptic technology; Virtual reality"", ""quote_valid"": true, ""span"": [12, 28], ""used"": true}}"
A476,101109ismaradjunct57072202200139,Are You Referring to Me? - Giving Virtual Objects Awareness,Rene Stingl; Chris Zimmerer; Martin Fischbach; Marc Erich Latoschik,Rene Stingl,2022.0,10.1109/ismar-adjunct57072.2022.00139,,,,2022 IEEE International Symposium on Mixed and Augmented Reality Adjunct (ISMAR-Adjunct),,,671-673,IEEE,en,https://doi.org/10.1109/ismar-adjunct57072.2022.00139,0.9,resolved,openalex,2026-01-22T21:51:18Z,X018,"This work introduces an interaction technique to determine the user's non-verbal deixis in Virtual Reality (VR) applications. We tailored it for multimodal speech & gesture interfaces (MMIs). Here, nonverbal deixis is often determined by the use of ray-casting due to its simplicity and intuitiveness. However, ray-casting's rigidness and dichotomous nature pose limitations concerning the MMI's flexibility and efficiency. In contrast, our technique considers a more comprehensive set of directional cues to determine non-verbal deixis and provides probabilistic output to tackle these limitations. We present a machine-learning-based reference implementation of our technique in VR and the results of a first performance benchmark. Future work includes an in-depth user study evaluating our technique's user experience in an MMI.",Deixis; Computer science; Gesture; Human–computer interaction; Flexibility (engineering); Virtual reality; Benchmark (surveying); Set (abstract data type); Nonverbal communication; Simplicity; Probabilistic logic; Artificial intelligence,False,conference,True,True,False,doi,,"{'venue': 'crossref', 'pages': 'crossref', 'publisher': 'crossref', 'url': 'crossref', 'lang': 'heuristic'}","{'crossref': 4, 'heuristic': 1}","X018.R000 resolved | hits:OA,CR | winner:- | filled:venue:CR; lang:HE | missing:-",PASS_CLEAN,,,"EC-2,EC-3",,PASS_CLEAN: all EL criteria MET.,"{""EC-2"": {""status"": ""MET"", ""decision"": ""not_meet"", ""confidence"": 0.75, ""threshold"": 0.6, ""field"": ""keywords"", ""quote"": ""Virtual reality"", ""quote_valid"": true, ""span"": [36, 46], ""used"": true}, ""EC-3"": {""status"": ""MET"", ""decision"": ""not_meet"", ""confidence"": 0.95, ""threshold"": 0.6, ""field"": ""keywords"", ""quote"": ""Virtual reality"", ""quote_valid"": true, ""span"": [36, 44], ""used"": true}}"
A477,101109ismaradjunct57072202200218,Phantom Touch phenomenon as a manifestation of the Visual-Auditory-Tactile Synaesthesia and its impact on the users in virtual reality,Sasha Alexdottir; Xiaosong Yang,Sasha Alexdottir,2022.0,10.1109/ismar-adjunct57072.2022.00218,,,,2022 IEEE International Symposium on Mixed and Augmented Reality Adjunct (ISMAR-Adjunct),,,727-732,IEEE,en,https://doi.org/10.1109/ismar-adjunct57072.2022.00218,0.9,resolved,openalex,2026-01-22T21:51:19Z,X018,"Phantom Touch in VR is an emerging phenomenon where a user can experience another person's touch in VR without any real-life contact or haptics. This research focuses on what causes Phantom Touch to occur and how any individual can develop this pseudo haptic. VRChat users were questioned for primary data findings - which showed comparison between users who feel Phantom Touch and those who do not. The data was analysed through psychological studies, and later a methodology was proposed through which individuals could evoke Phantom Touch - The HTT method. The technique was then tested on participants, along with a control group to prove HTT method's validity. Heart rate pattern, as well as qualitative data was collected during the experiment to analyse Phantom Touch's effect on people. The findings from this study can have a potential impact on the medical field, social VR settings, and more.",Imaging phantom; Haptic technology; Virtual reality; Computer science; Phantom limb; Human–computer interaction; Phenomenon; Psychology; Significant difference; Artificial intelligence; Medicine; Internal medicine,False,conference,True,True,False,doi,,"{'venue': 'crossref', 'pages': 'crossref', 'publisher': 'crossref', 'url': 'crossref', 'lang': 'heuristic'}","{'crossref': 4, 'heuristic': 1}","X018.R000 resolved | hits:OA,CR | winner:- | filled:venue:CR; lang:HE | missing:-",PASS_FLAGGED,,,EC-3,EC-2,PASS_FLAGGED: uncertain EC-2,"{""EC-2"": {""status"": ""UNCERTAIN"", ""decision"": ""not_meet"", ""confidence"": 0.9, ""threshold"": 0.6, ""field"": ""abstract"", ""quote"": ""Virtual reality"", ""quote_valid"": false, ""span"": [281, 290], ""used"": true}, ""EC-3"": {""status"": ""MET"", ""decision"": ""not_meet"", ""confidence"": 0.85, ""threshold"": 0.6, ""field"": ""keywords"", ""quote"": ""Virtual reality"", ""quote_valid"": true, ""span"": [29, 37], ""used"": true}}"
A478,101109ismaradjunct57072202200132,An Evaluation of Caret Navigation Methods for Text Editing in Augmented Reality,Jinghui Hu; John J. Dudley; Per Ola Kristensson,Jinghui Hu,2022.0,10.1109/ismar-adjunct57072.2022.00132,,,,2022 IEEE International Symposium on Mixed and Augmented Reality Adjunct (ISMAR-Adjunct),,,640-645,IEEE,en,https://doi.org/10.1109/ismar-adjunct57072.2022.00132,0.9,resolved,openalex,2026-01-22T21:51:19Z,X018,"A common task in text editing is navigating the text caret as part of the text editing process. We explore three key dimensions in the design space of caret navigation techniques: cursor placement method, visual expansion in the form of a magnifying lens, and display distance. In addition to two commonly used cursor placement methods, direct touch and raycast, we also present a novel multimodal text cursor placement method combining eye gaze and touch gestures for optical see-through augmented reality (AR). This method allows the user to refine the caret position with an indirect mid-air virtual touch block after the caret has snapped to a location provided by an initial eye fixation. We derive eight combinations from three design dimensions and study their performance in a user study with 24 participants. Our results reveal that: 1) raycast delivered the fastest completion times among all combinations evaluated; 2) in near-field conditions the multimodal method can achieve similar performance as direct touch input with less physical effort; and 3) magnifying lenses offer no significant performance advantages for caret navigation in AR.",Computer science; Cursor (databases); Augmented reality; Gesture; Gaze; Human–computer interaction; Computer vision; Virtual reality; Eye tracking; Fixation (population genetics); Artificial intelligence; Task (project management),False,conference,True,True,False,doi,,"{'venue': 'crossref', 'pages': 'crossref', 'publisher': 'crossref', 'url': 'crossref', 'lang': 'heuristic'}","{'crossref': 4, 'heuristic': 1}","X018.R000 resolved | hits:OA,CR | winner:- | filled:venue:CR; lang:HE | missing:-",PASS_CLEAN,,,"EC-2,EC-3",,PASS_CLEAN: all EL criteria MET.,"{""EC-2"": {""status"": ""MET"", ""decision"": ""not_meet"", ""confidence"": 0.85, ""threshold"": 0.6, ""field"": ""keywords"", ""quote"": ""Augmented reality"", ""quote_valid"": true, ""span"": [36, 49], ""used"": true}, ""EC-3"": {""status"": ""MET"", ""decision"": ""not_meet"", ""confidence"": 0.9, ""threshold"": 0.6, ""field"": ""keywords"", ""quote"": ""Augmented reality"", ""quote_valid"": true, ""span"": [16, 25], ""used"": true}}"
A479,101109ismaradjunct57072202200204,NUX Characters - interaction with voice assistants in Virtual Reality,Karolina Buchta; Piotr Wójcik; Konrad Nakonieczny; Justyna Janicka; Magdalena Igraś-Cybulska,Karolina Buchta,2022.0,10.1109/ismar-adjunct57072.2022.00204,,,,2022 IEEE International Symposium on Mixed and Augmented Reality Adjunct (ISMAR-Adjunct),,,917-918,IEEE,en,https://doi.org/10.1109/ismar-adjunct57072.2022.00204,0.9,resolved,openalex,2026-01-22T21:51:19Z,X018,"NUX Characters is a Virtual Reality environment designed for testing different voice assistants. We prepared five environments covering various styles and personas of the assistants: a virtual human, a virtual animal, a cartoon-like character, a non-humanoid robot and a humanoid robot. The common feature of the environments is the mechanics of the user's task - to collect the items hidden in the location while the assistant helps in this quest by giving verbal hints. The environment can be used for the investigation of user experience, impressions and preferences towards virtual assistants as well as the traits attributed to them, which can be applied to optimize design decisions for the VR environments supporting voice user interface.",Human–computer interaction; Virtual reality; Computer science; Persona; Task (project management); Virtual machine; Humanoid robot; Robot; Feature (linguistics); Character (mathematics); Virtual actor; User interface,False,conference,True,True,False,doi,,"{'venue': 'crossref', 'pages': 'crossref', 'publisher': 'crossref', 'url': 'crossref', 'lang': 'heuristic'}","{'crossref': 4, 'heuristic': 1}","X018.R000 resolved | hits:OA,CR | winner:- | filled:venue:CR; lang:HE | missing:-",PASS_CLEAN,,,"EC-2,EC-3",,PASS_CLEAN: all EL criteria MET.,"{""EC-2"": {""status"": ""MET"", ""decision"": ""not_meet"", ""confidence"": 0.8, ""threshold"": 0.6, ""field"": ""keywords"", ""quote"": ""Virtual reality"", ""quote_valid"": true, ""span"": [16, 23], ""used"": true}, ""EC-3"": {""status"": ""MET"", ""decision"": ""not_meet"", ""confidence"": 0.8, ""threshold"": 0.6, ""field"": ""keywords"", ""quote"": ""Virtual reality"", ""quote_valid"": true, ""span"": [125, 136], ""used"": true}}"
A480,101109ismaradjunct57072202200148,Ex-Cit XR: Expert-elicitation of XR Techniques for Disengaging from IVEs,Thammathip Piumsomboon; Gavin Ong; Cameron Urban; Barrett Ens; Xiaoliang Bai; Simon Hoermann,Thammathip Piumsomboon,2022.0,10.1109/ismar-adjunct57072.2022.00148,,,,2022 IEEE International Symposium on Mixed and Augmented Reality Adjunct (ISMAR-Adjunct),,,710-711,IEEE,en,https://doi.org/10.1109/ismar-adjunct57072.2022.00148,0.9,resolved,openalex,2026-01-22T21:51:20Z,X018,"This research explores visualisation and interaction techniques to help disengage users from immersive virtual environments (IVEs) and transition them back to the real world. To gain such insight, we invited eleven Extended Reality (XR) experts to participate in an elicitation study to design the techniques for disengagement. We elicited a total of 132 techniques for four different scenarios of IVEs and classified them into six categories. This led us to discover key design patterns in disengagement strategies. Finally, we summarise key findings and illustrate how the disengagement techniques can be strategically escalated in the exemplary use cases of Ex-Cit XR.",Disengagement theory; Key (lock); Computer science; Visualization; Human–computer interaction; Virtual reality; Psychology; Artificial intelligence; Computer security; Medicine; Gerontology,False,conference,True,True,False,doi,,"{'venue': 'crossref', 'pages': 'crossref', 'publisher': 'crossref', 'url': 'crossref', 'lang': 'heuristic'}","{'crossref': 4, 'heuristic': 1}","X018.R000 resolved | hits:OA,CR | winner:- | filled:venue:CR; lang:HE | missing:-",PASS_CLEAN,,,"EC-2,EC-3",,PASS_CLEAN: all EL criteria MET.,"{""EC-2"": {""status"": ""MET"", ""decision"": ""not_meet"", ""confidence"": 0.9, ""threshold"": 0.6, ""field"": ""abstract"", ""quote"": ""immersive virtual environments (IVEs)"", ""quote_valid"": true, ""span"": [57, 71], ""used"": true}, ""EC-3"": {""status"": ""MET"", ""decision"": ""not_meet"", ""confidence"": 0.7, ""threshold"": 0.6, ""field"": ""abstract"", ""quote"": ""immersive virtual environments (IVEs)"", ""quote_valid"": true, ""span"": [93, 111], ""used"": true}}"
A481,101109ismaradjunct57072202200134,From Meaning-making to Meaning-sharing: Participatory Interpretation in a 3D Virtual Heritage Site,Hayun Kim; Gun Lee; Mark Billinghurst; Woontack Woo,Hayun Kim,2022.0,10.1109/ismar-adjunct57072.2022.00134,,,,2022 IEEE International Symposium on Mixed and Augmented Reality Adjunct (ISMAR-Adjunct),,,648-653,IEEE,en,https://doi.org/10.1109/ismar-adjunct57072.2022.00134,0.9,resolved,openalex,2026-01-22T21:51:20Z,X018,"Recent advances in digital heritage have led to participatory interpretation that enables the creation of content provided by individuals as well as content from official cultural institutions. Although researchers have developed systems supporting participatory interpretation, little is known about how people experience participatory interpretation that is socially generated. To investigate this, we developed a mobile Virtual Reality application called MyInterpret and conducted a user study with 17 participants. The study results showed that user-generated interpretation significantly improving user experience, participants created and perceived user-generated interpretation differently from the official interpretation, and social features were used for engaging with user-generated content. We outline the implications of our work for curators and designers, and discuss how they may benefit from considering 'participatory interpretation' in the future.",Meaning (existential); Interpretation (philosophy); Citizen journalism; Computer science; Sociology; Epistemology; World Wide Web; Philosophy; Programming language,False,conference,True,True,False,doi,,"{'venue': 'crossref', 'pages': 'crossref', 'publisher': 'crossref', 'url': 'crossref', 'lang': 'heuristic'}","{'crossref': 4, 'heuristic': 1}","X018.R000 resolved | hits:OA,CR | winner:- | filled:venue:CR; lang:HE | missing:-",PASS_FLAGGED,,,EC-2,EC-3,PASS_FLAGGED: uncertain EC-3,"{""EC-2"": {""status"": ""MET"", ""decision"": ""not_meet"", ""confidence"": 0.7, ""threshold"": 0.6, ""field"": ""title"", ""quote"": ""3D Virtual Heritage Site"", ""quote_valid"": true, ""span"": [26, 40], ""used"": true}, ""EC-3"": {""status"": ""UNCERTAIN"", ""decision"": ""not_meet"", ""confidence"": 0.65, ""threshold"": 0.6, ""field"": ""keywords"", ""quote"": ""Virtual reality"", ""quote_valid"": false, ""span"": [127, 138], ""used"": true}}"
A482,101109ismaradjunct57072202200145,One day in a Roman Domus: Human Factors and Educational Properties Involved in a Virtual Heritage Application,M. Clerici; Paolo Boffi; Pier Luca Lanzi; Lilia Coppola; Cristina Murone; Alberto Gallace,M. Clerici,2022.0,10.1109/ismar-adjunct57072.2022.00145,,,,2022 IEEE International Symposium on Mixed and Augmented Reality Adjunct (ISMAR-Adjunct),,,692-697,IEEE,en,https://doi.org/10.1109/ismar-adjunct57072.2022.00145,0.9,resolved,openalex,2026-01-22T21:51:20Z,X018,"As stated by Mosaker (2001), Virtual Reality (VR) environments that portray the past can be considered modern-day time machines. A substantial variety of Virtual Heritage (VH) applications have been developed recently, with the mission of using VR technologies for cultural preservation purposes. However, few of these projects focused on properly assessing these applications' educational value and goodness of interaction. In light of these considerations, a VR application reproducing an ancient Roman Domus has been developed to assess Human Factors variables and learning ratio of users. Therefore, 161 participants have been divided into three conditions in a between-subjects design: a Virtual Reality Experience (VRE), a First Person Experience (FPE), and a Multi-media Presentation Experience (MPE). Results showed an overall appreciation of the topic in all conditions, with comparable learning performances. However, we discovered a higher engagement and enjoyment of users with the VRE. Therefore, the Domus Romana application has been proven to be an effective complementary educational tool in explaining Roman houses.",Cultural heritage; Variety (cybernetics); Virtual reality; Presentation (obstetrics); Computer science; Multimedia; Value (mathematics); World Wide Web; Human–computer interaction; Artificial intelligence; History; Archaeology,False,conference,True,True,False,doi,,"{'venue': 'crossref', 'pages': 'crossref', 'publisher': 'crossref', 'url': 'crossref', 'lang': 'heuristic'}","{'crossref': 4, 'heuristic': 1}","X018.R000 resolved | hits:OA,CR | winner:- | filled:venue:CR; lang:HE | missing:-",PASS_CLEAN,,,"EC-2,EC-3",,PASS_CLEAN: all EL criteria MET.,"{""EC-2"": {""status"": ""MET"", ""decision"": ""not_meet"", ""confidence"": 0.9, ""threshold"": 0.6, ""field"": ""abstract"", ""quote"": ""Virtual Reality (VR) environments that portray the past can be considered modern-day time machines."", ""quote_valid"": true, ""span"": [35, 76], ""used"": true}, ""EC-3"": {""status"": ""MET"", ""decision"": ""not_meet"", ""confidence"": 0.9, ""threshold"": 0.6, ""field"": ""abstract"", ""quote"": ""Virtual Reality (VR) environments that portray the past can be considered modern-day time machines."", ""quote_valid"": true, ""span"": [56, 137], ""used"": true}}"
A483,101109ismaradjunct57072202200159,Effects of Augmenting Real-Time Biofeedback in An Immersive VR Performance,Saixi Ge; Siyu Luo; Shuo Yan; Xukun Shen,Saixi Ge,2022.0,10.1109/ismar-adjunct57072.2022.00159,,,,2022 IEEE International Symposium on Mixed and Augmented Reality Adjunct (ISMAR-Adjunct),,,751-756,IEEE,en,https://doi.org/10.1109/ismar-adjunct57072.2022.00159,0.9,resolved,openalex,2026-01-22T21:51:21Z,X018,"Currently, the most common form of Virtual Reality (VR) performance is that the performer wearing motion capture devices while the audience are immersed in a virtual environment remotely. Augmenting real-time biosignals provide the possibility of enhancing audience's perceptual experience in a collaborative virtual environment. In this research, we focus on exploring two different augmentation methods based on real-time biofeedback from the performer and the audience during a live VR performance. We propose a support system to investigate how performer's heart rate (HR) and audience's electroencephalogram (EEG) visualizations, and the corresponding auditory feedback, influence audience's sense of perception, immersion, and the narrative understanding. The results show that the performer's heart rate visual biofeedback significantly produced more concentration of the participants and the audience's EEG visual biofeedback significantly increased the participants' ability of narrative understanding.",Biofeedback; Performing arts; Immersion (mathematics); Computer science; Virtual reality; Perception; Narrative; Human–computer interaction; Multimedia; Visual feedback; Sense of presence; Psychology,False,conference,True,True,False,doi,,"{'venue': 'crossref', 'pages': 'crossref', 'publisher': 'crossref', 'url': 'crossref', 'lang': 'heuristic'}","{'crossref': 4, 'heuristic': 1}","X018.R000 resolved | hits:OA,CR | winner:- | filled:venue:CR; lang:HE | missing:-",PASS_CLEAN,,,"EC-2,EC-3",,PASS_CLEAN: all EL criteria MET.,"{""EC-2"": {""status"": ""MET"", ""decision"": ""not_meet"", ""confidence"": 0.9, ""threshold"": 0.6, ""field"": ""abstract"", ""quote"": ""Virtual Reality (VR) performance is that the performer wearing motion capture devices while the audience are immersed in a virtual environment remotely."", ""quote_valid"": true, ""span"": [26, 71], ""used"": true}, ""EC-3"": {""status"": ""MET"", ""decision"": ""not_meet"", ""confidence"": 0.95, ""threshold"": 0.6, ""field"": ""abstract"", ""quote"": ""Virtual Reality (VR) performance is that the performer wearing motion capture devices while the audience are immersed in a virtual environment remotely."", ""quote_valid"": true, ""span"": [12, 146], ""used"": true}}"
A484,101109ismaradjunct57072202200169,An Investigation on the Relationship between Cybersickness and Heart Rate Variability When Navigating a Virtual Environment,Aelee Kim; Jeong‐Eun Lee; Kyoung‐Min Lee,Aelee Kim,2022.0,10.1109/ismar-adjunct57072.2022.00169,,,,2022 IEEE International Symposium on Mixed and Augmented Reality Adjunct (ISMAR-Adjunct),,,794-797,IEEE,en,https://doi.org/10.1109/ismar-adjunct57072.2022.00169,0.9,resolved,openalex,2026-01-22T21:51:21Z,X018,"In this study, we explore the physiological effect of cybersickness using heart rate variability (HRV) and examine the relationship between the physiological and subjective measurement of cybersickness when navigating a virtual environment (VE). To achieve these objectives, we conducted two experiments. In experiment 1, four types of forwarding translation method (teleportation + embodied control [EC], steering + EC, teleportation + instrumental control [IC], and steering + IC) were compared, while six types of rotation (yaw, pitch, roll, yaw + pitch, yaw + roll, and pitch + roll) were examined in experiment 2. The HRV analysis for experiment 1 revealed that the steering conditions yielded significantly higher low-frequency (LF) power (ms <sup xmlns:mml=""http://www.w3.org/1998/Math/MathML"" xmlns:xlink=""http://www.w3.org/1999/xlink"">2</sup> ) than did the teleportation condition. In addition, the simulator sickness questionnaire (SSQ) results showed that the steering conditions produced stronger symptoms of cybersickness than did the teleportation conditions. For experiment 2, the yaw + roll and pitch + roll conditions had greater LF power (ms <sup xmlns:mml=""http://www.w3.org/1998/Math/MathML"" xmlns:xlink=""http://www.w3.org/1999/xlink"">2</sup> ) than did the other four conditions. However, the SSQ indicated that the level of cybersickness was higher for the roll, yaw + roll, and pitch + roll conditions than for the other rotation conditions. The participants completed the four and six conditions over a limited period across two experimental days. However, the overall HRV and SSQ results for both experiments indicated no explicit additive effects of sickness symptoms. Based on these outcomes, this study verified the relationship between cybersickness, HRV, and SSQ during navigation in a VE.",Simulator sickness; Heart rate variability; Rotation (mathematics); Simulation; Teleportation; Yaw; Power (physics); Computer science; Audiology; Psychology; Heart rate; Virtual reality,False,conference,True,True,False,doi,,"{'venue': 'crossref', 'pages': 'crossref', 'publisher': 'crossref', 'url': 'crossref', 'lang': 'heuristic'}","{'crossref': 4, 'heuristic': 1}","X018.R000 resolved | hits:OA,CR | winner:- | filled:venue:CR; lang:HE | missing:-",PASS_FLAGGED,,,,"EC-2,EC-3","PASS_FLAGGED: uncertain EC-2, EC-3","{""EC-2"": {""status"": ""UNCERTAIN"", ""decision"": ""not_meet"", ""confidence"": 0.9, ""threshold"": 0.6, ""field"": ""keywords"", ""quote"": ""Virtual environment (VE)"", ""quote_valid"": false, ""span"": [123, 135], ""used"": true}, ""EC-3"": {""status"": ""UNCERTAIN"", ""decision"": ""not_meet"", ""confidence"": 0.9, ""threshold"": 0.6, ""field"": ""keywords"", ""quote"": ""rubber hand illusion"", ""quote_valid"": false, ""span"": [16, 25], ""used"": true}}"
A485,101109ismaradjunct57072202200170,Sparse Peripheral Counter-vection Flow Visualization with Reverse Optical Flow for VR Sickness Reduction,Song Min Kim; Gerard Jounghyun Kim,Song Min Kim,2022.0,10.1109/ismar-adjunct57072.2022.00170,,,,2022 IEEE International Symposium on Mixed and Augmented Reality Adjunct (ISMAR-Adjunct),,,798-799,IEEE,en,https://doi.org/10.1109/ismar-adjunct57072.2022.00170,0.9,resolved,openalex,2026-01-22T21:51:21Z,X018,"Sickness is one of major obstacles in the wider adoption of virtual reality. Vection is attributed as the main cause, leading to sensory mismatch between the visual and vestibular senses. One possible measure to reduce the extent of such VR sickness is provide low res-olution peripheral ""countervection"" visualization as was suggested by [7]. In this poster, we present an extension/improvement to this work, where the countervection flow visualization is based on re-verse optical flow of the features in the scene rather than a projection of a moving strip patterns. We evaluated our extension and its effect in a pilot comparative experiment against the original countervection visualization method (simulated), and obtained positive results.",Visualization; Reduction (mathematics); Computer science; Flow (mathematics); Optical flow; Peripheral; Computer vision; Artificial intelligence; Physics; Mathematics; Mechanics; Operating system,False,conference,True,True,False,doi,,"{'venue': 'crossref', 'pages': 'crossref', 'publisher': 'crossref', 'url': 'crossref', 'lang': 'heuristic'}","{'crossref': 4, 'heuristic': 1}","X018.R000 resolved | hits:OA,CR | winner:- | filled:venue:CR; lang:HE | missing:-",PASS_FLAGGED,,,EC-2,EC-3,PASS_FLAGGED: uncertain EC-3,"{""EC-2"": {""status"": ""MET"", ""decision"": ""not_meet"", ""confidence"": 0.7, ""threshold"": 0.6, ""field"": ""abstract"", ""quote"": ""virtual reality"", ""quote_valid"": true, ""span"": [69, 82], ""used"": true}, ""EC-3"": {""status"": ""UNCERTAIN"", ""decision"": ""not_meet"", ""confidence"": 0.7, ""threshold"": 0.6, ""field"": ""keywords"", ""quote"": ""virtual reality"", ""quote_valid"": false, ""span"": [39, 49], ""used"": true}}"
A493,101017bec201815,Meta-Analysis of the Efficacy of Virtual Reality Exposure Therapy for Social Anxiety,Rachel K. Chesham; John M. Malouff; Nicola S. Schutte,Rachel K. Chesham,2018.0,10.1017/bec.2018.15,,,,Behaviour Change,35,3,152-166,Cambridge University Press (CUP),en,https://doi.org/10.1017/bec.2018.15,0.9,resolved,openalex,2026-01-22T21:51:25Z,X020,"Abstract Social anxiety is a common, debilitating psychological problem. In the present study, two meta-analyses examined the efficacy of virtual reality exposure therapy for social anxiety. The first meta-analysis tested whether virtual reality exposure therapy reduces social anxiety more than a waitlist control condition. The results of the first meta-analysis, consisting of six studies and 233 participants, showed a significant overall effect size, indicating that virtual reality exposure therapy was effective in reducing social anxiety. The second meta-analysis tested whether the standard treatment for social anxiety, which includes in vivo or imaginal exposure, leads to greater effects than virtual reality exposure therapy. The second meta-analysis, consisting of seven studies and 340 total participants, showed essentially no difference in effect sizes between virtual reality exposure and in vivo or imaginal exposure. The results of the two meta-analyses support the use of virtual reality in the treatment of social anxiety.",Exposure therapy; Virtual Reality Exposure Therapy; Social anxiety; Virtual reality; Meta-analysis; Anxiety; Psychology; Clinical psychology; Psychotherapist; Medicine; Psychiatry; Computer science,True,article,True,True,False,doi,,"{'venue': 'crossref', 'volume': 'crossref', 'issue': 'crossref', 'pages': 'crossref', 'publisher': 'crossref', 'url': 'crossref', 'lang': 'crossref'}",{'crossref': 7},"X020.R000 resolved | hits:OA,CR | winner:- | filled:venue:CR; lang:CR | missing:-",PASS_FLAGGED,,,EC-2,EC-3,PASS_FLAGGED: uncertain EC-3,"{""EC-2"": {""status"": ""MET"", ""decision"": ""not_meet"", ""confidence"": 0.8, ""threshold"": 0.6, ""field"": ""title"", ""quote"": ""Virtual Reality Exposure Therapy for Social Anxiety"", ""quote_valid"": true, ""span"": [17, 52], ""used"": true}, ""EC-3"": {""status"": ""UNCERTAIN"", ""decision"": ""not_meet"", ""confidence"": 0.8, ""threshold"": 0.6, ""field"": ""keywords"", ""quote"": ""virtual reality exposure therapy"", ""quote_valid"": false, ""span"": [26, 45], ""used"": true}}"
A497,1014198jhse201813proc203,Augment reality and virtual reality for the improvement of spatial competences in Physical Education,Melchor Gómez García; Juan Manuel Trujillo Torres; Inmaculada Aznar Díaz; María Pilar Cáceres Reche,Melchor Gómez García,2018.0,10.14198/jhse.2018.13.proc2.03,,,,Journal of Human Sport and Exercise - 2018 - Spring Conferences of Sports Science,,,,Universidad de Alicante,en,https://doi.org/10.14198/jhse.2018.13.proc2.03,0.9,resolved,openalex,2026-01-22T21:51:25Z,X020,"Young and mobile are an intense combination in entertainment. Mobile phones can also be a powerful tool in improving some teaching parameters, also in Physical Education. This research aims to test if Augmented Reality and Virtual Reality with mobile phones can have an impact on Physical Education students and their abilities in spatial orientation and distance estimation. In the investigation we have created two virtual and augmented scenarios, and a quantitative methodology has been used to analyze and contrast the learning tests carried out. The results show that these augmented worlds improve spatial orientation and estimation capacity. The study shows that it is convenient to develop activities and digital scenarios to incorporate mobile augmented reality in the learning of spatial orientation, at the same time as teaching skills are improved.",Augmented reality; Virtual reality; Computer science; Human–computer interaction; Multimedia; Mobile device; Computer-mediated reality; Mixed reality; World Wide Web,True,conference,True,True,False,doi,,"{'venue': 'crossref', 'publisher': 'crossref', 'url': 'crossref', 'lang': 'heuristic'}","{'crossref': 3, 'heuristic': 1}","X020.R000 resolved | hits:OA,CR | winner:- | filled:venue:CR; lang:HE | missing:-",PASS_FLAGGED,,,EC-3,EC-2,PASS_FLAGGED: uncertain EC-2,"{""EC-2"": {""status"": ""UNCERTAIN"", ""decision"": ""not_meet"", ""confidence"": 0.6, ""threshold"": 0.6, ""field"": ""abstract"", ""quote"": ""Virtual Reality Environment"", ""quote_valid"": false, ""span"": [83, 98], ""used"": true}, ""EC-3"": {""status"": ""MET"", ""decision"": ""not_meet"", ""confidence"": 0.6, ""threshold"": 0.6, ""field"": ""keywords"", ""quote"": ""Virtual reality"", ""quote_valid"": true, ""span"": [38, 48], ""used"": true}}"
A499,genderrelateddifferencesincollaborativelearningina3dvirtualrealityenvironmentbyelementaryschoolstudents,Gender-Related Differences in Collaborative Learning in a 3D Virtual Reality Environment by Elementary School Students,Yi Lien Yeh; Yu‐Ju Lan; Yen Ting R. Lin,Yi Lien Yeh,2018.0,https://openalex.org/W2899417143,,,,,,,,,en,,0.9,resolved,openalex,2026-01-22T21:51:26Z,X020,"This study aimed to understand how children collaborated to create their own stories in a 3D virtual reality (VR) environment and to explore whether there were any gender-related differences in this learning setting. A total of 65 students (38 females and 27 males) of grades 4-5 participated in this study. A qualitative methodology was adopted in this research to answer three research questions about how the participants work collaboratively, whether a gender difference exists in the process of 3D construction and how they think about learning in a 3D virtual environment. Based on the behavior patterns of these participants in a 3D world, the research findings revealed two types of collaboration: a team either with or a team without a strong leader. In addition, gender-related differences in this learning environment were also depicted in this study.",Mathematics education; Psychology; Educational technology; Virtual reality; Computer-Assisted Instruction; Pedagogy; Computer science; Human–computer interaction,False,article,True,False,False,title,openalex,"{'doi': 'openalex', 'lang': 'heuristic'}","{'openalex': 1, 'heuristic': 1}",X020.R000 resolved | hits:OA | winner:openalex | filled:doi:OP; lang:HE | missing:-,PASS_FLAGGED,,,,"EC-2,EC-3","PASS_FLAGGED: uncertain EC-2, EC-3","{""EC-2"": {""status"": ""UNCERTAIN"", ""decision"": ""not_meet"", ""confidence"": 0.5, ""threshold"": 0.6, ""field"": ""title"", ""quote"": ""Virtual reality"", ""quote_valid"": false, ""span"": [26, 37], ""used"": true}, ""EC-3"": {""status"": ""UNCERTAIN"", ""decision"": ""not_meet"", ""confidence"": 0.5, ""threshold"": 0.6, ""field"": ""keywords"", ""quote"": ""virtual reality"", ""quote_valid"": false, ""span"": [61, 72], ""used"": true}}"
A502,103217jucs024020072,The Sense of Presence Exploration in Virtual Reality Therapy,Max M. North; Sarah North,Max M. North,2020.0,10.3217/jucs-024-02-0072,,,,,,,,,en,,0.9,resolved,openalex,2026-01-22T21:51:27Z,X020,"The primary objective of this concise collection is to explore the sense of presence that participants experience in Virtual Reality Therapy experiments. In this article, sense of presence is briefly defined, followed by a discussion of factors effecting sense of presence, continuing with methods to measure sense of presence and assertions concerning virtual presence, and finally, conclusions and discussions are presented.",Sense (electronics); Virtual reality; Sense of place; Psychology; Aesthetics; Computer science; Astrobiology; Human–computer interaction; Art; Sociology; Engineering; Biology,True,article,True,False,False,doi,,{'lang': 'heuristic'},{'heuristic': 1},X020.R000 resolved | hits:OA | winner:- | filled:lang:HE | missing:-,PASS_FLAGGED,,,EC-3,EC-2,PASS_FLAGGED: uncertain EC-2,"{""EC-2"": {""status"": ""UNCERTAIN"", ""decision"": ""not_meet"", ""confidence"": 0.9, ""threshold"": 0.6, ""field"": ""keywords"", ""quote"": """", ""quote_valid"": false, ""span"": [0, 0], ""used"": true}, ""EC-3"": {""status"": ""MET"", ""decision"": ""not_meet"", ""confidence"": 0.9, ""threshold"": 0.6, ""field"": ""keywords"", ""quote"": ""Sense (electronics)"", ""quote_valid"": true, ""span"": [13, 24], ""used"": true}}"
A503,1011770047239518757986,Interaction With Educational Games in Hybrid Virtual Worlds,Athanasios Christopoulos; Marc Conrad; Mitul Shukla,Athanasios Christopoulos,2018.0,10.1177/0047239518757986,,,,Journal of Educational Technology Systems,46,4,385-413,SAGE Publications,en,https://doi.org/10.1177/0047239518757986,0.9,resolved,openalex,2026-01-22T21:51:27Z,X020,"This research links learner engagement with interactions when Hybrid Virtual Learning models are used. Various aspects have been considered, such as learners’ prior experiences related to virtual worlds, their preconceptions regarding their use as a learning tool, and the impact that instructional designers’ choices have on enhancing the opportunities for interactions. In this article, the impact that educational and leisure games have on university students’ engagement is examined. The findings suggest that the use of game-like content can contribute positively to students’ engagement, without, however, having a spectacular impact on the learning process.",Metaverse; Educational technology; Student engagement; Mathematics education; Instructional simulation; Process (computing); Virtual world; Computer science; Educational game; Instructional design; Game based learning; Virtual learning environment,False,article,True,True,False,doi,,"{'venue': 'crossref', 'volume': 'crossref', 'issue': 'crossref', 'pages': 'crossref', 'publisher': 'crossref', 'url': 'crossref', 'lang': 'crossref'}",{'crossref': 7},"X020.R000 resolved | hits:OA,CR | winner:- | filled:venue:CR; lang:CR | missing:-",PASS_CLEAN,,,"EC-2,EC-3",,PASS_CLEAN: all EL criteria MET.,"{""EC-2"": {""status"": ""MET"", ""decision"": ""not_meet"", ""confidence"": 0.8, ""threshold"": 0.6, ""field"": ""abstract"", ""quote"": ""the impact that educational and leisure games have on university students’ engagement is examined."", ""quote_valid"": true, ""span"": [124, 167], ""used"": true}, ""EC-3"": {""status"": ""MET"", ""decision"": ""not_meet"", ""confidence"": 0.8, ""threshold"": 0.6, ""field"": ""keywords"", ""quote"": ""Metaverse"", ""quote_valid"": true, ""span"": [6, 13], ""used"": true}}"
A542,101007s1142301895812,A structural equation modeling investigation of the emotional value of immersive virtual reality in education,Guido Makransky; Lau Lilleholt,Guido Makransky,2018.0,10.1007/s11423-018-9581-2,,,,Educational Technology Research and Development,66,5,1141-1164,Springer Science and Business Media LLC,en,https://doi.org/10.1007/s11423-018-9581-2,0.9,resolved,openalex,2026-01-22T21:51:50Z,X022,"Virtual reality (VR) is projected to play an important role in education by increasing student engagement and motivation. However, little is known about the impact and utility of immersive VR for administering e-learning tools, or the underlying mechanisms that impact learners’ emotional processes while learning. This paper explores whether differences exist with regard to using either immersive or desktop VR to administer a virtual science learning simulation. We also investigate how the level of immersion impacts perceived learning outcomes using structural equation modeling. The sample consisted of 104 university students (39 females). Significantly higher scores were obtained on 11 of the 13 variables investigated using the immersive VR version of the simulation, with the largest differences occurring with regard to presence and motivation. Furthermore, we identified a model with two general paths by which immersion in VR impacts perceived learning outcomes. Specifically, we discovered an affective path in which immersion predicted presence and positive emotions, and a cognitive path in which immersion fostered a positive cognitive value of the task in line with the control value theory of achievement emotions.",Immersion (mathematics); Virtual reality; Structural equation modeling; Psychology; Path analysis (statistics); Cognition; Sense of presence; Instructional simulation; Cognitive psychology; Computer science; Human–computer interaction; Mathematics,False,article,True,True,True,doi,,"{'venue': 'crossref', 'volume': 'crossref', 'issue': 'crossref', 'pages': 'crossref', 'publisher': 'crossref', 'url': 'crossref', 'lang': 'crossref', 'abstract': 'unpaywall'}","{'crossref': 7, 'unpaywall': 1}","X022.R000 resolved | hits:OA,CR,S2 | winner:- | filled:venue:CR; lang:CR; abstract:UN | missing:-",PASS_CLEAN,,,"EC-2,EC-3",,PASS_CLEAN: all EL criteria MET.,"{""EC-2"": {""status"": ""MET"", ""decision"": ""not_meet"", ""confidence"": 0.85, ""threshold"": 0.6, ""field"": ""abstract"", ""quote"": ""This paper explores whether differences exist with regard to using either immersive or desktop VR to administer a virtual science learning simulation."", ""quote_valid"": true, ""span"": [139, 267], ""used"": true}, ""EC-3"": {""status"": ""MET"", ""decision"": ""not_meet"", ""confidence"": 0.9, ""threshold"": 0.6, ""field"": ""keywords"", ""quote"": ""Immersion (mathematics)"", ""quote_valid"": true, ""span"": [18, 31], ""used"": true}}"
A544,101016jcompedu2019103603,Investigating the effect of pre-training when learning through immersive virtual reality and video: A media and methods experiment,Oliver A. Meyer; Magnus Kirstoffer Omdahl; Guido Makransky,Oliver A. Meyer,2019.0,10.1016/j.compedu.2019.103603,,,,Computers &amp; Education,140,,103603,Elsevier BV,en,https://doi.org/10.1016/j.compedu.2019.103603,0.9,resolved,openalex,2026-01-22T21:51:55Z,X022,,Virtual reality; Immersion (mathematics); Computer science; Multimedia; Cognitive load; Immersive technology; Test (biology); Transfer of training; Cognition; Human–computer interaction; Psychology; Mathematics,True,article,True,True,True,doi,,"{'venue': 'crossref', 'volume': 'crossref', 'pages': 'crossref', 'publisher': 'crossref', 'url': 'crossref', 'lang': 'crossref'}",{'crossref': 6},"X022.R000 resolved | hits:OA,CR,S2 | winner:- | filled:venue:CR; lang:CR | missing:abstract",PASS_FLAGGED,,,,"EC-2,EC-3","PASS_FLAGGED: uncertain EC-2, EC-3","{""EC-2"": {""status"": ""UNCERTAIN"", ""decision"": ""not_meet"", ""confidence"": 0.8, ""threshold"": 0.6, ""field"": ""keywords"", ""quote"": """", ""quote_valid"": false, ""span"": [0, 0], ""used"": true}, ""EC-3"": {""status"": ""UNCERTAIN"", ""decision"": ""not_meet"", ""confidence"": 0.7, ""threshold"": 0.6, ""field"": ""abstract"", ""quote"": """", ""quote_valid"": false, ""span"": [-1, -1], ""used"": true}}"
A545,101007s1005501803632,"Virtual and augmented reality effects on K-12, higher and tertiary education students’ twenty-first century skills",George Papanastasiou; Athanasios Drigas; Charalabos Skianis; Miltiadis D. Lytras; Effrosyni Papanastasiou,George Papanastasiou,2018.0,10.1007/s10055-018-0363-2,,,,Virtual Reality,23,4,425-436,Springer Science and Business Media LLC,en,https://doi.org/10.1007/s10055-018-0363-2,0.9,resolved,openalex,2026-01-22T21:51:58Z,X022,"The purpose of this review article is to present state-of-the-art approaches and examples of virtual reality/augmented reality (VR/AR) systems, applications and experiences which improve student learning and the generalization of skills to the real world. Thus, we provide a brief, representative and non-exhaustive review of the current research studies, in order to examine the effects, as well as the impact of VR/AR technologies on K-12, higher and tertiary education students’ twenty-first century skills and their overall learning. According to the literature, there are promising results indicating that VR/AR environments improve learning outcomes and present numerous advantages of investing time and financial resources in K-12, higher and tertiary educational settings. Technological tools such as VR/AR improve digital-age literacy, creative thinking, communication, collaboration and problem solving ability, which constitute the so-called twenty-first century skills, necessary to transform information rather than just receive it. VR/AR enhances traditional curricula in order to enable diverse learning needs of students. Research and development relative to VR/AR technology is focused on a whole ecosystem around smart phones, including applications and educational content, games and social networks, creating immersive three-dimensional spatial experiences addressing new ways of human–computer interaction. Raising the level of engagement, promoting self-learning, enabling multi-sensory learning, enhancing spatial ability, confidence and enjoyment, promoting student-centered technology, combination of virtual and real objects in a real setting and decreasing cognitive load are some of the pedagogical advantages discussed. Additionally, implications of a growing VR/AR industry investment in educational sector are provided. It can be concluded that despite the fact that there are various barriers and challenges in front of the adoption of virtual reality on educational p",Augmented reality; Curriculum; Computer science; Virtual reality; Higher-order thinking; Educational technology; Higher education; Collaborative learning; 21st century skills; Cognitive load; Multimedia; Cognition,False,article,True,True,True,doi,,"{'venue': 'crossref', 'volume': 'crossref', 'issue': 'crossref', 'pages': 'crossref', 'publisher': 'crossref', 'url': 'crossref', 'lang': 'crossref', 'abstract': 'unpaywall'}","{'crossref': 7, 'unpaywall': 1}","X022.R000 resolved | hits:OA,CR,S2 | winner:- | filled:venue:CR; lang:CR; abstract:UN | missing:-",PASS_CLEAN,,,"EC-2,EC-3",,PASS_CLEAN: all EL criteria MET.,"{""EC-2"": {""status"": ""MET"", ""decision"": ""not_meet"", ""confidence"": 0.75, ""threshold"": 0.6, ""field"": ""abstract"", ""quote"": ""Research and development relative to VR/AR technology is focused on a whole ecosystem around smart phones, including applications and educational content, games and social networks, creating immersive three-dimensional spatial experiences addressing new ways of human–computer interaction."", ""quote_valid"": true, ""span"": [328, 467], ""used"": true}, ""EC-3"": {""status"": ""MET"", ""decision"": ""not_meet"", ""confidence"": 0.8, ""threshold"": 0.6, ""field"": ""keywords"", ""quote"": ""Augmented reality"", ""quote_valid"": true, ""span"": [23, 37], ""used"": true}}"
A546,103389frobt201800081,Immersive VR and Education: Embodied Design Principles That Include Gesture and Hand Controls,Mina C. Johnson‐Glenberg,Mina C. Johnson‐Glenberg,2018.0,10.3389/frobt.2018.00081,https://pubmed.ncbi.nlm.nih.gov/33500960,,,Frontiers in Robotics and AI,5,,,Frontiers Media SA,en,https://doi.org/10.3389/frobt.2018.00081,0.9,resolved,openalex,2026-01-22T21:52:00Z,X022,"This article explores relevant applications of educational theory for the design of immersive virtual reality (VR). Two unique attributes associated with VR position the technology to positively affect education: (1) the sense of presence, and (2) the embodied affordances of gesture and manipulation in the 3rd dimension. These are referred to as the two profound affordances of VR. The primary focus of this article is on the embodiment afforded by gesture in 3D for learning. The new generation of hand controllers induces embodiment and agency via meaningful and congruent movements with the content to be learned. Several examples of gesture-rich lessons are presented. The final section includes an extensive set of design principles for immersive VR in education, and finishes with the <i>Necessary Nine</i> which are hypothesized to optimize the pedagogy within a lesson.",Embodied cognition; Affordance; Gesture; Computer science; Virtual reality; Human–computer interaction; Set (abstract data type); Agency (philosophy); Focus (optics); Dimension (graph theory); Multimedia; Artificial intelligence,True,article,True,True,False,doi,,"{'venue': 'crossref', 'volume': 'crossref', 'publisher': 'crossref', 'url': 'crossref', 'lang': 'heuristic'}","{'crossref': 4, 'heuristic': 1}","X022.R000 resolved | hits:OA,CR | winner:- | filled:venue:CR; lang:HE | missing:-",PASS_FLAGGED,,,EC-2,EC-3,PASS_FLAGGED: uncertain EC-3,"{""EC-2"": {""status"": ""MET"", ""decision"": ""not_meet"", ""confidence"": 0.9, ""threshold"": 0.6, ""field"": ""keywords"", ""quote"": ""Virtual reality"", ""quote_valid"": true, ""span"": [13, 22], ""used"": true}, ""EC-3"": {""status"": ""UNCERTAIN"", ""decision"": ""not_meet"", ""confidence"": 0.8, ""threshold"": 0.6, ""field"": ""keywords"", ""quote"": ""Embodied cognition; Gesture"", ""quote_valid"": false, ""span"": [12, 17], ""used"": true}}"
A547,101016jcompedu201809015,Investigating learning outcomes and subjective experiences in 360-degree videos,Michael A. Rupp; Katy L. Odette; James Kozachuk; Jessica R. Michaelis; Janan A. Smither; Daniel S. McConnell,Michael A. Rupp,2018.0,10.1016/j.compedu.2018.09.015,,,,Computers &amp; Education,128,,256-268,Elsevier BV,en,https://doi.org/10.1016/j.compedu.2018.09.015,0.9,resolved,openalex,2026-01-22T21:52:00Z,X022,,Simulator sickness; Immersion (mathematics); Virtual reality; Illusion; Computer science; Instructional simulation; Multimedia; Psychology; Human–computer interaction; Cognitive psychology; Mathematics; Pure mathematics,False,article,True,True,True,doi,,"{'venue': 'crossref', 'volume': 'crossref', 'pages': 'crossref', 'publisher': 'crossref', 'url': 'crossref', 'lang': 'crossref'}",{'crossref': 6},"X022.R000 resolved | hits:OA,CR,S2 | winner:- | filled:venue:CR; lang:CR | missing:abstract",EXCLUSION_SUPPRESSED,,,EC-2,,"EXCLUSION_SUPPRESSED: the model returned an excluding verdict on EC-3 which passed the evidence gate. Flag-only is in force for this provider, so the record was NOT excluded and needs human review.","{""EC-2"": {""status"": ""MET"", ""decision"": ""not_meet"", ""confidence"": 0.8, ""threshold"": 0.6, ""field"": ""keywords"", ""quote"": ""Virtual reality"", ""quote_valid"": true, ""span"": [26, 35], ""used"": true}, ""EC-3"": {""status"": ""SUPPRESSED"", ""decision"": ""meet"", ""confidence"": 0.95, ""threshold"": 0.6, ""field"": ""keywords"", ""quote"": ""Illusion"", ""quote_valid"": true, ""span"": [21, 28], ""used"": true}}"
A558,101111jcal12375,Motivational and cognitive benefits of training in immersive virtual reality based on multiple assessments,Guido Makransky; Stefan Borre‐Gude; Richard E. Mayer,Guido Makransky,2019.0,10.1111/jcal.12375,,,,Journal of Computer Assisted Learning,35,6,691-707,Wiley,en,https://doi.org/10.1111/jcal.12375,0.9,resolved,openalex,2026-01-22T21:52:16Z,X022,"Abstract The main objective of this study was to examine the effectiveness of immersive virtual reality (VR) as a medium for delivering laboratory safety training. We specifically compare an immersive VR simulation, a desktop VR simulation, and a conventional safety manual. The sample included 105 first year undergraduate engineering students (56 females). We include five types of learning outcomes including post‐test enjoyment ratings; pre‐ to post‐test changes in intrinsic motivation and self‐efficacy; a post‐test multiple choice retention test; and two behavioral transfer tests. Results indicated that the groups did not differ on the immediate retention test, suggesting that all three media were equivalent in conveying the basic knowledge. However, significant differences were observed favoring the immersive VR group compared to the text group on the two transfer tests involving the solving problems in a physical lab setting (d = 0.54, d = 0.57), as well as enjoyment (d = 1.44) and increases in intrinsic motivation (d = 0.69) and self‐efficacy (d = 0.60). The desktop VR group scored significantly higher than the text group on one transfer test (d = 0.63) but not the other (d= 0.11), as well as enjoyment (d =1.11) and intrinsic motivation (d =0.83).",Virtual reality; Cognition; Training (meteorology); Computer-Assisted Instruction; Psychology; Computer science; Human–computer interaction; Applied psychology; Multimedia; Cognitive psychology; Meteorology; Physics,False,article,True,True,False,doi,,"{'venue': 'crossref', 'volume': 'crossref', 'issue': 'crossref', 'pages': 'crossref', 'publisher': 'crossref', 'url': 'crossref', 'lang': 'crossref'}",{'crossref': 7},"X022.R000 resolved | hits:OA,CR | winner:- | filled:venue:CR; lang:CR | missing:-",PASS_CLEAN,,,"EC-2,EC-3",,PASS_CLEAN: all EL criteria MET.,"{""EC-2"": {""status"": ""MET"", ""decision"": ""not_meet"", ""confidence"": 0.7, ""threshold"": 0.6, ""field"": ""keywords"", ""quote"": ""Virtual reality"", ""quote_valid"": true, ""span"": [19, 28], ""used"": true}, ""EC-3"": {""status"": ""MET"", ""decision"": ""not_meet"", ""confidence"": 0.9, ""threshold"": 0.6, ""field"": ""keywords"", ""quote"": ""Virtual reality"", ""quote_valid"": true, ""span"": [34, 46], ""used"": true}}"
A560,101016jcompedu2020104021,Watching versus touching: The effectiveness of a touchscreen app to teach children to tell time,Fuxing Wang; Chunying Gao; Jordy Kaufman; Tong Yu; Jiaxue Chen,Fuxing Wang,2020.0,10.1016/j.compedu.2020.104021,,,,Computers &amp; Education,160,,104021,Elsevier BV,en,https://doi.org/10.1016/j.compedu.2020.104021,0.9,resolved,openalex,2026-01-22T21:52:17Z,X022,,Touchscreen; Gesture; Test (biology); Psychology; Embodied cognition; Multimedia; Computer science; Human–computer interaction; Artificial intelligence; Biology; Paleontology,False,article,True,True,True,doi,,"{'venue': 'crossref', 'volume': 'crossref', 'pages': 'crossref', 'publisher': 'crossref', 'url': 'crossref', 'lang': 'crossref'}",{'crossref': 6},"X022.R000 resolved | hits:OA,CR,S2 | winner:- | filled:venue:CR; lang:CR | missing:abstract",PASS_CLEAN,,,"EC-2,EC-3",,PASS_CLEAN: all EL criteria MET.,"{""EC-2"": {""status"": ""MET"", ""decision"": ""not_meet"", ""confidence"": 0.8, ""threshold"": 0.6, ""field"": ""keywords"", ""quote"": ""Touchscreen"", ""quote_valid"": true, ""span"": [7, 14], ""used"": true}, ""EC-3"": {""status"": ""MET"", ""decision"": ""not_meet"", ""confidence"": 0.7, ""threshold"": 0.6, ""field"": ""keywords"", ""quote"": ""Gesture"", ""quote_valid"": true, ""span"": [12, 15], ""used"": true}}"
A561,101007978303023538334,The Application of Student Participation in the Design of Virtual Reality Educational Products,Ziyang Li; Xiandong Cheng; Limin Wang; Hao He; Bin Liang,Ziyang Li,2019.0,10.1007/978-3-030-23538-3_34,,,,Lecture Notes in Computer Science,,,444-456,Springer International Publishing,en,https://doi.org/10.1007/978-3-030-23538-3_34,0.9,resolved,openalex,2026-01-22T21:52:25Z,X022,,Computer science; Virtual reality; Usability; Beijing; Human–computer interaction; Exploratory research; Multimedia; Interface (matter); China; Sociology; Parallel computing; Political science,False,chapter,True,True,False,doi,,"{'venue': 'crossref', 'pages': 'crossref', 'publisher': 'crossref', 'url': 'crossref', 'lang': 'crossref'}",{'crossref': 5},"X022.R000 resolved | hits:OA,CR | winner:- | filled:venue:CR; lang:CR | missing:abstract",PASS_CLEAN,,,"EC-2,EC-3",,PASS_CLEAN: all EL criteria MET.,"{""EC-2"": {""status"": ""MET"", ""decision"": ""not_meet"", ""confidence"": 0.9, ""threshold"": 0.6, ""field"": ""keywords"", ""quote"": ""Virtual reality"", ""quote_valid"": true, ""span"": [13, 22], ""used"": true}, ""EC-3"": {""status"": ""MET"", ""decision"": ""not_meet"", ""confidence"": 0.8, ""threshold"": 0.6, ""field"": ""keywords"", ""quote"": ""Virtual reality"", ""quote_valid"": true, ""span"": [34, 46], ""used"": true}}"
A564,101007s10648020095862,The Cognitive Affective Model of Immersive Learning (CAMIL): a Theoretical Research-Based Model of Learning in Immersive Virtual Reality,Guido Makransky; Gustav Bøg Petersen,Guido Makransky,2021.0,10.1007/s10648-020-09586-2,,,,Educational Psychology Review,33,3,937-958,Springer Science and Business Media LLC,en,https://doi.org/10.1007/s10648-020-09586-2,0.9,resolved,openalex,2026-01-22T21:52:29Z,X023,"Abstract There has been a surge in interest and implementation of immersive virtual reality (IVR)-based lessons in education and training recently, which has resulted in many studies on the topic. There are recent reviews which summarize this research, but little work has been done that synthesizes the existing findings into a theoretical framework. The Cognitive Affective Model of Immersive Learning (CAMIL) synthesizes existing immersive educational research to describe the process of learning in IVR. The general theoretical framework of the model suggests that instructional methods which are based on evidence from research with less immersive media generalize to learning in IVR. However, the CAMIL builds on evidence that media interacts with method. That is, certain methods which facilitate the affordances of IVR are specifically relevant in this medium. The CAMIL identifies presence and agency as the general psychological affordances of learning in IVR, and describes how immersion, control factors, and representational fidelity facilitate these affordances. The model describes six affective and cognitive factors that can lead to IVR-based learning outcomes including interest, motivation, self-efficacy, embodiment, cognitive load, and self-regulation. The model also describes how these factors lead to factual, conceptual, and procedural knowledge acquisition and knowledge transfer. Implications for future research and instructional design are proposed.",Educational psychology; Psychology; Virtual reality; Cognition; Human–computer interaction; Immersive technology; Cognitive psychology; Cognitive science; Computer science; Mathematics education; Neuroscience,True,article,True,True,False,doi,,"{'venue': 'crossref', 'volume': 'crossref', 'issue': 'crossref', 'pages': 'crossref', 'publisher': 'crossref', 'url': 'crossref', 'lang': 'crossref'}",{'crossref': 7},"X023.R000 resolved | hits:OA,CR | winner:- | filled:venue:CR; lang:CR | missing:-",PASS_CLEAN,,,"EC-2,EC-3",,PASS_CLEAN: all EL criteria MET.,"{""EC-2"": {""status"": ""MET"", ""decision"": ""not_meet"", ""confidence"": 0.8, ""threshold"": 0.6, ""field"": ""keywords"", ""quote"": ""Virtual reality"", ""quote_valid"": true, ""span"": [12, 23], ""used"": true}, ""EC-3"": {""status"": ""MET"", ""decision"": ""not_meet"", ""confidence"": 0.8, ""threshold"": 0.6, ""field"": ""keywords"", ""quote"": ""Educational psychology; Psychology; Virtual reality; Cognition; Human–computer interaction; Immersive technology; Cognitive psychology; Cognitive science; Computer science; Mathematics education; Neuroscience"", ""quote_valid"": true, ""span"": [12, 34], ""used"": true}}"
A568,101016jcompedu2020103893,Effectiveness of virtual reality game in foreign language vocabulary acquisition,Mohammed Alfadil,Mohammed Alfadil,2020.0,10.1016/j.compedu.2020.103893,,,,Computers &amp; Education,153,,103893,Elsevier BV,en,https://doi.org/10.1016/j.compedu.2020.103893,0.9,resolved,openalex,2026-01-22T21:52:31Z,X023,,Vocabulary; Computer science; Foreign language; Process (computing); Language acquisition; Mathematics education; Control (management); Psychology; Multimedia; Artificial intelligence; Linguistics; Philosophy,False,article,True,True,True,doi,,"{'venue': 'crossref', 'volume': 'crossref', 'pages': 'crossref', 'publisher': 'crossref', 'url': 'crossref', 'lang': 'crossref'}",{'crossref': 6},"X023.R000 resolved | hits:OA,CR,S2 | winner:- | filled:venue:CR; lang:CR | missing:abstract",PASS_FLAGGED,,,EC-2,EC-3,PASS_FLAGGED: uncertain EC-3,"{""EC-2"": {""status"": ""MET"", ""decision"": ""not_meet"", ""confidence"": 0.9, ""threshold"": 0.6, ""field"": ""keywords"", ""quote"": ""Foreign language"", ""quote_valid"": true, ""span"": [4, 17], ""used"": true}, ""EC-3"": {""status"": ""UNCERTAIN"", ""decision"": ""not_meet"", ""confidence"": 0.9, ""threshold"": 0.6, ""field"": ""keywords"", ""quote"": ""Vocabulary; Computer science; Foreign language; Process (computing); Language acquisition; Mathematics education; Multimedia; Artificial intelligence; Linguistics; Philosophy"", ""quote_valid"": false, ""span"": [12, 34], ""used"": true}}"
A569,1010801049482020211926289,Student engagement in K-12 online learning amid COVID-19: A qualitative approach from a self-determination theory perspective,Thomas K. F. Chiu,Thomas K. F. Chiu,2021.0,10.1080/10494820.2021.1926289,,,,Interactive Learning Environments,31,6,3326-3339,Informa UK Limited,en,https://doi.org/10.1080/10494820.2021.1926289,0.9,resolved,openalex,2026-01-22T21:52:32Z,X023,"During the pandemic, school and university students had to urgently move away from traditional classrooms to online learning in their homes. Student engagement that can be explained by self-determination theory (SDT) is important in online learning. Indeed, the founders of SDT recently stated that SDT-based future research should look closely at how to satisfy the basic needs in the theory in technology enhanced learning environments. We also know very little about K-12 student engagement in online learning. Therefore, this qualitative study used the SDT as a framework to understand K-12 school student engagement and disengagement in online learning. It used a thematic analysis to analyse interview data from 36 students and 18 teachers. The findings highlight that (i) online learning environments that supported more autonomy were more likely to engage students cognitively in developing two important lifelong skills of digital literacy and self-regulated learning; and (ii) those environments that lacked emotional attachment, equipment and resources, coupled with perceived digital incompetence and ineffective learning experience of the students suppressed cognitive and emotional engagement. Hence, this study suggests how to satisfy the need for competence and relatedness to prepare and implement online learning.",Disengagement theory; Psychology; Thematic analysis; Student engagement; Competence (human resources); Self-determination theory; Lifelong learning; Mathematics education; Perspective (graphical); Educational technology; Pedagogy; Autonomy,False,article,True,True,False,doi,,"{'venue': 'crossref', 'volume': 'crossref', 'issue': 'crossref', 'pages': 'crossref', 'publisher': 'crossref', 'url': 'crossref', 'lang': 'crossref'}",{'crossref': 7},"X023.R000 resolved | hits:OA,CR | winner:- | filled:venue:CR; lang:CR | missing:-",PASS_FLAGGED,,,EC-3,EC-2,PASS_FLAGGED: uncertain EC-2,"{""EC-2"": {""status"": ""UNCERTAIN"", ""decision"": ""not_meet"", ""confidence"": 0.7, ""threshold"": 0.6, ""field"": ""keywords"", ""quote"": ""Online learning"", ""quote_valid"": false, ""span"": [23, 35], ""used"": true}, ""EC-3"": {""status"": ""MET"", ""decision"": ""not_meet"", ""confidence"": 0.7, ""threshold"": 0.6, ""field"": ""keywords"", ""quote"": ""Disengagement theory; Psychology; Thematic analysis; Student engagement; Competence (human resources); Self-determination theory; Lifelong learning; Mathematics education; Perspective (graphical); Educational technology; Pedagogy; Autonomy"", ""quote_valid"": true, ""span"": [12, 34], ""used"": true}}"
A570,1010800958822120201752735,The impact of a virtual reality app on adolescent EFL learners’ vocabulary learning,Tzu-Yu Tai; Howard Hao-Jan Chen; Graeme Todd,Tzu-Yu Tai,2020.0,10.1080/09588221.2020.1752735,,,,Computer Assisted Language Learning,35,4,892-917,Informa UK Limited,en,https://doi.org/10.1080/09588221.2020.1752735,0.9,resolved,openalex,2026-01-22T21:52:32Z,X023,"VR technology allows learners to access simulated, immersive and interactive virtual environments to perform authentic learning activities. In particular, VR has emerged as a valuable tool for L2 learning. However, VR research has tended to pay more attention to desktop-based VR than to VR via mobile-rendered HMDs, leaving the potentials of VR through mobile-rendered HMDs yet to be investigated. Therefore, this study fills the gap by using a commercial VR app to examine the effect of VR via mobile-rendered HMDs on EFL learners' vocabulary learning. Forty-nine seventh graders in Taiwan were recruited from two intact classes and assigned to either an experimental (VR players) or control (video watchers) group. The VR players interacted with Mondly VR app using mobile-rendered HMDs and took part in conversations with virtual characters. The video watchers watched the walkthrough video signal of the VR player's app via a personal computer. Vocabulary tests, a perception questionnaire, and interviews were used to evaluate the participants' vocabulary learning. The results showed that the VR players' vocabulary learning and retention was significantly higher than the video watchers'. The majority of the VR players felt that VR-mediated vocabulary learning was motivating and beneficial. The VR app contextualized vocabulary learning by providing virtual environments with multimodal support and enhanced learner engagement through real-time interactivity and feedback. The video watchers' feedback revealed mixed feelings. Some felt that the walkthrough video facilitated vocabulary learning by providing word meaning and use in context. Others reported it lacked interactivity and their attention was easily distracted.",Vocabulary; Interactivity; Multimedia; Computer science; Virtual reality; Context (archaeology); Mobile device; Human–computer interaction; Psychology; World Wide Web; Biology; Philosophy,False,article,True,True,False,doi,,"{'venue': 'crossref', 'volume': 'crossref', 'issue': 'crossref', 'pages': 'crossref', 'publisher': 'crossref', 'url': 'crossref', 'lang': 'crossref'}",{'crossref': 7},"X023.R000 resolved | hits:OA,CR | winner:- | filled:venue:CR; lang:CR | missing:-",PASS_CLEAN,,,"EC-2,EC-3",,PASS_CLEAN: all EL criteria MET.,"{""EC-2"": {""status"": ""MET"", ""decision"": ""not_meet"", ""confidence"": 0.8, ""threshold"": 0.6, ""field"": ""keywords"", ""quote"": ""Virtual reality"", ""quote_valid"": true, ""span"": [14, 25], ""used"": true}, ""EC-3"": {""status"": ""MET"", ""decision"": ""not_meet"", ""confidence"": 0.8, ""threshold"": 0.6, ""field"": ""keywords"", ""quote"": ""Vocabulary; Interactivity; Multimedia; Computer science; Virtual reality; Context (archaeology); Mobile device; Human–computer interaction; Psychology; World Wide Web; Biology; Philosophy"", ""quote_valid"": true, ""span"": [12, 34], ""used"": true}}"
A571,101111bjet12893,Learning to be a writer: A spherical video‐based virtual reality approach to supporting descriptive article writing in high school Chinese courses,Hsiu‐Ling Huang; Gwo‐Jen Hwang; Ching‐Yi Chang,Hsiu‐Ling Huang,2019.0,10.1111/bjet.12893,,,,British Journal of Educational Technology,51,4,1386-1405,Wiley,en,https://doi.org/10.1111/bjet.12893,0.9,resolved,openalex,2026-01-22T21:52:32Z,X023,"Abstract In language education, the development of writing capability is an important and challenging teaching objective. Writing performance is related not only with students’ comprehension and expression of texts, but also their experience and perceptions of the contexts. Descriptive article writing is a basic writing activity; the content includes concrete understanding and perceptions of space, time, and contexts. However, in the traditional language teaching activities, there is usually no chance for students to have in‐depth feelings about the contexts of a topic. This usually results in low learning motivation and limited expression during the writing process. Therefore, the present study attempted to adopt spherical video‐based virtual reality (SVVR) to enable students to have in‐depth experience and perceptions and to facilitate their learning effectiveness. Based on this approach, a Chinese writing SVVR learning system was developed and a quasi‐experiment was conducted to compare the effects of the proposed approach and the conventional technology‐supported learning approach in a senior high school writing class. The findings show that the proposed SVVR writing approach could improve students' writing performance in terms of content and appearance as well as their creativity tendency and writing self‐efficacy, while also reducing their cognitive load.",Creativity; Comprehension; Perception; Mathematics education; Feeling; Psychology; Cognition; Class (philosophy); Computer science; Expression (computer science); Collaborative writing; Multimedia,False,article,True,True,False,doi,,"{'venue': 'crossref', 'volume': 'crossref', 'issue': 'crossref', 'pages': 'crossref', 'publisher': 'crossref', 'url': 'crossref', 'lang': 'crossref'}",{'crossref': 7},"X023.R000 resolved | hits:OA,CR | winner:- | filled:venue:CR; lang:CR | missing:-",PASS_FLAGGED,,,EC-3,EC-2,PASS_FLAGGED: uncertain EC-2,"{""EC-2"": {""status"": ""UNCERTAIN"", ""decision"": ""not_meet"", ""confidence"": 0.9, ""threshold"": 0.6, ""field"": ""keywords"", ""quote"": ""Virtual reality"", ""quote_valid"": false, ""span"": [36, 47], ""used"": true}, ""EC-3"": {""status"": ""MET"", ""decision"": ""not_meet"", ""confidence"": 0.9, ""threshold"": 0.6, ""field"": ""keywords"", ""quote"": ""Creativity; Comprehension; Perception; Mathematics education; Feeling; Psychology; Cognition; Class (philosophy); Computer science; Expression (computer science); Collaborative writing; Multimedia"", ""quote_valid"": true, ""span"": [12, 34], ""used"": true}}"
A572,101111bjet13056,From experiencing to expressing: A virtual reality approach to facilitating pupils’ descriptive paper writing performance and learning behavior engagement,Gang Yang; Yuting Chen; Xiao‐Li Zheng; Gwo‐Jen Hwang,Gang Yang,2020.0,10.1111/bjet.13056,,,,British Journal of Educational Technology,52,2,807-823,Wiley,en,https://doi.org/10.1111/bjet.13056,0.9,resolved,openalex,2026-01-22T21:52:32Z,X023,"Abstract Due to the lack of life experience and situational experience, it is difficult to arouse pupils’ inner motivation and interest in writing. Therefore, the early stage of Chinese writing may be a challenge for Chinese pupils. In order to solve this problem, a spherical video‐based virtual reality (SVVR) experience learning system was developed to help pupils improve their writing performance and interest. To evaluate the effectiveness of the proposed approach, an experiment was carried out in a primary school in Zhejiang province, China. First, a writing pretest was administered in two grade 4 classes. The researchers then randomly selected 40 pupils of about 10 years old with similar writing abilities, and assigned them to an experimental group, which used the SVVR learning method, and a control group, which used the traditional learning method. The researchers observed and recorded the pupils’ writing process and then, interviewed them. The results showed that there was a significant difference in the comprehensive writing performance of the two groups ( F = 6.272; p = .017 &lt; .05). The mean of the experimental group (Mean = 73.85) was higher than that of the control group (Mean = 70.00). Moreover, there were significant differences between the two groups in terms of the thematic coherence, structural integrity and linguistic expressiveness of their writing performance. However, there was no significant difference in the achievement of creative thinking. In the experimental group, different levels of learning behavior engagement could affect the structural integrity and language expression of writing achievements, and the degree of writing learning behavior engagement was highly correlated with reading time. Through the interviews, it was found that the pupils in the experimental group were more satisfied with the SVVR learning method than the control group pupils were with the traditional learning method. Practitioner Notes What is already known about this topic? Spherical video‐based virtual reality (SVVR) set a simulated environment enabling students to have in‐depth experience in learning contexts. Most SVVR studies focused on speaking and writing in middle schools and colleges, while its impacts on young children’s writing performance is generally ignored. What this paper adds? An SVVR system based on experiencing learning theory was developed to promote young students’ in‐depth experience and perception in descriptive paper writing. The proposed approach promoted students’ writing performances, writing experience and learning behavior engagement. Implications for practice and/or policy SVVR is a potential technology for implementing experiential learning activities, especially in improving thematic coherence, structural integrity and linguistic expressiveness. It is worth promoting such a low‐tech and low‐cost experiential learning approach to other courses.",Situational ethics; Mathematics education; Psychology; Significant difference; Affect (linguistics); Control (management); Computer science; Social psychology; Artificial intelligence; Mathematics; Communication; Statistics,False,article,True,True,False,doi,,"{'venue': 'crossref', 'volume': 'crossref', 'issue': 'crossref', 'pages': 'crossref', 'publisher': 'crossref', 'url': 'crossref', 'lang': 'crossref'}",{'crossref': 7},"X023.R000 resolved | hits:OA,CR | winner:- | filled:venue:CR; lang:CR | missing:-",PASS_CLEAN,,,"EC-2,EC-3",,PASS_CLEAN: all EL criteria MET.,"{""EC-2"": {""status"": ""MET"", ""decision"": ""not_meet"", ""confidence"": 0.8, ""threshold"": 0.6, ""field"": ""keywords"", ""quote"": ""Situational ethics; Mathematics education; Psychology; Significant difference; Affect (linguistics); Control (management); Computer science; Social psychology; Artificial intelligence; Mathematics; Communication; Statistics"", ""quote_valid"": true, ""span"": [123, 146], ""used"": true}, ""EC-3"": {""status"": ""MET"", ""decision"": ""not_meet"", ""confidence"": 0.8, ""threshold"": 0.6, ""field"": ""keywords"", ""quote"": ""Situational ethics; Mathematics education; Psychology; Significant difference; Affect (linguistics); Control (management); Computer science; Social psychology; Artificial intelligence; Mathematics; Communication; Statistics"", ""quote_valid"": true, ""span"": [123, 146], ""used"": true}}"
A573,1010800958822120181544151,Google Earth Virtual Reality and expository writing for young English Learners from a Funds of Knowledge perspective,Yan Chen; Thomas J. Smith; Cindy S. York; Hayley J. Mayall,Yan Chen,2019.0,10.1080/09588221.2018.1544151,,,,Computer Assisted Language Learning,33,1-2,1-25,Informa UK Limited,en,https://doi.org/10.1080/09588221.2018.1544151,0.9,resolved,openalex,2026-01-22T21:52:32Z,X023,"The purpose of this study is to examine the incorporation of Google Earth Virtual Reality (VR) into English Learners' (ELs) expository writing experiences from a Funds of Knowledge perspective utilizing a mixed-methods explanatory sequential design. The participants were 22 ELs from a middle school in a rural Midwestern town. During the quantitative phase, the expository writing artifacts were collected through a multiple before-and-after non-experimental design and analyzed using ANOVA. A text-in-context coding approach was adopted to examine changes in students' writing. The results showed a statistically significant increase in expository writing skills, particularly in description, cause/effect, compare/contrast, and enumeration. A descriptive survey assessing the acceptance of Google Earth VR was distributed as well. During the qualitative phase, a follow-up focus group for the ELs and teacher interviews were conducted. Field notes/memos were used to triangulate the data. The qualitative findings indicated that the ELs were engaged in the virtual-assisted writing environment and showed positive attitudes toward Google Earth VR. Concerns about using Google Earth VR in writing (i.e. time-consuming as well as distracting and posing integration difficulties) were addressed. Future directions inspired from this study are discussed as well.",Context (archaeology); Perspective (graphical); Focus group; Mathematics education; Computer science; Virtual reality; Coding (social sciences); Rhetorical modes; Qualitative research; Descriptive statistics; Multimethodology; Psychology,False,article,True,True,False,doi,,"{'venue': 'crossref', 'volume': 'crossref', 'issue': 'crossref', 'pages': 'crossref', 'publisher': 'crossref', 'url': 'crossref', 'lang': 'crossref'}",{'crossref': 7},"X023.R000 resolved | hits:OA,CR | winner:- | filled:venue:CR; lang:CR | missing:-",PASS_CLEAN,,,"EC-2,EC-3",,PASS_CLEAN: all EL criteria MET.,"{""EC-2"": {""status"": ""MET"", ""decision"": ""not_meet"", ""confidence"": 0.9, ""threshold"": 0.6, ""field"": ""keywords"", ""quote"": ""Context (archaeology); Perspective (graphical); Focus group; Mathematics education; Computer science; Virtual reality; Coding (social sciences); Rhetorical modes; Qualitative research; Descriptive statistics; Multimethodology; Psychology"", ""quote_valid"": true, ""span"": [123, 146], ""used"": true}, ""EC-3"": {""status"": ""MET"", ""decision"": ""not_meet"", ""confidence"": 0.9, ""threshold"": 0.6, ""field"": ""keywords"", ""quote"": ""Context (archaeology); Perspective (graphical); Focus group; Mathematics education; Computer science; Virtual reality; Coding (social sciences); Rhetorical modes; Qualitative research; Descriptive statistics; Multimethodology; Psychology"", ""quote_valid"": true, ""span"": [123, 146], ""used"": true}}"
A575,10641521012544686,Does a 3D immersive experience enhance Mandarin writing by CSL students?,Yu‐Ju Lan; Boning Lyu; Chee Kuen Chin,Yu‐Ju Lan,2019.0,10.64152/10125/44686,,,,Language Learning &amp; Technology,23,2,125-144,National Foreign Language Resource Center,en,https://doi.org/10.64152/10125/44686,0.9,resolved,openalex,2026-01-22T21:52:34Z,"X023,X025","This study aimed at enhancing the Mandarin essay writing by learners of Chinese as a second language (CSL) in Singapore by using authentic contexts in Second Life (SL). The participants were students in two classes of eighth graders from a junior high school in Singapore, and the study lasted for 5 weeks. A quasi-experimental design was adopted by randomly assigning the two classes to the experimental group (N=26) or the control group (N = 34). The two groups received identical writing instructions and were asked to write essays about identical topics within an identical time period. The only difference between the two groups was the activities performed at the prewriting stage: with or without immersive exploration in SL. Three kinds of qualitative data were collected and analyzed: students’ writing plans, students’ compositions, and in-class observation data. The analysis results show that the writing motivation and performance of the CSL students varied depending on whether or not they performed immersive exploration before writing. Those who explored the authentic contexts in SL before writing performed significantly better at constructing a prewriting plan and exhibited significantly higher writing quality compared to those without such an immersive experience. The former group also demonstrated higher motivation.",Mandarin Chinese; Computer science; Multimedia; Mathematics education; Human–computer interaction; Psychology; Linguistics; Philosophy,True,article,True,True,False,doi,,"{'venue': 'crossref', 'volume': 'crossref', 'issue': 'crossref', 'pages': 'crossref', 'publisher': 'crossref', 'url': 'crossref', 'lang': 'heuristic'}","{'crossref': 6, 'heuristic': 1}","X023.R000 resolved | hits:OA,CR | winner:- | filled:venue:CR; lang:HE | missing:-",PASS_CLEAN,,,"EC-2,EC-3",,PASS_CLEAN: all EL criteria MET.,"{""EC-2"": {""status"": ""MET"", ""decision"": ""not_meet"", ""confidence"": 0.9, ""threshold"": 0.6, ""field"": ""keywords"", ""quote"": ""Mandarin Chinese; Computer science; Multimedia; Mathematics education; Human–computer interaction; Psychology; Linguistics; Philosophy"", ""quote_valid"": true, ""span"": [123, 146], ""used"": true}, ""EC-3"": {""status"": ""MET"", ""decision"": ""not_meet"", ""confidence"": 0.8, ""threshold"": 0.6, ""field"": ""keywords"", ""quote"": ""Mandarin Chinese; Computer science; Multimedia; Mathematics education; Human–computer interaction; Psychology; Linguistics; Philosophy"", ""quote_valid"": true, ""span"": [123, 146], ""used"": true}}"
A580,10114533323053332311,Virtual Reality For Anatomical Vocabulary Learning,Yossiri Yossatorn; Ratchadawan Nimnual,Yossiri Yossatorn,2019.0,10.1145/3332305.3332311,,,,Proceedings of the 2019 3rd International Conference on Virtual and Augmented Reality Simulations,,,16-20,ACM,en,https://doi.org/10.1145/3332305.3332311,0.9,resolved,openalex,2026-01-22T21:52:34Z,X023,"Virtual Reality has become popularly pervasive among people in the digital society. The prevalent availability and usefulness of VR lend facilitations to diverse disciplines, especially medicine. The current study developed a Virtual Reality (VR) anatomical vocabulary learning program. The anatomical contents were developed by using three-dimensional (3D) and game-engine softwares. The developed program was operated on a high-performance personal computer and presented to the participants through fully immersive VR gears: head-mounted display and sensory handheld remote controls. The effectiveness of the program system and usage satisfaction were examined by medical and VR experts, and thirty health practitioners. The system program was assessed to be at a highest level (x = 4.65). The operating system and satisfaction were highly rated (x = 4.57). The results indicated that the program development in the study is practical and applicable to educational training and future research.",Virtual reality; Computer science; Multimedia; Human–computer interaction; Vocabulary; Mobile device; World Wide Web; Philosophy; Linguistics,False,conference,True,True,False,doi,,"{'venue': 'crossref', 'pages': 'crossref', 'publisher': 'crossref', 'url': 'crossref', 'lang': 'heuristic'}","{'crossref': 4, 'heuristic': 1}","X023.R000 resolved | hits:OA,CR | winner:- | filled:venue:CR; lang:HE | missing:-",PASS_CLEAN,,,"EC-2,EC-3",,PASS_CLEAN: all EL criteria MET.,"{""EC-2"": {""status"": ""MET"", ""decision"": ""not_meet"", ""confidence"": 0.9, ""threshold"": 0.6, ""field"": ""keywords"", ""quote"": ""Virtual reality; Computer science; Multimedia; Human–computer interaction; Vocabulary; Mobile device; World Wide Web; Philosophy; Linguistics"", ""quote_valid"": true, ""span"": [123, 146], ""used"": true}, ""EC-3"": {""status"": ""MET"", ""decision"": ""not_meet"", ""confidence"": 0.9, ""threshold"": 0.6, ""field"": ""keywords"", ""quote"": ""Virtual reality; Computer science; Multimedia; Human–computer interaction; Vocabulary; Mobile device; World Wide Web; Philosophy; Linguistics"", ""quote_valid"": true, ""span"": [123, 146], ""used"": true}}"
A581,1010800958822120211928226,A comparative study on the effects of a VR and PC visual novel game on vocabulary learning,Kuo-Wei Kyle Lai; Howard Hao-Jan Chen,Kuo-Wei Kyle Lai,2021.0,10.1080/09588221.2021.1928226,,,,Computer Assisted Language Learning,36,3,312-345,Informa UK Limited,en,https://doi.org/10.1080/09588221.2021.1928226,0.9,resolved,openalex,2026-01-22T21:52:34Z,X023,"Research on vocabulary acquisition in digital game-based learning has been increasing over the years, with advancements in technology giving rise to numerous learning alternatives in second language acquisition. As virtual reality gaming offers new opportunities to explore its effectiveness in language learning, it is thus important to investigate the benefits of virtual reality gaming on English vocabulary learning, as well as the potential in incorporating virtual reality to teaching practices in the classroom. Therefore, this study aims to investigate the effects of virtual reality (VR) and personal computer (PC) gaming on language learners' vocabulary learning, as well as their affective perception. Thirty Grade 12 high school students participated in this study and were randomly assigned to either the VR or PC group. The VR group played a Sci-fi VR visual novel game, Angels and Demigods, using the Oculus Go whereas the PC group played the same game in the PC version without the VR elements. The gaming session lasted for fifty minutes for both groups. A vocabulary translation and recognition pretest, posttest and delayed posttest were adopted to compare their performance, along with a questionnaire to probe into their perception towards their respective treatment. The results revealed that both the VR group and the PC group were able to gain vocabulary knowledge in both the translation and recognition tests. In comparison, the VR group demonstrated a significantly higher mean score than the PC group in the vocabulary translation delayed posttest. The questionnaire showed that learners in both groups enjoyed playing the visual novel game and were willing to adopt it as a tool for learning vocabulary.",Vocabulary; Virtual reality; Session (web analytics); Perception; Multimedia; Computer science; Language acquisition; Computer game; Human–computer interaction; Mathematics education; Psychology; World Wide Web,False,article,True,True,False,doi,,"{'venue': 'crossref', 'volume': 'crossref', 'issue': 'crossref', 'pages': 'crossref', 'publisher': 'crossref', 'url': 'crossref', 'lang': 'crossref'}",{'crossref': 7},"X023.R000 resolved | hits:OA,CR | winner:- | filled:venue:CR; lang:CR | missing:-",PASS_CLEAN,,,"EC-2,EC-3",,PASS_CLEAN: all EL criteria MET.,"{""EC-2"": {""status"": ""MET"", ""decision"": ""not_meet"", ""confidence"": 0.9, ""threshold"": 0.6, ""field"": ""keywords"", ""quote"": ""Vocabulary; Virtual reality; Session (web analytics); Perception; Multimedia; Computer science; Language acquisition; Computer game; Human–computer interaction; Mathematics education; Psychology; World Wide Web"", ""quote_valid"": true, ""span"": [123, 146], ""used"": true}, ""EC-3"": {""status"": ""MET"", ""decision"": ""not_meet"", ""confidence"": 0.9, ""threshold"": 0.6, ""field"": ""keywords"", ""quote"": ""Vocabulary; Virtual reality; Session (web analytics); Perception; Multimedia; Computer science; Language acquisition; Computer game; Human–computer interaction; Mathematics education; Psychology; World Wide Web"", ""quote_valid"": true, ""span"": [123, 146], ""used"": true}}"
A582,101016jprocs202108183,An Insight into Online Foreign Language Learning and Teaching in the Era of COVID-19 Pandemic,Blanka Klímová,Blanka Klímová,2021.0,10.1016/j.procs.2021.08.183,https://pubmed.ncbi.nlm.nih.gov/34630743,,,Procedia Computer Science,192,,1787-1794,Elsevier BV,en,https://doi.org/10.1016/j.procs.2021.08.183,0.9,resolved,openalex,2026-01-22T21:52:34Z,X023,"The COVID-19 pandemic has completely changed and transformed the traditional educational setting. Both teaching and learning have been transformed to online settings at all educational levels. The purpose of this article is to discuss students' perception of and attitudes to online foreign language learning in the COVID-19 pandemic at the Faculty of Informatics and Management of the University of Hradec Kralove, Czech Republic. The key method was a questionnaire survey, which was conducted among the third-year distant students. The results, based on five constructs/variables, i.e. language skills, learning materials, students' motivation to study online, preparedness for online teaching and learning, and effectiveness of foreign online teaching, reveal that students do not feel that they have improved their language skills by studying purely online. The results also demonstrate students' preference for printed materials because they are more suitable for taking notes and retaining new words and phrases, especially when students can highlight them. In addition, the findings confirm that both teachers and students are well prepared for performing their online instruction. Although students feel motivated to study online, these students experience social distance as those who are not stimulated to learn online. Moreover, the results confirm that students consider the online language classes effective, but face-to-face classes cannot be replaced. In this respect teacher's role is irreplaceable. Therefore, educational institutions should invest in supporting them technically, mentally, as well as financially, in this difficult period in order to ensure and provide quality teaching for future generations.",Preparedness; Computer science; Foreign language; Perception; Mathematics education; Coronavirus disease 2019 (COVID-19); Online teaching; Quality (philosophy); Pandemic; Originality; Psychology; Medicine,True,article,True,True,False,doi,,"{'venue': 'crossref', 'volume': 'crossref', 'pages': 'crossref', 'publisher': 'crossref', 'url': 'crossref', 'lang': 'crossref'}",{'crossref': 6},"X023.R000 resolved | hits:OA,CR | winner:- | filled:venue:CR; lang:CR | missing:-",PASS_FLAGGED,,,EC-2,EC-3,PASS_FLAGGED: uncertain EC-3,"{""EC-2"": {""status"": ""MET"", ""decision"": ""not_meet"", ""confidence"": 0.9, ""threshold"": 0.6, ""field"": ""keywords"", ""quote"": ""Foreign language"", ""quote_valid"": true, ""span"": [13, 24], ""used"": true}, ""EC-3"": {""status"": ""UNCERTAIN"", ""decision"": ""not_meet"", ""confidence"": 0.9, ""threshold"": 0.6, ""field"": ""keywords"", ""quote"": """", ""quote_valid"": false, ""span"": [0, 0], ""used"": true}}"
A583,101016jprocs202108141,Use of Virtual Reality in Non-Native Language Learning and Teaching,Blanka Klímová,Blanka Klímová,2021.0,10.1016/j.procs.2021.08.141,,,,Procedia Computer Science,192,,1385-1392,Elsevier BV,en,https://doi.org/10.1016/j.procs.2021.08.141,0.9,resolved,openalex,2026-01-22T21:52:34Z,X023,"New emerging technologies, particularly in this COVID-19 era, have increased in their use more than ever. This concerns also their use in educational settings. At present, virtual reality (VR) has become a powerful and invaluable tool in teaching and learning processes. Although VR is not used in non-native language learning and teaching (NLLT) as much as in natural sciences, the use of VR technologies in NLLT is growing. In fact, language immersion is considered to be the most effective way of learning a foreign language. The purpose of this article is to review and discuss a potential of VR in NLLT. The findings of this review study reveal that VR technologies penetrate NLLT, but their use is still limited due to certain barriers, such as a lack of technical skills among teachers or higher costs. Consequently, research in NLLT is then small-scale. Nevertheless, VR technologies thanks to their immersive and authentic/real-life environment have a lot to offer to a second language learner, e.g. development of learner autonomy, achievement of better learning results, or personalized approach to learning. However, more attention should be paid to the development of collaborative learning.",Computer science; Virtual reality; Autonomy; Immersion (mathematics); Language acquisition; Foreign language; Emerging technologies; Multimedia; Human–computer interaction; Mathematics education; Artificial intelligence; Psychology,True,article,True,True,False,doi,,"{'venue': 'crossref', 'volume': 'crossref', 'pages': 'crossref', 'publisher': 'crossref', 'url': 'crossref', 'lang': 'crossref'}",{'crossref': 6},"X023.R000 resolved | hits:OA,CR | winner:- | filled:venue:CR; lang:CR | missing:-",PASS_FLAGGED,,,,"EC-2,EC-3","PASS_FLAGGED: uncertain EC-2, EC-3","{""EC-2"": {""status"": ""UNCERTAIN"", ""decision"": ""meet"", ""confidence"": 1.0, ""threshold"": 0.6, ""field"": ""keywords"", ""quote"": ""Virtual reality; Foreign language"", ""quote_valid"": false, ""span"": [0, 16], ""used"": true}, ""EC-3"": {""status"": ""UNCERTAIN"", ""decision"": ""not_meet"", ""confidence"": 0.9, ""threshold"": 0.6, ""field"": ""keywords"", ""quote"": """", ""quote_valid"": false, ""span"": [0, 0], ""used"": true}}"
A584,virtualrealityassistedpronunciationtrainingvraptforyoungefllearners,Virtual Reality Assisted Pronunciation Training (VRAPT) for Young EFL Learners,Minoo Alemi; Shiva Khatoony,Minoo Alemi,2020.0,https://openalex.org/W3170721610,,,,,,,,,en,,0.9,resolved,openalex,2026-01-22T21:52:34Z,X023,,Pronunciation; Computer science; Computer-Assisted Instruction; Multimedia; Psychology; Linguistics; Mathematics education; Philosophy,False,article,True,False,False,title,openalex,"{'doi': 'openalex', 'lang': 'heuristic'}","{'openalex': 1, 'heuristic': 1}",X023.R000 resolved | hits:OA | winner:openalex | filled:doi:OP; lang:HE | missing:abstract,PASS_FLAGGED,,,,"EC-2,EC-3","PASS_FLAGGED: uncertain EC-2, EC-3","{""EC-2"": {""status"": ""UNCERTAIN"", ""decision"": ""not_meet"", ""confidence"": 0.9, ""threshold"": 0.6, ""field"": ""keywords"", ""quote"": ""Pronunciation; Foreign language"", ""quote_valid"": false, ""span"": [23, 37], ""used"": true}, ""EC-3"": {""status"": ""UNCERTAIN"", ""decision"": ""not_meet"", ""confidence"": 0.9, ""threshold"": 0.6, ""field"": ""keywords"", ""quote"": """", ""quote_valid"": false, ""span"": [0, 0], ""used"": true}}"
A607,101016jcompedu2019103778,"A systematic review of immersive virtual reality applications for higher education: Design elements, lessons learned, and research agenda",Jaziar Radianti; Tim A. Majchrzak; Jennifer Fromm; Isabell Wohlgenannt,Jaziar Radianti,2019.0,10.1016/j.compedu.2019.103778,,,,Computers &amp; Education,147,,103778,Elsevier BV,en,https://doi.org/10.1016/j.compedu.2019.103778,0.9,resolved,openalex,2026-01-22T21:52:43Z,X024,"Researchers have explored the benefits and applications of virtual reality (VR) in different scenarios. VR possesses much potential and its application in education has seen much research interest lately. However, little systematic work currently exists on how researchers have applied immersive VR for higher education purposes that considers the usage of both high-end and budget head-mounted displays (HMDs). Hence, we propose using systematic mapping to identify design elements of existing research dedicated to the application of VR in higher education. The reviewed articles were acquired by extracting key information from documents indexed in four scientific digital libraries, which were filtered systematically using exclusion, inclusion, semi-automatic, and manual methods. Our review emphasizes three key points: the current domain structure in terms of the learning contents, the VR design elements, and the learning theories, as a foundation for successful VR-based learning. The mapping was conducted between application domains and learning contents and between design elements and learning contents. Our analysis has uncovered several gaps in the application of VR in the higher education sphere—for instance, learning theories were not often considered in VR application development to assist and guide toward learning outcomes. Furthermore, the evaluation of educational VR applications has primarily focused on usability of the VR apps instead of learning outcomes and immersive VR has mostly been a part of experimental and development work rather than being applied regularly in actual teaching. Nevertheless, VR seems to be a promising sphere as this study identifies 18 application domains, indicating a better reception of this technology in many disciplines. The identified gaps point toward unexplored regions of VR design for education, which could motivate future work in the field.",Computer science; Virtual reality; Usability; Domain (mathematical analysis); Instructional simulation; Key (lock); Human–computer interaction; Inclusion (mineral); Multimedia; Psychology; Computer security; Social psychology,True,article,True,True,False,doi,,"{'venue': 'crossref', 'volume': 'crossref', 'pages': 'crossref', 'publisher': 'crossref', 'url': 'crossref', 'lang': 'crossref'}",{'crossref': 6},"X024.R000 resolved | hits:OA,CR | winner:- | filled:venue:CR; lang:CR | missing:-",PASS_FLAGGED,,,,"EC-2,EC-3","PASS_FLAGGED: uncertain EC-2, EC-3","{""EC-2"": {""status"": ""UNCERTAIN"", ""decision"": ""not_meet"", ""confidence"": 0.85, ""threshold"": 0.6, ""field"": ""keywords"", ""quote"": ""Virtual reality; Higher education"", ""quote_valid"": false, ""span"": [14, 29], ""used"": true}, ""EC-3"": {""status"": ""UNCERTAIN"", ""decision"": ""not_meet"", ""confidence"": 0.9, ""threshold"": 0.6, ""field"": ""keywords"", ""quote"": """", ""quote_valid"": false, ""span"": [0, 0], ""used"": true}}"
A610,101016jcompedu201805002,Augmented reality for STEM learning: A systematic review,María Blanca Ibáñez; Carlos Delgado Kloos,María Blanca Ibáñez,2018.0,10.1016/j.compedu.2018.05.002,,,,Computers &amp; Education,123,,109-123,Elsevier BV,en,https://doi.org/10.1016/j.compedu.2018.05.002,0.9,resolved,openalex,2026-01-22T21:52:43Z,X024,,Augmented reality; Computer science; Metacognition; Instructional design; Set (abstract data type); Educational technology; Scaffold; Mathematics education; Human–computer interaction; Psychology; Multimedia; Cognition,False,article,True,True,False,doi,,"{'venue': 'crossref', 'volume': 'crossref', 'pages': 'crossref', 'publisher': 'crossref', 'url': 'crossref', 'lang': 'crossref'}",{'crossref': 6},"X024.R000 resolved | hits:OA,CR | winner:- | filled:venue:CR; lang:CR | missing:abstract",PASS_FLAGGED,,,,"EC-2,EC-3","PASS_FLAGGED: uncertain EC-2, EC-3","{""EC-2"": {""status"": ""UNCERTAIN"", ""decision"": ""not_meet"", ""confidence"": 0.75, ""threshold"": 0.6, ""field"": ""keywords"", ""quote"": ""Augmented reality; Educational technology"", ""quote_valid"": false, ""span"": [0, 18], ""used"": true}, ""EC-3"": {""status"": ""UNCERTAIN"", ""decision"": ""not_meet"", ""confidence"": 0.9, ""threshold"": 0.6, ""field"": ""keywords"", ""quote"": """", ""quote_valid"": false, ""span"": [0, 0], ""used"": true}}"
A611,101037edu0000241,Learning science in immersive virtual reality,Jocelyn Parong; Richard E. Mayer,Jocelyn Parong,2018.0,10.1037/edu0000241,,,,Journal of Educational Psychology,110,6,785-797,American Psychological Association (APA),en,https://doi.org/10.1037/edu0000241,0.9,resolved,openalex,2026-01-22T21:52:44Z,X024,"The goals of the study were (a) to compare the instructional effectiveness of immersive virtual reality (VR) versus a desktop slideshow as media for teaching scientific knowledge, and (b) to examine the efficacy of adding a generative learning strategy to a VR lesson. In Experiment 1, college students viewed a biology lesson about how the human body works either in immersive VR or via a self-directed PowerPoint slideshow on a desktop computer. Based on interest theory, it was predicted that students who learned in immersive VR would report more positive ratings of interest and motivation and would score higher on a posttest covering material in the lesson. In contrast, based on the cognitive theory of multimedia learning, it was predicted that students who learned with a well-designed slideshow would score higher on a posttest, although they might not report higher levels of interest and motivation. The results showed that students who viewed the slideshow performed significantly better on the posttest than the VR group, but reported lower motivation, interest, and engagement ratings. In Experiment 2, students either viewed a segmented VR lesson and produced a written summary after each segment or viewed the original, continuous VR lesson as in Experiment 1. Students who summarized the lesson after each segment performed significantly better on the posttest and the groups did not differ on reported interest, engagement, and motivation. These results support the cognitive theory of multimedia learning and demonstrate the value of generative learning strategies in immersive VR environments. (PsycINFO Database Record (c) 2018 APA, all rights reserved)",Psychology; Virtual reality; PsycINFO; Cognition; Instructional design; Cognitive load; Teaching method; Mathematics education; Educational technology; Multimedia; Computer science; Human–computer interaction,True,article,True,True,False,doi,,"{'venue': 'crossref', 'volume': 'crossref', 'issue': 'crossref', 'pages': 'crossref', 'publisher': 'crossref', 'url': 'crossref', 'lang': 'crossref'}",{'crossref': 7},"X024.R000 resolved | hits:OA,CR | winner:- | filled:venue:CR; lang:CR | missing:-",PASS_CLEAN,,,"EC-2,EC-3",,PASS_CLEAN: all EL criteria MET.,"{""EC-2"": {""status"": ""MET"", ""decision"": ""not_meet"", ""confidence"": 0.8, ""threshold"": 0.6, ""field"": ""keywords"", ""quote"": ""Virtual reality"", ""quote_valid"": true, ""span"": [24, 35], ""used"": true}, ""EC-3"": {""status"": ""MET"", ""decision"": ""not_meet"", ""confidence"": 0.8, ""threshold"": 0.6, ""field"": ""keywords"", ""quote"": ""Virtual reality"", ""quote_valid"": true, ""span"": [23, 34], ""used"": true}}"
A612,103390ijerph15061204,A Critical Review of the Use of Virtual Reality in Construction Engineering Education and Training,Wang Peng; Peng Wu; Jun Wang; Hung-Lin Chi; Xiangyu Wang,Wang Peng,2018.0,10.3390/ijerph15061204,https://pubmed.ncbi.nlm.nih.gov/29890627,,,International Journal of Environmental Research and Public Health,15,6,1204,MDPI AG,en,https://doi.org/10.3390/ijerph15061204,0.9,resolved,openalex,2026-01-22T21:52:44Z,X024,"Virtual Reality (VR) has been rapidly recognized and implemented in construction engineering education and training (CEET) in recent years due to its benefits of providing an engaging and immersive environment. The objective of this review is to critically collect and analyze the VR applications in CEET, aiming at all VR-related journal papers published from 1997 to 2017. The review follows a three-stage analysis on VR technologies, applications and future directions through a systematic analysis. It is found that the VR technologies adopted for CEET evolve over time, from desktop-based VR, immersive VR, 3D game-based VR, to Building Information Modelling (BIM)-enabled VR. A sibling technology, Augmented Reality (AR), for CEET adoptions has also emerged in recent years. These technologies have been applied in architecture and design visualization, construction health and safety training, equipment and operational task training, as well as structural analysis. Future research directions, including the integration of VR with emerging education paradigms and visualization technologies, have also been provided. The findings are useful for both researchers and educators to usefully integrate VR in their education and training programs to improve the training performance.",Virtual reality; Computer science; Visualization; Task (project management); Training (meteorology); Human–computer interaction; Engineering management; Engineering; Systems engineering; Artificial intelligence; Meteorology; Physics,True,article,True,True,False,doi,,"{'venue': 'crossref', 'volume': 'crossref', 'issue': 'crossref', 'pages': 'crossref', 'publisher': 'crossref', 'url': 'crossref', 'lang': 'crossref'}",{'crossref': 7},"X024.R000 resolved | hits:OA,CR | winner:- | filled:venue:CR; lang:CR | missing:-",PASS_CLEAN,,,"EC-2,EC-3",,PASS_CLEAN: all EL criteria MET.,"{""EC-2"": {""status"": ""MET"", ""decision"": ""not_meet"", ""confidence"": 0.9, ""threshold"": 0.6, ""field"": ""keywords"", ""quote"": ""Virtual reality"", ""quote_valid"": true, ""span"": [7, 18], ""used"": true}, ""EC-3"": {""status"": ""MET"", ""decision"": ""not_meet"", ""confidence"": 0.75, ""threshold"": 0.6, ""field"": ""keywords"", ""quote"": ""Virtual reality"", ""quote_valid"": true, ""span"": [0, 11], ""used"": true}}"
A613,101007s1005501803463,Virtual memory palaces: immersion aids recall,Eric Krokos; Catherine Plaisant; Amitabh Varshney,Eric Krokos,2018.0,10.1007/s10055-018-0346-3,,,,Virtual Reality,23,1,1-15,Springer Science and Business Media LLC,en,https://doi.org/10.1007/s10055-018-0346-3,0.9,resolved,openalex,2026-01-22T21:52:44Z,X024,"Abstract Virtual reality displays, such as head-mounted displays (HMD), afford us a superior spatial awareness by leveraging our vestibular and proprioceptive senses, as compared to traditional desktop displays. Since classical times, people have used memory palaces as a spatial mnemonic to help remember information by organizing it spatially and associating it with salient features in that environment. In this paper, we explore whether using virtual memory palaces in a head-mounted display with head-tracking (HMD condition) would allow a user to better recall information than when using a traditional desktop display with a mouse-based interaction (desktop condition). We found that virtual memory palaces in HMD condition provide a superior memory recall ability compared to the desktop condition. We believe this is a first step in using virtual environments for creating more memorable experiences that enhance productivity through better recall of large amounts of information organized using the idea of virtual memory palaces.",Computer science; Recall; Mnemonic; Immersion (mathematics); Virtual reality; Human–computer interaction; Optical head-mounted display; Virtual machine; Virtual memory; Multimedia; Overlay; Artificial intelligence,True,article,True,True,False,doi,,"{'venue': 'crossref', 'volume': 'crossref', 'issue': 'crossref', 'pages': 'crossref', 'publisher': 'crossref', 'url': 'crossref', 'lang': 'crossref'}",{'crossref': 7},"X024.R000 resolved | hits:OA,CR | winner:- | filled:venue:CR; lang:CR | missing:-",PASS_CLEAN,,,"EC-2,EC-3",,PASS_CLEAN: all EL criteria MET.,"{""EC-2"": {""status"": ""MET"", ""decision"": ""not_meet"", ""confidence"": 0.95, ""threshold"": 0.6, ""field"": ""keywords"", ""quote"": ""Virtual reality"", ""quote_valid"": true, ""span"": [24, 35], ""used"": true}, ""EC-3"": {""status"": ""MET"", ""decision"": ""not_meet"", ""confidence"": 0.9, ""threshold"": 0.6, ""field"": ""keywords"", ""quote"": ""Virtual reality"", ""quote_valid"": true, ""span"": [45, 56], ""used"": true}}"
A614,101007s1005501803472,Augmenting the learning experience in primary and secondary school education: a systematic review of recent trends in augmented reality game-based learning,Νικόλαος Πέλλας; Panagiotis Fotaris; Ioannis Kazanidis; David Wells,Νικόλαος Πέλλας,2018.0,10.1007/s10055-018-0347-2,,,,Virtual Reality,23,4,329-346,Springer Science and Business Media LLC,en,https://doi.org/10.1007/s10055-018-0347-2,0.9,resolved,openalex,2026-01-22T21:52:44Z,X024,"There is a significant body of research relating to augmented reality (AR) uses for learning in the primary and the secondary education sectors across the globe. However, there is not such a substantial amount of work exploring the combination of AR with game-based learning (ARGBL). Although ARGBL has the potential to enable new forms of teaching and transform the learning experience, it remains unclear how ARGBL applications can impact students’ motivation, achievements, and learning performance. This study reports a systematic review of the literature on ARGBL approaches in compulsory education considering the advantages, disadvantages, instructional affordances, and/or effectiveness of ARGBL across various primary and secondary education subjects. In total, 21 studies published between 2012 and 2017 in 11 indexed journals were analysed, with 14 studies focusing on primary education and 7 on secondary. The main findings from this review provide the current state of the art research in ARGBL in compulsory education. Trends and the vision towards the future are also discussed, as ARGBL can potentially influence the students’ attendance, knowledge transfer, skill acquisition, hands-on digital experience, and positive attitude towards their learning. This review aims to lay the groundwork for educators, technology developers, and other stakeholders involved in the development of literacy programmes for young children by offering new insights with effective advice and suggestions on how to increase student motivation and improve learning outcomes and the learning experience by incorporating ARGBL into their teaching.",Affordance; Augmented reality; Attendance; Computer science; Globe; Educational technology; Mathematics education; Psychology; Artificial intelligence; Human–computer interaction; Economics; Economic growth,True,article,True,True,False,doi,,"{'venue': 'crossref', 'volume': 'crossref', 'issue': 'crossref', 'pages': 'crossref', 'publisher': 'crossref', 'url': 'crossref', 'lang': 'crossref', 'abstract': 'unpaywall'}","{'crossref': 7, 'unpaywall': 1}","X024.R000 resolved | hits:OA,CR | winner:- | filled:venue:CR; lang:CR; abstract:UN | missing:-",PASS_CLEAN,,,"EC-2,EC-3",,PASS_CLEAN: all EL criteria MET.,"{""EC-2"": {""status"": ""MET"", ""decision"": ""not_meet"", ""confidence"": 0.85, ""threshold"": 0.6, ""field"": ""keywords"", ""quote"": ""Augmented reality"", ""quote_valid"": true, ""span"": [7, 19], ""used"": true}, ""EC-3"": {""status"": ""MET"", ""decision"": ""not_meet"", ""confidence"": 0.85, ""threshold"": 0.6, ""field"": ""keywords"", ""quote"": ""Augmented reality"", ""quote_valid"": true, ""span"": [23, 37], ""used"": true}}"
A615,theeffectofvirtualrealityoneflwritingperformance,The effect of virtual reality on EFL writing performance,Emrah Dolgunsöz; Gürkan Yıldırım; Serkan Yıldırım,Emrah Dolgunsöz,2018.0,https://openalex.org/W2794544201,,,,,,,,,en,,0.9,resolved,openalex,2026-01-22T21:52:45Z,X024,"Please fill up the following information accurately. (Please use Times New Roman, 12 pt. The effect of virtual reality on EFL writing performance Today technological developments emerge in a blink of an eye with an astounding speed and each update or development is investigated by educational researchers to contribute educational research and practice. VR (Virtual Reality), one of these technologies, can be defined as the visual technology in which a person experiences various virtual environments through dedicated hardware and software. Having adopted a Sequential Exploratory Mixed Method, the current research was inspired by the virtual opportunity provided by VR technologies and aimed to examine the effect of VR experience on developing EFL writing skills. 24 freshman EFL students initially attended a semi-structured interview and watched a VR and a 2D traditional video in different time periods. After completing a short writing task, learners were interviewed again for post-experience opinions. The results showed that (1) EFL learners were aware of VR technology, (2) VR experience did not affect short term writing performance but was found to be promising in the long run and (3) a majority of learners enjoyed VR videos but also expressed a number of technical limitations such as low video quality and physical discomfort. VR technologies were also discussed in terms of language teaching research. Information about Author(s)* Author 1 Author (Last name, First name) Dolgunsöz, Emrah Affiliated institution (University) Bayburt University Country Turkey Email address edolgunsoz@gmail.com Department &amp;amp; Rank Dept. of ELTCorresponding author (Yes/No) Write only one corresponding author. Yes Author 2 Author (Last name, First name) Yıldırım, Gürkan Affiliated institution (University) Bayburt University Country Turkey Email address gyildirimbote@gmail.comDepartment &amp;amp; Rank BÖTE Corresponding author (Yes/No) Author 3 Author (Last name, First name) Yıldırım, Serkan Affiliated institution (University) Atatürk University Country Turkey Email address serkanyildirim@atauni.edu.trDepartment &amp;amp; Rank BÖTE Corresponding author (Yes/No) No Author 4 Author (Last name, First name) Affiliated institution (University) Country Email address Department &amp;amp; Rank Corresponding author (Yes/No)",Virtual reality; Psychology; Task (project management); Affect (linguistics); Quality (philosophy); Exploratory research; Multimedia; Mathematics education; Computer science; Human–computer interaction; Philosophy; Communication,True,article,True,False,False,title,openalex,"{'doi': 'openalex', 'lang': 'heuristic'}","{'openalex': 1, 'heuristic': 1}",X024.R000 resolved | hits:OA | winner:openalex | filled:doi:OP; lang:HE | missing:-,PASS_CLEAN,,,"EC-2,EC-3",,PASS_CLEAN: all EL criteria MET.,"{""EC-2"": {""status"": ""MET"", ""decision"": ""not_meet"", ""confidence"": 0.9, ""threshold"": 0.6, ""field"": ""keywords"", ""quote"": ""Virtual reality"", ""quote_valid"": true, ""span"": [24, 35], ""used"": true}, ""EC-3"": {""status"": ""MET"", ""decision"": ""not_meet"", ""confidence"": 0.95, ""threshold"": 0.6, ""field"": ""keywords"", ""quote"": ""Virtual reality"", ""quote_valid"": true, ""span"": [0, 11], ""used"": true}}"
A616,103389fpsyg201901128,Socially Communicative Eye Contact and Gender Affect Memory,Sophie N. Lanthier; Michelle Jarick; Mona J. H. Zhu; Crystal S. J. Byun; Alan Kingstone,Sophie N. Lanthier,2019.0,10.3389/fpsyg.2019.01128,https://pubmed.ncbi.nlm.nih.gov/31231266,,,Frontiers in Psychology,10,,,Frontiers Media SA,en,https://doi.org/10.3389/fpsyg.2019.01128,0.9,resolved,openalex,2026-01-22T21:52:45Z,X024,"Because of their value as a socially communicative cue, researchers have strived to understand how the gaze of other people influences a variety of cognitive processes. Recent work in social attention suggests that the use of images of people in laboratory studies, as a substitute for real people, may not effectively test socially communicative aspects of eye gaze. As attention affects many other cognitive processes, it is likely that social attention between real individuals could also affect other cognitive processes, such as memory. However, from previous work alone, it is unclear whether, and if so how, socially communicative eye gaze affects memory. The present studies test the assumption that socially communicative aspects of eye gaze may impact memory by manipulating the eye gaze of a live speaker in the context of a traditional recognition paradigm used frequently in the laboratory. A female (Experiment 1) or male (Experiment 2) investigator read words aloud and varied whether eye contact was, or was not, made with a participant. With both female and male investigators, eye contact improved word recognition only for female participants and hindered word recognition in male participants. When a female investigator prolonged their eye contact (Experiment 3) to provide a longer opportunity to both observe and process the investigator's eye gaze, the results replicated the findings from Experiments 1 and 2. The findings from Experiments 1-3 suggest that females interpret and use the investigator's eye gaze differently than males. When key aspects from the previous experiments were replicated in a noncommunicative situation (i.e., when a video of a speaker is used instead of a live speaker; Experiment 4), the memory effects observed previously in response to eye gaze were eliminated. Together, these studies suggest that it is the socially communicative aspects of eye gaze from a real person that influence memory. The findings reveal the importance of using social cues that are communicative in nature (e.g., real people) when studying the relationship between social attention and memory.",Eye contact; Psychology; Gaze; Affect (linguistics); Eye tracking; Cognitive psychology; Context (archaeology); Cognition; Eye movement; Social cognition; Memory test; Joint attention,True,article,True,True,False,doi,,"{'venue': 'crossref', 'volume': 'crossref', 'publisher': 'crossref', 'url': 'crossref', 'lang': 'heuristic'}","{'crossref': 4, 'heuristic': 1}","X024.R000 resolved | hits:OA,CR | winner:- | filled:venue:CR; lang:HE | missing:-",PASS_CLEAN,,,"EC-2,EC-3",,PASS_CLEAN: all EL criteria MET.,"{""EC-2"": {""status"": ""MET"", ""decision"": ""not_meet"", ""confidence"": 0.9, ""threshold"": 0.6, ""field"": ""keywords"", ""quote"": ""Eye contact; Psychology; Gaze; Affect (linguistics); Eye tracking; Cognitive psychology; Context (archaeology); Cognition; Eye movement; Social cognition; Memory test; Joint attention"", ""quote_valid"": true, ""span"": [125, 147], ""used"": true}, ""EC-3"": {""status"": ""MET"", ""decision"": ""not_meet"", ""confidence"": 0.8, ""threshold"": 0.6, ""field"": ""keywords"", ""quote"": ""Eye contact"", ""quote_valid"": true, ""span"": [0, 5], ""used"": true}}"
A618,101109ccnc20188319187,Towards a social virtual reality learning environment in high fidelity,Chiara Zizza; Adam Starr; Devin Hudson; Sai Shreya Nuguri; Prasad Calyam; Zhihai He,Chiara Zizza,2018.0,10.1109/ccnc.2018.8319187,,,,2018 15th IEEE Annual Consumer Communications &amp; Networking Conference (CCNC),,,1-4,IEEE,en,https://doi.org/10.1109/ccnc.2018.8319187,0.9,resolved,openalex,2026-01-22T21:52:47Z,X024,"Virtual Learning Environments (VLEs) are spaces designed to educate students remotely via online platforms. Although traditional VLEs such as iSocial have shown promise in educating students, they offer limited immersion that diminishes learning effectiveness. This paper outlines a virtual reality learning environment (VRLE) over a high-speed network, which promotes educational effectiveness and efficiency via our creation of flexible content and infrastructure which meet established VLE standards with improved immersion. This paper further describes our implementation of multiple learning modules developed in High Fidelity, a ""social VR"" platform. Our experiment results show that the VR mode of content delivery better stimulates the generalization of lessons to the real world than non-VR lessons and provides improved immersion when compared to an equivalent desktop version.",Immersion (mathematics); Virtual reality; Computer science; Instructional simulation; Fidelity; Multimedia; Virtual learning environment; Human–computer interaction; Pure mathematics; Telecommunications; Mathematics,False,conference,True,True,False,doi,,"{'venue': 'crossref', 'pages': 'crossref', 'publisher': 'crossref', 'url': 'crossref', 'lang': 'heuristic'}","{'crossref': 4, 'heuristic': 1}","X024.R000 resolved | hits:OA,CR | winner:- | filled:venue:CR; lang:HE | missing:-",PASS_CLEAN,,,"EC-2,EC-3",,PASS_CLEAN: all EL criteria MET.,"{""EC-2"": {""status"": ""MET"", ""decision"": ""not_meet"", ""confidence"": 0.9, ""threshold"": 0.6, ""field"": ""keywords"", ""quote"": ""Virtual reality; Computer science; Instructional simulation; Fidelity; Multimedia; Virtual learning environment; Human–computer interaction; Pure mathematics; Telecommunications; Mathematics"", ""quote_valid"": true, ""span"": [12, 35], ""used"": true}, ""EC-3"": {""status"": ""MET"", ""decision"": ""not_meet"", ""confidence"": 0.7, ""threshold"": 0.6, ""field"": ""keywords"", ""quote"": ""Virtual reality"", ""quote_valid"": true, ""span"": [0, 9], ""used"": true}}"
A622,101007978303025999013,Training Assistant for Automotive Engineering Through Augmented Reality,Fernando Pusda Cheza; Francisco F. Valencia; Víctor H. Andaluz; Víctor D. Zambrano,Fernando Pusda Cheza,2019.0,10.1007/978-3-030-25999-0_13,,,,Lecture Notes in Computer Science,,,146-160,Springer International Publishing,en,https://doi.org/10.1007/978-3-030-25999-0_13,0.9,resolved,openalex,2026-01-22T21:52:50Z,X024,,Augmented reality; Computer science; Automotive industry; Visualization; Human–computer interaction; Process (computing); Android (operating system); Artificial intelligence; Engineering; Operating system; Aerospace engineering,True,chapter,True,True,False,doi,,"{'venue': 'crossref', 'pages': 'crossref', 'publisher': 'crossref', 'url': 'crossref', 'lang': 'crossref'}",{'crossref': 5},"X024.R000 resolved | hits:OA,CR | winner:- | filled:venue:CR; lang:CR | missing:abstract",PASS_CLEAN,,,"EC-2,EC-3",,PASS_CLEAN: all EL criteria MET.,"{""EC-2"": {""status"": ""MET"", ""decision"": ""not_meet"", ""confidence"": 0.9, ""threshold"": 0.6, ""field"": ""keywords"", ""quote"": ""Augmented reality; Computer science; Automotive industry; Visualization; Human–computer interaction; Process (computing); Android (operating system); Artificial intelligence; Engineering; Operating system; Aerospace engineering"", ""quote_valid"": true, ""span"": [12, 35], ""used"": true}, ""EC-3"": {""status"": ""MET"", ""decision"": ""not_meet"", ""confidence"": 0.65, ""threshold"": 0.6, ""field"": ""keywords"", ""quote"": ""Augmented reality"", ""quote_valid"": true, ""span"": [0, 13], ""used"": true}}"
A636,1040189781522576631,Computer-Assisted Language Learning,Information Resources Management Association,Information Resources Management Association,2018.0,10.4018/978-1-5225-7663-1,,,,,,,,IGI Global,en,https://doi.org/10.4018/978-1-5225-7663-1,0.9,resolved,openalex,2026-01-22T21:53:09Z,X025,"""This book is a vital reference source that examines the relationship between language education and technology and the ability to improve language education through technological advances. Highlighting a range of topics such as mobile technologies, flipped instruction, and language learning software""--",Computer science; Language acquisition; Mathematics education; Natural language processing; Linguistics; Artificial intelligence; Psychology; Philosophy,False,book,True,True,False,doi,,"{'publisher': 'crossref', 'url': 'crossref', 'lang': 'heuristic'}","{'crossref': 2, 'heuristic': 1}","X025.R000 resolved | hits:OA,CR | winner:- | filled:lang:HE | missing:-",PASS_CLEAN,,,"EC-2,EC-3",,PASS_CLEAN: all EL criteria MET.,"{""EC-2"": {""status"": ""MET"", ""decision"": ""not_meet"", ""confidence"": 0.9, ""threshold"": 0.6, ""field"": ""keywords"", ""quote"": ""Computer science; Language acquisition; Mathematics education; Natural language processing; Linguistics; Artificial intelligence; Psychology; Philosophy"", ""quote_valid"": true, ""span"": [12, 35], ""used"": true}, ""EC-3"": {""status"": ""MET"", ""decision"": ""not_meet"", ""confidence"": 0.75, ""threshold"": 0.6, ""field"": ""keywords"", ""quote"": ""Computer science"", ""quote_valid"": true, ""span"": [0, 9], ""used"": true}}"
A642,1010800958822120191598444,On the effects of 3D virtual worlds in language learning – a meta-analysis,Chien-pang Wang; Yu‐Ju Lan; Wen‐Ta Tseng; Yen-Ting Lin; Kao Chia-Ling Gupta,Chien-pang Wang,2019.0,10.1080/09588221.2019.1598444,,,,Computer Assisted Language Learning,33,8,891-915,Informa UK Limited,en,https://doi.org/10.1080/09588221.2019.1598444,0.9,resolved,openalex,2026-01-22T21:53:09Z,X025,"The 3D virtual worlds (3DVWs) were widely used for language learning in the past two decades. Although numerous research studies acknowledged the affordance, a full-scale investigation that discussed how they can be applied to language learning with substantial evidence of effect sizes were not presented. Thus, this analysis aimed to synthesize the research findings particularly in the impact of 3DVWs on language learning by addressing two issues. The first one concerned the role of interaction in 3DVWs with theoretical bases, while the second issue concerned the effect sizes of moderating variables, based on experimental findings that were published between 2008 and 2019. Data with 50 variables generated from 13 primary studies were analyzed. Different patterns of interaction were identified based on three theories. The meta-analysis showed (1) significant overall linguistic gains (d = .832) and affective gains (d = .531), and (2) various effect sizes for moderator variables, such as types of learning activities. Based on these results, this paper used the notion of partnership to interpret the relation between 3DVWs and language learners.",Affordance; Moderation; Computer science; Language acquisition; Relation (database); Cognitive psychology; Psychology; Linguistics; Mathematics education; Human–computer interaction; Machine learning; Database,False,article,True,True,False,doi,,"{'venue': 'crossref', 'volume': 'crossref', 'issue': 'crossref', 'pages': 'crossref', 'publisher': 'crossref', 'url': 'crossref', 'lang': 'crossref'}",{'crossref': 7},"X025.R000 resolved | hits:OA,CR | winner:- | filled:venue:CR; lang:CR | missing:-",PASS_CLEAN,,,"EC-2,EC-3",,PASS_CLEAN: all EL criteria MET.,"{""EC-2"": {""status"": ""MET"", ""decision"": ""not_meet"", ""confidence"": 0.9, ""threshold"": 0.6, ""field"": ""keywords"", ""quote"": ""Computer science; Language acquisition; Relation (database); Cognitive psychology; Psychology; Linguistics; Mathematics education; Human–computer interaction; Machine learning; Database"", ""quote_valid"": true, ""span"": [12, 35], ""used"": true}, ""EC-3"": {""status"": ""MET"", ""decision"": ""not_meet"", ""confidence"": 0.85, ""threshold"": 0.6, ""field"": ""keywords"", ""quote"": ""Computer science"", ""quote_valid"": true, ""span"": [0, 9], ""used"": true}}"
A757,1010800958822120171417872,Enhancing beginner learners’ oral proficiency in a flipped Chinese foreign language classroom,Jun Wang; Na An; Clare Wright,Jun Wang,2018.0,10.1080/09588221.2017.1417872,,,,Computer Assisted Language Learning,31,5-6,490-521,Informa UK Limited,en,https://doi.org/10.1080/09588221.2017.1417872,0.9,resolved,openalex,2026-01-22T21:53:57Z,X028,"Flipped instruction has become a hot issue in foreign language teaching technology. In this study, we tracked learners in a beginner-level Chinese Foreign Language classroom to see if flipped teaching based on a MOOC made a difference to their oral proficiency development and rate of progresscompared to a baseline group. Language developmentwas assessed by standard complexity, accuracy and fluency measures, alongside subjective ratings. Learners' investment of time and perceptions of the new method were also investigated. Results showed that learners exposed to flipped instruction significantly (p < .01) outperformed the baseline group in oral proficiency in many measures, especially in speech fluency, though their advantage in complexity and accuracy was less evident. Rate of progress through the syllabus for the flipped group was also faster, requiring 25% less face-to-face time. Learners in the flipped group also demonstrated more (out of class) time investment in their learning and more positive attitudes toward the course, though these two factors did not significantly associate with the proficiency measures. These results support the implementation of flipped instruction in foreign language classrooms for both better and faster learner improvement; we explore how far psycho-social models of active learning might explain its methodological advantages.",Fluency; Flipped classroom; Language proficiency; Foreign language; Syllabus; Mathematics education; Computer science; Baseline (sea); Class (philosophy); Psychology; Artificial intelligence; Geology,False,article,True,True,False,doi,,"{'venue': 'crossref', 'volume': 'crossref', 'issue': 'crossref', 'pages': 'crossref', 'publisher': 'crossref', 'url': 'crossref', 'lang': 'crossref'}",{'crossref': 7},"X028.R000 resolved | hits:OA,CR | winner:- | filled:venue:CR; lang:CR | missing:-",PASS_CLEAN,,,"EC-2,EC-3",,PASS_CLEAN: all EL criteria MET.,"{""EC-2"": {""status"": ""MET"", ""decision"": ""not_meet"", ""confidence"": 0.9, ""threshold"": 0.6, ""field"": ""keywords"", ""quote"": ""Flipped classroom"", ""quote_valid"": true, ""span"": [13, 24], ""used"": true}, ""EC-3"": {""status"": ""MET"", ""decision"": ""not_meet"", ""confidence"": 0.8, ""threshold"": 0.6, ""field"": ""keywords"", ""quote"": ""Flipped classroom"", ""quote_valid"": true, ""span"": [26, 34], ""used"": true}}"
A760,10100797836424198121331,Mobile-Based Virtual Reality: Why and How Does It Support Learning,Karen Ladendorf; Danielle Eve Schneider; Ying Xie,Karen Ladendorf,2018.0,10.1007/978-3-642-41981-2_133-1,,,,Handbook of Mobile Teaching and Learning,,,1-19,Springer Berlin Heidelberg,en,https://doi.org/10.1007/978-3-642-41981-2_133-1,0.9,resolved,openalex,2026-01-22T21:53:58Z,"X028,X030",,Virtual reality; Cognitive load; Computer science; Embodied cognition; Human–computer interaction; Instructional simulation; Cognition; Mobile device; Curriculum; Multimedia; Psychology; Artificial intelligence,False,chapter,True,True,False,doi,,"{'venue': 'crossref', 'pages': 'crossref', 'publisher': 'crossref', 'url': 'crossref', 'lang': 'crossref'}",{'crossref': 5},"X028.R000 resolved | hits:OA,CR | winner:- | filled:venue:CR; lang:CR | missing:abstract",PASS_CLEAN,,,"EC-2,EC-3",,PASS_CLEAN: all EL criteria MET.,"{""EC-2"": {""status"": ""MET"", ""decision"": ""not_meet"", ""confidence"": 0.85, ""threshold"": 0.6, ""field"": ""keywords"", ""quote"": ""Virtual reality"", ""quote_valid"": true, ""span"": [0, 9], ""used"": true}, ""EC-3"": {""status"": ""MET"", ""decision"": ""not_meet"", ""confidence"": 0.9, ""threshold"": 0.6, ""field"": ""keywords"", ""quote"": ""Virtual reality"", ""quote_valid"": true, ""span"": [0, 10], ""used"": true}}"
